date,airline,pax,plf,seat_km,pax_km,aircraft
2024-01-01,AIX Connect,802969.0,87.572,941483.042,824479.344,5158
2024-02-01,AIX Connect,768022.0,87.605,904055.772,791997.592,4933
2024-03-01,AIX Connect,769891.0,85.106,936995.0,797436.0,5074
2024-04-01,AIX Connect,716857.0,85.827,873583.38,749772.25,4687
2024-05-01,AIX Connect,703339.0,86.94,852135.126,740843.459,4511
2024-06-01,AIX Connect,637860.0,88.596,761644.692,674786.999,4048
2024-07-01,AIX Connect,590023.0,85.724,724893.594,621406.434,3916
2024-08-01,AIX Connect,577347.0,84.438,718957.8,607076.098,3857
2024-09-01,AIX Connect,535294.0,81.596,693678.264,566013.822,3684
2016-08-01,Air Carnival,4036.0,65.572,2567.11,1683.306,88
2016-09-01,Air Carnival,6357.0,60.423,4309.34,2603.822,150
2016-10-01,Air Carnival,7708.0,58.548,5363.96,3140.474,188
2016-11-01,Air Carnival,9232.0,68.003,5526.92,3758.463,194
2016-12-01,Air Carnival,9752.0,58.908,6802.74,4007.39,234
2017-01-01,Air Carnival,11041.0,56.559,8049.16,4552.54,278
2017-02-01,Air Carnival,13629.0,73.609,7691.04,5661.302,266
2017-03-01,Air Carnival,12970.0,64.799,8297.68,5376.773,280
2017-04-01,Air Carnival,1008.0,66.714,631.6,421.368,21
2015-01-01,Air Costa,65179.0,76.492,66947.0,51209.0,1032
2015-02-01,Air Costa,61717.0,77.885,61398.0,47820.0,950
2015-03-01,Air Costa,61790.0,69.232,67337.0,46619.0,1046
2015-04-01,Air Costa,66134.0,76.859,66898.0,51417.0,980
2015-05-01,Air Costa,61345.0,81.206,63562.0,51616.0,801
2015-06-01,Air Costa,65903.0,79.171,67294.4,53277.41,946
2015-07-01,Air Costa,68327.0,81.673,67977.0,55519.0,938
2015-08-01,Air Costa,62026.0,77.325,66501.0,51422.0,883
2015-09-01,Air Costa,59341.0,78.929,63627.0,50220.0,839
2015-10-01,Air Costa,57942.0,78.431,64091.0,50267.0,773
2015-11-01,Air Costa,45620.0,78.01,51227.0,39962.0,628
2015-12-01,Air Costa,55444.0,87.056,52518.0,45720.0,691
2016-01-01,Air Costa,58607.0,83.985,56885.0,47775.0,765
2016-02-01,Air Costa,56760.0,87.055,50590.0,44041.0,690
2016-03-01,Air Costa,54387.0,82.081,54082.0,44391.0,608
2016-04-01,Air Costa,64459.0,84.009,62393.0,52416.0,714
2016-05-01,Air Costa,65321.0,85.679,62761.74,53773.46,714
2016-06-01,Air Costa,62187.0,81.51,61124.0,49822.0,698
2016-07-01,Air Costa,65239.0,80.808,64771.0,52340.0,744
2016-08-01,Air Costa,55188.0,70.827,61251.0,43382.0,721
2016-09-01,Air Costa,50799.0,73.716,58697.0,43269.0,648
2016-10-01,Air Costa,51223.0,70.657,68190.0,48181.0,657
2016-11-01,Air Costa,52240.0,74.143,67134.0,49775.0,646
2016-12-01,Air Costa,49599.0,76.893,59990.0,46128.0,582
2017-01-01,Air Costa,44092.0,81.12,50652.0,41089.0,490
2017-02-01,Air Costa,40234.0,84.885,41501.0,35228.0,440
2017-12-01,Air Deccan,252.0,39.613,213.408,84.538,37
2018-01-01,Air Deccan,1071.0,50.294,680.0,342.0,120
2018-02-01,Air Deccan,927.0,68.173,440.0,299.963,78
2018-03-01,Air Deccan,302.0,53.061,176.634,93.724,32
2018-04-01,Air Deccan,468.0,34.959,454.77,158.983,78
2018-05-01,Air Deccan,1391.0,48.743,964.584,470.17,172
2018-06-01,Air Deccan,573.0,44.699,450.72,201.467,75
2018-07-01,Air Deccan,58.0,18.977,95.454,18.114,17
2018-08-01,Air Deccan,1374.0,52.347,845.597,442.647,152
2018-09-01,Air Deccan,1268.0,42.496,887.363,377.093,192
2018-10-01,Air Deccan,203.0,18.619,281.462,52.406,80
2018-11-01,Air Deccan,0.0,0.0,0.0,0.0,0
2018-12-01,Air Deccan,0.0,0.0,0.0,0.0,0
2020-01-01,Air Deccan,465.0,24.703,570.996,141.052,120
2019-01-01,Air Heritage,307.0,34.238,302.94,103.721,36
2019-02-01,Air Heritage,225.0,96.041,91.161,87.552,26
2019-09-01,Air Heritage,520.0,91.711,257.985,236.6,63
2019-10-01,Air Heritage,991.0,97.435,465.408,453.468,113
2019-11-01,Air Heritage,238.0,88.154,123.84,109.17,30
2019-12-01,Air Heritage,1112.0,97.287,524.025,509.81,127
2020-01-01,Air Heritage,792.0,88.029,412.866,363.44,100
2020-02-01,Air Heritage,692.0,96.11,330.372,317.522,80
2020-03-01,Air Heritage,406.0,92.088,202.239,186.237,49
2015-01-01,Air India,1104361.0,82.634,1300810.0,1074907.0,8840
2015-02-01,Air India,1010005.0,83.58,1163372.0,972342.0,7974
2015-03-01,Air India,996246.0,74.128,1290697.0,956765.0,8804
2015-04-01,Air India,999526.0,78.72,1232577.0,970285.0,8384
2015-05-01,Air India,1043708.0,80.575,1271688.0,1024659.0,8600
2015-06-01,Air India,934155.0,73.691,1239636.0,913497.0,8390
2015-07-01,Air India,1032276.0,78.204,1291584.0,1010073.0,8755
2015-08-01,Air India,1058866.0,79.652,1292299.0,1029339.0,8753
2015-09-01,Air India,990986.0,77.21,1229233.0,949092.0,8364
2015-10-01,Air India,1015358.0,74.735,1312039.0,980553.0,8812
2015-11-01,Air India,1119595.0,81.964,1307551.0,1071721.0,8732
2015-12-01,Air India,1217671.0,86.947,1332934.0,1158949.0,8857
2016-01-01,Air India,1157645.0,82.018,1340661.0,1099577.0,8964
2016-02-01,Air India,1085634.0,80.195,1266015.0,1015279.0,8482
2016-03-01,Air India,1086743.0,75.922,1351725.0,1026262.0,9029
2016-04-01,Air India,1117795.0,79.197,1337619.0,1059358.0,9008
2016-05-01,Air India,1246137.0,85.057,1403744.0,1193980.0,9390
2016-06-01,Air India,1156490.0,82.532,1352302.0,1116084.0,8972
2016-07-01,Air India,1177504.0,80.752,1389369.0,1121939.0,9218
2016-08-01,Air India,1134913.0,78.021,1378742.0,1075713.0,9171
2016-09-01,Air India,1117959.0,79.385,1337813.0,1062026.0,8885
2016-10-01,Air India,1030490.0,71.866,1363792.0,980105.0,9117
2016-11-01,Air India,1068768.0,75.158,1342581.0,1009057.0,8887
2016-12-01,Air India,1245063.0,81.54,1447515.0,1180309.0,9524
2017-01-01,Air India,1265046.0,81.754,1476583.0,1207166.0,9536
2017-02-01,Air India,1084609.0,80.089,1287531.0,1031172.0,8445
2017-03-01,Air India,1089418.0,74.748,1399704.0,1046249.0,9105
2017-04-01,Air India,1086116.0,78.9,1328969.0,1048550.0,8654
2017-05-01,Air India,1219997.0,81.062,1477502.0,1197696.0,9539
2017-06-01,Air India,1149333.0,76.991,1479243.0,1138882.0,9517
2017-07-01,Air India,1179933.0,75.437,1522211.0,1148303.0,9914
2017-08-01,Air India,1176397.0,76.063,1490697.0,1133874.0,9770
2017-09-01,Air India,1163026.0,78.637,1446119.0,1137188.0,9465
2017-10-01,Air India,1216153.0,76.645,1530519.0,1173067.0,9933
2017-11-01,Air India,1271612.0,84.077,1448256.0,1217645.0,9410
2017-12-01,Air India,1298442.0,81.823,1532267.0,1253744.0,9975
2018-01-01,Air India,1369342.0,84.761,1564583.0,1326153.0,10159
2018-02-01,Air India,1259379.0,86.99,1408526.0,1225278.0,9158
2018-03-01,Air India,1365653.0,84.032,1583041.7,1330262.2,10242
2018-04-01,Air India,1345592.0,84.377,1562619.3,1318494.0,9913
2018-05-01,Air India,1333851.0,81.697,1613888.6,1318502.8,10291
2018-06-01,Air India,1238131.0,81.381,1509386.8,1228357.5,9921
2018-07-01,Air India,1255241.0,82.872,1475555.1,1222820.3,9631
2018-08-01,Air India,1265214.0,83.109,1491647.66,1239689.66,9639
2018-09-01,Air India,1173238.0,82.11,1400900.399,1150285.403,9180
2018-10-01,Air India,1276807.0,79.424,1579133.941,1254204.383,10234
2018-11-01,Air India,1242223.0,76.868,1532219.67,1177788.474,9822
2018-12-01,Air India,1372904.0,79.639,1649442.0,1313600.0,10515
2019-01-01,Air India,1343960.0,78.452,1629893.95,1278677.705,10378
2019-02-01,Air India,1286834.0,84.013,1470423.0,1235346.0,9320
2019-03-01,Air India,1345336.0,79.608,1602803.247,1275956.51,10247
2019-04-01,Air India,1344054.0,82.153,1600132.0,1314554.09,10377
2019-05-01,Air India,1429384.0,83.292,1665629.506,1387334.975,10757
2019-06-01,Air India,1354156.0,81.714,1629329.538,1331384.26,10359
2019-07-01,Air India,1290205.0,78.597,1598272.599,1256187.75,10171
2019-08-01,Air India,1329262.0,79.496,1617731.572,1286024.847,10302
2019-09-01,Air India,1301642.0,78.14,1609843.687,1257937.174,10344
2019-10-01,Air India,1352701.0,74.77,1736752.187,1298576.881,11262
2019-11-01,Air India,1377244.0,81.821,1627585.701,1331702.494,10449
2019-12-01,Air India,1349814.0,79.351,1657785.173,1315463.7,10377
2020-01-01,Air India,1285138.0,76.542,1628680.285,1246625.631,10454
2020-02-01,Air India,1283574.0,80.92,1549757.843,1254070.047,9921
2020-03-01,Air India,722474.0,62.444,1157009.173,722481.532,7495
2020-05-01,Air India,41595.0,50.139,77788.0,39002.038,457
2020-06-01,Air India,197747.0,52.081,354204.0,184473.0,2211
2020-07-01,Air India,142583.0,41.129,346488.378,142506.476,2260
2020-08-01,Air India,224999.0,59.657,421686.64,251564.875,2589
2020-09-01,Air India,318320.0,58.054,617835.674,358675.638,3519
2020-10-01,Air India,426369.0,62.285,756541.355,471208.851,4518
2020-11-01,Air India,558588.0,69.758,880142.182,613972.451,5081
2020-12-01,Air India,627009.0,66.305,1035020.571,686267.616,5857
2021-01-01,Air India,672139.0,65.632,1111072.948,729220.203,6365
2021-02-01,Air India,786746.0,78.244,1085916.366,849666.055,6285
2021-03-01,Air India,785520.0,70.657,1203236.619,850171.134,7102
2021-04-01,Air India,544067.0,52.246,1101226.026,575346.811,6803
2021-05-01,Air India,321041.0,39.578,829694.28,328374.717,5384
2021-06-01,Air India,376800.0,59.06,658576.174,388957.213,4172
2021-07-01,Air India,489993.0,64.832,778558.816,504753.36,4940
2021-08-01,Air India,648329.0,68.817,980470.556,674729.318,6042
2021-09-01,Air India,598097.0,63.669,969326.674,617156.063,6113
2021-10-01,Air India,859763.0,75.667,1171554.486,886480.416,7405
2021-11-01,Air India,945717.0,81.225,1220430.36,991291.339,7294
2021-12-01,Air India,935686.0,76.455,1292699.302,988332.989,7810
2022-01-01,Air India,655809.0,59.17,1188655.346,703328.181,7187
2022-02-01,Air India,855249.0,82.41,1096856.84,903923.032,6512
2022-03-01,Air India,936381.0,83.628,1179524.86,986415.702,7172
2022-04-01,Air India,826023.0,79.543,1103321.694,877610.752,6716
2022-05-01,Air India,822814.0,80.495,1097018.386,883040.33,6667
2022-06-01,Air India,783479.0,75.414,1141206.67,860627.289,6824
2022-07-01,Air India,814028.0,71.08,1222449.194,868922.664,7464
2022-08-01,Air India,861329.0,73.627,1253390.366,922831.956,7591
2022-09-01,Air India,948637.0,79.631,1265488.756,1007718.242,7689
2022-10-01,Air India,1037506.0,82.661,1310613.712,1083365.786,7973
2022-11-01,Air India,1062524.0,85.696,1283540.356,1099937.632,7761
2022-12-01,Air India,1170659.0,89.34,1359169.002,1214284.998,8239
2023-01-01,Air India,1154581.0,87.493,1370587.008,1199173.837,8295
2023-02-01,Air India,1076299.0,88.973,1256131.558,1117616.528,7624
2023-03-01,Air India,1139044.0,85.124,1394183.05,1186788.756,8434
2023-04-01,Air India,1112789.0,87.901,1328845.496,1168068.555,8062
2023-05-01,Air India,1244034.0,90.029,1438816.354,1295355.337,8763
2023-06-01,Air India,1212719.0,88.25,1421735.906,1254675.02,8676
2023-07-01,Air India,1198026.0,84.179,1455026.202,1224824.835,8958
2023-08-01,Air India,1211611.0,84.554,1462597.828,1236685.398,9027
2023-09-01,Air India,1174442.0,84.918,1413616.802,1200419.376,8622
2023-10-01,Air India,1222165.0,85.94,1470628.264,1263861.645,8776
2023-11-01,Air India,1189143.0,85.36,1434987.478,1224911.359,8306
2023-12-01,Air India,1339630.0,88.476,1553528.63,1374497.465,8981
2024-01-01,Air India,1336709.0,88.146,1537646.658,1355378.453,8932
2024-02-01,Air India,1332374.0,88.228,1515858.63,1337410.882,8683
2024-03-01,Air India,1409012.0,85.282,1640186.696,1398790.812,9405
2024-04-01,Air India,1458158.0,84.968,1654168.442,1405515.443,9400
2024-05-01,Air India,1564289.0,87.594,1751077.87,1533842.581,9761
2024-06-01,Air India,1498868.0,84.194,1754472.726,1477167.409,9752
2024-07-01,Air India,1542638.0,82.289,1852261.342,1524210.296,10253
2024-08-01,Air India,1521012.0,81.063,1868072.066,1514311.37,10289
2024-09-01,Air India,1451744.0,81.264,1808376.714,1469559.642,9851
2024-10-01,Air India,1471093.0,80.29,1846175.46,1482286.454,10121
2024-11-01,Air India,2251104.0,87.059,2694216.436,2345562.181,14897
2024-12-01,Air India,2604182.0,83.716,3293117.682,2756865.649,17960
2025-01-01,Air India,2422796.0,83.88,3031554.584,2542896.321,16899
2025-02-01,Air India,2406210.0,87.48,2879576.636,2519192.45,16212
2025-03-01,Air India,2303093.0,80.4,3002343.897,2413939.142,16855
2025-04-01,Air India,2180617.0,82.23,2798619.482,2301209.657,15882
2025-05-01,Air India,2093391.0,78.35,2871854.984,2250087.387,16010
2025-06-01,Air India,2098185.0,81.28,2745113.339,2231136.864,15545
2025-07-01,Air India,1870732.0,78.52,2537146.645,1992242.171,14105
2025-08-01,Air India,1986947.0,81.9,2885312.806,2362940.189,14249
2025-09-01,Air India,2008330.0,79.27,2778933.318,2202882.259,14747
2025-10-01,Air India,2056159.0,75.46,2929679.18,2210844.42,15738
2025-11-01,Air India,2357226.0,89.08,2851995.334,2540645.968,15602
2025-12-01,Air India,2389728.0,89.91,2829741.296,2544302.838,15551
2026-01-01,Air India,2297474.0,86.57,2804433.74,2427786.768,15435
2026-02-01,Air India,2188779.0,88.37,2626892.405,2321263.226,14477
2026-03-01,Air India,2168434.0,81.58,2822560.032,2302689.77,15759
2026-04-01,Air India,1949625.0,76.79,2692521.491,2067622.633,15082
2026-05-01,Air India,2144363.0,81.19,2777049.926,2254574.498,15510
2026-06-01,Air India,1644981.0,83.82,2089845.751,1751751.155,11427
2026-07-01,Air India,1572677.0,81.23,2083251.377,1692152.216,11476
2015-01-01,Air India Express,14633.0,84.234,11163.0,9403.0,71
2015-02-01,Air India Express,12083.0,69.235,11162.0,7728.0,63
2015-03-01,Air India Express,8430.0,56.292,8344.0,4697.0,58
2015-04-01,Air India Express,13226.0,74.543,10017.0,7467.0,55
2015-05-01,Air India Express,18674.0,93.827,11080.0,10396.0,66
2015-06-01,Air India Express,15851.0,85.129,11351.0,9663.0,68
2015-07-01,Air India Express,13999.0,78.159,10883.0,8506.0,11
2015-08-01,Air India Express,17014.0,89.827,10597.0,9519.0,64
2015-09-01,Air India Express,15460.0,82.557,10967.0,9054.0,66
2015-10-01,Air India Express,11644.0,77.741,6110.0,4750.0,43
2015-11-01,Air India Express,9807.0,80.968,4981.0,4033.0,36
2015-12-01,Air India Express,10568.0,62.255,8886.0,5532.0,56
2016-01-01,Air India Express,9535.0,62.312,10027.0,6248.0,169
2016-02-01,Air India Express,6724.0,53.495,6438.0,3444.0,144
2016-03-01,Air India Express,6715.0,54.652,7105.0,3883.0,156
2016-04-01,Air India Express,6740.0,55.579,6533.0,3631.0,146
2016-05-01,Air India Express,12727.0,74.013,12822.0,9490.0,170
2016-06-01,Air India Express,7897.0,66.913,6492.0,4344.0,145
2016-07-01,Air India Express,7740.0,71.702,6693.0,4799.0,150
2016-08-01,Air India Express,9139.0,69.841,6973.0,4870.0,152
2016-09-01,Air India Express,9666.0,74.835,6533.0,4889.0,146
2016-10-01,Air India Express,11707.0,54.156,10620.23,5751.45,192
2016-11-01,Air India Express,13865.0,54.457,12423.87,6765.65,205
2016-12-01,Air India Express,10308.0,65.885,7839.34,5164.98,167
2017-01-01,Air India Express,9970.0,50.964,10073.2,5133.69,211
2017-02-01,Air India Express,6105.0,40.304,8646.21,3484.76,165
2017-03-01,Air India Express,5017.0,38.157,7682.92,2931.6,156
2017-04-01,Air India Express,6895.0,46.741,7118.59,3327.27,150
2017-05-01,Air India Express,7818.0,51.466,7515.14,3867.73,150
2017-06-01,Air India Express,4174.0,36.266,7512.35,2724.44,151
2017-07-01,Air India Express,4723.0,40.371,7811.44,3153.57,159
2017-08-01,Air India Express,5224.0,45.727,7027.82,3213.61,168
2017-09-01,Air India Express,9559.0,56.57,17058.99,9650.35,181
2017-10-01,Air India Express,13660.0,61.751,26826.84,16565.789,208
2017-11-01,Air India Express,10515.0,56.826,24190.97,13746.754,189
2017-12-01,Air India Express,15888.0,63.447,30838.0,19565.912,214
2018-01-01,Air India Express,16417.0,61.944,32739.72,20280.397,211
2018-02-01,Air India Express,16920.0,67.552,31683.98,21403.301,216
2018-03-01,Air India Express,18994.0,72.332,34812.9,25180.8,243
2018-04-01,Air India Express,18590.0,66.356,34336.716,22784.464,250
2018-05-01,Air India Express,17789.0,73.342,34689.2,25441.6,240
2018-06-01,Air India Express,13637.0,65.223,33181.8,21642.1,251
2018-07-01,Air India Express,14499.0,62.1,33245.0,20645.0,252
2018-08-01,Air India Express,16703.0,68.865,31609.21,21767.81,203
2018-09-01,Air India Express,15855.0,66.591,33675.858,22424.954,226
2018-10-01,Air India Express,15386.0,57.321,32494.01,18625.76,263
2018-11-01,Air India Express,17038.0,60.334,37034.832,22344.562,292
2018-12-01,Air India Express,19040.0,65.742,38692.0,25437.0,300
2019-01-01,Air India Express,18115.0,65.784,37974.0,24981.0,294
2019-02-01,Air India Express,14354.0,62.211,32319.0,20106.0,256
2019-03-01,Air India Express,13074.0,55.772,35030.0,19537.0,277
2019-04-01,Air India Express,17066.0,64.522,36477.58,23536.19,276
2019-05-01,Air India Express,15861.0,60.977,37917.588,23121.102,291
2019-06-01,Air India Express,14298.0,58.011,37917.588,21996.223,287
2019-07-01,Air India Express,12757.0,50.933,38354.502,19534.966,293
2019-08-01,Air India Express,14903.0,59.278,37557.306,22263.227,298
2019-09-01,Air India Express,13572.0,54.605,36600.15,19985.596,286
2019-10-01,Air India Express,14043.0,59.696,36470.88,21771.7,220
2019-11-01,Air India Express,16085.0,66.027,36830.976,24318.41,286
2019-12-01,Air India Express,17955.0,73.918,37827.75,27961.69,294
2020-01-01,Air India Express,15335.0,65.475,37916.1,24825.521,293
2020-02-01,Air India Express,15345.0,70.072,35523.396,24892.086,275
2020-03-01,Air India Express,10072.0,57.093,27283.596,15576.903,200
2020-05-01,Air India Express,332.0,14.552,4288.0,624.0,29
2020-06-01,Air India Express,3244.0,31.409,16610.916,5217.326,67
2020-07-01,Air India Express,1732.0,19.004,14362.548,2729.504,53
2020-08-01,Air India Express,1361.0,13.857,14362.548,1990.216,29
2020-09-01,Air India Express,999.0,21.174,7457.856,1579.158,26
2020-10-01,Air India Express,1786.0,27.449,11282.388,3096.958,38
2020-11-01,Air India Express,3990.0,34.467,19877.448,6851.065,66
2020-12-01,Air India Express,3834.0,37.962,16599.756,6301.654,55
2021-01-01,Air India Express,3075.0,38.188,14576.448,5566.496,44
2021-02-01,Air India Express,1712.0,33.709,9309.0,3138.0,28
2021-03-01,Air India Express,689.0,23.655,5521.0,1306.0,16
2021-10-01,Air India Express,271.0,71.774,722.424,518.514,4
2021-11-01,Air India Express,7517.0,52.052,22056.252,11480.755,76
2021-12-01,Air India Express,7314.0,55.165,19738.32,10888.549,70
2022-01-01,Air India Express,2514.0,37.435,10509.372,3934.142,36
2022-03-01,Air India Express,277.0,36.022,529.728,190.816,4
2022-04-01,Air India Express,2372.0,48.821,3443.232,1681.032,26
2022-05-01,Air India Express,3227.0,66.439,3443.232,2287.656,26
2022-06-01,Air India Express,1912.0,46.212,2913.504,1346.392,22
2022-10-01,Air India Express,972.0,64.651,1059.456,684.944,8
2023-09-01,Air India Express,23727.0,76.301,27382.66,20893.17,173
2023-10-01,Air India Express,106111.0,82.47,106211.14,87592.316,731
2023-11-01,Air India Express,145064.0,80.444,170747.759,137357.158,1036
2023-12-01,Air India Express,204851.0,83.41,220696.393,184082.959,1398
2024-01-01,Air India Express,262203.0,83.014,282903.558,234850.598,1824
2024-02-01,Air India Express,284271.0,81.545,310031.77,252814.09,2032
2024-03-01,Air India Express,338108.0,79.656,412689.656,328731.971,2499
2024-04-01,Air India Express,422278.0,82.23,486169.165,399775.241,2976
2024-05-01,Air India Express,328320.0,84.537,388785.568,328669.004,2233
2024-06-01,Air India Express,423233.0,86.639,492057.232,426312.631,2844
2024-07-01,Air India Express,317746.0,81.883,376319.538,308142.391,2283
2024-08-01,Air India Express,408361.0,76.783,521013.768,400051.181,3094
2024-09-01,Air India Express,517124.0,77.001,645594.897,497116.012,3859
2024-10-01,Air India Express,1177057.0,81.552,1475040.954,1202927.878,8193
2024-11-01,Air India Express,1221495.0,87.869,1404026.356,1233703.562,7951
2024-12-01,Air India Express,1342308.0,86.913,1544459.389,1342337.928,8714
2025-01-01,Air India Express,1335289.0,85.34,1603964.651,1368801.54,8829
2025-02-01,Air India Express,1423613.0,86.59,1690841.602,1464138.102,9362
2025-03-01,Air India Express,1575238.0,80.78,2001710.966,1617039.843,11068
2025-04-01,Air India Express,1709127.0,84.87,2074569.931,1760620.766,11433
2025-05-01,Air India Express,1628871.0,82.95,1991092.649,1651625.156,11050
2025-06-01,Air India Express,1594172.0,81.83,1988323.394,1627031.958,11095
2025-07-01,Air India Express,1437558.0,79.55,1828371.52,1454446.808,10223
2025-08-01,Air India Express,1552028.0,81.61,1862546.829,1519984.471,10677
2025-09-01,Air India Express,1459007.0,79.72,1788183.0,1425534.0,10342
2025-10-01,Air India Express,1547851.0,80.05,1946678.689,1558409.991,10964
2025-11-01,Air India Express,1717758.0,85.29,2054097.284,1751973.044,11291
2025-12-01,Air India Express,1839572.0,88.9,2065492.87,1836271.023,11528
2026-01-01,Air India Express,1736876.0,86.3,2002604.183,1728181.198,11270
2026-02-01,Air India Express,1605622.0,88.26,1831390.373,1616320.335,10196
2026-03-01,Air India Express,1604684.0,83.34,1924721.268,1604017.52,10947
2026-04-01,Air India Express,1460627.0,80.97,1792098.588,1451110.768,10265
2026-05-01,Air India Express,1788544.0,86.49,2114765.7,1829036.811,11616
2026-06-01,Air India Express,1577340.0,87.4,1848920.25,1615916.88,10003
2026-07-01,Air India Express,1302423.0,85.85,1523459.579,1307901.243,8366
2018-02-01,Air Odisha,42.0,29.24,42.75,12.5,8
2018-03-01,Air Odisha,75.0,26.201,84.96,22.26,16
2018-04-01,Air Odisha,666.0,26.027,531.828,138.419,134
2018-05-01,Air Odisha,867.0,32.063,593.589,190.32,156
2018-06-01,Air Odisha,468.0,33.49,372.504,124.751,72
2018-07-01,Air Odisha,186.0,6.697,108.46,7.264,24
2018-08-01,Air Odisha,553.0,24.938,497.471,124.06,146
2018-09-01,Air Odisha,295.0,0.0,,,64
2018-10-01,Air Odisha,0.0,0.0,0.0,0.0,0
2018-11-01,Air Odisha,0.0,0.0,0.0,0.0,0
2018-12-01,Air Odisha,0.0,0.0,0.0,0.0,0
2015-05-01,Air Pegasus,6348.0,77.953,3683.0,2871.0,124
2015-06-01,Air Pegasus,9353.0,73.134,5757.1,4210.4,196
2015-07-01,Air Pegasus,10749.0,71.515,6677.88,4775.705,234
2015-08-01,Air Pegasus,14480.0,77.078,8180.0,6305.01,292
2015-09-01,Air Pegasus,15271.0,73.23,8741.0,6401.0,318
2015-10-01,Air Pegasus,19484.0,77.288,10466.0,8089.0,383
2015-11-01,Air Pegasus,22296.0,78.08,11630.52,9081.074,440
2015-12-01,Air Pegasus,20554.0,82.615,10308.0,8516.0,384
2016-01-01,Air Pegasus,23487.0,83.776,11373.52,9528.31,428
2016-02-01,Air Pegasus,19135.0,85.418,9118.96,7789.24,340
2016-03-01,Air Pegasus,14420.0,76.563,7795.4,5968.4,284
2016-04-01,Air Pegasus,20385.0,78.099,10676.29,8338.09,398
2016-05-01,Air Pegasus,21015.0,80.031,10822.74,8661.54,398
2016-06-01,Air Pegasus,14296.0,75.21,7256.17,5457.34,278
2016-07-01,Air Pegasus,14231.0,83.951,6587.2,5530.0,256
2016-08-01,Air Pegasus,0.0,0.0,0.0,0.0,0
2016-09-01,Air Pegasus,0.0,0.0,0.0,0.0,0
2016-10-01,Air Pegasus,0.0,0.0,0.0,0.0,0
2016-11-01,Air Pegasus,0.0,0.0,0.0,0.0,0
2016-12-01,Air Pegasus,0.0,0.0,0.0,0.0,0
2021-01-01,Air Taxi,27.0,37.499,16.531,6.199,24
2021-02-01,Air Taxi,77.0,21.135,89.377,18.89,125
2021-03-01,Air Taxi,79.0,22.176,89.06,19.75,114
2021-04-01,Air Taxi,31.0,29.682,27.39,8.13,34
2021-05-01,Air Taxi,82.0,37.578,58.04,21.81,72
2021-06-01,Air Taxi,56.0,32.276,51.37,16.58,59
2021-07-01,Air Taxi,52.0,37.548,41.779,15.687,48
2021-08-01,Air Taxi,,0.0,0.689,,1
2015-01-01,AirAsia India,81434.0,76.271,90176.0,68778.0,598
2015-02-01,AirAsia India,72278.0,77.852,83205.0,64777.0,526
2015-03-01,AirAsia India,68790.0,71.675,87226.0,62519.0,546
2015-04-01,AirAsia India,72313.0,74.412,88569.0,65906.0,536
2015-05-01,AirAsia India,93778.0,81.356,118160.0,96130.0,646
2015-06-01,AirAsia India,125721.0,83.998,171612.0,144151.0,846
2015-07-01,AirAsia India,142636.0,80.228,193235.0,155029.0,989
2015-08-01,AirAsia India,134408.0,72.12,200152.0,144349.0,1026
2015-09-01,AirAsia India,124861.0,67.686,197384.0,133601.0,1017
2015-10-01,AirAsia India,150139.0,80.601,202527.0,163238.0,1048
2015-11-01,AirAsia India,161812.0,82.983,218283.0,181137.0,1098
2015-12-01,AirAsia India,181483.0,82.728,250168.0,206958.0,1230
2016-01-01,AirAsia India,174996.0,81.921,241751.0,198046.0,1196
2016-02-01,AirAsia India,166829.0,86.772,217977.0,189144.0,1084
2016-03-01,AirAsia India,176832.0,82.666,247991.0,205005.0,1216
2016-04-01,AirAsia India,167422.0,84.814,220757.0,187232.0,1110
2016-05-01,AirAsia India,190379.0,86.76,248765.0,215828.0,1218
2016-06-01,AirAsia India,173192.0,90.175,227723.0,205349.0,1080
2016-07-01,AirAsia India,190509.0,85.723,253660.0,217444.0,1232
2016-08-01,AirAsia India,187620.0,83.347,254783.0,212354.0,1236
2016-09-01,AirAsia India,187920.0,82.824,257982.0,213672.0,1260
2016-10-01,AirAsia India,235607.0,78.276,306077.0,239585.0,1666
2016-11-01,AirAsia India,251322.0,86.911,287257.0,249659.0,1634
2016-12-01,AirAsia India,277261.0,86.275,321267.0,277173.0,1816
2018-01-01,AirAsia India,489432.0,84.468,541171.0,457114.0,3264
2018-02-01,AirAsia India,455887.0,88.011,488681.0,430094.0,2933
2018-03-01,AirAsia India,523568.0,82.049,588452.8,482817.9,3625
2018-04-01,AirAsia India,579203.0,87.49,629101.8,550403.7,3731
2018-05-01,AirAsia India,647586.0,89.727,681756.7,611718.1,4078
2018-06-01,AirAsia India,600731.0,74.039,803248.7,594715.2,3849
2018-07-01,AirAsia India,557633.0,80.386,692899.9,556996.3,3885
2018-08-01,AirAsia India,537079.0,76.602,718207.74,550158.29,3916
2018-09-01,AirAsia India,498138.0,71.188,688614.3,490208.02,3861
2018-10-01,AirAsia India,643358.0,83.695,759506.76,635667.4,4315
2018-11-01,AirAsia India,617740.0,88.225,695250.0,613381.53,3969
2018-12-01,AirAsia India,673179.0,89.625,730517.4,654723.77,4213
2019-01-01,AirAsia India,666971.0,89.486,798789.06,714801.97,4190
2019-02-01,AirAsia India,583216.0,92.939,682803.72,634592.868,3528
2019-03-01,AirAsia India,686701.0,88.51,840432.24,743864.485,4358
2019-04-01,AirAsia India,677989.0,87.473,848618.46,742315.96,4461
2019-05-01,AirAsia India,768200.0,88.527,910562.94,806091.743,4860
2019-06-01,AirAsia India,771955.0,90.711,902447.1,818615.894,4770
2019-07-01,AirAsia India,770996.0,89.548,905749.74,811080.599,4835
2019-08-01,AirAsia India,762998.0,87.833,909665.64,798989.626,4897
2019-09-01,AirAsia India,725467.0,84.731,904466.88,766363.992,4827
2019-10-01,AirAsia India,803242.0,83.042,1036485.18,860720.367,5415
2019-11-01,AirAsia India,877973.0,87.191,1050673.68,916091.382,5682
2019-12-01,AirAsia India,911052.0,84.34,1136366.46,958409.291,6120
2020-01-01,AirAsia India,882765.0,79.305,1180322.82,936059.89,6303
2020-02-01,AirAsia India,896653.0,83.61,1127590.56,942780.972,6096
2020-03-01,AirAsia India,591780.0,69.115,913760.28,631541.269,4911
2020-05-01,AirAsia India,21941.0,45.999,55063.62,25328.698,267
2020-06-01,AirAsia India,139934.0,56.54,284946.0,161108.0,1373
2020-07-01,AirAsia India,129780.0,56.15,266687.64,149745.203,1301
2020-08-01,AirAsia India,192401.0,64.435,312435.54,201318.137,1719
2020-09-01,AirAsia India,234679.0,58.381,431468.82,251896.237,2239
2020-10-01,AirAsia India,373616.0,62.974,650856.81,409868.282,3311
2020-11-01,AirAsia India,421272.0,66.269,691665.432,458360.802,3541
2020-12-01,AirAsia India,502311.0,65.112,830448.324,540718.942,4324
2021-01-01,AirAsia India,531578.0,66.83,836264.022,558871.307,4495
2021-02-01,AirAsia India,520603.0,67.891,798746.808,542276.763,4340
2021-03-01,AirAsia India,541512.0,65.132,878405.634,572123.104,4727
2021-04-01,AirAsia India,354878.0,64.019,630122.874,403399.335,3195
2021-05-01,AirAsia India,63532.0,44.38,157745.28,70007.636,809
2021-06-01,AirAsia India,106632.0,54.446,197372.13,107461.227,1081
2021-07-01,AirAsia India,164608.0,53.585,309698.724,165951.701,1721
2021-08-01,AirAsia India,348656.0,60.326,633516.762,382173.526,3292
2021-09-01,AirAsia India,412671.0,68.017,659935.56,448865.64,3475
2021-10-01,AirAsia India,571707.0,73.735,837436.752,617485.833,4387
2021-11-01,AirAsia India,622726.0,74.628,897643.026,669896.994,4746
2021-12-01,AirAsia India,701054.0,74.185,999864.354,741750.45,5347
2022-01-01,AirAsia India,295094.0,60.481,518466.894,313575.255,2851
2022-02-01,AirAsia India,445563.0,83.198,566535.828,471344.23,3030
2022-03-01,AirAsia India,698450.0,81.264,915358.998,743853.248,4863
2022-04-01,AirAsia India,591907.0,79.639,791899.578,630660.732,4290
2022-05-01,AirAsia India,686362.0,79.384,920890.236,731036.837,4949
2022-06-01,AirAsia India,589510.0,75.814,838217.202,635489.169,4486
2022-07-01,AirAsia India,442126.0,75.153,619676.784,465704.79,3453
2022-08-01,AirAsia India,587836.0,74.912,818504.838,613154.77,4471
2022-09-01,AirAsia India,613867.0,77.021,791117.106,609330.094,4437
2022-10-01,AirAsia India,866548.0,84.172,1054373.076,887486.466,5758
2022-11-01,AirAsia India,884584.0,87.323,1033639.11,902602.89,5688
2022-12-01,AirAsia India,971221.0,89.84,1098144.714,986569.553,6071
2023-01-01,AirAsia India,930093.0,87.019,1078818.282,938779.722,5991
2023-02-01,AirAsia India,846141.0,89.485,928502.478,830874.074,5276
2023-03-01,AirAsia India,976060.0,88.572,1087937.46,963603.608,6193
2023-04-01,AirAsia India,981066.0,89.402,1067076.378,953984.08,6108
2023-05-01,AirAsia India,1040605.0,92.82,1088317.278,1010177.678,6253
2023-06-01,AirAsia India,1003619.0,91.801,1090574.982,1001160.575,6135
2023-07-01,AirAsia India,901471.0,82.266,1107885.57,911407.705,6106
2023-08-01,AirAsia India,878453.0,82.4,1080183.0,890073.0,5941
2023-09-01,AirAsia India,815677.0,82.505,998256.0,823615.0,5520
2023-10-01,AirAsia India,832328.0,83.374,1019251.062,849790.014,5622
2023-11-01,AirAsia India,835856.0,85.316,991720.722,846100.908,5465
2023-12-01,AirAsia India,852107.0,89.125,976670.832,870455.939,5352
2022-08-01,Akasa Air,23744.0,52.872,26592.111,14059.87,246
2022-09-01,Akasa Air,92589.0,81.248,75537.0,61372.0,623
2022-10-01,Akasa Air,160617.0,77.466,150836.0,116847.0,1155
2022-11-01,Akasa Air,206775.0,79.249,206035.0,163281.0,1483
2022-12-01,Akasa Air,292393.0,83.818,281430.0,235890.0,1977
2023-01-01,Akasa Air,356550.0,82.852,339793.247,281527.161,2448
2023-02-01,Akasa Air,361135.0,83.714,332978.0,278748.0,2469
2023-03-01,Akasa Air,419911.0,73.603,451005.0,331953.0,3199
2023-04-01,Akasa Air,513025.0,84.909,505632.0,429326.0,3322
2023-05-01,Akasa Air,629045.0,91.138,604670.0,551087.0,3820
2023-06-01,Akasa Air,618053.0,91.109,646246.46,588786.425,3787
2023-07-01,Akasa Air,624086.0,86.636,694445.685,601639.694,4017
2023-08-01,Akasa Air,526972.0,87.271,623918.0,544498.0,3369
2023-09-01,Akasa Air,517170.0,88.071,598468.0,527077.0,3224
2023-10-01,Akasa Air,524439.0,86.615,624195.0,540645.0,3330
2023-11-01,Akasa Air,536309.0,89.409,609381.0,544841.0,3270
2023-12-01,Akasa Air,602655.0,93.894,659206.0,618954.0,3518
2024-01-01,Akasa Air,595767.0,92.39,660333.044,610078.526,3542
2024-02-01,Akasa Air,567507.0,92.065,619665.66,570497.194,3378
2024-03-01,Akasa Air,590036.0,88.474,675453.281,597601.783,3664
2024-04-01,Akasa Air,579539.0,87.877,685224.005,602156.91,3605
2024-05-01,Akasa Air,663762.0,90.391,783212.207,707955.322,3937
2024-06-01,Akasa Air,634429.0,89.615,771646.477,691510.167,3845
2024-07-01,Akasa Air,604187.0,86.426,762840.907,659296.319,3808
2024-08-01,Akasa Air,591857.0,85.524,759700.176,649724.386,3718
2024-09-01,Akasa Air,572972.0,85.865,739072.556,634605.844,3563
2024-10-01,Akasa Air,615370.0,85.678,833484.79,714114.747,3841
2024-11-01,Akasa Air,672121.0,92.579,867593.849,803209.656,3881
2024-12-01,Akasa Air,686835.0,93.301,870198.059,811906.922,3920
2025-01-01,Akasa Air,685848.0,93.78,869504.253,815423.199,3902
2025-02-01,Akasa Air,657633.0,95.15,825474.44,785475.804,3681
2025-03-01,Akasa Air,719271.0,92.51,927060.682,857586.721,4135
2025-04-01,Akasa Air,712182.0,93.03,913082.388,849462.025,4066
2025-05-01,Akasa Air,746531.0,91.46,978991.734,895399.367,4343
2025-06-01,Akasa Air,722093.0,91.37,949065.332,867159.534,4210
2025-07-01,Akasa Air,697509.0,90.17,947357.474,854276.763,4105
2025-08-01,Akasa Air,702582.0,90.97,949268.47,863571.812,4121
2025-09-01,Akasa Air,664811.0,91.79,871930.266,800331.39,3857
2025-10-01,Akasa Air,724662.0,91.2,955334.635,871232.444,4230
2025-11-01,Akasa Air,721879.0,93.81,903456.896,847569.562,4083
2025-12-01,Akasa Air,739061.0,95.3,899677.12,857367.266,4117
2026-01-01,Akasa Air,727727.0,93.21,905466.169,844006.522,4144
2026-02-01,Akasa Air,687287.0,93.32,861652.531,804063.527,3903
2026-03-01,Akasa Air,778132.0,90.54,1016099.059,919960.102,4560
2026-04-01,Akasa Air,791273.0,91.74,1039190.441,953359.505,4593
2026-05-01,Akasa Air,889666.0,92.51,1172646.503,1084782.622,5172
2026-06-01,Akasa Air,855604.0,92.16,1121521.894,1033576.139,5001
2026-07-01,Akasa Air,664572.0,91.93,852930.276,784078.282,3829
2015-01-01,Alliance Air,19612.0,67.261,17948.0,12072.0,581
2015-02-01,Alliance Air,22047.0,65.559,19506.0,12788.0,669
2015-03-01,Alliance Air,25651.0,64.654,26000.0,16810.0,774
2015-04-01,Alliance Air,33047.0,69.259,28906.0,20020.0,900
2015-05-01,Alliance Air,38835.0,72.06,31643.0,22802.0,1029
2015-06-01,Alliance Air,31659.0,65.277,28295.0,18470.0,938
2015-07-01,Alliance Air,30552.0,60.736,28650.0,17401.0,946
2015-08-01,Alliance Air,29539.0,62.238,28248.0,17581.0,854
2015-09-01,Alliance Air,29211.0,62.329,26296.0,16390.0,898
2015-10-01,Alliance Air,36433.0,68.224,28940.0,19744.0,851
2015-11-01,Alliance Air,34705.0,70.686,28495.0,20142.0,934
2015-12-01,Alliance Air,33139.0,72.196,24421.0,17631.0,827
2016-01-01,Alliance Air,29601.0,64.447,26729.0,17226.0,884
2016-02-01,Alliance Air,35835.0,66.036,30141.0,19904.0,775
2016-03-01,Alliance Air,37784.0,64.934,31837.0,20673.0,960
2016-04-01,Alliance Air,44691.0,69.567,36415.0,25333.0,918
2016-05-01,Alliance Air,50046.0,70.887,40494.0,28705.0,1005
2016-06-01,Alliance Air,44202.0,65.504,39578.0,25925.0,955
2016-07-01,Alliance Air,47610.0,65.197,42606.0,27778.0,1045
2016-08-01,Alliance Air,54618.0,66.933,43073.0,28830.0,1160
2016-09-01,Alliance Air,52990.0,65.834,42171.0,27763.0,1169
2016-10-01,Alliance Air,57813.0,69.243,43453.0,30088.0,1174
2016-11-01,Alliance Air,58611.0,73.528,40900.0,30073.0,1117
2016-12-01,Alliance Air,53803.0,74.53,33353.0,24858.0,955
2017-01-01,Alliance Air,53021.0,68.235,35955.0,24534.0,1027
2017-02-01,Alliance Air,51519.0,69.739,34926.0,24357.0,1005
2017-03-01,Alliance Air,56487.0,67.764,37669.0,25526.0,1156
2017-04-01,Alliance Air,63087.0,72.229,40168.0,29013.0,1209
2017-05-01,Alliance Air,71136.0,74.698,41937.0,31326.0,1309
2017-06-01,Alliance Air,72723.0,75.888,41320.0,31357.0,1264
2017-07-01,Alliance Air,83846.0,76.455,48294.0,36923.0,1441
2017-08-01,Alliance Air,88714.0,77.472,50689.0,39270.0,1441
2017-09-01,Alliance Air,105919.0,78.781,58892.0,46396.0,1730
2017-10-01,Alliance Air,120496.0,76.243,70539.0,53781.0,1989
2017-11-01,Alliance Air,124946.0,78.148,71586.0,55943.0,2033
2017-12-01,Alliance Air,141201.0,82.229,77274.0,63542.0,2095
2018-01-01,Alliance Air,134627.0,81.649,74507.0,60834.0,2013
2018-02-01,Alliance Air,132115.0,82.049,72379.0,59386.0,2000
2018-03-01,Alliance Air,142441.0,76.176,82128.0,62562.0,2304
2018-04-01,Alliance Air,139655.0,76.348,80027.0,61099.0,2255
2018-05-01,Alliance Air,137718.0,72.942,82413.0,60114.0,2320
2018-06-01,Alliance Air,131358.0,72.548,77700.0,56370.0,2152
2018-07-01,Alliance Air,134169.0,72.072,80342.0,57904.0,2259
2018-08-01,Alliance Air,132970.0,68.464,83152.0,56929.0,2358
2018-09-01,Alliance Air,129952.0,65.042,84326.0,54847.0,2396
2018-10-01,Alliance Air,123014.0,65.534,78182.0,51236.0,2369
2018-11-01,Alliance Air,129339.0,68.006,79653.0,54169.0,2439
2018-12-01,Alliance Air,143712.0,69.238,88725.0,61431.0,3201
2019-01-01,Alliance Air,138705.0,65.695,89372.474,58712.999,2606
2019-02-01,Alliance Air,127312.0,69.047,77272.0,53354.0,2214
2019-03-01,Alliance Air,129478.0,64.399,83357.69,53681.29,2414
2019-04-01,Alliance Air,134597.0,67.753,82941.0,56195.0,2385
2019-05-01,Alliance Air,152294.0,70.533,91234.0,64350.0,2617
2019-06-01,Alliance Air,147259.0,70.904,86163.0,61093.0,2494
2019-07-01,Alliance Air,135724.0,66.618,85207.0,56763.0,2469
2019-08-01,Alliance Air,134431.0,63.785,88069.0,56175.0,2603
2019-09-01,Alliance Air,135642.0,62.731,88338.0,55415.0,2667
2019-10-01,Alliance Air,145086.0,65.981,88373.0,58309.0,2700
2019-11-01,Alliance Air,134676.0,65.909,82734.0,54529.0,2507
2019-12-01,Alliance Air,145520.0,66.121,88009.0,58192.0,2690
2020-01-01,Alliance Air,142268.0,64.443,89407.0,57617.0,2684
2020-02-01,Alliance Air,145354.0,65.112,89662.0,58381.0,2735
2020-03-01,Alliance Air,82612.0,51.406,65187.0,33510.0,1987
2020-05-01,Alliance Air,3772.0,23.188,6676.0,1548.0,212
2020-06-01,Alliance Air,36092.0,33.289,42942.0,14295.0,1422
2020-07-01,Alliance Air,41967.0,33.664,48616.0,16366.0,1540
2020-08-01,Alliance Air,45544.0,41.557,44933.0,18673.0,1229
2020-09-01,Alliance Air,49709.0,41.775,48594.0,20300.0,1260
2020-10-01,Alliance Air,63236.0,46.549,54388.0,25317.0,1386
2020-11-01,Alliance Air,82656.0,57.111,59069.0,33735.0,1600
2020-12-01,Alliance Air,99226.0,62.062,64982.0,40329.0,1787
2021-01-01,Alliance Air,92039.0,61.449,59562.0,36600.0,1652
2021-02-01,Alliance Air,95469.0,65.271,57272.0,37382.0,1660
2021-03-01,Alliance Air,95563.0,57.904,65795.0,38098.0,1809
2021-04-01,Alliance Air,63147.0,43.922,57532.0,25269.0,1530
2021-05-01,Alliance Air,29756.0,30.972,39320.0,12178.0,1042
2021-06-01,Alliance Air,52874.0,47.076,46841.0,22051.0,1217
2021-07-01,Alliance Air,70363.0,54.476,54547.0,29715.0,2185
2021-08-01,Alliance Air,80491.0,57.336,58161.0,33347.0,2336
2021-09-01,Alliance Air,91031.0,60.178,63455.0,38186.0,2499
2021-10-01,Alliance Air,107718.0,68.736,70954.0,48771.0,2572
2021-11-01,Alliance Air,120306.0,68.461,79476.0,54410.0,2907
2021-12-01,Alliance Air,125358.0,66.987,84022.0,56284.0,3085
2022-01-01,Alliance Air,79509.0,48.545,68614.0,33309.0,2745
2022-02-01,Alliance Air,111715.0,71.898,64487.0,46365.0,2620
2022-03-01,Alliance Air,145441.0,73.999,78966.0,58434.0,3209
2022-04-01,Alliance Air,120306.0,66.918,72765.28,48693.097,2907
2022-05-01,Alliance Air,125358.0,65.51,77281.834,50627.439,3085
2022-06-01,Alliance Air,120306.0,66.918,72765.28,48693.097,2907
2022-07-01,Alliance Air,111715.0,71.898,64487.0,46365.0,2620
2022-08-01,Alliance Air,125358.0,66.987,84022.0,56284.0,3085
2022-09-01,Alliance Air,120306.0,68.461,79476.0,54410.0,2907
2022-10-01,Alliance Air,139768.0,62.004,86225.0,53463.0,3619
2022-11-01,Alliance Air,144477.0,67.284,84152.0,56621.0,3548
2022-12-01,Alliance Air,169217.0,69.991,94764.0,66326.0,4025
2023-01-01,Alliance Air,151400.0,66.01,86793.046,57292.112,3729
2023-02-01,Alliance Air,133815.0,64.932,80008.0,51951.0,3310
2023-03-01,Alliance Air,133282.0,65.541,79702.601,52237.822,3548
2023-04-01,Alliance Air,141648.0,69.291,81080.621,56181.265,3392
2023-05-01,Alliance Air,184966.0,80.282,92250.479,74060.872,3708
2023-06-01,Alliance Air,144033.0,73.474,79738.924,58587.737,3165
2023-07-01,Alliance Air,123706.0,68.269,74161.581,50629.716,2956
2023-08-01,Alliance Air,124526.0,69.963,72269.417,50562.014,2906
2023-09-01,Alliance Air,119632.0,68.605,70317.919,48241.523,2880
2023-10-01,Alliance Air,129759.0,71.724,74085.689,53137.492,2973
2023-11-01,Alliance Air,123592.0,72.984,68511.677,50002.641,2759
2023-12-01,Alliance Air,130927.0,77.043,69571.362,53599.753,2804
2024-01-01,Alliance Air,132650.0,80.115,66318.095,53130.559,2712
2024-02-01,Alliance Air,129279.0,79.063,64966.573,51364.544,2664
2024-03-01,Alliance Air,140154.0,78.093,71425.846,55778.509,2968
2024-04-01,Alliance Air,127836.0,79.053,64295.949,50827.804,2708
2024-05-01,Alliance Air,135176.0,79.382,67436.582,53532.269,2837
2024-06-01,Alliance Air,133913.0,78.628,66001.499,51895.878,2869
2024-07-01,Alliance Air,120815.0,75.621,62341.487,47143.066,2640
2024-08-01,Alliance Air,115010.0,73.315,60430.431,44304.528,2581
2024-09-01,Alliance Air,101886.0,73.114,52826.797,38623.908,2302
2024-10-01,Alliance Air,98107.0,73.864,51188.048,37809.35,2264
2024-11-01,Alliance Air,96860.0,74.462,52284.783,38932.533,2121
2024-12-01,Alliance Air,99952.0,77.685,52226.36,40571.823,2069
2025-01-01,Alliance Air,90895.0,77.64,49509.391,38440.168,1953
2025-02-01,Alliance Air,85992.0,83.03,46649.685,38733.658,1710
2025-03-01,Alliance Air,77945.0,75.91,42326.896,32129.95,1697
2025-04-01,Alliance Air,75957.0,75.81,39734.389,30123.064,1637
2025-05-01,Alliance Air,62159.0,73.96,34260.793,25337.841,1420
2025-06-01,Alliance Air,66355.0,67.91,39831.44,27047.685,1630
2025-07-01,Alliance Air,46012.0,62.74,31630.296,19844.949,1254
2025-08-01,Alliance Air,37473.0,68.72,23927.297,16441.751,966
2025-09-01,Alliance Air,43562.0,66.87,26784.424,17909.504,1094
2025-10-01,Alliance Air,29206.0,68.25,17489.725,11936.501,701
2025-11-01,Alliance Air,57557.0,63.71,37243.837,23728.087,1415
2025-12-01,Alliance Air,57030.0,71.02,34576.143,24556.386,1276
2026-01-01,Alliance Air,57459.0,64.77,37442.125,24249.432,1378
2026-02-01,Alliance Air,53796.0,65.83,34209.064,22518.46,1309
2026-03-01,Alliance Air,45672.0,60.64,32604.696,19769.918,1214
2026-04-01,Alliance Air,42677.0,61.15,29836.52,18243.581,1156
2026-05-01,Alliance Air,50348.0,61.2,34227.084,20946.758,1400
2026-06-01,Alliance Air,50896.0,61.74,33714.335,20816.385,1417
2026-07-01,Alliance Air,50078.0,59.51,34940.056,20792.337,1409
2016-01-01,Blue Dart Aviation,0.0,0.0,0.0,0.0,455
2016-02-01,Blue Dart Aviation,0.0,0.0,0.0,0.0,479
2016-03-01,Blue Dart Aviation,0.0,0.0,0.0,0.0,507
2016-04-01,Blue Dart Aviation,0.0,0.0,0.0,0.0,482
2016-05-01,Blue Dart Aviation,0.0,0.0,0.0,0.0,503
2016-06-01,Blue Dart Aviation,0.0,0.0,0.0,0.0,515
2016-07-01,Blue Dart Aviation,0.0,0.0,0.0,0.0,506
2016-08-01,Blue Dart Aviation,0.0,0.0,0.0,0.0,541
2016-09-01,Blue Dart Aviation,0.0,0.0,0.0,0.0,520
2016-10-01,Blue Dart Aviation,0.0,0.0,0.0,0.0,608
2016-11-01,Blue Dart Aviation,0.0,0.0,0.0,0.0,496
2016-12-01,Blue Dart Aviation,0.0,0.0,0.0,0.0,562
2017-01-01,Blue Dart Aviation,0.0,0.0,0.0,0.0,524
2017-02-01,Blue Dart Aviation,0.0,0.0,0.0,0.0,495
2017-03-01,Blue Dart Aviation,0.0,0.0,0.0,0.0,505
2017-04-01,Blue Dart Aviation,0.0,0.0,0.0,0.0,474
2017-05-01,Blue Dart Aviation,0.0,0.0,0.0,0.0,506
2017-06-01,Blue Dart Aviation,0.0,0.0,0.0,0.0,502
2017-07-01,Blue Dart Aviation,0.0,0.0,0.0,0.0,498
2017-08-01,Blue Dart Aviation,0.0,0.0,0.0,0.0,500
2017-09-01,Blue Dart Aviation,0.0,0.0,0.0,0.0,541
2017-10-01,Blue Dart Aviation,0.0,0.0,0.0,0.0,500
2017-11-01,Blue Dart Aviation,0.0,0.0,0.0,0.0,508
2017-12-01,Blue Dart Aviation,0.0,0.0,0.0,0.0,506
2018-01-01,Blue Dart Aviation,0.0,0.0,0.0,0.0,506
2018-02-01,Blue Dart Aviation,0.0,0.0,0.0,0.0,478
2018-03-01,Blue Dart Aviation,0.0,0.0,0.0,0.0,501
2018-04-01,Blue Dart Aviation,0.0,0.0,0.0,0.0,472
2018-05-01,Blue Dart Aviation,0.0,0.0,0.0,0.0,497
2018-06-01,Blue Dart Aviation,0.0,0.0,0.0,0.0,509
2018-07-01,Blue Dart Aviation,0.0,0.0,0.0,0.0,497
2018-08-01,Blue Dart Aviation,0.0,0.0,0.0,0.0,496
2018-09-01,Blue Dart Aviation,0.0,0.0,0.0,0.0,466
2018-10-01,Blue Dart Aviation,0.0,0.0,0.0,0.0,539
2018-11-01,Blue Dart Aviation,0.0,0.0,0.0,0.0,479
2018-12-01,Blue Dart Aviation,0.0,0.0,0.0,0.0,488
2019-01-01,Blue Dart Aviation,0.0,,0.0,0.0,467
2019-02-01,Blue Dart Aviation,0.0,,0.0,0.0,432
2019-03-01,Blue Dart Aviation,0.0,,0.0,0.0,464
2019-04-01,Blue Dart Aviation,0.0,,0.0,0.0,468
2019-05-01,Blue Dart Aviation,0.0,,0.0,0.0,485
2019-06-01,Blue Dart Aviation,0.0,,0.0,0.0,467
2019-07-01,Blue Dart Aviation,0.0,,0.0,0.0,517
2019-08-01,Blue Dart Aviation,0.0,,0.0,0.0,488
2019-09-01,Blue Dart Aviation,0.0,,0.0,0.0,445
2019-10-01,Blue Dart Aviation,0.0,,0.0,0.0,454
2019-11-01,Blue Dart Aviation,0.0,,0.0,0.0,454
2019-12-01,Blue Dart Aviation,0.0,,0.0,0.0,487
2020-01-01,Blue Dart Aviation,,,,,477
2020-02-01,Blue Dart Aviation,,,,,452
2020-03-01,Blue Dart Aviation,,,,,354
2020-04-01,Blue Dart Aviation,,,,,188
2020-05-01,Blue Dart Aviation,,,,,285
2020-06-01,Blue Dart Aviation,,,,,460
2020-07-01,Blue Dart Aviation,,,,,478
2020-08-01,Blue Dart Aviation,,,,,456
2020-09-01,Blue Dart Aviation,,,,,491
2020-10-01,Blue Dart Aviation,,,,,471
2020-11-01,Blue Dart Aviation,,,,,447
2020-12-01,Blue Dart Aviation,,,,,517
2021-01-01,Blue Dart Aviation,,,,,440
2021-02-01,Blue Dart Aviation,,,,,424
2021-03-01,Blue Dart Aviation,,,,,460
2021-04-01,Blue Dart Aviation,,,,,473
2021-05-01,Blue Dart Aviation,,,,,455
2021-06-01,Blue Dart Aviation,,,,,492
2021-07-01,Blue Dart Aviation,,,,,498
2021-08-01,Blue Dart Aviation,,,,,491
2021-09-01,Blue Dart Aviation,,,,,476
2021-10-01,Blue Dart Aviation,,,,,473
2021-11-01,Blue Dart Aviation,,,,,452
2021-12-01,Blue Dart Aviation,,,,,516
2022-01-01,Blue Dart Aviation,,,,,444
2022-02-01,Blue Dart Aviation,,,,,424
2022-03-01,Blue Dart Aviation,,,,,469
2022-04-01,Blue Dart Aviation,,,,,478
2022-05-01,Blue Dart Aviation,,,,,531
2022-06-01,Blue Dart Aviation,,,,,523
2022-07-01,Blue Dart Aviation,,,,,477
2022-08-01,Blue Dart Aviation,,,,,442
2022-09-01,Blue Dart Aviation,,,,,473
2022-10-01,Blue Dart Aviation,,,,,449
2022-11-01,Blue Dart Aviation,,,,,486
2022-12-01,Blue Dart Aviation,,,,,515
2023-01-01,Blue Dart Aviation,,,,,468
2023-02-01,Blue Dart Aviation,,,,,456
2023-03-01,Blue Dart Aviation,,,,,508
2023-04-01,Blue Dart Aviation,,,,,485
2023-05-01,Blue Dart Aviation,,,,,465
2023-06-01,Blue Dart Aviation,,,,,477
2023-07-01,Blue Dart Aviation,,,,,501
2023-08-01,Blue Dart Aviation,,,,,522
2023-09-01,Blue Dart Aviation,,,,,479
2023-10-01,Blue Dart Aviation,,,,,492
2023-11-01,Blue Dart Aviation,,,,,567
2023-12-01,Blue Dart Aviation,,,,,529
2024-01-01,Blue Dart Aviation,,,,,497
2024-02-01,Blue Dart Aviation,,,,,581
2024-03-01,Blue Dart Aviation,,,,,618
2024-04-01,Blue Dart Aviation,0.0,,0.0,0.0,601
2024-05-01,Blue Dart Aviation,0.0,,0.0,0.0,644
2024-06-01,Blue Dart Aviation,0.0,,,,640
2024-07-01,Blue Dart Aviation,,,,,610
2024-08-01,Blue Dart Aviation,,,,,627
2024-09-01,Blue Dart Aviation,,,,,526
2024-10-01,Blue Dart Aviation,,,,,589
2024-11-01,Blue Dart Aviation,0.0,,,,581
2024-12-01,Blue Dart Aviation,,,,,653
2025-01-01,Blue Dart Aviation,0.0,0.0,0.0,0.0,647
2025-02-01,Blue Dart Aviation,0.0,0.0,0.0,0.0,591
2025-03-01,Blue Dart Aviation,0.0,0.0,0.0,0.0,596
2025-04-01,Blue Dart Aviation,0.0,0.0,0.0,0.0,616
2025-05-01,Blue Dart Aviation,0.0,0.0,0.0,0.0,650
2025-06-01,Blue Dart Aviation,0.0,0.0,0.0,0.0,611
2025-07-01,Blue Dart Aviation,0.0,0.0,0.0,0.0,594
2025-08-01,Blue Dart Aviation,0.0,0.0,0.0,0.0,582
2025-09-01,Blue Dart Aviation,0.0,0.0,0.0,0.0,605
2025-10-01,Blue Dart Aviation,0.0,0.0,0.0,0.0,569
2025-11-01,Blue Dart Aviation,0.0,0.0,0.0,0.0,580
2025-12-01,Blue Dart Aviation,0.0,0.0,0.0,0.0,576
2026-01-01,Blue Dart Aviation,0.0,,0.0,0.0,566
2026-02-01,Blue Dart Aviation,0.0,,0.0,0.0,572
2026-03-01,Blue Dart Aviation,0.0,,0.0,0.0,610
2026-04-01,Blue Dart Aviation,0.0,,0.0,0.0,556
2026-05-01,Blue Dart Aviation,0.0,,0.0,0.0,551
2026-06-01,Blue Dart Aviation,0.0,,0.0,0.0,475
2026-07-01,Blue Dart Aviation,0.0,,0.0,0.0,553
2024-03-01,Fly91,1351.0,49.689,1395.66,693.496,38
2024-04-01,Fly91,4454.0,52.633,4495.208,2365.946,130
2024-05-01,Fly91,9474.0,69.785,7292.292,5088.936,225
2024-06-01,Fly91,9736.0,51.915,9626.96,4997.806,263
2024-07-01,Fly91,10200.0,58.85,8961.77,5274.014,276
2024-08-01,Fly91,14846.0,58.882,12759.128,7512.835,388
2024-09-01,Fly91,15537.0,62.633,12248.972,7671.88,374
2024-10-01,Fly91,17042.0,68.086,12410.42,8449.77,381
2024-11-01,Fly91,20308.0,73.791,12656.42,9339.36,389
2024-12-01,Fly91,24230.0,82.745,13398.442,11086.546,431
2025-01-01,Fly91,20612.0,81.99,11659.648,9559.912,373
2025-02-01,Fly91,11757.0,82.95,6604.64,5478.35,210
2025-03-01,Fly91,12327.0,76.41,7354.046,5619.356,242
2025-04-01,Fly91,20369.0,82.62,11205.178,9258.037,392
2025-05-01,Fly91,24385.0,87.58,12422.55,10879.2,434
2025-06-01,Fly91,22196.0,71.22,14001.57,9971.341,484
2025-07-01,Fly91,24901.0,69.98,15801.675,11057.658,544
2025-08-01,Fly91,28438.0,77.25,16193.363,12510.133,563
2025-09-01,Fly91,27367.0,77.96,15744.78,12273.88,530
2025-10-01,Fly91,32953.0,86.11,17183.69,14797.58,576
2025-11-01,Fly91,33600.0,84.49,17927.26,15146.54,583
2025-12-01,Fly91,37111.0,86.08,19590.611,16863.72,631
2026-01-01,Fly91,33186.0,82.84,18195.99,15073.09,588
2026-02-01,Fly91,24785.0,79.85,14375.66,11479.48,467
2026-03-01,Fly91,33059.0,72.89,20598.66,15013.8,679
2026-04-01,Fly91,38616.0,65.67,25229.07,16566.87,845
2026-05-01,Fly91,54496.0,69.28,31626.45,21912.12,1128
2026-06-01,Fly91,56816.0,73.22,30911.0,22632.66,1110
2026-07-01,Fly91,56152.0,74.72,30571.44,22841.66,1060
2021-01-01,Flybig,1717.0,42.951,1809.5,777.2,56
2021-02-01,Flybig,2921.0,50.879,2776.32,1412.57,80
2021-03-01,Flybig,2600.0,40.627,3145.68,1278.0,90
2021-04-01,Flybig,1765.0,34.701,2315.32,803.45,68
2021-05-01,Flybig,1323.0,25.767,1113.69,286.96,54
2021-06-01,Flybig,3253.0,40.557,2213.28,897.64,96
2021-07-01,Flybig,4982.0,45.221,3583.4,1620.46,144
2021-08-01,Flybig,5663.0,47.035,4330.08,2036.66,164
2021-09-01,Flybig,5571.0,43.844,4775.47,2093.76,174
2021-10-01,Flybig,8398.0,64.799,4844.88,3139.44,177
2021-11-01,Flybig,10081.0,60.174,6253.9,3763.2,236
2021-12-01,Flybig,10244.0,61.169,6513.12,3984.02,243
2022-01-01,Flybig,6962.0,43.041,6227.71,2680.46,230
2022-02-01,Flybig,9930.0,54.693,6926.0,3788.01,258
2022-03-01,Flybig,13096.0,50.879,10618.7,5402.71,366
2022-04-01,Flybig,16164.0,55.994,12999.64,7278.98,398
2022-05-01,Flybig,23803.0,62.466,17043.95,10646.63,519
2022-06-01,Flybig,23027.0,54.151,19690.86,10662.795,590
2022-07-01,Flybig,21775.0,46.79,20299.0,9498.0,632
2022-08-01,Flybig,16357.0,49.957,13509.292,6748.87,447
2022-09-01,Flybig,16702.0,54.719,12388.426,6778.77,430
2022-10-01,Flybig,26948.0,67.388,16937.676,11413.9,579
2022-11-01,Flybig,25675.0,68.167,16225.59,11060.54,540
2022-12-01,Flybig,28680.0,70.752,17619.302,12465.956,581
2023-01-01,Flybig,21729.0,56.271,16625.554,9355.4,565
2023-02-01,Flybig,18249.0,56.351,14479.924,8159.599,486
2023-03-01,Flybig,16483.0,60.448,11974.0,7238.0,405
2023-04-01,Flybig,19895.0,62.873,12662.0,7961.0,452
2023-05-01,Flybig,16260.0,52.19,13693.366,7146.601,459
2023-06-01,Flybig,22277.0,58.356,15522.0,9058.0,543
2023-07-01,Flybig,24935.0,59.098,16065.448,9494.36,580
2023-08-01,Flybig,23400.0,58.245,15814.054,9210.82,569
2023-09-01,Flybig,24624.0,72.107,13344.33,9622.26,547
2023-10-01,Flybig,18700.0,72.42,9723.69,7041.92,429
2023-11-01,Flybig,3831.0,67.932,2139.0,1453.07,133
2023-12-01,Flybig,206.0,24.964,247.0,61.66,46
2024-01-01,Flybig,84.0,15.35,165.93,25.47,31
2024-02-01,Flybig,362.0,24.733,469.0,116.0,83
2024-03-01,Flybig,968.0,39.06,621.737,242.848,137
2024-04-01,Flybig,1125.0,33.214,900.999,299.254,198
2024-05-01,Flybig,1605.0,38.027,973.0,370.0,229
2024-06-01,Flybig,1908.0,43.454,1077.0,468.0,244
2024-07-01,Flybig,1011.0,19.528,1229.0,240.0,280
2024-08-01,Flybig,2013.0,35.657,1367.164,487.483,300
2024-09-01,Flybig,1792.0,32.92,1291.0,425.0,283
2024-10-01,Flybig,2037.0,33.171,1368.494,453.938,308
2024-11-01,Flybig,1446.0,35.588,839.895,298.904,200
2024-12-01,Flybig,1137.0,20.883,1289.644,269.312,294
2025-01-01,Flybig,1050.0,22.69,1212.0,275.0,269
2025-02-01,Flybig,707.0,27.15,662.777,179.966,157
2025-03-01,Flybig,1161.0,26.42,1047.147,276.705,229
2025-04-01,Flybig,1415.0,30.25,1140.152,344.864,237
2025-05-01,Flybig,1864.0,28.55,1557.791,444.819,313
2025-06-01,Flybig,1186.0,21.77,1403.416,305.555,269
2025-07-01,Flybig,928.0,19.47,1314.61,255.95,257
2025-08-01,Flybig,990.0,26.77,1039.566,278.25,198
2025-09-01,Flybig,610.0,20.07,938.087,188.295,163
2025-10-01,Flybig,275.0,21.45,512.392,109.921,78
2015-01-01,Go First,552971.0,79.214,674072.0,533961.0,3947
2015-02-01,Go First,534795.0,85.897,604177.0,518968.0,3545
2015-03-01,Go First,550969.0,80.018,665383.0,532427.0,3907
2015-04-01,Go First,574464.0,85.541,643994.0,550878.0,3808
2015-05-01,Go First,612994.0,89.366,667461.0,596484.0,3892
2015-06-01,Go First,572147.0,83.581,653047.0,545826.0,3827
2015-07-01,Go First,566402.0,81.2,651061.0,528659.0,3909
2015-08-01,Go First,549462.0,75.586,668519.0,505306.0,4072
2015-09-01,Go First,579120.0,79.828,670843.0,535519.0,4085
2015-10-01,Go First,594406.0,81.228,693677.0,563459.0,4132
2015-11-01,Go First,602623.0,83.455,681553.0,568787.0,4088
2015-12-01,Go First,639264.0,86.502,697574.0,603414.0,4200
2016-01-01,Go First,618650.0,84.872,689089.0,584844.0,4116
2016-02-01,Go First,595139.0,86.354,649429.0,560809.0,3923
2016-03-01,Go First,655518.0,86.327,719059.0,620742.0,4308
2016-04-01,Go First,676012.0,87.764,730791.0,641370.0,4349
2016-05-01,Go First,700766.0,88.585,756663.0,670288.0,4490
2016-06-01,Go First,663991.0,84.578,724376.0,612664.0,4431
2016-07-01,Go First,716125.0,90.281,736130.0,664584.0,4507
2016-08-01,Go First,674131.0,86.046,723532.0,622573.0,4449
2016-09-01,Go First,686692.0,89.42,707832.0,632943.0,4380
2016-10-01,Go First,688261.0,84.39,772080.0,651560.0,4651
2016-11-01,Go First,719566.0,87.26,769863.0,671781.0,4674
2016-12-01,Go First,780622.0,90.717,811638.0,736296.0,4886
2017-01-01,Go First,788337.0,90.81,809836.0,735410.0,4945
2017-02-01,Go First,749352.0,90.908,754470.0,685872.0,4673
2017-03-01,Go First,802114.0,84.771,874330.0,741179.0,5392
2017-04-01,Go First,739401.0,84.665,807242.0,683452.0,5005
2017-05-01,Go First,863570.0,92.953,879250.0,817288.0,5334
2017-06-01,Go First,805483.0,89.432,858717.0,767968.0,5155
2017-07-01,Go First,741855.0,82.495,853098.0,703764.0,5113
2017-08-01,Go First,775836.0,85.409,875273.0,747563.0,5187
2017-09-01,Go First,808539.0,88.539,874904.0,774630.0,5165
2017-10-01,Go First,924189.0,87.629,1013393.0,888031.0,5930
2017-11-01,Go First,933709.0,89.989,977879.0,879987.0,5819
2017-12-01,Go First,1080481.0,92.003,1119124.0,1029625.0,6601
2018-01-01,Go First,1095127.0,90.031,1145620.0,1031414.0,6829
2018-02-01,Go First,1020977.0,90.392,1066358.0,963904.0,6357
2018-03-01,Go First,1039974.0,87.996,1133354.9,997302.6,6641
2018-04-01,Go First,1009963.0,89.522,1088873.7,974781.9,6349
2018-05-01,Go First,1034197.0,89.159,1127621.3,1005378.7,6542
2018-06-01,Go First,1054793.0,88.584,1159408.61,1027052.997,6663
2018-07-01,Go First,1026758.0,87.185,1149476.3,1002176.5,6537
2018-08-01,Go First,1014015.0,84.609,1172612.38,992139.22,6687
2018-09-01,Go First,989309.0,90.59,1059735.798,960011.867,6086
2018-10-01,Go First,1047651.0,84.101,1211954.956,1019261.21,6902
2018-11-01,Go First,1019398.0,87.579,1150762.452,1007827.395,6502
2018-12-01,Go First,1111770.0,88.506,1231631.976,1090067.199,6853
2019-01-01,Go First,1087717.0,87.386,1213805.9,1060701.668,6813
2019-02-01,Go First,1026676.0,92.554,1079898.144,999484.096,6037
2019-03-01,Go First,1148587.0,91.386,1219774.416,1114700.284,6862
2019-04-01,Go First,1190386.0,90.832,1257984.438,1142651.091,7143
2019-05-01,Go First,1355072.0,93.311,1397329.0,1303857.818,8119
2019-06-01,Go First,1330396.0,94.039,1360279.32,1279195.672,7889
2019-07-01,Go First,1325734.0,90.375,1404277.57,1269121.517,8192
2019-08-01,Go First,1390927.0,87.507,1498860.668,1311612.309,8868
2019-09-01,Go First,1326836.0,86.698,1441754.002,1249974.988,8494
2019-10-01,Go First,1378207.0,83.11,1551113.0,1289128.0,9186
2019-11-01,Go First,1422119.0,92.659,1459429.45,1352293.297,8561
2019-12-01,Go First,1332368.0,89.668,1408237.09,1262740.787,8267
2020-01-01,Go First,1247479.0,88.69,1343764.716,1191784.32,7846
2020-02-01,Go First,1231507.0,90.517,1279530.596,1158190.743,7639
2020-03-01,Go First,767558.0,78.924,923735.886,729052.525,5453
2020-07-01,Go First,79358.0,50.461,163961.79,82736.712,833
2020-08-01,Go First,132779.0,61.04,228143.136,139257.664,1216
2020-09-01,Go First,263659.0,57.637,474960.048,273752.763,2548
2020-10-01,Go First,395061.0,61.79,660477.048,408108.549,3425
2020-11-01,Go First,577339.0,70.757,829618.338,587011.683,4428
2020-12-01,Go First,654539.0,66.259,976744.272,647184.488,5349
2021-01-01,Go First,633787.0,64.883,955362.276,619864.761,5323
2021-02-01,Go First,581273.0,76.511,735783.24,562958.335,4143
2021-03-01,Go First,611956.0,71.545,823979.121,589514.952,4709
2021-04-01,Go First,547137.0,65.661,818721.751,537578.093,4579
2021-05-01,Go First,138417.0,63.342,196951.756,124752.207,1220
2021-06-01,Go First,258368.0,70.933,331758.741,235326.108,2004
2021-07-01,Go First,342014.0,67.15,443852.476,298046.222,2792
2021-08-01,Go First,457959.0,67.604,615195.267,415897.514,3709
2021-09-01,Go First,579872.0,74.047,712498.074,527580.77,4326
2021-10-01,Go First,883763.0,75.354,1106509.912,833800.578,6451
2021-11-01,Go First,1155939.0,78.238,1408278.833,1101805.331,8086
2021-12-01,Go First,1193076.0,78.991,1431800.332,1130994.365,8332
2022-01-01,Go First,635493.0,66.722,904894.858,603763.254,5239
2022-02-01,Go First,734220.0,86.961,824144.851,716681.981,4630
2022-03-01,Go First,1044026.0,81.358,1245242.297,1013105.997,6981
2022-04-01,Go First,1108977.0,80.263,1343791.069,1078573.011,7594
2022-05-01,Go First,1276216.0,86.504,1431684.404,1238458.961,8114
2022-06-01,Go First,998773.0,78.712,1223956.284,963404.879,7023
2022-07-01,Go First,795237.0,76.517,999119.767,764495.075,5779
2022-08-01,Go First,870277.0,81.641,1031949.97,842497.374,5875
2022-09-01,Go First,814678.0,83.214,946834.167,787899.768,5323
2022-10-01,Go First,802322.0,86.716,914915.576,793379.151,5042
2022-11-01,Go First,870316.0,91.319,922589.442,842496.028,5140
2022-12-01,Go First,951235.0,92.629,1001277.138,927474.194,5549
2023-01-01,Go First,1052822.0,90.901,1119068.004,1017247.476,6242
2023-02-01,Go First,963373.0,93.068,994899.846,925930.793,5619
2023-03-01,Go First,894655.0,90.165,950227.0,856771.0,5392
2023-04-01,Go First,828780.0,91.163,867044.0,790426.0,4911
2023-05-01,Go First,48296.0,92.409,49465.0,45710.0,284
2015-01-01,IndiGo,2276404.0,85.162,2793463.0,2378975.0,16280
2015-02-01,IndiGo,2230645.0,88.032,2626290.0,2311979.0,15285
2015-03-01,IndiGo,2286128.0,77.006,3028942.0,2332457.0,17661
2015-04-01,IndiGo,2481285.0,85.694,2966289.0,2541928.0,17508
2015-05-01,IndiGo,2769283.0,91.866,3093332.0,2841729.0,18477
2015-06-01,IndiGo,2536554.0,86.646,3004343.0,2603141.0,17808
2015-07-01,IndiGo,2416916.0,78.439,3148955.0,2470014.0,18471
2015-08-01,IndiGo,2384943.0,76.84,3163792.0,2431071.0,18510
2015-09-01,IndiGo,2430449.0,79.415,3134197.0,2489033.0,18402
2015-10-01,IndiGo,2589861.0,82.441,3264626.0,2691402.0,19105
2015-11-01,IndiGo,2597765.0,83.925,3197233.0,2683285.0,18710
2015-12-01,IndiGo,2743325.0,88.493,3204462.0,2835728.0,18677
2016-01-01,IndiGo,2725711.0,84.659,3328760.0,2818080.0,19350
2016-02-01,IndiGo,2754131.0,86.047,3281993.0,2824045.0,19056
2016-03-01,IndiGo,3023228.0,85.118,3626104.0,3086455.0,21267
2016-04-01,IndiGo,3066556.0,85.832,3660008.0,3141475.0,21328
2016-05-01,IndiGo,3336839.0,87.237,3907259.0,3408589.0,22781
2016-06-01,IndiGo,3023081.0,77.853,3967035.0,3088436.0,23025
2016-07-01,IndiGo,3383768.0,83.592,4086542.0,3416019.0,23869
2016-08-01,IndiGo,3341081.0,82.11,4045142.0,3321459.0,23650
2016-09-01,IndiGo,3295826.0,82.052,3991989.0,3275496.0,23382
2016-10-01,IndiGo,3692828.0,84.897,4365398.0,3706073.0,25461
2016-11-01,IndiGo,3772583.0,87.947,4328764.0,3807017.0,25084
2016-12-01,IndiGo,3848322.0,91.405,4259237.0,3893161.0,24822
2017-01-01,IndiGo,3809228.0,90.006,4282923.0,3854899.0,24948
2017-02-01,IndiGo,3418605.0,87.664,3914438.0,3431547.0,22935
2017-03-01,IndiGo,3611371.0,81.583,4403676.0,3592642.0,25996
2017-04-01,IndiGo,3778780.0,86.909,4286527.0,3725376.0,25648
2017-05-01,IndiGo,4190914.0,91.145,4539124.0,4137195.0,27058
2017-06-01,IndiGo,3825814.0,87.815,4314039.0,3788390.0,25778
2017-07-01,IndiGo,3699451.0,83.657,4325745.0,3618780.0,25941
2017-08-01,IndiGo,3678245.0,83.555,4302678.0,3595123.0,25543
2017-09-01,IndiGo,3664509.0,85.173,4223666.0,3597420.0,25114
2017-10-01,IndiGo,4133027.0,87.324,4640884.0,4052585.0,27562
2017-11-01,IndiGo,4131844.0,90.679,4455457.0,4040152.0,26545
2017-12-01,IndiGo,4430070.0,90.79,4794370.0,4352831.0,28741
2018-01-01,IndiGo,4556904.0,89.683,4924840.0,4416727.0,30101
2018-02-01,IndiGo,4290189.0,91.789,4517438.0,4146528.0,27700
2018-03-01,IndiGo,4576236.0,89.046,4973298.0,4428533.0,30502
2018-04-01,IndiGo,4579916.0,91.919,4809221.0,4420575.0,29818
2018-05-01,IndiGo,4852909.0,90.968,5141930.0,4677509.0,32110
2018-06-01,IndiGo,4672686.0,88.313,5170011.0,4565770.0,31979
2018-07-01,IndiGo,5002416.0,88.334,5438722.0,4804228.0,33767
2018-08-01,IndiGo,4757378.0,82.846,5565617.0,4610890.0,34409
2018-09-01,IndiGo,4920335.0,82.703,5747320.0,4753181.0,35602
2018-10-01,IndiGo,5074853.0,83.106,6014907.0,4998733.0,37403
2018-11-01,IndiGo,5005919.0,84.855,5794474.0,4916916.0,36011
2018-12-01,IndiGo,5478523.0,88.925,6101125.0,5425426.0,37305
2019-01-01,IndiGo,5321832.0,86.441,6111639.0,5282940.0,37199
2019-02-01,IndiGo,4930608.0,88.409,5475814.0,4841086.0,33596
2019-03-01,IndiGo,5440796.0,85.95,6272727.0,5391425.0,38220
2019-04-01,IndiGo,5481088.0,87.771,6151697.0,5399413.0,37911
2019-05-01,IndiGo,5979551.0,90.91,6458545.0,5871438.0,39934
2019-06-01,IndiGo,5778376.0,90.092,6281020.0,5658684.0,38698
2019-07-01,IndiGo,5693448.0,86.161,6302625.0,5430427.0,39883
2019-08-01,IndiGo,5540693.0,84.319,6259585.0,5278012.0,39636
2019-09-01,IndiGo,5559031.0,86.456,6115257.0,5287003.0,39058
2019-10-01,IndiGo,5842318.0,85.123,6592745.0,5611952.0,41763
2019-11-01,IndiGo,6151347.0,91.417,6414008.0,5863493.0,40949
2019-12-01,IndiGo,6188457.0,90.102,6537502.0,5890402.0,42086
2020-01-01,IndiGo,6119924.0,87.79,6594144.0,5789000.0,42555
2020-02-01,IndiGo,5931189.0,88.317,6358872.0,5615979.0,41162
2020-03-01,IndiGo,3793464.0,73.426,4985152.0,3660382.0,32233
2020-05-01,IndiGo,142254.0,52.562,268985.0,141383.0,1575
2020-06-01,IndiGo,1046836.0,60.681,1711028.0,1038263.0,10341
2020-07-01,IndiGo,1272240.0,60.185,2060464.0,1240088.0,13094
2020-08-01,IndiGo,1681787.0,65.615,2490194.0,1633951.0,15897
2020-09-01,IndiGo,2265539.0,65.392,3415497.0,2233475.0,21063
2020-10-01,IndiGo,2926835.0,68.18,4137233.0,2820750.0,24853
2020-11-01,IndiGo,3423059.0,73.973,4435096.0,3280792.0,26786
2020-12-01,IndiGo,3951522.0,71.501,5270175.0,3768240.0,31847
2021-01-01,IndiGo,4202712.0,69.32,5746935.0,3983767.0,34461
2021-02-01,IndiGo,4238466.0,74.369,5431221.0,4039127.0,32690
2021-03-01,IndiGo,4184920.0,66.402,6081170.0,4038028.0,36601
2021-04-01,IndiGo,3083318.0,58.686,5208190.0,3056489.0,31374
2021-05-01,IndiGo,1168738.0,51.189,2281799.0,1168028.0,14121
2021-06-01,IndiGo,1701955.0,62.697,2563714.0,1607361.0,16688
2021-07-01,IndiGo,2932469.0,66.221,4178445.0,2766997.0,26210
2021-08-01,IndiGo,3816286.0,74.015,4796093.0,3549811.0,30288
2021-09-01,IndiGo,3958375.0,73.575,4986115.0,3668544.0,32082
2021-10-01,IndiGo,4807415.0,77.953,5792852.0,4515676.0,36567
2021-11-01,IndiGo,5706021.0,80.479,6657154.0,5357596.0,41846
2021-12-01,IndiGo,6140654.0,80.192,7195573.0,5770309.0,44893
2022-01-01,IndiGo,3556558.0,66.563,5063752.0,3370607.0,32470
2022-02-01,IndiGo,3950597.0,85.196,4345931.0,3702539.0,27191
2022-03-01,IndiGo,5783838.0,80.96,6667040.0,5397618.0,41982
2022-04-01,IndiGo,5957411.0,79.692,7108985.0,5665270.0,43927
2022-05-01,IndiGo,6376429.0,81.802,7427863.0,6076111.0,45450
2022-06-01,IndiGo,5982787.0,78.58,7234539.0,5684887.0,44205
2022-07-01,IndiGo,5711288.0,77.676,6955302.0,5402584.0,43029
2022-08-01,IndiGo,5832025.0,78.272,6926748.0,5421725.0,43171
2022-09-01,IndiGo,5972449.0,81.397,6800011.0,5535026.0,42458
2022-10-01,IndiGo,6471441.0,82.071,7464328.0,6126040.0,45536
2022-11-01,IndiGo,6500903.0,86.852,7039907.0,6114319.0,43379
2022-12-01,IndiGo,6997472.0,87.467,7553711.0,6606991.0,46194
2023-01-01,IndiGo,6847384.0,82.013,7832254.0,6423447.0,47977
2023-02-01,IndiGo,6741948.0,86.522,7336614.0,6347814.0,44905
2023-03-01,IndiGo,7317288.0,84.023,8215681.0,6903032.0,50389
2023-04-01,IndiGo,7406440.0,87.412,8005648.0,6997867.0,48752
2023-05-01,IndiGo,8109626.0,91.489,8375201.0,7662400.0,50956
2023-06-01,IndiGo,7893296.0,90.883,8254272.0,7501735.0,49989
2023-07-01,IndiGo,7674890.0,83.65,8577184.0,7174855.0,52127
2023-08-01,IndiGo,7867259.0,83.593,8768287.0,7329671.0,53021
2023-09-01,IndiGo,7769790.0,84.699,8587877.0,7273812.0,51992
2023-10-01,IndiGo,7907253.0,83.295,9033506.0,7524483.0,54616
2023-11-01,IndiGo,7876294.0,85.634,8686021.0,7438226.0,52764
2023-12-01,IndiGo,8526055.0,90.665,8913277.0,8081248.0,53881
2024-01-01,IndiGo,7908647.0,88.35,8333257.0,7362463.0,50923
2024-02-01,IndiGo,7602018.0,88.064,8111327.0,7143171.0,50244
2024-03-01,IndiGo,8085844.0,84.934,8965879.0,7615079.0,55119
2024-04-01,IndiGo,7999788.0,86.573,8711380.0,7541735.0,53477
2024-05-01,IndiGo,8504042.0,88.435,8986414.0,7947119.0,55381
2024-06-01,IndiGo,8029628.0,86.987,8635615.0,7511825.0,53313
2024-07-01,IndiGo,8046505.0,84.612,8898194.0,7528951.0,54709
2024-08-01,IndiGo,8190413.0,82.329,9231126.0,7599936.0,56433
2024-09-01,IndiGo,8211792.0,82.6,9230396.0,7624336.0,56012
2024-10-01,IndiGo,8640128.0,82.257,9882735.0,8129253.0,59156
2024-11-01,IndiGo,9069728.0,90.333,9512296.0,8592770.0,56776
2024-12-01,IndiGo,9615322.0,90.649,10053140.0,9113052.0,59546
2025-01-01,IndiGo,9614311.0,89.78,10164452.0,9125277.0,60152
2025-02-01,IndiGo,9015997.0,91.67,9315125.0,8538835.0,55405
2025-03-01,IndiGo,9309423.0,84.61,10399246.0,8798393.0,61957
2025-04-01,IndiGo,9171560.0,86.93,9942178.0,8642291.0,59213
2025-05-01,IndiGo,9079585.0,85.07,10016892.0,8521422.0,59442
2025-06-01,IndiGo,8773638.0,85.45,9665660.0,8259122.0,57412
2025-07-01,IndiGo,8215364.0,84.11,9054911.0,7615736.0,53936
2025-08-01,IndiGo,8314039.0,84.6,9112809.0,7709340.0,53778
2025-09-01,IndiGo,8127404.0,81.51,9297544.0,7578261.0,54587
2025-10-01,IndiGo,9195792.0,82.39,10562484.0,8702094.0,61364
2025-11-01,IndiGo,9692717.0,88.71,10391122.0,9218088.0,59566
2025-12-01,IndiGo,8522591.0,88.14,9311861.0,8207875.0,53238
2026-01-01,IndiGo,9704113.0,87.67,10501553.0,9207043.0,58905
2026-02-01,IndiGo,8870677.0,89.61,9444818.0,8463891.0,53451
2026-03-01,IndiGo,9118668.0,83.47,10483236.0,8750157.0,59494
2026-04-01,IndiGo,8978789.0,82.71,10439820.0,8635297.0,59264
2026-05-01,IndiGo,9991048.0,86.42,11112753.0,9603478.0,62993
2026-06-01,IndiGo,8920012.0,85.14,9984689.0,8501118.0,56588
2026-07-01,IndiGo,8081825.0,82.44,9218918.0,7600417.0,52259
2022-10-01,India One Air,17.0,94.444,6.768,6.392,2
2022-11-01,India One Air,644.0,91.669,190.44,174.575,80
2022-12-01,India One Air,472.0,91.773,142.83,131.08,60
2023-01-01,India One Air,989.0,91.381,295.074,269.641,124
2023-02-01,India One Air,1632.0,83.406,538.011,448.735,221
2023-03-01,India One Air,1780.0,80.674,664.533,536.104,254
2023-04-01,India One Air,1938.0,84.2,654.462,551.054,260
2023-05-01,India One Air,1434.0,84.204,471.429,396.961,192
2023-06-01,India One Air,1376.0,78.029,488.367,381.066,203
2023-07-01,India One Air,783.0,73.47,289.053,212.368,121
2023-08-01,India One Air,1174.0,75.41,428.958,323.476,179
2023-09-01,India One Air,1511.0,81.009,531.468,430.538,213
2023-10-01,India One Air,1813.0,79.069,677.718,535.865,260
2023-11-01,India One Air,2523.0,85.063,900.234,765.768,336
2023-12-01,India One Air,2588.0,89.024,886.905,789.555,330
2024-01-01,India One Air,2411.0,85.502,859.167,734.601,322
2024-02-01,India One Air,2269.0,85.956,813.97,699.66,304
2024-03-01,India One Air,2620.0,86.029,944.442,812.498,352
2024-04-01,India One Air,2043.0,83.021,766.58,636.42,284
2024-05-01,India One Air,2210.0,80.526,860.964,693.301,321
2024-06-01,India One Air,1852.0,80.14,746.901,598.567,272
2024-07-01,India One Air,1669.0,72.701,739.8,537.841,264
2024-08-01,India One Air,2143.0,72.111,933.543,673.19,348
2024-09-01,India One Air,2263.0,74.332,968.148,719.646,358
2024-10-01,India One Air,2124.0,76.255,896.796,683.854,326
2024-11-01,India One Air,2607.0,83.029,983.736,816.785,367
2024-12-01,India One Air,3131.0,87.074,1145.007,996.998,412
2025-01-01,India One Air,2860.0,81.11,1135.089,920.63,416
2025-02-01,India One Air,2721.0,82.86,1041.615,863.061,382
2025-03-01,India One Air,2992.0,82.0,1166.625,956.669,428
2025-04-01,India One Air,2886.0,81.17,1120.41,909.448,414
2025-05-01,India One Air,2947.0,81.05,1179.126,955.723,423
2025-06-01,India One Air,2819.0,74.67,1215.594,907.665,446
2025-07-01,India One Air,2321.0,60.41,1240.794,749.586,457
2025-08-01,India One Air,2519.0,69.55,1182.879,822.74,426
2025-09-01,India One Air,2753.0,72.82,1208.124,879.71,442
2025-10-01,India One Air,2702.0,82.32,1085.094,893.294,376
2025-11-01,India One Air,3070.0,83.12,1167.282,970.222,424
2025-12-01,India One Air,3308.0,84.01,1204.875,1012.272,457
2026-01-01,India One Air,1573.0,69.45,751.185,521.73,263
2026-02-01,India One Air,1591.0,53.04,957.033,507.656,354
2026-03-01,India One Air,1750.0,51.11,1091.826,557.99,403
2026-04-01,India One Air,1687.0,51.99,1037.142,539.168,383
2026-05-01,India One Air,1835.0,53.52,1093.752,585.408,406
2026-06-01,India One Air,1802.0,59.42,947.808,563.184,351
2026-07-01,India One Air,1386.0,44.02,1010.628,444.864,367
2015-01-01,Jet Airways,1221962.0,86.96,1178518.0,1024836.0,11179
2015-02-01,Jet Airways,1186492.0,89.509,1111317.0,994733.0,10598
2015-03-01,Jet Airways,1296682.0,86.576,1258799.0,1089823.0,11926
2015-04-01,Jet Airways,1283278.0,81.962,1329659.0,1089818.0,12286
2015-05-01,Jet Airways,1296787.0,81.169,1381548.0,1121388.0,12800
2015-06-01,Jet Airways,1206583.0,77.684,1344503.0,1044457.0,12410
2015-07-01,Jet Airways,1329409.0,81.018,1393270.0,1128803.0,12878
2015-08-01,Jet Airways,1333154.0,80.797,1402507.0,1133189.0,12938
2015-09-01,Jet Airways,1272577.0,77.879,1377776.0,1072992.0,12646
2015-10-01,Jet Airways,1316959.0,77.072,1470695.0,1133496.0,13264
2015-11-01,Jet Airways,1355202.0,80.595,1473476.0,1187543.0,12995
2015-12-01,Jet Airways,1393452.0,83.707,1464766.0,1226114.0,12595
2016-01-01,Jet Airways,1426254.0,82.496,1521970.0,1255562.0,13044
2016-02-01,Jet Airways,1366421.0,83.04,1430031.0,1187499.0,12438
2016-03-01,Jet Airways,1381232.0,79.151,1516542.0,1200354.0,13293
2016-04-01,Jet Airways,1255053.0,78.476,1412683.0,1108620.0,12302
2016-05-01,Jet Airways,1387661.0,82.615,1489645.0,1230675.0,12812
2016-06-01,Jet Airways,1290114.0,79.079,1422843.0,1125175.0,12342
2016-07-01,Jet Airways,1385366.0,83.827,1421765.0,1191830.0,12659
2016-08-01,Jet Airways,1365257.0,81.714,1425780.0,1165058.0,12697
2016-09-01,Jet Airways,1326741.0,79.928,1409126.0,1126285.0,12545
2016-10-01,Jet Airways,1265690.0,75.502,1448497.0,1093649.0,12773
2016-11-01,Jet Airways,1327494.0,80.353,1460919.0,1173892.0,12318
2016-12-01,Jet Airways,1449939.0,86.049,1516898.0,1305273.0,12662
2017-01-01,Jet Airways,1476032.0,86.825,1538596.0,1335886.0,12661
2017-02-01,Jet Airways,1358382.0,86.888,1416940.0,1231148.0,11475
2017-03-01,Jet Airways,1388369.0,79.791,1573746.0,1255713.0,12772
2017-04-01,Jet Airways,1380986.0,82.784,1537893.0,1273122.0,12283
2017-05-01,Jet Airways,1541722.0,85.272,1689344.0,1440543.0,13359
2017-06-01,Jet Airways,1449797.0,80.986,1650918.0,1337018.0,13102
2017-07-01,Jet Airways,1503844.0,80.195,1692776.0,1357514.0,13595
2017-08-01,Jet Airways,1522338.0,80.726,1685080.0,1360306.0,13602
2017-09-01,Jet Airways,1459934.0,80.16,1663661.0,1333583.0,13307
2017-10-01,Jet Airways,1571142.0,80.529,1779972.0,1433400.0,14047
2017-11-01,Jet Airways,1578170.0,87.324,1673486.0,1461348.0,13122
2017-12-01,Jet Airways,1617784.0,88.514,1718840.0,1521413.0,13375
2018-01-01,Jet Airways,1629327.0,88.761,1709402.0,1517279.0,13163
2018-02-01,Jet Airways,1562820.0,90.456,1611621.0,1457811.0,12456
2018-03-01,Jet Airways,1732912.0,86.206,1847404.9,1592578.9,14330
2018-04-01,Jet Airways,1683573.0,85.629,1836103.9,1572237.9,14001
2018-05-01,Jet Airways,1618129.0,80.366,1888414.5,1517637.0,14328
2018-06-01,Jet Airways,1502783.0,79.463,1775722.8,1411035.5,13543
2018-07-01,Jet Airways,1565793.0,83.875,1757072.8,1473747.6,12697
2018-08-01,Jet Airways,1552418.0,81.985,1781954.03,1460931.2,13005
2018-09-01,Jet Airways,1604196.0,84.903,1770160.717,1502921.719,12706
2018-10-01,Jet Airways,1562304.0,81.609,1826589.05,1490663.53,13078
2018-11-01,Jet Airways,1477384.0,82.116,1732194.202,1422400.902,12086
2018-12-01,Jet Airways,1537426.0,87.03,1691358.79,1471987.26,11741
2019-01-01,Jet Airways,1481560.0,86.151,1635306.63,1408836.7,11388
2019-02-01,Jet Airways,1129751.0,89.393,1185870.996,1060084.925,8312
2019-03-01,Jet Airways,529832.0,86.672,563220.533,488152.561,4442
2019-04-01,Jet Airways,86256.0,76.318,89093.702,67994.306,1086
2019-05-01,Jet Airways,0.0,0.0,0.0,0.0,0
2019-06-01,Jet Airways,0.0,0.0,0.0,0.0,0
2015-01-01,JetLite,277588.0,87.367,248087.0,216745.0,2152
2015-02-01,JetLite,272590.0,89.673,233236.0,209149.0,2057
2015-03-01,JetLite,294766.0,87.763,257941.0,226377.0,2279
2015-04-01,JetLite,229057.0,81.883,248763.0,203694.0,1972
2015-05-01,JetLite,225116.0,79.392,260312.0,206667.0,2012
2015-06-01,JetLite,186556.0,78.099,220999.0,172598.0,1724
2015-07-01,JetLite,201874.0,80.06,234814.0,187992.0,1800
2015-08-01,JetLite,204803.0,78.744,240826.0,189635.0,1830
2015-09-01,JetLite,184198.0,74.936,218611.0,163819.0,1700
2015-10-01,JetLite,171551.0,75.86,194044.0,147201.0,1641
2015-11-01,JetLite,200683.0,79.159,212104.0,167900.0,1789
2015-12-01,JetLite,217169.0,83.0,211730.0,175735.0,1807
2016-01-01,JetLite,206231.0,82.467,199737.0,164717.0,1751
2016-02-01,JetLite,206391.0,80.895,206978.0,167434.0,1746
2016-03-01,JetLite,206092.0,76.988,231160.0,177966.0,1885
2016-04-01,JetLite,240818.0,78.3,269854.0,211297.0,2124
2016-05-01,JetLite,254309.0,80.856,278905.0,225511.0,2172
2016-06-01,JetLite,226769.0,75.166,264951.0,199153.0,2086
2016-07-01,JetLite,238924.0,80.88,267380.0,216257.0,2033
2016-08-01,JetLite,234241.0,78.934,266668.0,210492.0,2021
2016-09-01,JetLite,198098.0,77.468,240727.0,186487.0,1734
2016-10-01,JetLite,209117.0,71.101,264348.0,187954.0,1989
2016-11-01,JetLite,217905.0,74.649,242541.0,181055.0,1942
2016-12-01,JetLite,246132.0,85.659,242225.0,207488.0,1970
2017-01-01,JetLite,239705.0,85.448,236542.0,202121.0,1907
2017-02-01,JetLite,214665.0,84.892,210369.0,178586.0,1706
2017-03-01,JetLite,230359.0,79.161,240267.0,190197.0,1975
2017-04-01,JetLite,222476.0,83.313,216901.0,180706.0,1811
2017-05-01,JetLite,246048.0,84.294,242176.0,204140.0,2018
2017-06-01,JetLite,217672.0,82.836,220740.0,182852.0,1800
2017-07-01,JetLite,224811.0,80.693,234208.0,188990.0,1926
2017-08-01,JetLite,236394.0,82.768,236937.0,196109.0,1949
2017-09-01,JetLite,221236.0,83.331,222675.0,185557.0,1835
2017-10-01,JetLite,213497.0,82.133,236818.0,194506.0,1794
2017-11-01,JetLite,240703.0,89.55,218344.0,195528.0,1845
2017-12-01,JetLite,255811.0,89.068,225568.0,200908.0,1955
2018-01-01,JetLite,262951.0,89.655,227931.0,204351.0,1981
2018-02-01,JetLite,231564.0,90.332,198965.0,179729.0,1721
2018-03-01,JetLite,184334.0,87.138,168376.7,146720.5,1455
2018-04-01,JetLite,173248.0,84.373,167677.0,141474.0,1321
2018-05-01,JetLite,182103.0,80.211,188410.0,151125.6,1459
2018-06-01,JetLite,194304.0,79.647,200008.0,159300.0,1558
2018-07-01,JetLite,171138.0,80.452,165008.3,132752.2,1342
2018-08-01,JetLite,163476.0,79.22,164950.28,130673.13,1295
2018-09-01,JetLite,182290.0,82.992,172375.84,143058.194,1397
2018-10-01,JetLite,188698.0,80.198,186770.0,149785.45,1506
2018-11-01,JetLite,174535.0,80.876,171165.42,138431.774,1341
2018-12-01,JetLite,214385.0,85.688,194214.448,166417.618,1579
2019-01-01,JetLite,215128.0,84.152,198376.27,166936.92,1599
2019-02-01,JetLite,158576.0,87.917,126601.48,111303.688,1156
2019-03-01,JetLite,134037.0,87.517,115557.702,101133.182,967
2019-04-01,JetLite,17053.0,79.091,18508.9,14638.85,127
2019-05-01,JetLite,0.0,0.0,0.0,0.0,0
2019-06-01,JetLite,0.0,0.0,0.0,0.0,0
2019-05-01,Pawan Hans,237.0,21.93,69.014,15.135,82
2019-06-01,Pawan Hans,282.0,27.014,83.402,22.53,84
2019-07-01,Pawan Hans,98.0,19.232,35.618,6.85,40
2019-08-01,Pawan Hans,156.0,14.426,72.094,10.4,76
2019-09-01,Pawan Hans,175.0,17.874,64.34,11.5,70
2019-10-01,Pawan Hans,322.0,22.973,103.6,23.8,102
2019-11-01,Pawan Hans,329.0,25.049,97.81,24.5,98
2019-12-01,Pawan Hans,290.0,27.882,74.6,20.8,78
2020-01-01,Pawan Hans,278.0,26.765,71.5,19.137,74
2020-02-01,Pawan Hans,324.0,25.89,92.7,24.0,94
2020-03-01,Pawan Hans,183.0,23.32,58.32,13.6,60
2020-06-01,Pawan Hans,11.0,4.226,26.268,1.11,28
2020-07-01,Pawan Hans,18.0,4.827,31.24,1.508,34
2020-08-01,Pawan Hans,11.0,3.683,29.92,1.102,36
2020-09-01,Pawan Hans,45.0,9.92,37.994,3.769,44
2020-10-01,Pawan Hans,172.0,21.912,66.99,14.679,70
2020-11-01,Pawan Hans,163.0,19.796,65.67,13.0,70
2020-12-01,Pawan Hans,218.0,23.258,79.662,18.528,80
2021-01-01,Pawan Hans,182.0,28.281,52.668,14.895,54
2021-02-01,Pawan Hans,260.0,27.628,82.126,22.69,84
2021-03-01,Pawan Hans,251.0,26.56,80.344,21.339,80
2021-04-01,Pawan Hans,116.0,17.385,58.27,10.13,60
2021-06-01,Pawan Hans,121.0,18.385,58.2,10.7,60
2021-07-01,Pawan Hans,171.0,21.955,62.4,13.7,68
2021-08-01,Pawan Hans,102.0,2.15,36.7,0.789,42
2021-09-01,Pawan Hans,198.0,23.486,76.472,17.96,78
2021-10-01,Pawan Hans,320.0,29.093,95.9,27.9,98
2021-11-01,Pawan Hans,428.0,35.435,95.3,33.77,98
2021-12-01,Pawan Hans,74.0,22.941,28.9,6.63,28
2016-05-01,QuikJet Cargo,0.0,0.0,0.0,0.0,50
2016-06-01,QuikJet Cargo,0.0,0.0,0.0,0.0,57
2016-07-01,QuikJet Cargo,0.0,0.0,0.0,0.0,0
2016-08-01,QuikJet Cargo,0.0,0.0,0.0,0.0,0
2016-09-01,QuikJet Cargo,0.0,0.0,0.0,0.0,0
2016-10-01,QuikJet Cargo,0.0,0.0,0.0,0.0,26
2016-11-01,QuikJet Cargo,0.0,0.0,0.0,0.0,8
2016-12-01,QuikJet Cargo,0.0,0.0,0.0,0.0,0
2017-01-01,QuikJet Cargo,0.0,0.0,0.0,0.0,0
2017-02-01,QuikJet Cargo,0.0,0.0,0.0,0.0,0
2017-03-01,QuikJet Cargo,0.0,0.0,0.0,0.0,0
2017-04-01,QuikJet Cargo,0.0,0.0,0.0,0.0,0
2017-05-01,QuikJet Cargo,0.0,0.0,0.0,0.0,0
2017-06-01,QuikJet Cargo,0.0,0.0,0.0,0.0,0
2017-07-01,QuikJet Cargo,0.0,0.0,0.0,0.0,0
2017-08-01,QuikJet Cargo,0.0,0.0,0.0,0.0,0
2017-09-01,QuikJet Cargo,0.0,0.0,0.0,0.0,0
2017-10-01,QuikJet Cargo,0.0,0.0,0.0,0.0,0
2017-11-01,QuikJet Cargo,0.0,0.0,0.0,0.0,0
2017-12-01,QuikJet Cargo,0.0,0.0,0.0,0.0,0
2023-01-01,QuikJet Cargo,,,,,79
2023-02-01,QuikJet Cargo,,,,,132
2023-03-01,QuikJet Cargo,,,,,146
2023-04-01,QuikJet Cargo,,,,,150
2023-05-01,QuikJet Cargo,,,,,153
2023-06-01,QuikJet Cargo,,,,,150
2023-07-01,QuikJet Cargo,,,,,134
2023-08-01,QuikJet Cargo,,,,,148
2023-09-01,QuikJet Cargo,,,,,127
2023-10-01,QuikJet Cargo,,,,,149
2023-11-01,QuikJet Cargo,,,,,135
2023-12-01,QuikJet Cargo,,,,,140
2024-01-01,QuikJet Cargo,,,,,111
2024-02-01,QuikJet Cargo,,,,,144
2024-03-01,QuikJet Cargo,,,,,143
2024-04-01,QuikJet Cargo,,,,,128
2024-05-01,QuikJet Cargo,0.0,,0.0,0.0,124
2024-06-01,QuikJet Cargo,,,,,94
2024-07-01,QuikJet Cargo,,,,,134
2024-08-01,QuikJet Cargo,,,,,131
2024-09-01,QuikJet Cargo,,,,,129
2024-10-01,QuikJet Cargo,,,,,132
2024-11-01,QuikJet Cargo,,,,,131
2024-12-01,QuikJet Cargo,,,,,154
2025-01-01,QuikJet Cargo,0.0,0.0,0.0,0.0,137
2025-02-01,QuikJet Cargo,0.0,0.0,0.0,0.0,131
2025-03-01,QuikJet Cargo,0.0,0.0,0.0,0.0,129
2025-04-01,QuikJet Cargo,0.0,0.0,0.0,0.0,138
2025-05-01,QuikJet Cargo,0.0,0.0,0.0,0.0,134
2025-06-01,QuikJet Cargo,0.0,0.0,0.0,0.0,146
2025-07-01,QuikJet Cargo,0.0,0.0,0.0,0.0,139
2025-08-01,QuikJet Cargo,0.0,0.0,0.0,0.0,113
2025-09-01,QuikJet Cargo,0.0,0.0,0.0,0.0,98
2025-10-01,QuikJet Cargo,0.0,0.0,0.0,0.0,95
2025-11-01,QuikJet Cargo,0.0,0.0,0.0,0.0,118
2025-12-01,QuikJet Cargo,0.0,0.0,0.0,0.0,147
2026-01-01,QuikJet Cargo,0.0,,0.0,0.0,37
2026-02-01,QuikJet Cargo,0.0,,0.0,0.0,24
2026-03-01,QuikJet Cargo,0.0,,0.0,0.0,21
2026-04-01,QuikJet Cargo,0.0,,0.0,0.0,73
2026-05-01,QuikJet Cargo,0.0,,0.0,0.0,85
2026-06-01,QuikJet Cargo,0.0,,0.0,0.0,83
2026-07-01,QuikJet Cargo,0.0,,0.0,0.0,63
2015-01-01,SpiceJet,587198.0,80.033,666828.835,533684.627,5667
2015-02-01,SpiceJet,552726.0,85.573,572857.667,490208.771,4860
2015-03-01,SpiceJet,608801.0,83.376,647017.82,539460.694,5551
2015-04-01,SpiceJet,706732.0,88.725,697210.343,618597.851,6013
2015-05-01,SpiceJet,837236.0,93.093,791722.744,737036.775,6836
2015-06-01,SpiceJet,800048.0,93.24,734017.834,684397.023,6575
2015-07-01,SpiceJet,831436.0,93.352,757454.0,707098.0,6940
2015-08-01,SpiceJet,829670.0,92.123,770232.189,709557.871,6960
2015-09-01,SpiceJet,818950.0,93.015,754893.92,702162.801,6767
2015-10-01,SpiceJet,899332.0,92.083,848826.0,781628.0,7414
2015-11-01,SpiceJet,977293.0,90.724,961284.117,872118.867,7885
2015-12-01,SpiceJet,976517.0,92.13,943917.927,869627.138,7653
2016-01-01,SpiceJet,1010933.0,92.114,973779.302,896984.433,8014
2016-02-01,SpiceJet,976302.0,92.31,932043.749,860370.314,7642
2016-03-01,SpiceJet,1006417.0,91.114,973971.311,887421.715,8008
2016-04-01,SpiceJet,1021299.0,93.199,953736.587,888876.861,8002
2016-05-01,SpiceJet,1096114.0,93.521,1009125.407,943748.375,8659
2016-06-01,SpiceJet,1010110.0,93.039,943570.242,877889.454,8072
2016-07-01,SpiceJet,993785.0,92.027,936395.77,861733.018,8148
2016-08-01,SpiceJet,1053603.0,93.234,978308.404,912117.463,8283
2016-09-01,SpiceJet,1029704.0,93.476,963818.884,900939.075,8048
2016-10-01,SpiceJet,1118352.0,91.871,1044362.0,959465.0,8768
2016-11-01,SpiceJet,1148498.0,92.533,1086701.0,1005560.0,8917
2016-12-01,SpiceJet,1210229.0,93.728,1167556.0,1094325.0,9284
2017-01-01,SpiceJet,1229436.0,93.605,1215369.0,1137644.0,9490
2017-02-01,SpiceJet,1131788.0,93.647,1110563.0,1040012.0,8677
2017-03-01,SpiceJet,1193225.0,91.412,1165666.0,1065559.0,9421
2017-04-01,SpiceJet,1176610.0,93.374,1143156.0,1067416.0,9058
2017-05-01,SpiceJet,1278606.0,94.284,1219319.0,1149628.0,9748
2017-06-01,SpiceJet,1273391.0,94.543,1215229.0,1148919.0,9761
2017-07-01,SpiceJet,1358206.0,94.415,1261680.0,1191217.0,10463
2017-08-01,SpiceJet,1359166.0,94.454,1279120.0,1208184.0,10494
2017-09-01,SpiceJet,1319755.0,94.159,1242705.0,1170124.0,10238
2017-10-01,SpiceJet,1364334.0,93.673,1293403.0,1211569.0,10627
2017-11-01,SpiceJet,1320213.0,95.487,1230773.0,1175231.0,10152
2017-12-01,SpiceJet,1427146.0,95.599,1350575.0,1291141.0,10947
2018-01-01,SpiceJet,1447537.0,95.047,1381733.0,1313294.0,11145
2018-02-01,SpiceJet,1331645.0,96.277,1244492.0,1198160.0,10230
2018-03-01,SpiceJet,1474206.0,95.023,1392143.6,1322851.5,11517
2018-04-01,SpiceJet,1426801.0,95.512,1344688.4,1284336.8,11026
2018-05-01,SpiceJet,1459005.0,94.798,1391957.8,1319542.9,11488
2018-06-01,SpiceJet,1370265.0,93.307,1314144.519,1226187.116,11015
2018-07-01,SpiceJet,1427257.0,93.76,1331839.0,1248730.6,11401
2018-08-01,SpiceJet,1404424.0,93.588,1313965.21,1229718.59,11328
2018-09-01,SpiceJet,1362564.0,93.171,1303992.6,1214945.834,10975
2018-10-01,SpiceJet,1382010.0,90.799,1365551.69,1239910.21,11518
2018-11-01,SpiceJet,1454822.0,91.053,1461379.556,1330630.801,11794
2018-12-01,SpiceJet,1563700.0,92.73,1562334.127,1448751.49,12473
2019-01-01,SpiceJet,1665660.0,90.855,1726201.8,1568335.01,13271
2019-02-01,SpiceJet,1557868.0,94.041,1557610.245,1464787.81,12059
2019-03-01,SpiceJet,1581456.0,93.035,1567500.81,1458326.357,12968
2019-04-01,SpiceJet,1440598.0,93.738,1405657.313,1317633.332,11983
2019-05-01,SpiceJet,1802705.0,93.865,1841023.941,1728070.602,14773
2019-06-01,SpiceJet,1875606.0,93.697,1940661.0,1818349.0,15208
2019-07-01,SpiceJet,1847629.0,92.405,1935818.512,1788800.51,15005
2019-08-01,SpiceJet,1833644.0,92.437,1928853.803,1782977.086,14603
2019-09-01,SpiceJet,1700367.0,93.03,1777592.836,1653697.899,13543
2019-10-01,SpiceJet,2004583.0,90.026,2205339.316,1985372.914,16098
2019-11-01,SpiceJet,2080133.0,92.782,2283171.178,2118378.237,16148
2019-12-01,SpiceJet,2144156.0,92.747,2374186.173,2201985.855,16639
2020-01-01,SpiceJet,2124455.0,91.494,2372618.952,2170814.842,16693
2020-02-01,SpiceJet,1890633.0,93.025,2026187.229,1884852.114,14907
2020-03-01,SpiceJet,1245208.0,83.678,1489232.758,1246162.788,10999
2020-05-01,SpiceJet,48156.0,57.171,85004.787,48598.377,618
2020-06-01,SpiceJet,334104.0,68.016,532545.0,362216.0,3457
2020-07-01,SpiceJet,331197.0,70.04,489130.542,342586.692,3548
2020-08-01,SpiceJet,390885.0,76.05,535160.924,406988.875,3937
2020-09-01,SpiceJet,529758.0,73.0,767945.381,560602.198,5410
2020-10-01,SpiceJet,704498.0,73.999,989616.415,732301.642,6837
2020-11-01,SpiceJet,839523.0,77.748,1121006.64,871555.893,7813
2020-12-01,SpiceJet,951550.0,78.005,1281416.105,999565.456,8719
2021-01-01,SpiceJet,991883.0,76.551,1361661.376,1042368.244,9166
2021-02-01,SpiceJet,962081.0,78.887,1256510.062,991225.375,8752
2021-03-01,SpiceJet,1002950.0,76.539,1357405.945,1038941.395,9520
2021-04-01,SpiceJet,705499.0,70.779,1064553.434,753476.549,7043
2021-05-01,SpiceJet,198792.0,64.043,352359.96,225662.506,2111
2021-06-01,SpiceJet,280798.0,70.984,420046.464,298165.838,2913
2021-07-01,SpiceJet,456239.0,74.567,616596.399,459778.851,4737
2021-08-01,SpiceJet,583539.0,79.593,707219.275,562899.434,5835
2021-09-01,SpiceJet,601529.0,78.841,729888.494,575449.953,6292
2021-10-01,SpiceJet,810239.0,82.179,984251.68,808847.995,7837
2021-11-01,SpiceJet,1078210.0,86.679,1247828.353,1081602.223,9010
2021-12-01,SpiceJet,1150688.0,85.959,1337371.283,1149594.855,9609
2022-01-01,SpiceJet,679827.0,73.403,928732.367,681716.7,7007
2022-02-01,SpiceJet,820397.0,89.061,887039.085,790004.289,6903
2022-03-01,SpiceJet,1020817.0,86.869,1166633.683,1013447.149,8722
2022-04-01,SpiceJet,1000901.0,85.872,1178059.255,1011623.065,8709
2022-05-01,SpiceJet,1152182.0,89.091,1326543.901,1181830.842,9675
2022-06-01,SpiceJet,1001649.0,84.05,1205972.812,1013624.994,8922
2022-07-01,SpiceJet,775824.0,84.694,937033.891,793607.194,6605
2022-08-01,SpiceJet,798347.0,84.585,956491.497,809044.068,6850
2022-09-01,SpiceJet,753485.0,85.765,894269.312,766968.579,6233
2022-10-01,SpiceJet,828531.0,88.101,990306.115,872471.671,6549
2022-11-01,SpiceJet,875668.0,91.958,998105.461,917841.409,6337
2022-12-01,SpiceJet,963522.0,92.714,1078550.355,999968.668,6838
2023-01-01,SpiceJet,913814.0,90.993,1042236.609,948361.9,6542
2023-02-01,SpiceJet,858261.0,94.138,960708.483,904387.8,5744
2023-03-01,SpiceJet,827166.0,92.341,950600.272,877792.727,5801
2023-04-01,SpiceJet,741386.0,92.232,847636.139,781789.593,5118
2023-05-01,SpiceJet,719797.0,94.778,785375.951,744361.645,4971
2023-06-01,SpiceJet,555248.0,93.588,583707.388,546278.52,4087
2023-07-01,SpiceJet,504227.0,88.856,565941.674,502870.518,3980
2023-08-01,SpiceJet,541051.0,90.864,586678.785,533081.279,3999
2023-09-01,SpiceJet,544605.0,91.371,588645.228,537851.403,4036
2023-10-01,SpiceJet,627964.0,90.121,706941.238,637102.645,4603
2023-11-01,SpiceJet,784533.0,90.786,880515.332,799382.428,5439
2023-12-01,SpiceJet,771972.0,93.484,846670.164,791503.174,5234
2024-01-01,SpiceJet,740084.0,93.659,772698.542,723701.856,4997
2024-02-01,SpiceJet,658810.0,94.467,694712.824,656272.964,4480
2024-03-01,SpiceJet,702476.0,92.743,765060.11,709538.813,4802
2024-04-01,SpiceJet,617484.0,90.85,692788.557,629399.1,4397
2024-05-01,SpiceJet,554464.0,94.123,583603.901,549305.419,4004
2024-06-01,SpiceJet,499538.0,91.495,545609.619,499202.836,3637
2024-07-01,SpiceJet,405360.0,90.282,421080.553,380158.361,3115
2024-08-01,SpiceJet,302378.0,81.008,331279.974,268364.222,2729
2024-09-01,SpiceJet,261053.0,80.353,295276.268,237263.798,2281
2024-10-01,SpiceJet,334601.0,81.038,388614.408,314924.853,3079
2024-11-01,SpiceJet,442543.0,87.872,489922.338,430506.165,3579
2024-12-01,SpiceJet,489394.0,87.441,565677.548,494633.485,3752
2025-01-01,SpiceJet,465732.0,87.13,540092.35,470566.164,3607
2025-02-01,SpiceJet,453930.0,91.22,484842.482,442261.689,3407
2025-03-01,SpiceJet,479518.0,84.81,570766.843,484082.688,3804
2025-04-01,SpiceJet,379010.0,85.98,451948.856,388576.028,3026
2025-05-01,SpiceJet,339663.0,84.04,440434.472,370127.753,2861
2025-06-01,SpiceJet,260902.0,85.24,302956.721,258226.397,2370
2025-07-01,SpiceJet,246242.0,84.2,266381.079,224286.004,2298
2025-08-01,SpiceJet,261610.0,87.03,284601.799,247695.219,2330
2025-09-01,SpiceJet,244777.0,84.64,269154.841,227801.523,2267
2025-10-01,SpiceJet,361639.0,82.25,448375.248,368782.045,2991
2025-11-01,SpiceJet,566943.0,87.7,637117.534,558744.142,3956
2025-12-01,SpiceJet,614339.0,87.45,693901.455,606842.549,4092
2026-01-01,SpiceJet,591582.0,85.89,703894.815,604598.193,4028
2026-02-01,SpiceJet,554895.0,88.96,665468.603,592014.487,3691
2026-03-01,SpiceJet,540882.0,82.84,685778.001,568109.606,3828
2026-04-01,SpiceJet,473750.0,80.74,626333.379,505680.233,3422
2026-05-01,SpiceJet,386405.0,87.42,460657.629,402727.361,2660
2026-06-01,SpiceJet,262525.0,87.79,292892.613,257136.765,1837
2026-07-01,SpiceJet,187280.0,84.05,196189.816,164897.791,1417
2019-01-01,Star Air,637.0,54.254,3281.4,1780.278,24
2019-02-01,Star Air,2603.0,52.506,2274.8,1194.397,100
2019-03-01,Star Air,4145.0,54.785,3479.9,1906.451,154
2019-04-01,Star Air,3956.0,53.552,3344.35,1790.961,148
2019-05-01,Star Air,5612.0,62.154,4823.8,2998.187,184
2019-06-01,Star Air,5473.0,55.819,5695.6,3179.253,202
2019-07-01,Star Air,4875.0,50.903,5537.25,2818.623,194
2019-08-01,Star Air,4232.0,53.063,4786.9,2540.052,168
2019-09-01,Star Air,4653.0,51.026,5018.05,2560.528,183
2019-10-01,Star Air,6232.0,59.506,5674.05,3376.393,209
2019-11-01,Star Air,8562.0,75.426,7957.35,6001.917,235
2019-12-01,Star Air,10705.0,82.218,8679.95,7136.5,263
2020-01-01,Star Air,10921.0,79.736,9533.55,7601.703,278
2020-02-01,Star Air,11622.0,80.657,10505.85,8473.734,278
2020-03-01,Star Air,8033.0,68.521,9371.5,6421.409,253
2020-05-01,Star Air,403.0,37.482,683.0,256.0,22
2020-06-01,Star Air,5952.0,56.32,6473.2,3645.7,217
2020-07-01,Star Air,5651.0,54.959,6493.75,3568.897,216
2020-08-01,Star Air,7339.0,65.63,7254.35,4761.059,230
2020-09-01,Star Air,8463.0,73.788,8028.35,5923.93,240
2020-10-01,Star Air,8804.0,73.818,8435.3,6226.743,246
2020-11-01,Star Air,10653.0,75.596,10689.35,8080.772,294
2020-12-01,Star Air,12824.0,76.367,12253.25,9357.493,341
2021-01-01,Star Air,15518.0,73.208,15264.85,11175.086,436
2021-02-01,Star Air,17886.0,80.607,15913.4,12827.262,455
2021-03-01,Star Air,18746.0,74.175,18775.25,13926.577,532
2021-04-01,Star Air,12578.0,61.229,16702.05,10226.53,453
2021-05-01,Star Air,6847.0,44.443,12758.4,5670.236,332
2021-06-01,Star Air,12492.0,69.454,14312.2,9940.339,379
2021-07-01,Star Air,16469.0,74.863,17266.45,12926.141,470
2021-08-01,Star Air,18187.0,75.249,18966.85,14272.447,517
2021-09-01,Star Air,18158.0,73.251,20419.7,14957.533,529
2021-10-01,Star Air,19525.0,79.988,19668.75,15732.7,513
2021-11-01,Star Air,20541.0,81.555,19929.5,16253.448,525
2021-12-01,Star Air,21315.0,82.261,20703.4,17030.776,537
2022-01-01,Star Air,14884.0,68.059,18600.55,12659.423,479
2022-02-01,Star Air,17500.0,77.58,18416.45,14287.429,473
2022-03-01,Star Air,21137.0,80.286,21147.75,16978.773,539
2022-04-01,Star Air,20599.0,81.943,20151.75,16512.86,519
2022-05-01,Star Air,21355.0,83.411,20285.0,16920.0,527
2022-06-01,Star Air,21087.0,81.836,19951.15,16327.238,534
2022-07-01,Star Air,19610.0,77.842,19386.0,15090.376,529
2022-08-01,Star Air,19438.0,79.288,18608.55,14754.313,510
2022-09-01,Star Air,17649.0,79.175,16961.15,13429.018,463
2022-10-01,Star Air,17439.0,79.438,16734.0,13293.098,459
2022-11-01,Star Air,19802.0,81.384,18046.5,14686.961,496
2022-12-01,Star Air,20171.0,82.832,17553.8,14540.154,500
2023-01-01,Star Air,16278.0,79.214,14423.2,11425.175,421
2023-02-01,Star Air,14948.0,78.484,12827.5,10067.511,390
2023-03-01,Star Air,18252.0,74.115,16711.45,12385.662,502
2023-04-01,Star Air,18907.0,75.218,17093.05,12857.126,504
2023-05-01,Star Air,25597.0,81.221,21881.0,17772.0,587
2023-06-01,Star Air,24554.0,72.096,23468.149,16919.648,639
2023-07-01,Star Air,28405.0,70.837,27522.63,19496.293,718
2023-08-01,Star Air,31538.0,76.956,28193.818,21696.698,743
2023-09-01,Star Air,25965.0,73.005,25766.664,18810.917,667
2023-10-01,Star Air,35635.0,75.695,31235.65,23643.842,818
2023-11-01,Star Air,41018.0,78.594,34069.376,26776.415,887
2023-12-01,Star Air,48813.0,83.103,36665.122,30469.666,969
2024-01-01,Star Air,46974.0,76.476,38275.728,29271.58,1009
2024-02-01,Star Air,47163.0,76.736,38664.324,29669.571,988
2024-03-01,Star Air,43270.0,65.577,41939.212,27502.298,1066
2024-04-01,Star Air,52819.0,74.441,46250.89,34429.715,1171
2024-05-01,Star Air,57676.0,75.32,49561.81,37329.769,1252
2024-06-01,Star Air,58670.0,71.49,53089.97,37953.997,1323
2024-07-01,Star Air,52432.0,69.259,46702.033,32345.331,1228
2024-08-01,Star Air,51412.0,73.568,43765.562,32197.531,1119
2024-09-01,Star Air,47677.0,66.276,45709.436,30294.262,1108
2024-10-01,Star Air,56524.0,71.813,49829.732,35784.091,1237
2024-11-01,Star Air,56913.0,73.448,46505.0,34157.0,1159
2024-12-01,Star Air,59861.0,78.33,43249.0,33877.0,1108
2025-01-01,Star Air,62994.0,79.64,46102.956,36718.377,1165
2025-02-01,Star Air,59935.0,83.08,42742.0,35512.0,1071
2025-03-01,Star Air,60714.0,73.76,47535.0,35061.0,1179
2025-04-01,Star Air,61565.0,79.7,45745.112,36459.128,1157
2025-05-01,Star Air,75428.0,75.08,57099.0,42870.0,1377
2025-06-01,Star Air,62766.0,69.82,53085.728,37063.691,1303
2025-07-01,Star Air,63745.0,69.87,53400.5,37312.742,1305
2025-08-01,Star Air,62011.0,72.45,48230.0,34944.0,1248
2025-09-01,Star Air,64920.0,65.24,55855.536,36439.408,1380
2025-10-01,Star Air,76855.0,74.48,60934.608,45384.747,1414
2025-11-01,Star Air,85896.0,72.87,68982.464,50264.272,1658
2025-12-01,Star Air,103743.0,79.91,74494.0,59525.0,1698
2026-01-01,Star Air,97198.0,77.72,72264.064,56163.341,1618
2026-02-01,Star Air,77261.0,79.06,59249.008,46840.264,1250
2026-03-01,Star Air,78549.0,69.67,67759.0,47210.0,1477
2026-04-01,Star Air,77772.0,72.26,63814.864,46113.224,1444
2026-05-01,Star Air,82996.0,76.08,61260.472,46605.468,1432
2026-06-01,Star Air,89006.0,75.0,67497.0,50625.0,1560
2026-07-01,Star Air,83018.0,74.35,65454.0,48665.0,1459
2015-01-01,Total Domestic,6216341.0,83.611,7078492.835,5918413.627,50563
2015-02-01,Total Domestic,5988695.0,86.565,6541703.667,5662817.771,46913
2015-03-01,Total Domestic,6250856.0,78.781,7445983.82,5866034.694,53254
2015-04-01,Total Domestic,6538477.0,83.416,7436234.343,6203034.851,53256
2015-05-01,Total Domestic,7097141.0,86.954,7829387.744,6807929.775,56190
2015-06-01,Total Domestic,6568843.0,82.344,7626840.334,6280207.833,54710
2015-07-01,Total Domestic,6747792.0,80.189,7947282.88,6372872.705,57078
2015-08-01,Total Domestic,6735367.0,78.989,8020098.189,6335025.881,57561
2015-09-01,Total Domestic,6637323.0,79.321,7856778.92,6232045.801,56510
2015-10-01,Total Domestic,7008489.0,80.509,8295454.0,6678597.0,59137
2015-11-01,Total Domestic,7289547.0,83.261,8353212.637,6954948.941,59057
2015-12-01,Total Domestic,7674872.0,86.973,8430149.927,7331974.138,58821
2016-01-01,Total Domestic,7620879.0,84.258,8629425.822,7270990.743,60969
2016-02-01,Total Domestic,7443543.0,84.847,8301185.709,7043336.554,58590
2016-03-01,Total Domestic,7835402.0,82.814,9001984.711,7454918.115,63444
2016-04-01,Total Domestic,7896940.0,84.031,8961422.877,7530391.951,63017
2016-05-01,Total Domestic,8623381.0,86.436,9523014.887,8231315.375,66878
2016-06-01,Total Domestic,7933791.0,81.002,9342122.412,7567262.794,65144
2016-07-01,Total Domestic,8475231.0,84.131,9558741.97,8041828.018,66859
2016-08-01,Total Domestic,8349518.0,82.239,9530347.514,7837666.769,66620
2016-09-01,Total Domestic,8198645.0,82.528,9347550.224,7714374.897,65251
2016-10-01,Total Domestic,8640189.0,81.094,10090029.19,8182443.924,70121
2016-11-01,Total Domestic,8941496.0,84.484,10056849.79,8496468.113,69012
2016-12-01,Total Domestic,9516243.0,88.687,10236945.08,9078808.37,70274
2017-01-01,Total Domestic,9548612.0,88.261,10406549.36,9184893.23,70749
2017-02-01,Total Domestic,8616856.0,87.164,9439258.25,8227608.062,64556
2017-03-01,Total Domestic,9007696.0,81.785,10452015.6,8548137.373,71713
2017-04-01,Total Domestic,9100687.0,85.56,10155279.19,8688833.638,69474
2017-05-01,Total Domestic,10140073.0,88.866,10934374.14,9716981.73,74578
2017-06-01,Total Domestic,9536983.0,85.935,10640306.35,9143756.305,72739
2017-07-01,Total Domestic,9533226.0,83.192,10812394.44,8995059.57,74715
2017-08-01,Total Domestic,9663380.0,83.537,10884014.64,9092204.22,74902
2017-09-01,Total Domestic,9550493.0,84.477,10732175.99,9066246.79,73772
2017-10-01,Total Domestic,10418436.0,84.824,11664218.84,9894070.789,79543
2017-11-01,Total Domestic,10453411.0,89.198,11084914.97,9887558.754,75944
2017-12-01,Total Domestic,11206075.0,89.495,11924628.408,10671932.45,81306
2018-01-01,Total Domestic,11448112.0,89.064,12154547.72,10825347.397,83188
2018-02-01,Total Domestic,10720207.0,90.984,11144356.73,10139537.764,76683
2018-03-01,Total Domestic,11544833.0,87.995,12409988.994,10920177.484,85495
2018-04-01,Total Domestic,11475498.0,89.488,12187071.814,10905934.266,83695
2018-05-01,Total Domestic,11818634.0,87.814,12830892.273,11267295.49,88321
2018-06-01,Total Domestic,11288337.0,85.329,12705768.153,10841706.531,86062
2018-07-01,Total Domestic,11658023.0,86.615,12769860.014,11060615.778,86694
2018-08-01,Total Domestic,11319216.0,83.41,12954826.768,10805587.347,87903
2018-09-01,Total Domestic,11363706.0,83.965,12877618.255,10812669.802,87353
2018-10-01,Total Domestic,11805382.0,83.007,13717681.753,11386615.685,92661
2018-11-01,Total Domestic,11606526.0,84.141,13299462.92,11190323.201,89032
2018-12-01,Total Domestic,12649810.0,87.493,13992280.197,12242201.326,93259
2019-01-01,Total Domestic,12469075.0,85.928,14137706.812,12148303.733,92783
2019-02-01,Total Domestic,11321549.0,89.113,12312813.032,10972362.789,81139
2019-03-01,Total Domestic,11557816.0,86.533,12997825.146,11247421.449,85931
2019-04-01,Total Domestic,10967168.0,87.489,12208063.853,10680724.081,81266
2019-05-01,Total Domestic,12151749.0,89.884,13170834.485,11838529.314,87461
2019-06-01,Total Domestic,11989365.0,89.345,13101177.639,11705283.461,86456
2019-07-01,Total Domestic,11863940.0,86.313,13214569.811,11405957.149,88200
2019-08-01,Total Domestic,11756732.0,85.112,13266357.263,11291303.497,88215
2019-09-01,Total Domestic,11488069.0,85.501,12893995.178,11024517.007,86221
2019-10-01,Total Domestic,12280250.0,83.559,14206944.505,11871150.641,93950
2019-11-01,Total Domestic,12910135.0,89.561,13964081.045,12506421.33,92388
2019-12-01,Total Domestic,12980408.0,87.914,14329674.653,12597794.208,94910
2020-01-01,Total Domestic,12747591.0,85.961,14358228.317,12342405.013,95487
2020-02-01,Total Domestic,12331165.0,87.744,13521335.062,11864098.131,90959
2020-03-01,Total Domestic,7735665.0,73.092,10335611.312,7554543.337,69310
2020-04-01,Total Domestic,,,,,188
2020-05-01,Total Domestic,278417.0,50.799,543695.401,276192.786,3813
2020-06-01,Total Domestic,1979472.0,59.478,3362585.384,1999995.136,22367
2020-07-01,Total Domestic,2102854.0,57.961,3596291.372,2084440.595,24770
2020-08-01,Total Domestic,2826148.0,65.702,4290205.499,2818761.814,28834
2020-09-01,Total Domestic,3939687.0,64.338,6224370.913,4004630.932,39628
2020-10-01,Total Domestic,5268696.0,66.887,7867784.854,5262536.299,49150
2020-11-01,Total Domestic,6342589.0,72.648,8687053.394,6310968.174,54132
2020-12-01,Total Domestic,7306064.0,70.29,10272902.886,7220783.461,64002
2021-01-01,Total Domestic,7704022.0,69.226,10933587.318,7568902.449,67877
2021-02-01,Total Domestic,7795243.0,74.85,10231200.894,7658045.604,64327
2021-03-01,Total Domestic,7787310.0,68.117,11340569.399,7724907.285,71458
2021-04-01,Total Domestic,5647434.0,59.823,9575037.095,5728118.78,59967
2021-05-01,Total Domestic,2037372.0,49.29,4155486.132,2048225.883,27725
2021-06-01,Total Domestic,3028643.0,62.752,4658811.882,2923512.618,31693
2021-07-01,Total Domestic,4897664.0,66.463,7075920.8,4702876.165,47692
2021-08-01,Total Domestic,6544056.0,71.988,8700658.33,6263456.73,58101
2021-09-01,Total Domestic,6891878.0,72.315,9095916.092,6577718.636,61514
2021-10-01,Total Domestic,8784144.0,77.18,11031288.355,8513938.104,72491
2021-11-01,Total Domestic,10471234.0,80.05,12698682.192,10165303.98,81620
2021-12-01,Total Domestic,11156079.0,79.52,13602345.165,10816546.432,87258
2022-01-01,Total Domestic,6410579.0,65.367,9572230.255,6257032.427,63541
2022-02-01,Total Domestic,7695734.0,85.339,8762407.196,7477779.791,57220
2022-03-01,Total Domestic,10619642.0,82.258,12526336.472,10303960.55,80948
2022-04-01,Total Domestic,10549088.0,80.508,12866084.866,10358205.732,82056
2022-05-01,Total Domestic,11470422.0,82.906,13625641.243,11296421.489,86460
2022-06-01,Total Domestic,10514030.0,79.066,13072889.806,10336220.356,83227
2022-07-01,Total Domestic,9704934.0,77.976,12171655.028,9490947.17,77875
2022-08-01,Total Domestic,10115739.0,78.829,12423133.664,9793070.934,79675
2022-09-01,Total Domestic,10346833.0,81.699,12176891.893,9948401.47,78018
2022-10-01,Total Domestic,11400977.0,83.205,13357584.147,11114186.865,84411
2022-11-01,Total Domestic,11678582.0,87.696,12896110.379,11309408.439,81994
2022-12-01,Total Domestic,12735454.0,88.837,13888987.929,12338508.321,88128
2023-01-01,Total Domestic,12551028.0,84.861,14230895.68,12076436.156,90255
2023-02-01,Total Domestic,12068372.0,88.358,13133152.954,11604148.11,83384
2023-03-01,Total Domestic,12893197.0,85.661,14506243.726,12426170.421,92238
2023-04-01,Total Domestic,12888410.0,88.333,14042821.756,12404425.443,88734
2023-05-01,Total Domestic,13214182.0,91.66,13846388.478,12691564.55,88175
2023-06-01,Total Domestic,12486601.0,90.825,13309594.444,12088470.697,84316
2023-07-01,Total Domestic,12100030.0,84.129,13795622.275,11606077.75,87086
2023-08-01,Total Domestic,12422673.0,84.743,14082444.312,11933920.133,88237
2023-09-01,Total Domestic,12246549.0,85.625,13770514.215,11790940.081,86294
2023-10-01,Total Domestic,12636742.0,84.55,14555249.139,12306501.461,90887
2023-11-01,Total Domestic,12735394.0,86.295,14317028.886,12354847.808,89000
2023-12-01,Total Domestic,13797352.0,90.711,14785876.648,13412434.493,91529
2024-01-01,Total Domestic,13131603.0,89.193,14112060.752,12586987.422,88285
2024-02-01,Total Domestic,12647306.0,89.007,13670247.715,12167513.132,86423
2024-03-01,Total Domestic,13367468.0,86.043,15001533.429,12907734.493,94150
2024-04-01,Total Domestic,13200048.0,86.802,14629152.313,12698343.114,91733
2024-05-01,Total Domestic,13795301.0,88.861,14933348.1,13269977.942,93551
2024-06-01,Total Domestic,13205828.0,87.327,14599559.232,12749368.114,91493
2024-07-01,Total Domestic,12986105.0,85.015,14696022.269,12493831.968,92066
2024-08-01,Total Domestic,13130699.0,82.807,15160868.528,12554284.206,94682
2024-09-01,Total Domestic,13027336.0,83.014,15062564.61,12504099.452,92912
2024-10-01,Total Domestic,13657193.0,82.405,16079937.08,13250708.525,98186
2024-11-01,Total Domestic,14250266.0,89.399,15584880.916,13932673.24,94818
2024-12-01,Total Domestic,14926352.0,88.853,16437901.131,14605597.663,99013
2025-01-01,Total Domestic,14702387.0,88.29,16319186.922,14408878.311,98349
2025-02-01,Total Domestic,14118495.0,90.43,15293560.877,13830670.08,92319
2025-03-01,Total Domestic,14541682.0,83.79,17000558.102,14245085.074,102319
2025-04-01,Total Domestic,14314688.0,86.12,16279343.898,14019254.017,98211
2025-05-01,Total Domestic,14054824.0,83.93,16405785.099,13769149.246,98457
2025-06-01,Total Domestic,13604312.0,84.5,15760656.534,13317972.69,95521
2025-07-01,Total Domestic,12605312.0,82.85,14737555.593,12210208.631,89217
2025-08-01,Total Domestic,12948637.0,84.09,15185112.009,12768528.565,89251
2025-09-01,Total Domestic,12643541.0,81.44,15106276.376,12302500.969,90112
2025-10-01,Total Domestic,14028094.0,81.37,16939757.261,13784484.943,99096
2025-11-01,Total Domestic,15236646.0,88.47,16963109.891,15007129.837,99276
2025-12-01,Total Domestic,14306483.0,88.85,15930539.37,14154616.054,93311
2026-01-01,Total Domestic,15247188.0,87.45,17046605.271,14907623.274,98232
2026-02-01,Total Domestic,14064693.0,89.32,15539012.677,13878898.435,89694
2026-03-01,Total Domestic,14369830.0,83.42,17054448.542,14227485.706,98992
2026-04-01,Total Domestic,13814816.0,81.95,16709881.495,13694532.982,97083
2026-05-01,Total Domestic,15389701.0,85.92,17766080.516,15264649.046,102953
2026-06-01,Total Domestic,13458982.0,85.67,15470939.651,13254136.168,89852
2026-07-01,Total Domestic,11999411.0,83.12,14006725.172,11642190.393,82258
2015-07-01,TruJet,8345.0,80.738,4200.0,3391.0,144
2015-08-01,TruJet,17932.0,83.736,9223.0,7723.0,300
2015-09-01,TruJet,19321.0,78.953,7963.0,6287.0,340
2015-10-01,TruJet,22565.0,75.8,12653.0,9591.0,421
2015-11-01,TruJet,25789.0,79.658,13460.0,10722.0,454
2015-12-01,TruJet,27938.0,82.729,15274.0,12636.0,470
2016-01-01,TruJet,29163.0,83.11,15861.0,13182.0,486
2016-02-01,TruJet,25585.0,78.859,14720.0,11608.0,450
2016-03-01,TruJet,27950.0,77.893,16298.0,12695.0,496
2016-04-01,TruJet,32830.0,78.057,18812.0,14684.0,588
2016-05-01,TruJet,40842.0,80.696,22767.0,18372.0,719
2016-06-01,TruJet,34524.0,80.975,19201.0,15548.0,598
2016-07-01,TruJet,29327.0,79.38,16300.0,12939.0,523
2016-08-01,TruJet,30534.0,77.679,16921.0,13144.0,559
2016-09-01,TruJet,32677.0,75.589,19213.0,14523.0,619
2016-10-01,TruJet,39022.0,75.768,22838.0,17304.0,728
2016-11-01,TruJet,40965.0,81.239,22510.0,18287.0,709
2016-12-01,TruJet,31059.0,79.072,18764.0,14837.0,550
2017-01-01,TruJet,33031.0,74.759,19773.0,14782.0,621
2017-02-01,TruJet,38779.0,77.014,22048.0,16980.0,701
2017-03-01,TruJet,41219.0,75.952,23582.0,17911.0,758
2017-04-01,TruJet,47846.0,74.593,27622.0,20604.0,903
2017-05-01,TruJet,51103.0,80.281,27329.0,21940.0,903
2017-06-01,TruJet,41730.0,75.67,23263.0,17603.0,781
2017-07-01,TruJet,44254.0,80.684,23007.0,18563.0,780
2017-08-01,TruJet,46586.0,83.196,23113.0,19229.0,786
2017-09-01,TruJet,40860.0,74.354,22530.0,16752.0,775
2017-10-01,TruJet,37466.0,65.737,22832.0,15009.0,813
2017-11-01,TruJet,28708.0,68.539,16608.0,11383.0,594
2017-12-01,TruJet,29421.0,75.672,14350.0,10859.0,560
2018-01-01,TruJet,32892.0,76.975,15509.0,11938.0,617
2018-02-01,TruJet,30606.0,76.949,14338.0,11033.0,568
2018-03-01,TruJet,42651.0,71.979,20997.9,15114.1,846
2018-04-01,TruJet,52947.0,79.727,23717.4,18909.1,950
2018-05-01,TruJet,56818.0,82.688,24827.8,20529.5,980
2018-06-01,TruJet,52173.0,78.994,23724.1,18740.5,938
2018-07-01,TruJet,51402.0,74.762,24820.5,18556.3,980
2018-08-01,TruJet,50627.0,75.723,23772.3,18001.07,948
2018-09-01,TruJet,50203.0,76.073,23714.406,18040.295,938
2018-10-01,TruJet,56337.0,81.706,24822.468,20281.443,984
2018-11-01,TruJet,52696.0,78.811,24115.256,19005.415,955
2018-12-01,TruJet,57038.0,80.333,25622.42,20583.199,1009
2019-01-01,TruJet,58143.0,78.03,27132.828,21171.632,1064
2019-02-01,TruJet,51164.0,75.903,24335.824,18471.718,966
2019-03-01,TruJet,53946.0,73.238,26175.664,19170.635,1073
2019-04-01,TruJet,57496.0,72.6,28595.87,20760.5,1146
2019-05-01,TruJet,64218.0,76.214,30005.0,22868.0,1216
2019-06-01,TruJet,63765.0,78.007,28996.0,22619.0,1178
2019-07-01,TruJet,67970.0,75.021,33865.0,25406.0,1308
2019-08-01,TruJet,61277.0,77.8,28883.0,22471.0,1141
2019-09-01,TruJet,55773.0,68.497,29423.0,20154.0,1186
2019-10-01,TruJet,63810.0,73.507,31027.0,22807.0,1246
2019-11-01,TruJet,81116.0,77.249,39238.0,30311.0,1493
2019-12-01,TruJet,87087.0,77.732,41131.0,31972.09,1568
2020-01-01,TruJet,86826.0,79.152,40589.408,32127.448,1558
2020-02-01,TruJet,90489.0,83.381,40574.0,33831.0,1554
2020-03-01,TruJet,56626.0,70.85,29691.0,21036.0,1134
2020-05-01,TruJet,1548.0,22.7,2230.45,506.32,92
2020-06-01,TruJet,15125.0,27.506,19403.0,5337.0,781
2020-07-01,TruJet,10093.0,33.489,10526.0,3525.0,420
2020-08-01,TruJet,7394.0,48.535,5262.363,2554.108,214
2020-09-01,TruJet,10075.0,35.641,10586.0,3773.0,414
2020-10-01,TruJet,28865.0,45.171,23989.37,10836.296,902
2020-11-01,TruJet,28044.0,58.825,18264.684,10744.237,682
2020-12-01,TruJet,41649.0,60.861,25985.11,15814.917,994
2021-01-01,TruJet,44886.0,64.955,26054.042,16923.337,1002
2021-02-01,TruJet,47505.0,75.85,23841.445,18083.723,917
2021-03-01,TruJet,42678.0,59.881,26678.817,15975.497,1020
2021-04-01,TruJet,23962.0,40.378,22797.0,9205.0,864
2021-05-01,TruJet,11813.0,25.721,18027.876,4636.983,661
2021-06-01,TruJet,10762.0,49.149,9265.944,4554.156,312
2021-07-01,TruJet,13361.0,44.426,12408.475,5512.646,421
2021-08-01,TruJet,26823.0,51.665,20251.167,10462.787,728
2021-09-01,TruJet,14557.0,52.009,10673.396,5551.13,401
2021-10-01,TruJet,18674.0,61.87,11797.289,7298.928,431
2021-11-01,TruJet,10596.0,72.473,5666.414,4106.641,209
2021-12-01,TruJet,9530.0,66.958,5361.692,3590.105,207
2022-01-01,TruJet,5415.0,42.595,4812.792,2049.989,188
2022-02-01,TruJet,2056.0,50.984,1575.0,803.0,64
2015-01-01,Vistara,14999.0,45.417,30480.0,13843.0,216
2015-02-01,Vistara,33317.0,58.578,55183.0,32325.0,386
2015-03-01,Vistara,52603.0,53.63,108297.0,58080.0,702
2015-04-01,Vistara,79415.0,67.307,123352.0,83024.0,814
2015-05-01,Vistara,93037.0,71.12,135196.0,96151.0,907
2015-06-01,Vistara,84313.0,59.266,145985.0,86520.0,982
2015-07-01,Vistara,94871.0,60.315,158522.0,95612.0,1063
2015-08-01,Vistara,99070.0,62.903,159022.0,100029.0,1079
2015-09-01,Vistara,97578.0,62.385,156247.0,97475.0,1068
2015-10-01,Vistara,122815.0,67.027,186760.0,125179.0,1250
2015-11-01,Vistara,136357.0,72.169,191935.0,138517.0,1268
2015-12-01,Vistara,158348.0,77.59,213191.0,165414.0,1374
2016-01-01,Vistara,150066.0,74.821,212803.0,159221.0,1347
2016-02-01,Vistara,148657.0,73.875,205711.0,151970.0,1341
2016-03-01,Vistara,158084.0,74.709,218315.0,163102.0,1427
2016-04-01,Vistara,182880.0,77.862,241145.0,187761.0,1548
2016-05-01,Vistara,221225.0,80.108,279241.0,223694.0,1797
2016-06-01,Vistara,226938.0,78.979,305671.0,241416.0,1890
2016-07-01,Vistara,225103.0,75.22,330543.0,248636.0,1969
2016-08-01,Vistara,205157.0,69.194,326607.0,225991.0,1892
2016-09-01,Vistara,203216.0,72.714,307339.0,223479.0,1765
2016-10-01,Vistara,232371.0,69.222,375010.0,259588.0,2123
2016-11-01,Vistara,260447.0,74.356,389729.0,289788.0,2181
2016-12-01,Vistara,304154.0,84.275,343860.0,289788.0,2260
2017-01-01,Vistara,303208.0,85.059,404607.0,344156.0,2268
2017-02-01,Vistara,270016.0,85.011,362317.0,308010.0,2024
2017-03-01,Vistara,291871.0,82.202,405087.0,332989.0,2265
2017-04-01,Vistara,296589.0,83.609,413102.0,345390.0,2270
2017-05-01,Vistara,334435.0,86.831,437763.0,380116.0,2446
2017-06-01,Vistara,343729.0,86.381,444963.0,384365.0,2554
2017-07-01,Vistara,348947.0,84.631,460162.0,389439.0,2627
2017-08-01,Vistara,358627.0,83.402,474454.0,395704.0,2737
2017-09-01,Vistara,361728.0,84.064,495643.0,416658.0,2735
2017-10-01,Vistara,369694.0,80.258,524791.0,421189.0,2910
2017-11-01,Vistara,372467.0,86.872,490360.0,425986.0,2719
2017-12-01,Vistara,412711.0,87.651,535316.0,469209.0,2986
2018-01-01,Vistara,409713.0,86.993,532053.0,462847.0,2978
2018-02-01,Vistara,384225.0,91.22,485646.0,443008.0,2680
2018-03-01,Vistara,442122.0,88.215,583478.0,514716.0,3181
2018-04-01,Vistara,462622.0,88.762,606449.0,538297.0,3309
2018-05-01,Vistara,471499.0,85.714,647462.2,554966.8,3491
2018-06-01,Vistara,452177.0,84.831,622800.6,528328.4,3385
2018-07-01,Vistara,451473.0,84.107,620675.2,522033.6,3405
2018-08-01,Vistara,422985.0,81.539,605995.89,494122.67,3321
2018-09-01,Vistara,436063.0,84.872,591914.974,502368.423,3264
2018-10-01,Vistara,434761.0,79.718,637488.416,508194.893,3470
2018-11-01,Vistara,415432.0,78.464,621214.532,487427.348,3342
2018-12-01,Vistara,478133.0,83.077,678617.036,563776.79,3582
2019-01-01,Vistara,470340.0,84.179,665630.56,560324.13,3454
2019-02-01,Vistara,452362.0,89.115,597498.662,532463.735,3137
2019-03-01,Vistara,490428.0,86.792,667765.944,579567.694,3485
2019-04-01,Vistara,516629.0,84.559,685013.24,579240.801,3755
2019-05-01,Vistara,578615.0,85.646,733694.696,628383.752,4143
2019-06-01,Vistara,647799.0,83.292,828585.091,690144.629,4820
2019-07-01,Vistara,714504.0,82.426,904827.02,745810.334,5293
2019-08-01,Vistara,684209.0,81.837,892292.28,730227.95,5135
2019-09-01,Vistara,664391.0,80.325,885379.248,711176.73,5055
2019-10-01,Vistara,668715.0,77.912,922395.884,718659.118,5182
2019-11-01,Vistara,760313.0,84.093,962231.06,809168.923,5496
2019-12-01,Vistara,791892.0,81.108,1039351.432,842999.685,5914
2020-01-01,Vistara,830945.0,83.515,1060196.124,885425.029,6052
2020-02-01,Vistara,833783.0,87.992,1002708.516,882305.913,5766
2020-03-01,Vistara,457191.0,66.425,734927.56,488179.074,4182
2020-05-01,Vistara,18416.0,44.085,42976.544,18946.353,256
2020-06-01,Vistara,111914.0,56.597,230117.0,130240.0,1179
2020-08-01,Vistara,141648.0,68.345,230743.078,157701.778,1282
2020-09-01,Vistara,258441.0,66.669,441959.79,294649.239,2374
2020-10-01,Vistara,339454.0,65.195,574898.178,374807.299,3093
2020-11-01,Vistara,397302.0,70.766,621558.65,439851.271,3324
2020-12-01,Vistara,461382.0,66.779,759198.836,506985.367,4132
2021-01-01,Vistara,514479.0,70.035,804955.657,563747.721,4359
2021-02-01,Vistara,540244.0,73.722,813739.75,599906.941,4344
2021-03-01,Vistara,499846.0,64.534,876286.929,565503.537,4678
2021-04-01,Vistara,310936.0,54.582,652790.98,356306.752,3491
2021-05-01,Vistara,97031.0,40.882,265657.85,108606.828,1464
2021-06-01,Vistara,224532.0,60.002,414602.379,248770.817,2220
2021-07-01,Vistara,406943.0,69.235,660859.881,457545.397,3458
2021-08-01,Vistara,558021.0,71.308,866416.984,617826.255,4656
2021-09-01,Vistara,611819.0,72.364,938752.252,679315.827,5069
2021-10-01,Vistara,696351.0,75.311,1030600.282,776158.8,5576
2021-11-01,Vistara,793152.0,76.999,1133870.254,873064.279,6135
2021-12-01,Vistara,861086.0,78.084,1208669.462,943780.693,6581
2022-01-01,Vistara,478514.0,61.633,858964.366,529409.023,4665
2022-02-01,Vistara,748507.0,87.117,950495.142,828043.82,5115
2022-03-01,Vistara,956179.0,86.082,1241274.456,1068514.155,6641
2022-04-01,Vistara,904428.0,82.906,1230668.368,1020302.203,6492
2022-05-01,Vistara,982676.0,84.802,1303587.3,1105461.794,6917
2022-06-01,Vistara,991500.0,83.823,1313677.044,1101157.503,7191
2022-07-01,Vistara,1013331.0,84.315,1333901.392,1124680.071,7287
2022-08-01,Vistara,981028.0,84.432,1293317.04,1091970.713,6987
2022-09-01,Vistara,996471.0,85.377,1294808.976,1105468.999,6982
2022-10-01,Vistara,1048868.0,85.532,1351229.94,1155735.457,7282
2022-11-01,Vistara,1087214.0,91.706,1293679.48,1186387.404,7056
2022-12-01,Vistara,1170412.0,91.868,1386625.788,1273866.718,7579
2023-01-01,Vistara,1105388.0,89.44,1330001.656,1189556.732,7374
2023-02-01,Vistara,1052571.0,92.816,1215465.154,1128150.07,6752
2023-03-01,Vistara,1149276.0,91.561,1347557.36,1233831.742,7467
2023-04-01,Vistara,1122536.0,92.055,1309449.61,1205413.77,7218
2023-05-01,Vistara,1194522.0,93.232,1376246.621,1283096.456,7564
2023-06-01,Vistara,1011426.0,93.052,1193840.268,1110888.706,6465
2023-07-01,Vistara,1019501.0,86.966,1277100.432,1110647.261,6888
2023-08-01,Vistara,1216689.0,91.278,1444073.452,1318118.448,7813
2023-09-01,Vistara,1229406.0,91.97,1446308.144,1330166.894,7814
2023-10-01,Vistara,1230575.0,89.172,1478793.688,1318667.722,8088
2023-11-01,Vistara,1197231.0,89.36,1438035.308,1285031.061,7903
2023-12-01,Vistara,1317548.0,93.259,1508457.24,1406772.322,8347
2024-01-01,Vistara,1303105.0,94.233,1478119.988,1392873.435,8227
2024-02-01,Vistara,1255231.0,94.596,1409682.192,1333499.635,7909
2024-03-01,Vistara,1283738.0,92.383,1488942.789,1375526.465,8265
2024-04-01,Vistara,1217667.0,90.938,1409129.138,1281430.031,7971
2024-05-01,Vistara,1270944.0,93.381,1461994.78,1365228.882,8092
2024-06-01,Vistara,1276193.0,91.026,1507971.156,1372648.824,8349
2024-07-01,Vistara,1293519.0,89.981,1540458.245,1386126.915,8550
2024-08-01,Vistara,1353907.0,88.717,1611462.916,1429645.382,9068
2024-09-01,Vistara,1308202.0,90.914,1537125.558,1397469.638,8582
2024-10-01,Vistara,1243110.0,86.076,1538192.978,1324020.59,8559
2024-11-01,Vistara,415141.0,88.049,503556.103,443377.094,2786
2017-02-01,Zoom Air,1141.0,58.706,1545.0,907.0,36
2017-03-01,Zoom Air,2452.0,74.568,3991.0,2976.0,100
2017-04-01,Zoom Air,2669.0,79.679,3863.0,3078.0,120
2017-05-01,Zoom Air,2573.0,80.075,3734.0,2990.0,116
2017-06-01,Zoom Air,2399.0,73.647,3780.0,2783.865,116
2017-07-01,Zoom Air,813.0,63.069,1473.0,929.0,45
2017-08-01,Zoom Air,0.0,0.0,0.0,0.0,0
2017-09-01,Zoom Air,1056.0,54.797,1948.0,1067.44,52
2017-10-01,Zoom Air,3098.0,69.461,4270.0,2966.0,114
2017-11-01,Zoom Air,3623.0,78.465,4495.0,3527.0,120
2017-12-01,Zoom Air,3798.0,78.859,4645.0,3663.0,124
2018-01-01,Zoom Air,2772.0,73.406,3779.0,2774.0,101
2018-02-01,Zoom Air,2911.0,77.176,3746.0,2891.0,100
2018-03-01,Zoom Air,1365.0,63.539,2238.0,1422.0,60
2018-04-01,Zoom Air,2254.0,68.624,3270.0,2244.0,88
2018-05-01,Zoom Air,4772.0,69.914,5963.0,4169.0,169
2018-06-01,Zoom Air,4258.0,24.865,15608.0,3881.0,152
2018-07-01,Zoom Air,0.0,0.0,0.0,0.0,0
2018-08-01,Zoom Air,0.0,0.0,0.0,0.0,0
2018-09-01,Zoom Air,0.0,0.0,0.0,0.0,0
2018-10-01,Zoom Air,0.0,0.0,0.0,0.0,0
2018-11-01,Zoom Air,0.0,0.0,0.0,0.0,0
2018-12-01,Zoom Air,0.0,0.0,0.0,0.0,0
