date,city,pax
2015-04-01,AGARTALA,66809.0
2015-04-01,AGATTI ISLAND,1687.0
2015-04-01,AGRA,396.0
2015-04-01,AHMEDABAD,413524.0
2015-04-01,AIZAWL,11600.0
2015-04-01,AMRITSAR,79211.0
2015-04-01,AURANGABAD,22750.0
2015-04-01,BAGDOGRA,98541.0
2015-04-01,BELGAUM,9040.0
2015-04-01,BENGALURU,1206567.0
2015-04-01,BHAVNAGAR,3506.0
2015-04-01,BHOPAL,47356.0
2015-04-01,BHUBANESWAR,134847.0
2015-04-01,BHUJ,12710.0
2015-04-01,CHANDIGARH,123964.0
2015-04-01,CHENNAI,855156.0
2015-04-01,COIMBATORE,132812.0
2015-04-01,DEHRADUN,38569.0
2015-04-01,DELHI,2581504.0
2015-04-01,DHARAMSALA,5443.0
2015-04-01,DIBRUGARH,26593.0
2015-04-01,DIMAPUR,6279.0
2015-04-01,DIU,2033.0
2015-04-01,GAYA,3724.0
2015-04-01,GOA,326773.0
2015-04-01,GUWAHATI,218349.0
2015-04-01,GWALIOR,810.0
2015-04-01,HYDERABAD,727288.0
2015-04-01,IMPHAL,45789.0
2015-04-01,INDORE,138942.0
2015-04-01,JABALPUR,10299.0
2015-04-01,JAIPUR,182481.0
2015-04-01,JAMMU,100392.0
2015-04-01,JAMNAGAR,5881.0
2015-04-01,JODHPUR,22232.0
2015-04-01,JORHAT,4803.0
2015-04-01,KHAJURAHO,4650.0
2015-04-01,KOCHI,264881.0
2015-04-01,KOLKATA,795389.0
2015-04-01,KOZHIKODE,32476.0
2015-04-01,KULLU,1092.0
2015-04-01,LEH,28713.0
2015-04-01,LILABARI,271.0
2015-04-01,LUCKNOW,189901.0
2015-04-01,MADURAI,38020.0
2015-04-01,MANGALURU,73514.0
2015-04-01,MUMBAI,2394229.0
2015-04-01,NAGPUR,114295.0
2015-04-01,PANTNAGAR,780.0
2015-04-01,PATNA,127023.0
2015-04-01,PORBANDAR,1216.0
2015-04-01,PORT BLAIR,72461.0
2015-04-01,PRAYAGRAJ,5372.0
2015-04-01,PUDUCHERRY,549.0
2015-04-01,PUNE,399177.0
2015-04-01,RAIPUR,95975.0
2015-04-01,RAJAHMUNDRY,10268.0
2015-04-01,RAJKOT,36651.0
2015-04-01,RANCHI,59335.0
2015-04-01,SHILLONG,1157.0
2015-04-01,SILCHAR,16845.0
2015-04-01,SRINAGAR,176272.0
2015-04-01,SURAT,2937.0
2015-04-01,TEZPUR,438.0
2015-04-01,THIRUVANANTHAPURAM,91063.0
2015-04-01,TIRUCHIRAPPALLI,13117.0
2015-04-01,TIRUPATI,25953.0
2015-04-01,TUTICORIN,5345.0
2015-04-01,UDAIPUR,38635.0
2015-04-01,VADODARA,64796.0
2015-04-01,VARANASI,81614.0
2015-04-01,VIJAYAWADA,30528.0
2015-04-01,VISAKHAPATNAM,113356.0
2015-05-01,AGARTALA,74054.0
2015-05-01,AGATTI ISLAND,1269.0
2015-05-01,AHMEDABAD,459229.0
2015-05-01,AIZAWL,12501.0
2015-05-01,AMRITSAR,70745.0
2015-05-01,AURANGABAD,22795.0
2015-05-01,BAGDOGRA,113019.0
2015-05-01,BELGAUM,12502.0
2015-05-01,BENGALURU,1291529.0
2015-05-01,BHAVNAGAR,3223.0
2015-05-01,BHOPAL,51794.0
2015-05-01,BHUBANESWAR,151283.0
2015-05-01,BHUJ,11661.0
2015-05-01,CHANDIGARH,146825.0
2015-05-01,CHENNAI,928026.0
2015-05-01,COIMBATORE,142722.0
2015-05-01,DEHRADUN,41990.0
2015-05-01,DELHI,2854761.0
2015-05-01,DHARAMSALA,7540.0
2015-05-01,DIBRUGARH,27804.0
2015-05-01,DIMAPUR,8600.0
2015-05-01,DIU,2210.0
2015-05-01,DURGAPUR,160.0
2015-05-01,GAYA,1881.0
2015-05-01,GOA,301787.0
2015-05-01,GUWAHATI,220745.0
2015-05-01,GWALIOR,747.0
2015-05-01,HUBLI,3083.0
2015-05-01,HYDERABAD,795260.0
2015-05-01,IMPHAL,52124.0
2015-05-01,INDORE,140082.0
2015-05-01,JABALPUR,10138.0
2015-05-01,JAIPUR,192990.0
2015-05-01,JAMMU,103769.0
2015-05-01,JAMNAGAR,8470.0
2015-05-01,JODHPUR,23284.0
2015-05-01,JORHAT,4615.0
2015-05-01,KHAJURAHO,1223.0
2015-05-01,KOCHI,281524.0
2015-05-01,KOLKATA,888180.0
2015-05-01,KOZHIKODE,33826.0
2015-05-01,KULLU,1260.0
2015-05-01,LEH,40482.0
2015-05-01,LILABARI,240.0
2015-05-01,LUCKNOW,216795.0
2015-05-01,MADURAI,39797.0
2015-05-01,MANGALURU,74719.0
2015-05-01,MUMBAI,2535947.0
2015-05-01,NAGPUR,134950.0
2015-05-01,PANTNAGAR,947.0
2015-05-01,PATNA,137617.0
2015-05-01,PORBANDAR,1096.0
2015-05-01,PORT BLAIR,78527.0
2015-05-01,PRAYAGRAJ,7855.0
2015-05-01,PUDUCHERRY,788.0
2015-05-01,PUNE,425134.0
2015-05-01,RAIPUR,108170.0
2015-05-01,RAJAHMUNDRY,10722.0
2015-05-01,RAJKOT,35016.0
2015-05-01,RANCHI,69626.0
2015-05-01,SHILLONG,1194.0
2015-05-01,SILCHAR,17176.0
2015-05-01,SRINAGAR,226670.0
2015-05-01,SURAT,3439.0
2015-05-01,TEZPUR,181.0
2015-05-01,THIRUVANANTHAPURAM,105593.0
2015-05-01,TIRUCHIRAPPALLI,15316.0
2015-05-01,TIRUPATI,26073.0
2015-05-01,TUTICORIN,9207.0
2015-05-01,UDAIPUR,35562.0
2015-05-01,VADODARA,82383.0
2015-05-01,VARANASI,90403.0
2015-05-01,VIJAYAWADA,29226.0
2015-05-01,VISAKHAPATNAM,132201.0
2015-06-01,AGARTALA,69188.0
2015-06-01,AGATTI ISLAND,1256.0
2015-06-01,AHMEDABAD,391942.0
2015-06-01,AIZAWL,12432.0
2015-06-01,AMRITSAR,66941.0
2015-06-01,AURANGABAD,20088.0
2015-06-01,BAGDOGRA,103882.0
2015-06-01,BELGAUM,11158.0
2015-06-01,BENGALURU,1180098.0
2015-06-01,BHAVNAGAR,2838.0
2015-06-01,BHOPAL,49950.0
2015-06-01,BHUBANESWAR,138794.0
2015-06-01,BHUJ,9601.0
2015-06-01,CHANDIGARH,136599.0
2015-06-01,CHENNAI,827656.0
2015-06-01,COIMBATORE,129792.0
2015-06-01,DEHRADUN,38668.0
2015-06-01,DELHI,2753266.0
2015-06-01,DHARAMSALA,8346.0
2015-06-01,DIBRUGARH,26559.0
2015-06-01,DIMAPUR,9274.0
2015-06-01,DIU,1242.0
2015-06-01,DURGAPUR,278.0
2015-06-01,GAYA,1834.0
2015-06-01,GOA,319659.0
2015-06-01,GUWAHATI,223837.0
2015-06-01,GWALIOR,819.0
2015-06-01,HUBLI,2967.0
2015-06-01,HYDERABAD,733289.0
2015-06-01,IMPHAL,56436.0
2015-06-01,INDORE,132878.0
2015-06-01,JABALPUR,9970.0
2015-06-01,JAIPUR,181287.0
2015-06-01,JAMMU,95425.0
2015-06-01,JAMNAGAR,6420.0
2015-06-01,JODHPUR,21750.0
2015-06-01,JORHAT,3970.0
2015-06-01,KADAPA,657.0
2015-06-01,KHAJURAHO,902.0
2015-06-01,KOCHI,240628.0
2015-06-01,KOLKATA,826041.0
2015-06-01,KOZHIKODE,27164.0
2015-06-01,KULLU,1266.0
2015-06-01,LEH,38390.0
2015-06-01,LILABARI,480.0
2015-06-01,LUCKNOW,229858.0
2015-06-01,MADURAI,37400.0
2015-06-01,MANGALURU,65155.0
2015-06-01,MUMBAI,2234766.0
2015-06-01,NAGPUR,129375.0
2015-06-01,PANTNAGAR,660.0
2015-06-01,PATNA,130256.0
2015-06-01,PORBANDAR,1053.0
2015-06-01,PORT BLAIR,62428.0
2015-06-01,PRAYAGRAJ,5974.0
2015-06-01,PUDUCHERRY,771.0
2015-06-01,PUNE,391802.0
2015-06-01,RAIPUR,98800.0
2015-06-01,RAJAHMUNDRY,9808.0
2015-06-01,RAJKOT,31483.0
2015-06-01,RANCHI,69197.0
2015-06-01,SHILLONG,1223.0
2015-06-01,SILCHAR,16559.0
2015-06-01,SRINAGAR,225657.0
2015-06-01,SURAT,3105.0
2015-06-01,TEZPUR,302.0
2015-06-01,THIRUVANANTHAPURAM,95282.0
2015-06-01,TIRUCHIRAPPALLI,13455.0
2015-06-01,TIRUPATI,26545.0
2015-06-01,TUTICORIN,7931.0
2015-06-01,UDAIPUR,33176.0
2015-06-01,VADODARA,69019.0
2015-06-01,VARANASI,80999.0
2015-06-01,VIJAYAWADA,31616.0
2015-06-01,VISAKHAPATNAM,118114.0
2015-07-01,AGARTALA,71619.0
2015-07-01,AGATTI ISLAND,899.0
2015-07-01,AGRA,37.0
2015-07-01,AHMEDABAD,387083.0
2015-07-01,AIZAWL,12474.0
2015-07-01,AMRITSAR,73495.0
2015-07-01,AURANGABAD,21572.0
2015-07-01,BAGDOGRA,87173.0
2015-07-01,BELGAUM,13382.0
2015-07-01,BENGALURU,1280466.0
2015-07-01,BHAVNAGAR,3185.0
2015-07-01,BHOPAL,53040.0
2015-07-01,BHUBANESWAR,131309.0
2015-07-01,BHUJ,10711.0
2015-07-01,CHANDIGARH,127336.0
2015-07-01,CHENNAI,885998.0
2015-07-01,COIMBATORE,126524.0
2015-07-01,DEHRADUN,36129.0
2015-07-01,DELHI,2755569.0
2015-07-01,DHARAMSALA,6126.0
2015-07-01,DIBRUGARH,27591.0
2015-07-01,DIMAPUR,9256.0
2015-07-01,DIU,1358.0
2015-07-01,DURGAPUR,411.0
2015-07-01,GAYA,1667.0
2015-07-01,GOA,362741.0
2015-07-01,GUWAHATI,242859.0
2015-07-01,GWALIOR,648.0
2015-07-01,HUBLI,2773.0
2015-07-01,HYDERABAD,792937.0
2015-07-01,IMPHAL,57221.0
2015-07-01,INDORE,125378.0
2015-07-01,JABALPUR,22267.0
2015-07-01,JAIPUR,188240.0
2015-07-01,JAMMU,98734.0
2015-07-01,JAMNAGAR,5705.0
2015-07-01,JODHPUR,23405.0
2015-07-01,JORHAT,4713.0
2015-07-01,KADAPA,869.0
2015-07-01,KHAJURAHO,1558.0
2015-07-01,KOCHI,255042.0
2015-07-01,KOLKATA,803850.0
2015-07-01,KOZHIKODE,29929.0
2015-07-01,KULLU,1211.0
2015-07-01,LEH,35267.0
2015-07-01,LILABARI,385.0
2015-07-01,LUCKNOW,210071.0
2015-07-01,MADURAI,45877.0
2015-07-01,MANGALURU,74302.0
2015-07-01,MUMBAI,2308041.0
2015-07-01,NAGPUR,117107.0
2015-07-01,PANTNAGAR,382.0
2015-07-01,PATNA,127890.0
2015-07-01,PORBANDAR,1182.0
2015-07-01,PORT BLAIR,49313.0
2015-07-01,PRAYAGRAJ,4629.0
2015-07-01,PUDUCHERRY,962.0
2015-07-01,PUNE,421882.0
2015-07-01,RAIPUR,88623.0
2015-07-01,RAJAHMUNDRY,21619.0
2015-07-01,RAJKOT,31562.0
2015-07-01,RANCHI,63441.0
2015-07-01,SHILLONG,712.0
2015-07-01,SILCHAR,18723.0
2015-07-01,SRINAGAR,218569.0
2015-07-01,SURAT,3020.0
2015-07-01,TEZPUR,332.0
2015-07-01,THIRUVANANTHAPURAM,96886.0
2015-07-01,TIRUCHIRAPPALLI,13102.0
2015-07-01,TIRUPATI,31736.0
2015-07-01,TUTICORIN,9364.0
2015-07-01,UDAIPUR,39998.0
2015-07-01,VADODARA,67971.0
2015-07-01,VARANASI,74699.0
2015-07-01,VIJAYAWADA,35746.0
2015-07-01,VISAKHAPATNAM,137701.0
2015-08-01,AGARTALA,70854.0
2015-08-01,AGATTI ISLAND,914.0
2015-08-01,AGRA,88.0
2015-08-01,AHMEDABAD,398389.0
2015-08-01,AIZAWL,12488.0
2015-08-01,AMRITSAR,72046.0
2015-08-01,AURANGABAD,25254.0
2015-08-01,BAGDOGRA,84497.0
2015-08-01,BELGAUM,13056.0
2015-08-01,BENGALURU,1281898.0
2015-08-01,BHAVNAGAR,3317.0
2015-08-01,BHOPAL,54518.0
2015-08-01,BHUBANESWAR,131586.0
2015-08-01,BHUJ,11652.0
2015-08-01,CHANDIGARH,123696.0
2015-08-01,CHENNAI,878596.0
2015-08-01,COIMBATORE,129493.0
2015-08-01,DEHRADUN,36585.0
2015-08-01,DELHI,2709311.0
2015-08-01,DHARAMSALA,5453.0
2015-08-01,DIBRUGARH,23254.0
2015-08-01,DIMAPUR,7541.0
2015-08-01,DIU,2006.0
2015-08-01,DURGAPUR,221.0
2015-08-01,GAYA,1606.0
2015-08-01,GOA,374605.0
2015-08-01,GUWAHATI,212173.0
2015-08-01,GWALIOR,698.0
2015-08-01,HUBLI,3012.0
2015-08-01,HYDERABAD,794643.0
2015-08-01,IMPHAL,52468.0
2015-08-01,INDORE,138117.0
2015-08-01,JABALPUR,20997.0
2015-08-01,JAIPUR,192349.0
2015-08-01,JAMMU,88648.0
2015-08-01,JAMNAGAR,5947.0
2015-08-01,JODHPUR,24537.0
2015-08-01,JORHAT,4465.0
2015-08-01,KADAPA,437.0
2015-08-01,KHAJURAHO,2745.0
2015-08-01,KOCHI,274308.0
2015-08-01,KOLKATA,777026.0
2015-08-01,KOZHIKODE,32747.0
2015-08-01,KULLU,940.0
2015-08-01,LEH,35260.0
2015-08-01,LILABARI,234.0
2015-08-01,LUCKNOW,211705.0
2015-08-01,MADURAI,48570.0
2015-08-01,MANGALURU,76043.0
2015-08-01,MUMBAI,2374266.0
2015-08-01,NAGPUR,115876.0
2015-08-01,PANTNAGAR,213.0
2015-08-01,PATNA,119823.0
2015-08-01,PORBANDAR,1122.0
2015-08-01,PORT BLAIR,53213.0
2015-08-01,PRAYAGRAJ,3967.0
2015-08-01,PUDUCHERRY,950.0
2015-08-01,PUNE,421920.0
2015-08-01,RAIPUR,89771.0
2015-08-01,RAJAHMUNDRY,18153.0
2015-08-01,RAJKOT,31224.0
2015-08-01,RANCHI,57740.0
2015-08-01,SHILLONG,454.0
2015-08-01,SILCHAR,17733.0
2015-08-01,SRINAGAR,186357.0
2015-08-01,SURAT,3071.0
2015-08-01,TEZPUR,242.0
2015-08-01,THIRUVANANTHAPURAM,105706.0
2015-08-01,TIRUCHIRAPPALLI,15280.0
2015-08-01,TIRUPATI,36102.0
2015-08-01,TUTICORIN,9062.0
2015-08-01,UDAIPUR,43180.0
2015-08-01,VADODARA,70393.0
2015-08-01,VARANASI,76832.0
2015-08-01,VIJAYAWADA,31451.0
2015-08-01,VISAKHAPATNAM,135640.0
2015-09-01,AGARTALA,67116.0
2015-09-01,AGATTI ISLAND,1166.0
2015-09-01,AGRA,167.0
2015-09-01,AHMEDABAD,412227.0
2015-09-01,AIZAWL,12192.0
2015-09-01,AMRITSAR,76473.0
2015-09-01,AURANGABAD,24215.0
2015-09-01,BAGDOGRA,89223.0
2015-09-01,BELGAUM,12777.0
2015-09-01,BENGALURU,1210892.0
2015-09-01,BHAVNAGAR,3271.0
2015-09-01,BHOPAL,52645.0
2015-09-01,BHUBANESWAR,130929.0
2015-09-01,BHUJ,11404.0
2015-09-01,CHANDIGARH,127391.0
2015-09-01,CHENNAI,850841.0
2015-09-01,COCHIN,39810.0
2015-09-01,COIMBATORE,126779.0
2015-09-01,DEHRADUN,36596.0
2015-09-01,DELHI,2679746.0
2015-09-01,DHARAMSALA,6382.0
2015-09-01,DIBRUGARH,22419.0
2015-09-01,DIMAPUR,7434.0
2015-09-01,DIU,1651.0
2015-09-01,DURGAPUR,415.0
2015-09-01,GAYA,2100.0
2015-09-01,GOA,397296.0
2015-09-01,GORAKHPUR,586.0
2015-09-01,GUWAHATI,216736.0
2015-09-01,GWALIOR,699.0
2015-09-01,HUBLI,2796.0
2015-09-01,HYDERABAD,746152.0
2015-09-01,IMPHAL,54969.0
2015-09-01,INDORE,133618.0
2015-09-01,JABALPUR,20672.0
2015-09-01,JAIPUR,198807.0
2015-09-01,JAMMU,101599.0
2015-09-01,JAMNAGAR,5793.0
2015-09-01,JODHPUR,23669.0
2015-09-01,JORHAT,4075.0
2015-09-01,KHAJURAHO,2366.0
2015-09-01,KOCHI,213006.0
2015-09-01,KOLKATA,780286.0
2015-09-01,KOZHIKODE,26310.0
2015-09-01,KULLU,1548.0
2015-09-01,LEH,34559.0
2015-09-01,LILABARI,427.0
2015-09-01,LUCKNOW,201938.0
2015-09-01,MADURAI,47422.0
2015-09-01,MANGALURU,74841.0
2015-09-01,MUMBAI,2351925.0
2015-09-01,MYSURU,371.0
2015-09-01,NAGPUR,113787.0
2015-09-01,PANTNAGAR,449.0
2015-09-01,PATNA,119113.0
2015-09-01,PORBANDAR,1254.0
2015-09-01,PORT BLAIR,57436.0
2015-09-01,PRAYAGRAJ,4052.0
2015-09-01,PUDUCHERRY,703.0
2015-09-01,PUNE,415904.0
2015-09-01,RAIPUR,86483.0
2015-09-01,RAJAHMUNDRY,17753.0
2015-09-01,RAJKOT,30934.0
2015-09-01,RANCHI,60295.0
2015-09-01,SHILLONG,595.0
2015-09-01,SILCHAR,17086.0
2015-09-01,SRINAGAR,185924.0
2015-09-01,SURAT,2800.0
2015-09-01,TEZPUR,372.0
2015-09-01,THIRUVANANTHAPURAM,96971.0
2015-09-01,TIRUCHIRAPPALLI,13677.0
2015-09-01,TIRUPATI,32498.0
2015-09-01,TUTICORIN,8445.0
2015-09-01,UDAIPUR,41040.0
2015-09-01,VADODARA,71773.0
2015-09-01,VARANASI,86087.0
2015-09-01,VIJAYAWADA,29093.0
2015-09-01,VISAKHAPATNAM,131395.0
2015-10-01,AGARTALA,75299.0
2015-10-01,AGATTI ISLAND,1295.0
2015-10-01,AGRA,56478.0
2015-10-01,AHMEDABAD,395626.0
2015-10-01,AIZAWL,20805.0
2015-10-01,AMRITSAR,61006.0
2015-10-01,AURANGABAD,19590.0
2015-10-01,BAGDOGRA,99468.0
2015-10-01,BELGAUM,12527.0
2015-10-01,BENGALURU,1297419.0
2015-10-01,BHAVNAGAR,2801.0
2015-10-01,BHOPAL,44864.0
2015-10-01,BHUBANESWAR,130608.0
2015-10-01,BHUJ,12250.0
2015-10-01,CHANDIGARH,132534.0
2015-10-01,CHENNAI,870441.0
2015-10-01,COCHIN,34440.0
2015-10-01,COIMBATORE,149283.0
2015-10-01,DEHRADUN,39593.0
2015-10-01,DELHI,2569590.0
2015-10-01,DHARAMSALA,7723.0
2015-10-01,DIBRUGARH,37894.0
2015-10-01,DIMAPUR,13013.0
2015-10-01,DIU,2124.0
2015-10-01,DURGAPUR,515.0
2015-10-01,GAYA,61981.0
2015-10-01,GOA,418051.0
2015-10-01,GORAKHPUR,2357.0
2015-10-01,GUWAHATI,262391.0
2015-10-01,GWALIOR,838.0
2015-10-01,HUBLI,3080.0
2015-10-01,HYDERABAD,793951.0
2015-10-01,IMPHAL,109018.0
2015-10-01,INDORE,146531.0
2015-10-01,JABALPUR,20676.0
2015-10-01,JAIPUR,204035.0
2015-10-01,JAMMU,111213.0
2015-10-01,JAMNAGAR,338.0
2015-10-01,JODHPUR,22856.0
2015-10-01,JORHAT,4202.0
2015-10-01,KHAJURAHO,23824.0
2015-10-01,KOCHI,215489.0
2015-10-01,KOLKATA,886217.0
2015-10-01,KOZHIKODE,26971.0
2015-10-01,KULLU,1972.0
2015-10-01,LEH,28372.0
2015-10-01,LILABARI,282.0
2015-10-01,LUCKNOW,199027.0
2015-10-01,MADURAI,93447.0
2015-10-01,MANGALURU,77975.0
2015-10-01,MUMBAI,2279092.0
2015-10-01,MYSURU,541.0
2015-10-01,NAGPUR,123437.0
2015-10-01,PANTNAGAR,844.0
2015-10-01,PATNA,113091.0
2015-10-01,PORBANDAR,1350.0
2015-10-01,PORT BLAIR,83801.0
2015-10-01,PRAYAGRAJ,4484.0
2015-10-01,PUDUCHERRY,403.0
2015-10-01,PUNE,433049.0
2015-10-01,RAIPUR,111578.0
2015-10-01,RAJAHMUNDRY,20923.0
2015-10-01,RAJKOT,29496.0
2015-10-01,RANCHI,63076.0
2015-10-01,SHILLONG,1398.0
2015-10-01,SILCHAR,19224.0
2015-10-01,SRINAGAR,226352.0
2015-10-01,SURAT,11560.0
2015-10-01,TEZPUR,225.0
2015-10-01,THIRUVANANTHAPURAM,136052.0
2015-10-01,TIRUCHIRAPPALLI,12274.0
2015-10-01,TIRUPATI,32603.0
2015-10-01,TUTICORIN,8144.0
2015-10-01,UDAIPUR,41701.0
2015-10-01,VADODARA,69787.0
2015-10-01,VARANASI,181337.0
2015-10-01,VIJAYAWADA,49464.0
2015-10-01,VISAKHAPATNAM,159412.0
2015-11-01,AGARTALA,79233.0
2015-11-01,AGATTI ISLAND,1587.0
2015-11-01,AGRA,1291.0
2015-11-01,AHMEDABAD,484511.0
2015-11-01,AIZAWL,5890.0
2015-11-01,AMRITSAR,81531.0
2015-11-01,AURANGABAD,25018.0
2015-11-01,BAGDOGRA,100185.0
2015-11-01,BELGAUM,11884.0
2015-11-01,BENGALURU,1313752.0
2015-11-01,BHAVNAGAR,3045.0
2015-11-01,BHOPAL,59625.0
2015-11-01,BHUBANESWAR,156776.0
2015-11-01,BHUJ,13101.0
2015-11-01,CHANDIGARH,129706.0
2015-11-01,CHENNAI,860052.0
2015-11-01,COCHIN,36402.0
2015-11-01,COIMBATORE,128537.0
2015-11-01,DEHRADUN,34422.0
2015-11-01,DELHI,2994237.0
2015-11-01,DHARAMSALA,7188.0
2015-11-01,DIBRUGARH,26619.0
2015-11-01,DIMAPUR,9629.0
2015-11-01,DIU,2617.0
2015-11-01,DURGAPUR,516.0
2015-11-01,GAYA,6515.0
2015-11-01,GOA,419644.0
2015-11-01,GORAKHPUR,1283.0
2015-11-01,GUWAHATI,229735.0
2015-11-01,HUBLI,4295.0
2015-11-01,HYDERABAD,814040.0
2015-11-01,IMPHAL,60005.0
2015-11-01,INDORE,133026.0
2015-11-01,JABALPUR,20386.0
2015-11-01,JAIPUR,223023.0
2015-11-01,JAMMU,98818.0
2015-11-01,JAMNAGAR,7887.0
2015-11-01,JODHPUR,25831.0
2015-11-01,JORHAT,4364.0
2015-11-01,KHAJURAHO,8717.0
2015-11-01,KOCHI,237110.0
2015-11-01,KOLKATA,918352.0
2015-11-01,KOZHIKODE,37209.0
2015-11-01,KULLU,1637.0
2015-11-01,LEH,19310.0
2015-11-01,LILABARI,323.0
2015-11-01,LUCKNOW,229694.0
2015-11-01,MADURAI,55495.0
2015-11-01,MANGALURU,75092.0
2015-11-01,MUMBAI,2567513.0
2015-11-01,MYSURU,215.0
2015-11-01,NAGPUR,132799.0
2015-11-01,PANTNAGAR,908.0
2015-11-01,PATNA,141869.0
2015-11-01,PORBANDAR,1416.0
2015-11-01,PORT BLAIR,75215.0
2015-11-01,PRAYAGRAJ,3823.0
2015-11-01,PUNE,432998.0
2015-11-01,RAIPUR,103349.0
2015-11-01,RAJAHMUNDRY,19253.0
2015-11-01,RAJKOT,35529.0
2015-11-01,RANCHI,59872.0
2015-11-01,SHILLONG,1274.0
2015-11-01,SILCHAR,17089.0
2015-11-01,SRINAGAR,148357.0
2015-11-01,SURAT,10845.0
2015-11-01,TEZPUR,175.0
2015-11-01,THIRUVANANTHAPURAM,99318.0
2015-11-01,TIRUCHIRAPPALLI,12091.0
2015-11-01,TIRUPATI,32480.0
2015-11-01,TUTICORIN,7652.0
2015-11-01,UDAIPUR,79632.0
2015-11-01,VADODARA,83610.0
2015-11-01,VARANASI,142019.0
2015-11-01,VIJAYAWADA,32433.0
2015-11-01,VISAKHAPATNAM,138215.0
2015-12-01,AGARTALA,86061.0
2015-12-01,AGATTI ISLAND,1719.0
2015-12-01,AGRA,1282.0
2015-12-01,AHMEDABAD,517777.0
2015-12-01,AIZAWL,12416.0
2015-12-01,AMRITSAR,86113.0
2015-12-01,AURANGABAD,26933.0
2015-12-01,BAGDOGRA,101678.0
2015-12-01,BELGAUM,12858.0
2015-12-01,BENGALURU,1423332.0
2015-12-01,BHAVNAGAR,3440.0
2015-12-01,BHOPAL,67235.0
2015-12-01,BHUBANESWAR,175496.0
2015-12-01,BHUJ,13932.0
2015-12-01,CHANDIGARH,117401.0
2015-12-01,CHENNAI,707667.0
2015-12-01,COCHIN,26186.0
2015-12-01,COIMBATORE,130697.0
2015-12-01,DEHRADUN,33571.0
2015-12-01,DELHI,3164230.0
2015-12-01,DHARAMSALA,6751.0
2015-12-01,DIBRUGARH,28314.0
2015-12-01,DIMAPUR,12085.0
2015-12-01,DIU,3670.0
2015-12-01,DURGAPUR,806.0
2015-12-01,GAYA,7752.0
2015-12-01,GOA,467019.0
2015-12-01,GUWAHATI,256789.0
2015-12-01,GWALIOR,270.0
2015-12-01,HUBLI,4786.0
2015-12-01,HYDERABAD,898655.0
2015-12-01,IMPHAL,68910.0
2015-12-01,INDORE,152429.0
2015-12-01,JABALPUR,3254.0
2015-12-01,JAIPUR,241633.0
2015-12-01,JAMMU,102526.0
2015-12-01,JAMNAGAR,8464.0
2015-12-01,JODHPUR,27372.0
2015-12-01,JORHAT,4338.0
2015-12-01,KHAJURAHO,7225.0
2015-12-01,KOCHI,274586.0
2015-12-01,KOLKATA,983105.0
2015-12-01,KOZHIKODE,33228.0
2015-12-01,KULLU,1563.0
2015-12-01,LEH,15700.0
2015-12-01,LILABARI,426.0
2015-12-01,LUCKNOW,230544.0
2015-12-01,MADURAI,48201.0
2015-12-01,MANGALURU,82588.0
2015-12-01,MUMBAI,2750851.0
2015-12-01,NAGPUR,147213.0
2015-12-01,PANTNAGAR,566.0
2015-12-01,PATNA,129647.0
2015-12-01,PORBANDAR,1445.0
2015-12-01,PORT BLAIR,74175.0
2015-12-01,PRAYAGRAJ,3727.0
2015-12-01,PUNE,455198.0
2015-12-01,RAIPUR,112096.0
2015-12-01,RAJAHMUNDRY,21707.0
2015-12-01,RAJKOT,38357.0
2015-12-01,RANCHI,71125.0
2015-12-01,SHILLONG,476.0
2015-12-01,SILCHAR,16133.0
2015-12-01,SRINAGAR,164438.0
2015-12-01,SURAT,12328.0
2015-12-01,TEZPUR,354.0
2015-12-01,THIRUVANANTHAPURAM,106300.0
2015-12-01,TIRUCHIRAPPALLI,9745.0
2015-12-01,TIRUPATI,35709.0
2015-12-01,TUTICORIN,6593.0
2015-12-01,UDAIPUR,88401.0
2015-12-01,VADODARA,90163.0
2015-12-01,VARANASI,137483.0
2015-12-01,VIJAYAWADA,34188.0
2015-12-01,VISAKHAPATNAM,158313.0
2016-01-01,AGARTALA,80658.0
2016-01-01,AGATTI ISLAND,1813.0
2016-01-01,AGRA,1508.0
2016-01-01,AHMEDABAD,529375.0
2016-01-01,AIZAWL,12829.0
2016-01-01,AMRITSAR,82521.0
2016-01-01,AURANGABAD,26543.0
2016-01-01,BAGDOGRA,92164.0
2016-01-01,BELGAUM,8952.0
2016-01-01,BENGALURU,1366678.0
2016-01-01,BHAVNAGAR,3575.0
2016-01-01,BHOPAL,61424.0
2016-01-01,BHUBANESWAR,177623.0
2016-01-01,BHUJ,13185.0
2016-01-01,CHANDIGARH,102934.0
2016-01-01,CHENNAI,952070.0
2016-01-01,COCHIN,20435.0
2016-01-01,COIMBATORE,137046.0
2016-01-01,DEHRADUN,34610.0
2016-01-01,DELHI,3046851.0
2016-01-01,DHARAMSALA,6173.0
2016-01-01,DIBRUGARH,26508.0
2016-01-01,DIMAPUR,10457.0
2016-01-01,DIU,3040.0
2016-01-01,DURGAPUR,1182.0
2016-01-01,GAYA,7413.0
2016-01-01,GOA,485431.0
2016-01-01,GORAKHPUR,442.0
2016-01-01,GUWAHATI,250828.0
2016-01-01,GWALIOR,1182.0
2016-01-01,HUBLI,4916.0
2016-01-01,HYDERABAD,873626.0
2016-01-01,IMPHAL,63149.0
2016-01-01,INDORE,147130.0
2016-01-01,JABALPUR,1140.0
2016-01-01,JAIPUR,222006.0
2016-01-01,JAMMU,94166.0
2016-01-01,JAMNAGAR,8148.0
2016-01-01,JODHPUR,26753.0
2016-01-01,JORHAT,4568.0
2016-01-01,KHAJURAHO,8573.0
2016-01-01,KOCHI,287821.0
2016-01-01,KOLKATA,969271.0
2016-01-01,KOZHIKODE,33500.0
2016-01-01,KULLU,1355.0
2016-01-01,LEH,16830.0
2016-01-01,LILABARI,129.0
2016-01-01,LUCKNOW,208137.0
2016-01-01,MADURAI,62198.0
2016-01-01,MANGALURU,84094.0
2016-01-01,MUMBAI,2677418.0
2016-01-01,NAGPUR,137218.0
2016-01-01,PANTNAGAR,352.0
2016-01-01,PATNA,123405.0
2016-01-01,PORBANDAR,1755.0
2016-01-01,PORT BLAIR,81074.0
2016-01-01,PRAYAGRAJ,3064.0
2016-01-01,PUNE,453398.0
2016-01-01,RAIPUR,107351.0
2016-01-01,RAJAHMUNDRY,18905.0
2016-01-01,RAJKOT,37764.0
2016-01-01,RANCHI,67282.0
2016-01-01,SHILLONG,263.0
2016-01-01,SILCHAR,16453.0
2016-01-01,SRINAGAR,158819.0
2016-01-01,SURAT,11848.0
2016-01-01,THIRUVANANTHAPURAM,116101.0
2016-01-01,TIRUCHIRAPPALLI,13104.0
2016-01-01,TIRUPATI,34252.0
2016-01-01,TUTICORIN,8272.0
2016-01-01,UDAIPUR,84837.0
2016-01-01,VADODARA,87036.0
2016-01-01,VARANASI,131304.0
2016-01-01,VIJAYAWADA,40352.0
2016-01-01,VISAKHAPATNAM,167171.0
2016-02-01,AGARTALA,75859.0
2016-02-01,AGATTI ISLAND,1665.0
2016-02-01,AGRA,1524.0
2016-02-01,AHMEDABAD,501848.0
2016-02-01,AIZAWL,12323.0
2016-02-01,AMRITSAR,91032.0
2016-02-01,AURANGABAD,25341.0
2016-02-01,BAGDOGRA,98175.0
2016-02-01,BELGAUM,8306.0
2016-02-01,BENGALURU,1333310.0
2016-02-01,BHAVNAGAR,3006.0
2016-02-01,BHOPAL,55963.0
2016-02-01,BHUBANESWAR,164562.0
2016-02-01,BHUJ,12690.0
2016-02-01,CHANDIGARH,131006.0
2016-02-01,CHENNAI,923600.0
2016-02-01,COIMBATORE,129191.0
2016-02-01,DEHRADUN,36567.0
2016-02-01,DELHI,3079460.0
2016-02-01,DHARAMSALA,6335.0
2016-02-01,DIBRUGARH,25028.0
2016-02-01,DIMAPUR,8393.0
2016-02-01,DIU,3235.0
2016-02-01,DURGAPUR,1248.0
2016-02-01,GAYA,8139.0
2016-02-01,GOA,449347.0
2016-02-01,GORAKHPUR,2377.0
2016-02-01,GUWAHATI,249943.0
2016-02-01,GWALIOR,1028.0
2016-02-01,HUBLI,4627.0
2016-02-01,HYDERABAD,828296.0
2016-02-01,IMPHAL,61008.0
2016-02-01,INDORE,140273.0
2016-02-01,JABALPUR,9832.0
2016-02-01,JAIPUR,219000.0
2016-02-01,JAMMU,100021.0
2016-02-01,JAMNAGAR,7168.0
2016-02-01,JODHPUR,26599.0
2016-02-01,JORHAT,3990.0
2016-02-01,KHAJURAHO,9507.0
2016-02-01,KOCHI,278308.0
2016-02-01,KOLKATA,912186.0
2016-02-01,KOZHIKODE,27792.0
2016-02-01,KULLU,1363.0
2016-02-01,LEH,20523.0
2016-02-01,LILABARI,550.0
2016-02-01,LUCKNOW,225328.0
2016-02-01,MADURAI,57430.0
2016-02-01,MANGALURU,75194.0
2016-02-01,MUMBAI,2567795.0
2016-02-01,NAGPUR,127661.0
2016-02-01,PANTNAGAR,733.0
2016-02-01,PATNA,133087.0
2016-02-01,PORBANDAR,1418.0
2016-02-01,PORT BLAIR,76916.0
2016-02-01,PRAYAGRAJ,3415.0
2016-02-01,PUNE,451433.0
2016-02-01,RAIPUR,99604.0
2016-02-01,RAJAHMUNDRY,17631.0
2016-02-01,RAJKOT,36569.0
2016-02-01,RANCHI,61542.0
2016-02-01,SHILLONG,675.0
2016-02-01,SILCHAR,16488.0
2016-02-01,SRINAGAR,167174.0
2016-02-01,SURAT,11182.0
2016-02-01,THIRUVANANTHAPURAM,105646.0
2016-02-01,TIRUCHIRAPPALLI,12822.0
2016-02-01,TIRUPATI,33268.0
2016-02-01,TUTICORIN,7765.0
2016-02-01,UDAIPUR,84968.0
2016-02-01,VADODARA,81478.0
2016-02-01,VARANASI,136974.0
2016-02-01,VIJAYAWADA,39801.0
2016-02-01,VISAKHAPATNAM,161545.0
2016-03-01,AGARTALA,81573.0
2016-03-01,AGATTI ISLAND,1814.0
2016-03-01,AGRA,1382.0
2016-03-01,AHMEDABAD,502893.0
2016-03-01,AIZAWL,13090.0
2016-03-01,AMRITSAR,94142.0
2016-03-01,AURANGABAD,25141.0
2016-03-01,BAGDOGRA,108934.0
2016-03-01,BELGAUM,8913.0
2016-03-01,BENGALURU,1380333.0
2016-03-01,BHAVNAGAR,2461.0
2016-03-01,BHOPAL,51782.0
2016-03-01,BHUBANESWAR,175873.0
2016-03-01,BHUJ,12105.0
2016-03-01,CHANDIGARH,159138.0
2016-03-01,CHENNAI,978593.0
2016-03-01,COIMBATORE,135720.0
2016-03-01,DEHRADUN,61628.0
2016-03-01,DELHI,3274512.0
2016-03-01,DHARAMSALA,8360.0
2016-03-01,DIBRUGARH,26674.0
2016-03-01,DIMAPUR,9530.0
2016-03-01,DIU,2717.0
2016-03-01,DURGAPUR,1411.0
2016-03-01,GAYA,6901.0
2016-03-01,GOA,449877.0
2016-03-01,GORAKHPUR,5105.0
2016-03-01,GUWAHATI,270479.0
2016-03-01,GWALIOR,1204.0
2016-03-01,HUBLI,3255.0
2016-03-01,HYDERABAD,867021.0
2016-03-01,IMPHAL,79673.0
2016-03-01,INDORE,138973.0
2016-03-01,JABALPUR,10949.0
2016-03-01,JAIPUR,244888.0
2016-03-01,JAMMU,101945.0
2016-03-01,JAMNAGAR,6698.0
2016-03-01,JODHPUR,24972.0
2016-03-01,JORHAT,4342.0
2016-03-01,KHAJURAHO,8780.0
2016-03-01,KOCHI,280739.0
2016-03-01,KOLKATA,1004200.0
2016-03-01,KOZHIKODE,31478.0
2016-03-01,KULLU,1704.0
2016-03-01,LEH,23431.0
2016-03-01,LILABARI,738.0
2016-03-01,LUCKNOW,238786.0
2016-03-01,MADURAI,60225.0
2016-03-01,MANGALURU,77597.0
2016-03-01,MUMBAI,2613920.0
2016-03-01,NAGPUR,134060.0
2016-03-01,PANTNAGAR,1010.0
2016-03-01,PATNA,153546.0
2016-03-01,PORBANDAR,1317.0
2016-03-01,PORT BLAIR,84896.0
2016-03-01,PRAYAGRAJ,3516.0
2016-03-01,PUNE,486621.0
2016-03-01,RAIPUR,101443.0
2016-03-01,RAJAHMUNDRY,19448.0
2016-03-01,RAJKOT,30942.0
2016-03-01,RANCHI,66925.0
2016-03-01,SHILLONG,1105.0
2016-03-01,SILCHAR,16301.0
2016-03-01,SRINAGAR,191332.0
2016-03-01,SURAT,12467.0
2016-03-01,TEZPUR,172.0
2016-03-01,THIRUVANANTHAPURAM,113244.0
2016-03-01,TIRUCHIRAPPALLI,11915.0
2016-03-01,TIRUPATI,36778.0
2016-03-01,TUTICORIN,8264.0
2016-03-01,UDAIPUR,85074.0
2016-03-01,VADODARA,80586.0
2016-03-01,VARANASI,150999.0
2016-03-01,VIJAYAWADA,39196.0
2016-03-01,VISAKHAPATNAM,163048.0
2016-04-01,AGARTALA,81956.0
2016-04-01,AGATTI ISLAND,1623.0
2016-04-01,AGRA,773.0
2016-04-01,AHMEDABAD,476938.0
2016-04-01,AIZAWL,12879.0
2016-04-01,AMRITSAR,87072.0
2016-04-01,AURANGABAD,23729.0
2016-04-01,BAGDOGRA,109820.0
2016-04-01,BELGAUM,8602.0
2016-04-01,BENGALURU,1482062.0
2016-04-01,BHAVNAGAR,520.0
2016-04-01,BHOPAL,59164.0
2016-04-01,BHUBANESWAR,156855.0
2016-04-01,BHUJ,14832.0
2016-04-01,CHANDIGARH,121273.0
2016-04-01,CHENNAI,984198.0
2016-04-01,COIMBATORE,143103.0
2016-04-01,DEHRADUN,68925.0
2016-04-01,DELHI,3304222.0
2016-04-01,DHARAMSALA,10310.0
2016-04-01,DIBRUGARH,24136.0
2016-04-01,DIMAPUR,9405.0
2016-04-01,DIU,1618.0
2016-04-01,DURGAPUR,1552.0
2016-04-01,GAYA,6319.0
2016-04-01,GOA,424299.0
2016-04-01,GORAKHPUR,3119.0
2016-04-01,GUWAHATI,272161.0
2016-04-01,GWALIOR,1400.0
2016-04-01,HUBLI,4610.0
2016-04-01,HYDERABAD,895727.0
2016-04-01,IMPHAL,63507.0
2016-04-01,INDORE,136846.0
2016-04-01,JABALPUR,11527.0
2016-04-01,JAIPUR,247372.0
2016-04-01,JAMMU,95756.0
2016-04-01,JAMNAGAR,8282.0
2016-04-01,JODHPUR,23858.0
2016-04-01,JORHAT,4020.0
2016-04-01,KADAPA,1675.0
2016-04-01,KHAJURAHO,4999.0
2016-04-01,KOCHI,299392.0
2016-04-01,KOLKATA,946386.0
2016-04-01,KOZHIKODE,35790.0
2016-04-01,KULLU,2409.0
2016-04-01,LEH,40973.0
2016-04-01,LILABARI,716.0
2016-04-01,LUCKNOW,236022.0
2016-04-01,MADURAI,60703.0
2016-04-01,MANGALURU,84507.0
2016-04-01,MUMBAI,2619649.0
2016-04-01,NAGPUR,133435.0
2016-04-01,PANTNAGAR,964.0
2016-04-01,PATNA,161099.0
2016-04-01,PORT BLAIR,84804.0
2016-04-01,PRAYAGRAJ,3337.0
2016-04-01,PUNE,491122.0
2016-04-01,RAIPUR,104778.0
2016-04-01,RAJAHMUNDRY,21874.0
2016-04-01,RAJKOT,28565.0
2016-04-01,RANCHI,72469.0
2016-04-01,SHILLONG,955.0
2016-04-01,SILCHAR,12718.0
2016-04-01,SRINAGAR,234513.0
2016-04-01,SURAT,12862.0
2016-04-01,TEZPUR,489.0
2016-04-01,THIRUVANANTHAPURAM,124002.0
2016-04-01,TIRUCHIRAPPALLI,12444.0
2016-04-01,TIRUPATI,38214.0
2016-04-01,TUTICORIN,8565.0
2016-04-01,UDAIPUR,79340.0
2016-04-01,VADODARA,87484.0
2016-04-01,VARANASI,142371.0
2016-04-01,VIJAYAWADA,45115.0
2016-04-01,VISAKHAPATNAM,174770.0
2016-05-01,AGARTALA,92317.0
2016-05-01,AGATTI ISLAND,1426.0
2016-05-01,AGRA,115.0
2016-05-01,AHMEDABAD,506561.0
2016-05-01,AIZAWL,13693.0
2016-05-01,AMRITSAR,79619.0
2016-05-01,AURANGABAD,25230.0
2016-05-01,BAGDOGRA,135227.0
2016-05-01,BELGAUM,9063.0
2016-05-01,BENGALURU,1626651.0
2016-05-01,BHAVNAGAR,1652.0
2016-05-01,BHOPAL,69363.0
2016-05-01,BHUBANESWAR,169038.0
2016-05-01,BHUJ,15889.0
2016-05-01,CHANDIGARH,155848.0
2016-05-01,CHENNAI,1093586.0
2016-05-01,COIMBATORE,162685.0
2016-05-01,DEHRADUN,73712.0
2016-05-01,DELHI,3581194.0
2016-05-01,DHARAMSALA,12865.0
2016-05-01,DIBRUGARH,24771.0
2016-05-01,DIMAPUR,10799.0
2016-05-01,DIU,1634.0
2016-05-01,DURGAPUR,1344.0
2016-05-01,GAYA,5297.0
2016-05-01,GOA,465027.0
2016-05-01,GORAKHPUR,2732.0
2016-05-01,GUWAHATI,290355.0
2016-05-01,GWALIOR,1215.0
2016-05-01,HUBLI,4038.0
2016-05-01,HYDERABAD,965381.0
2016-05-01,IMPHAL,77468.0
2016-05-01,INDORE,158841.0
2016-05-01,JABALPUR,12269.0
2016-05-01,JAIPUR,267736.0
2016-05-01,JAMMU,94734.0
2016-05-01,JAMNAGAR,8696.0
2016-05-01,JODHPUR,23802.0
2016-05-01,JORHAT,4455.0
2016-05-01,KADAPA,2153.0
2016-05-01,KHAJURAHO,1327.0
2016-05-01,KOCHI,335295.0
2016-05-01,KOLKATA,1028369.0
2016-05-01,KOZHIKODE,37716.0
2016-05-01,KULLU,2284.0
2016-05-01,LEH,59629.0
2016-05-01,LILABARI,826.0
2016-05-01,LUCKNOW,247624.0
2016-05-01,MADURAI,62820.0
2016-05-01,MANGALURU,89152.0
2016-05-01,MUMBAI,2844457.0
2016-05-01,NAGPUR,143654.0
2016-05-01,PANTNAGAR,811.0
2016-05-01,PATNA,156873.0
2016-05-01,PORT BLAIR,94549.0
2016-05-01,PRAYAGRAJ,3132.0
2016-05-01,PUNE,558605.0
2016-05-01,RAIPUR,116862.0
2016-05-01,RAJAHMUNDRY,20416.0
2016-05-01,RAJKOT,32221.0
2016-05-01,RANCHI,80500.0
2016-05-01,SHILLONG,1270.0
2016-05-01,SILCHAR,13887.0
2016-05-01,SRINAGAR,281932.0
2016-05-01,SURAT,14059.0
2016-05-01,TEZPUR,668.0
2016-05-01,THIRUVANANTHAPURAM,139697.0
2016-05-01,TIRUCHIRAPPALLI,15517.0
2016-05-01,TIRUPATI,46488.0
2016-05-01,TUTICORIN,8669.0
2016-05-01,UDAIPUR,84411.0
2016-05-01,VADODARA,105564.0
2016-05-01,VARANASI,135750.0
2016-05-01,VIJAYAWADA,55716.0
2016-05-01,VISAKHAPATNAM,177531.0
2016-06-01,AGARTALA,88126.0
2016-06-01,AGATTI ISLAND,1119.0
2016-06-01,AHMEDABAD,458225.0
2016-06-01,AIZAWL,14168.0
2016-06-01,AMRITSAR,79000.0
2016-06-01,AURANGABAD,24809.0
2016-06-01,BAGDOGRA,130470.0
2016-06-01,BELGAUM,8642.0
2016-06-01,BENGALURU,1455804.0
2016-06-01,BHOPAL,59118.0
2016-06-01,BHUBANESWAR,155790.0
2016-06-01,BHUJ,12049.0
2016-06-01,CHANDIGARH,150903.0
2016-06-01,CHENNAI,995704.0
2016-06-01,COIMBATORE,152656.0
2016-06-01,DEHRADUN,68323.0
2016-06-01,DELHI,3397106.0
2016-06-01,DHARAMSALA,11561.0
2016-06-01,DIBRUGARH,24394.0
2016-06-01,DIMAPUR,11500.0
2016-06-01,DIU,1286.0
2016-06-01,DURGAPUR,729.0
2016-06-01,GAYA,5030.0
2016-06-01,GOA,433565.0
2016-06-01,GORAKHPUR,2755.0
2016-06-01,GUWAHATI,284645.0
2016-06-01,GWALIOR,1196.0
2016-06-01,HUBLI,2735.0
2016-06-01,HYDERABAD,889755.0
2016-06-01,IMPHAL,67045.0
2016-06-01,INDORE,125862.0
2016-06-01,JABALPUR,13258.0
2016-06-01,JAIPUR,240154.0
2016-06-01,JAMMU,88085.0
2016-06-01,JAMNAGAR,7498.0
2016-06-01,JODHPUR,23083.0
2016-06-01,JORHAT,4074.0
2016-06-01,KADAPA,1501.0
2016-06-01,KHAJURAHO,1223.0
2016-06-01,KOCHI,292286.0
2016-06-01,KOLKATA,975073.0
2016-06-01,KOZHIKODE,32163.0
2016-06-01,KULLU,2217.0
2016-06-01,LEH,62201.0
2016-06-01,LILABARI,744.0
2016-06-01,LUCKNOW,242583.0
2016-06-01,MADURAI,59239.0
2016-06-01,MANGALURU,78711.0
2016-06-01,MUMBAI,2521525.0
2016-06-01,NAGPUR,135241.0
2016-06-01,PANTNAGAR,447.0
2016-06-01,PATNA,152884.0
2016-06-01,PORT BLAIR,80689.0
2016-06-01,PRAYAGRAJ,3091.0
2016-06-01,PUNE,501048.0
2016-06-01,RAIPUR,111203.0
2016-06-01,RAJAHMUNDRY,18141.0
2016-06-01,RAJKOT,28099.0
2016-06-01,RANCHI,77962.0
2016-06-01,SHILLONG,1249.0
2016-06-01,SILCHAR,12840.0
2016-06-01,SRINAGAR,271012.0
2016-06-01,SURAT,12324.0
2016-06-01,TEZPUR,711.0
2016-06-01,THIRUVANANTHAPURAM,118111.0
2016-06-01,TIRUCHIRAPPALLI,15991.0
2016-06-01,TIRUPATI,46395.0
2016-06-01,TUTICORIN,8382.0
2016-06-01,UDAIPUR,76782.0
2016-06-01,VADODARA,87564.0
2016-06-01,VARANASI,126296.0
2016-06-01,VIJAYAWADA,50821.0
2016-06-01,VISAKHAPATNAM,170611.0
2016-07-01,AGARTALA,91158.0
2016-07-01,AGATTI ISLAND,1052.0
2016-07-01,AHMEDABAD,492683.0
2016-07-01,AIZAWL,14367.0
2016-07-01,AMRITSAR,81748.0
2016-07-01,AURANGABAD,27259.0
2016-07-01,BAGDOGRA,108503.0
2016-07-01,BELGAUM,8797.0
2016-07-01,BENGALURU,1614434.0
2016-07-01,BHOPAL,60494.0
2016-07-01,BHUBANESWAR,158955.0
2016-07-01,BHUJ,14031.0
2016-07-01,CHANDIGARH,145815.0
2016-07-01,CHENNAI,1117663.0
2016-07-01,COIMBATORE,166919.0
2016-07-01,DEHRADUN,64207.0
2016-07-01,DELHI,3523316.0
2016-07-01,DHARAMSALA,9961.0
2016-07-01,DIBRUGARH,26526.0
2016-07-01,DIMAPUR,12053.0
2016-07-01,DIU,1117.0
2016-07-01,GAYA,6015.0
2016-07-01,GOA,460222.0
2016-07-01,GORAKHPUR,2796.0
2016-07-01,GUWAHATI,316876.0
2016-07-01,GWALIOR,1499.0
2016-07-01,HUBLI,2901.0
2016-07-01,HYDERABAD,1003815.0
2016-07-01,IMPHAL,65888.0
2016-07-01,INDORE,132750.0
2016-07-01,JABALPUR,13290.0
2016-07-01,JAIPUR,279585.0
2016-07-01,JAMMU,90024.0
2016-07-01,JAMNAGAR,8329.0
2016-07-01,JODHPUR,25249.0
2016-07-01,JORHAT,4167.0
2016-07-01,KADAPA,1155.0
2016-07-01,KHAJURAHO,2067.0
2016-07-01,KOCHI,329051.0
2016-07-01,KOLKATA,1051286.0
2016-07-01,KOZHIKODE,35492.0
2016-07-01,KULLU,1988.0
2016-07-01,LEH,58250.0
2016-07-01,LILABARI,842.0
2016-07-01,LUCKNOW,263002.0
2016-07-01,MADURAI,59154.0
2016-07-01,MANGALURU,89088.0
2016-07-01,MUMBAI,2751752.0
2016-07-01,NAGPUR,139844.0
2016-07-01,PANTNAGAR,757.0
2016-07-01,PATNA,164683.0
2016-07-01,PORT BLAIR,65441.0
2016-07-01,PRAYAGRAJ,3505.0
2016-07-01,PUNE,540612.0
2016-07-01,RAIPUR,110457.0
2016-07-01,RAJAHMUNDRY,16000.0
2016-07-01,RAJKOT,32929.0
2016-07-01,RANCHI,87738.0
2016-07-01,SHILLONG,897.0
2016-07-01,SILCHAR,13714.0
2016-07-01,SRINAGAR,214016.0
2016-07-01,SURAT,13092.0
2016-07-01,TEZPUR,788.0
2016-07-01,THIRUVANANTHAPURAM,133711.0
2016-07-01,TIRUCHIRAPPALLI,16379.0
2016-07-01,TIRUPATI,46913.0
2016-07-01,TUTICORIN,8374.0
2016-07-01,UDAIPUR,79750.0
2016-07-01,VADODARA,91958.0
2016-07-01,VARANASI,137454.0
2016-07-01,VIJAYAWADA,53585.0
2016-07-01,VISAKHAPATNAM,180706.0
2016-08-01,AGARTALA,90212.0
2016-08-01,AGATTI ISLAND,876.0
2016-08-01,AHMEDABAD,502686.0
2016-08-01,AIZAWL,14041.0
2016-08-01,AMRITSAR,83391.0
2016-08-01,AURANGABAD,27106.0
2016-08-01,BAGDOGRA,100237.0
2016-08-01,BELGAUM,9102.0
2016-08-01,BENGALURU,1581963.0
2016-08-01,BHAVNAGAR,1533.0
2016-08-01,BHOPAL,59140.0
2016-08-01,BHUBANESWAR,151373.0
2016-08-01,BHUJ,14711.0
2016-08-01,CHANDIGARH,139817.0
2016-08-01,CHENNAI,1107137.0
2016-08-01,COIMBATORE,170554.0
2016-08-01,DEHRADUN,63755.0
2016-08-01,DELHI,3406231.0
2016-08-01,DHARAMSALA,9248.0
2016-08-01,DIBRUGARH,23345.0
2016-08-01,DIMAPUR,10225.0
2016-08-01,DIU,1150.0
2016-08-01,GAYA,5398.0
2016-08-01,GOA,462606.0
2016-08-01,GORAKHPUR,2913.0
2016-08-01,GUWAHATI,283598.0
2016-08-01,GWALIOR,1141.0
2016-08-01,HUBLI,1018.0
2016-08-01,HYDERABAD,1037957.0
2016-08-01,IMPHAL,62342.0
2016-08-01,INDORE,134102.0
2016-08-01,JABALPUR,14272.0
2016-08-01,JAIPUR,276199.0
2016-08-01,JAMMU,93915.0
2016-08-01,JAMNAGAR,8184.0
2016-08-01,JODHPUR,23372.0
2016-08-01,JORHAT,3749.0
2016-08-01,KADAPA,447.0
2016-08-01,KHAJURAHO,2968.0
2016-08-01,KOCHI,343633.0
2016-08-01,KOLKATA,1015888.0
2016-08-01,KOZHIKODE,36571.0
2016-08-01,KULLU,1715.0
2016-08-01,LEH,56237.0
2016-08-01,LILABARI,377.0
2016-08-01,LUCKNOW,263134.0
2016-08-01,MADURAI,57030.0
2016-08-01,MANGALURU,82952.0
2016-08-01,MUMBAI,2750950.0
2016-08-01,NAGPUR,139220.0
2016-08-01,PANTNAGAR,1079.0
2016-08-01,PATNA,157363.0
2016-08-01,PORT BLAIR,71928.0
2016-08-01,PRAYAGRAJ,3996.0
2016-08-01,PUNE,533102.0
2016-08-01,RAIPUR,106479.0
2016-08-01,RAJAHMUNDRY,19560.0
2016-08-01,RAJKOT,35019.0
2016-08-01,RANCHI,82596.0
2016-08-01,SHILLONG,811.0
2016-08-01,SILCHAR,12325.0
2016-08-01,SRINAGAR,156748.0
2016-08-01,SURAT,12606.0
2016-08-01,TEZPUR,365.0
2016-08-01,THIRUVANANTHAPURAM,134146.0
2016-08-01,TIRUCHIRAPPALLI,15991.0
2016-08-01,TIRUPATI,46453.0
2016-08-01,TUTICORIN,8843.0
2016-08-01,UDAIPUR,78789.0
2016-08-01,VADODARA,92701.0
2016-08-01,VARANASI,135656.0
2016-08-01,VIJAYAWADA,62273.0
2016-08-01,VISAKHAPATNAM,200486.0
2016-09-01,AGARTALA,93139.0
2016-09-01,AGATTI ISLAND,1134.0
2016-09-01,AHMEDABAD,478121.0
2016-09-01,AIZAWL,13381.0
2016-09-01,AMRITSAR,86301.0
2016-09-01,AURANGABAD,26199.0
2016-09-01,BAGDOGRA,107879.0
2016-09-01,BELGAUM,8933.0
2016-09-01,BENGALURU,1514137.0
2016-09-01,BHAVNAGAR,1420.0
2016-09-01,BHOPAL,57391.0
2016-09-01,BHUBANESWAR,155323.0
2016-09-01,BHUJ,14828.0
2016-09-01,CHANDIGARH,136336.0
2016-09-01,CHENNAI,1090631.0
2016-09-01,COIMBATORE,163668.0
2016-09-01,DEHRADUN,66514.0
2016-09-01,DELHI,3402535.0
2016-09-01,DHARAMSALA,9913.0
2016-09-01,DIBRUGARH,20675.0
2016-09-01,DIMAPUR,9686.0
2016-09-01,DIU,1151.0
2016-09-01,GAYA,6463.0
2016-09-01,GOA,471307.0
2016-09-01,GORAKHPUR,2791.0
2016-09-01,GUWAHATI,312249.0
2016-09-01,GWALIOR,1053.0
2016-09-01,HUBLI,1154.0
2016-09-01,HYDERABAD,961992.0
2016-09-01,IMPHAL,63391.0
2016-09-01,INDORE,122430.0
2016-09-01,JABALPUR,14119.0
2016-09-01,JAIPUR,260907.0
2016-09-01,JAMMU,100153.0
2016-09-01,JAMNAGAR,7155.0
2016-09-01,JODHPUR,23972.0
2016-09-01,JORHAT,3717.0
2016-09-01,KADAPA,344.0
2016-09-01,KHAJURAHO,2349.0
2016-09-01,KOCHI,339641.0
2016-09-01,KOLKATA,1051180.0
2016-09-01,KOZHIKODE,37088.0
2016-09-01,KULLU,2137.0
2016-09-01,LEH,52227.0
2016-09-01,LILABARI,379.0
2016-09-01,LUCKNOW,262148.0
2016-09-01,MADURAI,56326.0
2016-09-01,MANGALURU,76131.0
2016-09-01,MUMBAI,2680539.0
2016-09-01,NAGPUR,131537.0
2016-09-01,PANTNAGAR,1129.0
2016-09-01,PATNA,155716.0
2016-09-01,PORT BLAIR,73247.0
2016-09-01,PRAYAGRAJ,3797.0
2016-09-01,PUNE,514601.0
2016-09-01,RAIPUR,101555.0
2016-09-01,RAJAHMUNDRY,17047.0
2016-09-01,RAJKOT,33927.0
2016-09-01,RANCHI,81915.0
2016-09-01,SHILLONG,1219.0
2016-09-01,SILCHAR,12136.0
2016-09-01,SRINAGAR,144695.0
2016-09-01,SURAT,12208.0
2016-09-01,TEZPUR,262.0
2016-09-01,THIRUVANANTHAPURAM,136004.0
2016-09-01,TIRUCHIRAPPALLI,15931.0
2016-09-01,TIRUPATI,43421.0
2016-09-01,TUTICORIN,8792.0
2016-09-01,UDAIPUR,82936.0
2016-09-01,VADODARA,85780.0
2016-09-01,VARANASI,131586.0
2016-09-01,VIJAYAWADA,55824.0
2016-09-01,VISAKHAPATNAM,179388.0
2016-10-01,AGARTALA,97641.0
2016-10-01,AGATTI ISLAND,1473.0
2016-10-01,AGRA,1243.0
2016-10-01,AHMEDABAD,492605.0
2016-10-01,AIZAWL,18656.0
2016-10-01,AMRITSAR,92274.0
2016-10-01,AURANGABAD,25059.0
2016-10-01,BAGDOGRA,128791.0
2016-10-01,BELGAUM,8745.0
2016-10-01,BENGALURU,1697087.0
2016-10-01,BHAVNAGAR,1455.0
2016-10-01,BHOPAL,54563.0
2016-10-01,BHUBANESWAR,194217.0
2016-10-01,BHUJ,14643.0
2016-10-01,CHANDIGARH,151347.0
2016-10-01,CHENNAI,1096971.0
2016-10-01,COIMBATORE,159368.0
2016-10-01,DEHRADUN,79253.0
2016-10-01,DELHI,3519356.0
2016-10-01,DHARAMSALA,8084.0
2016-10-01,DIBRUGARH,24938.0
2016-10-01,DIMAPUR,11834.0
2016-10-01,DIU,1297.0
2016-10-01,GAYA,7385.0
2016-10-01,GOA,481754.0
2016-10-01,GORAKHPUR,10576.0
2016-10-01,GUWAHATI,343636.0
2016-10-01,GWALIOR,1377.0
2016-10-01,HUBLI,1304.0
2016-10-01,HYDERABAD,1058678.0
2016-10-01,IMPHAL,73340.0
2016-10-01,INDORE,127538.0
2016-10-01,JABALPUR,14960.0
2016-10-01,JAIPUR,275596.0
2016-10-01,JAMMU,103581.0
2016-10-01,JAMNAGAR,6409.0
2016-10-01,JODHPUR,22830.0
2016-10-01,JORHAT,3920.0
2016-10-01,KADAPA,241.0
2016-10-01,KHAJURAHO,6701.0
2016-10-01,KOCHI,346066.0
2016-10-01,KOLKATA,1224284.0
2016-10-01,KOZHIKODE,32887.0
2016-10-01,KULLU,2319.0
2016-10-01,LEH,34472.0
2016-10-01,LILABARI,904.0
2016-10-01,LUCKNOW,279716.0
2016-10-01,MADURAI,56364.0
2016-10-01,MANGALURU,76535.0
2016-10-01,MUMBAI,2611929.0
2016-10-01,NAGPUR,146431.0
2016-10-01,PANTNAGAR,1153.0
2016-10-01,PATNA,180659.0
2016-10-01,PORT BLAIR,108459.0
2016-10-01,PRAYAGRAJ,4426.0
2016-10-01,PUNE,518426.0
2016-10-01,RAIPUR,111654.0
2016-10-01,RAJAHMUNDRY,23381.0
2016-10-01,RAJKOT,33546.0
2016-10-01,RANCHI,98356.0
2016-10-01,SHILLONG,1377.0
2016-10-01,SILCHAR,19466.0
2016-10-01,SRINAGAR,139929.0
2016-10-01,SURAT,13201.0
2016-10-01,TEZPUR,657.0
2016-10-01,THIRUVANANTHAPURAM,132074.0
2016-10-01,TIRUCHIRAPPALLI,14604.0
2016-10-01,TIRUPATI,40545.0
2016-10-01,TUTICORIN,8816.0
2016-10-01,UDAIPUR,90577.0
2016-10-01,VADODARA,86434.0
2016-10-01,VARANASI,155115.0
2016-10-01,VIJAYAWADA,61007.0
2016-10-01,VISAKHAPATNAM,199801.0
2016-11-01,AGARTALA,97534.0
2016-11-01,AGATTI ISLAND,1605.0
2016-11-01,AGRA,1361.0
2016-11-01,AHMEDABAD,572044.0
2016-11-01,AIZAWL,21578.0
2016-11-01,AMRITSAR,89761.0
2016-11-01,AURANGABAD,23714.0
2016-11-01,BAGDOGRA,132308.0
2016-11-01,BELGAUM,7173.0
2016-11-01,BENGALURU,1723443.0
2016-11-01,BHAVNAGAR,1897.0
2016-11-01,BHOPAL,49377.0
2016-11-01,BHUBANESWAR,196111.0
2016-11-01,BHUJ,15575.0
2016-11-01,CHANDIGARH,162775.0
2016-11-01,CHENNAI,1109230.0
2016-11-01,COIMBATORE,162818.0
2016-11-01,DEHRADUN,79731.0
2016-11-01,DELHI,3673888.0
2016-11-01,DHARAMSALA,7676.0
2016-11-01,DIBRUGARH,26060.0
2016-11-01,DIMAPUR,12574.0
2016-11-01,DIU,942.0
2016-11-01,GAYA,1904.0
2016-11-01,GOA,526505.0
2016-11-01,GORAKHPUR,9289.0
2016-11-01,GUWAHATI,343128.0
2016-11-01,GWALIOR,1497.0
2016-11-01,HUBLI,1473.0
2016-11-01,HYDERABAD,1095496.0
2016-11-01,IMPHAL,68976.0
2016-11-01,INDORE,145590.0
2016-11-01,JABALPUR,14309.0
2016-11-01,JAIPUR,299874.0
2016-11-01,JAMMU,103980.0
2016-11-01,JAMNAGAR,4637.0
2016-11-01,JODHPUR,32147.0
2016-11-01,JORHAT,5142.0
2016-11-01,KADAPA,275.0
2016-11-01,KHAJURAHO,8345.0
2016-11-01,KOCHI,368351.0
2016-11-01,KOLKATA,1205714.0
2016-11-01,KOZHIKODE,31646.0
2016-11-01,KULLU,1926.0
2016-11-01,LEH,19586.0
2016-11-01,LILABARI,649.0
2016-11-01,LUCKNOW,310630.0
2016-11-01,MADURAI,57216.0
2016-11-01,MANGALURU,72445.0
2016-11-01,MUMBAI,2660789.0
2016-11-01,NAGPUR,172792.0
2016-11-01,PANTNAGAR,1474.0
2016-11-01,PATNA,214257.0
2016-11-01,PORT BLAIR,116866.0
2016-11-01,PRAYAGRAJ,5117.0
2016-11-01,PUNE,562651.0
2016-11-01,RAIPUR,119245.0
2016-11-01,RAJAHMUNDRY,22497.0
2016-11-01,RAJKOT,31288.0
2016-11-01,RANCHI,107002.0
2016-11-01,SHILLONG,1165.0
2016-11-01,SILCHAR,20713.0
2016-11-01,SRINAGAR,97536.0
2016-11-01,SURAT,13314.0
2016-11-01,TEZPUR,268.0
2016-11-01,THIRUVANANTHAPURAM,138882.0
2016-11-01,TIRUCHIRAPPALLI,13867.0
2016-11-01,TIRUPATI,45721.0
2016-11-01,TUTICORIN,8560.0
2016-11-01,UDAIPUR,98456.0
2016-11-01,VADODARA,87623.0
2016-11-01,VARANASI,181333.0
2016-11-01,VIJAYAWADA,62102.0
2016-11-01,VISAKHAPATNAM,199569.0
2016-12-01,AGARTALA,113176.0
2016-12-01,AGATTI ISLAND,2148.0
2016-12-01,AGRA,1205.0
2016-12-01,AHMEDABAD,592658.0
2016-12-01,AIZAWL,23519.0
2016-12-01,AMRITSAR,86816.0
2016-12-01,AURANGABAD,28699.0
2016-12-01,BAGDOGRA,150088.0
2016-12-01,BELGAUM,8895.0
2016-12-01,BENGALURU,1816957.0
2016-12-01,BHATINDA,611.0
2016-12-01,BHAVNAGAR,1717.0
2016-12-01,BHOPAL,51658.0
2016-12-01,BHUBANESWAR,251279.0
2016-12-01,BHUJ,18115.0
2016-12-01,CHANDIGARH,137275.0
2016-12-01,CHENNAI,1146031.0
2016-12-01,COIMBATORE,175463.0
2016-12-01,DEHRADUN,73033.0
2016-12-01,DELHI,3788440.0
2016-12-01,DHARAMSALA,7808.0
2016-12-01,DIBRUGARH,28237.0
2016-12-01,DIMAPUR,16041.0
2016-12-01,DIU,1957.0
2016-12-01,GAYA,7631.0
2016-12-01,GOA,573864.0
2016-12-01,GUWAHATI,399192.0
2016-12-01,GWALIOR,1094.0
2016-12-01,HUBLI,1821.0
2016-12-01,HYDERABAD,1167497.0
2016-12-01,IMPHAL,76073.0
2016-12-01,INDORE,178959.0
2016-12-01,JABALPUR,16153.0
2016-12-01,JAIPUR,302882.0
2016-12-01,JAMMU,103549.0
2016-12-01,JAMNAGAR,6200.0
2016-12-01,JODHPUR,35404.0
2016-12-01,JORHAT,6389.0
2016-12-01,KADAPA,75.0
2016-12-01,KANPUR,1197.0
2016-12-01,KHAJURAHO,5980.0
2016-12-01,KOCHI,400012.0
2016-12-01,KOLKATA,1363179.0
2016-12-01,KOZHIKODE,37165.0
2016-12-01,KULLU,538.0
2016-12-01,LEH,20846.0
2016-12-01,LILABARI,531.0
2016-12-01,LUCKNOW,301641.0
2016-12-01,MADURAI,59726.0
2016-12-01,MANGALURU,84550.0
2016-12-01,MUMBAI,2945909.0
2016-12-01,NAGPUR,183413.0
2016-12-01,PANTNAGAR,784.0
2016-12-01,PATNA,189125.0
2016-12-01,PORT BLAIR,122614.0
2016-12-01,PRAYAGRAJ,3213.0
2016-12-01,PUNE,577346.0
2016-12-01,RAIPUR,136101.0
2016-12-01,RAJAHMUNDRY,20474.0
2016-12-01,RAJKOT,37009.0
2016-12-01,RANCHI,116143.0
2016-12-01,SHILLONG,1297.0
2016-12-01,SILCHAR,22857.0
2016-12-01,SRINAGAR,122380.0
2016-12-01,SURAT,17954.0
2016-12-01,TEZPUR,85.0
2016-12-01,THIRUVANANTHAPURAM,155313.0
2016-12-01,TIRUCHIRAPPALLI,13815.0
2016-12-01,TIRUPATI,43638.0
2016-12-01,TUTICORIN,8318.0
2016-12-01,UDAIPUR,112696.0
2016-12-01,VADODARA,95425.0
2016-12-01,VARANASI,156657.0
2016-12-01,VIJAYAWADA,58906.0
2016-12-01,VISAKHAPATNAM,217040.0
2017-01-01,AGARTALA,108003.0
2017-01-01,AGATTI ISLAND,2222.0
2017-01-01,AGRA,1547.0
2017-01-01,AHMEDABAD,590308.0
2017-01-01,AIZAWL,21741.0
2017-01-01,AMRITSAR,91677.0
2017-01-01,AURANGABAD,28340.0
2017-01-01,BAGDOGRA,145667.0
2017-01-01,BELGAUM,8988.0
2017-01-01,BENGALURU,1803900.0
2017-01-01,BHATINDA,934.0
2017-01-01,BHAVNAGAR,1804.0
2017-01-01,BHOPAL,50265.0
2017-01-01,BHUBANESWAR,253848.0
2017-01-01,BHUJ,18342.0
2017-01-01,CHANDIGARH,132225.0
2017-01-01,CHENNAI,1207158.0
2017-01-01,COIMBATORE,191629.0
2017-01-01,DEHRADUN,70097.0
2017-01-01,DELHI,3784859.0
2017-01-01,DHARAMSALA,7017.0
2017-01-01,DIBRUGARH,27865.0
2017-01-01,DIMAPUR,14791.0
2017-01-01,DIU,1832.0
2017-01-01,GAYA,7973.0
2017-01-01,GOA,610992.0
2017-01-01,GUWAHATI,398055.0
2017-01-01,GWALIOR,1328.0
2017-01-01,HUBLI,1967.0
2017-01-01,HYDERABAD,1174546.0
2017-01-01,IMPHAL,76108.0
2017-01-01,INDORE,173693.0
2017-01-01,JABALPUR,18782.0
2017-01-01,JAIPUR,304737.0
2017-01-01,JAMMU,92926.0
2017-01-01,JAMNAGAR,5829.0
2017-01-01,JODHPUR,39263.0
2017-01-01,JORHAT,6353.0
2017-01-01,KANPUR,1041.0
2017-01-01,KHAJURAHO,8114.0
2017-01-01,KOCHI,401782.0
2017-01-01,KOLKATA,1361048.0
2017-01-01,KOZHIKODE,38393.0
2017-01-01,KULLU,978.0
2017-01-01,LEH,20737.0
2017-01-01,LILABARI,484.0
2017-01-01,LUCKNOW,304945.0
2017-01-01,MADURAI,61784.0
2017-01-01,MANGALURU,91880.0
2017-01-01,MUMBAI,2942370.0
2017-01-01,NAGPUR,171743.0
2017-01-01,PANTNAGAR,542.0
2017-01-01,PATNA,188139.0
2017-01-01,PORT BLAIR,132655.0
2017-01-01,PRAYAGRAJ,3573.0
2017-01-01,PUNE,593018.0
2017-01-01,RAIPUR,129326.0
2017-01-01,RAJAHMUNDRY,23077.0
2017-01-01,RAJKOT,37825.0
2017-01-01,RANCHI,107919.0
2017-01-01,SHILLONG,1140.0
2017-01-01,SILCHAR,22649.0
2017-01-01,SRINAGAR,102620.0
2017-01-01,SURAT,19320.0
2017-01-01,TEZPUR,41.0
2017-01-01,THIRUVANANTHAPURAM,144062.0
2017-01-01,TIRUCHIRAPPALLI,13941.0
2017-01-01,TIRUPATI,41674.0
2017-01-01,TUTICORIN,9109.0
2017-01-01,UDAIPUR,109853.0
2017-01-01,VADODARA,98174.0
2017-01-01,VARANASI,168728.0
2017-01-01,VIJAYAWADA,53797.0
2017-01-01,VISAKHAPATNAM,213132.0
2017-02-01,AGARTALA,90178.0
2017-02-01,AGATTI ISLAND,1868.0
2017-02-01,AGRA,1565.0
2017-02-01,AHMEDABAD,538704.0
2017-02-01,AIZAWL,19642.0
2017-02-01,AMRITSAR,86188.0
2017-02-01,AURANGABAD,26613.0
2017-02-01,BAGDOGRA,141344.0
2017-02-01,BELGAUM,8289.0
2017-02-01,BENGALURU,1496880.0
2017-02-01,BHATINDA,793.0
2017-02-01,BHAVNAGAR,1582.0
2017-02-01,BHOPAL,45434.0
2017-02-01,BHUBANESWAR,213144.0
2017-02-01,BHUJ,17119.0
2017-02-01,CHANDIGARH,161452.0
2017-02-01,CHENNAI,1079420.0
2017-02-01,COIMBATORE,165539.0
2017-02-01,DEHRADUN,72415.0
2017-02-01,DELHI,3511039.0
2017-02-01,DHARAMSALA,6962.0
2017-02-01,DIBRUGARH,25095.0
2017-02-01,DIMAPUR,9776.0
2017-02-01,DIU,1732.0
2017-02-01,GAYA,7190.0
2017-02-01,GOA,545549.0
2017-02-01,GORAKHPUR,7253.0
2017-02-01,GUWAHATI,341807.0
2017-02-01,GWALIOR,1394.0
2017-02-01,HUBLI,1792.0
2017-02-01,HYDERABAD,1110053.0
2017-02-01,IMPHAL,66246.0
2017-02-01,INDORE,157437.0
2017-02-01,JABALPUR,17703.0
2017-02-01,JAIPUR,279633.0
2017-02-01,JAMMU,100769.0
2017-02-01,JAMNAGAR,4720.0
2017-02-01,JODHPUR,37853.0
2017-02-01,JORHAT,5700.0
2017-02-01,KANPUR,946.0
2017-02-01,KHAJURAHO,9047.0
2017-02-01,KOCHI,345854.0
2017-02-01,KOLKATA,1183753.0
2017-02-01,KOZHIKODE,31632.0
2017-02-01,KULLU,1461.0
2017-02-01,LEH,28563.0
2017-02-01,LILABARI,644.0
2017-02-01,LUCKNOW,287128.0
2017-02-01,MADURAI,58819.0
2017-02-01,MANGALURU,77803.0
2017-02-01,MUMBAI,2581027.0
2017-02-01,NAGPUR,145941.0
2017-02-01,PANTNAGAR,1235.0
2017-02-01,PATNA,191468.0
2017-02-01,PORT BLAIR,114800.0
2017-02-01,PRAYAGRAJ,3301.0
2017-02-01,PUNE,538257.0
2017-02-01,RAIPUR,119002.0
2017-02-01,RAJAHMUNDRY,20484.0
2017-02-01,RAJKOT,35209.0
2017-02-01,RANCHI,98778.0
2017-02-01,SHILLONG,905.0
2017-02-01,SILCHAR,20261.0
2017-02-01,SRINAGAR,138800.0
2017-02-01,SURAT,17471.0
2017-02-01,TEZPUR,330.0
2017-02-01,THIRUVANANTHAPURAM,125193.0
2017-02-01,TIRUCHIRAPPALLI,11924.0
2017-02-01,TIRUPATI,40808.0
2017-02-01,TUTICORIN,8732.0
2017-02-01,UDAIPUR,91540.0
2017-02-01,VADODARA,86183.0
2017-02-01,VARANASI,168863.0
2017-02-01,VIJAYAWADA,51894.0
2017-02-01,VISAKHAPATNAM,185502.0
2017-03-01,AGARTALA,96079.0
2017-03-01,AGATTI ISLAND,1843.0
2017-03-01,AGRA,425.0
2017-03-01,AHMEDABAD,552748.0
2017-03-01,AIZAWL,21552.0
2017-03-01,AMRITSAR,117262.0
2017-03-01,AURANGABAD,26832.0
2017-03-01,BAGDOGRA,184942.0
2017-03-01,BELGAUM,8594.0
2017-03-01,BENGALURU,1445842.0
2017-03-01,BHATINDA,891.0
2017-03-01,BHAVNAGAR,1485.0
2017-03-01,BHOPAL,50430.0
2017-03-01,BHUBANESWAR,221019.0
2017-03-01,BHUJ,14635.0
2017-03-01,CHANDIGARH,194416.0
2017-03-01,CHENNAI,1130004.0
2017-03-01,COIMBATORE,163996.0
2017-03-01,DEHRADUN,92753.0
2017-03-01,DELHI,3770108.0
2017-03-01,DHARAMSALA,8840.0
2017-03-01,DIBRUGARH,26554.0
2017-03-01,DIMAPUR,12502.0
2017-03-01,DIU,1430.0
2017-03-01,DURGAPUR,904.0
2017-03-01,GAYA,4626.0
2017-03-01,GOA,568532.0
2017-03-01,GORAKHPUR,11510.0
2017-03-01,GUWAHATI,374027.0
2017-03-01,GWALIOR,1642.0
2017-03-01,HUBLI,1620.0
2017-03-01,HYDERABAD,1147980.0
2017-03-01,IMPHAL,74257.0
2017-03-01,INDORE,162046.0
2017-03-01,JABALPUR,19224.0
2017-03-01,JAIPUR,288865.0
2017-03-01,JAMMU,117854.0
2017-03-01,JAMNAGAR,4921.0
2017-03-01,JODHPUR,35365.0
2017-03-01,JORHAT,5601.0
2017-03-01,KANPUR,870.0
2017-03-01,KHAJURAHO,6981.0
2017-03-01,KOCHI,329880.0
2017-03-01,KOLKATA,1268903.0
2017-03-01,KOZHIKODE,37743.0
2017-03-01,KULLU,1922.0
2017-03-01,LEH,30904.0
2017-03-01,LILABARI,428.0
2017-03-01,LUCKNOW,294381.0
2017-03-01,MADURAI,73142.0
2017-03-01,MANGALURU,75791.0
2017-03-01,MUMBAI,2629794.0
2017-03-01,NAGPUR,147561.0
2017-03-01,PANTNAGAR,1436.0
2017-03-01,PATNA,212206.0
2017-03-01,PORT BLAIR,119507.0
2017-03-01,PRAYAGRAJ,3701.0
2017-03-01,PUNE,563050.0
2017-03-01,RAIPUR,121745.0
2017-03-01,RAJAHMUNDRY,18321.0
2017-03-01,RAJKOT,32559.0
2017-03-01,RANCHI,110166.0
2017-03-01,SHILLONG,1133.0
2017-03-01,SILCHAR,23275.0
2017-03-01,SRINAGAR,182524.0
2017-03-01,SURAT,21557.0
2017-03-01,TEZPUR,63.0
2017-03-01,THIRUVANANTHAPURAM,119229.0
2017-03-01,TIRUCHIRAPPALLI,11879.0
2017-03-01,TIRUPATI,40165.0
2017-03-01,TUTICORIN,11160.0
2017-03-01,UDAIPUR,88610.0
2017-03-01,VADODARA,82598.0
2017-03-01,VARANASI,151005.0
2017-03-01,VIJAYAWADA,53217.0
2017-03-01,VISAKHAPATNAM,183830.0
2017-04-01,AGARTALA,97825.0
2017-04-01,AGATTI ISLAND,2170.0
2017-04-01,AHMEDABAD,584287.0
2017-04-01,AIZAWL,19327.0
2017-04-01,AMRITSAR,117143.0
2017-04-01,AURANGABAD,25791.0
2017-04-01,BAGDOGRA,187020.0
2017-04-01,BELGAUM,8390.0
2017-04-01,BENGALURU,1490488.0
2017-04-01,BHATINDA,828.0
2017-04-01,BHAVNAGAR,1728.0
2017-04-01,BHOPAL,49098.0
2017-04-01,BHUBANESWAR,229972.0
2017-04-01,BHUJ,10190.0
2017-04-01,CHANDIGARH,201316.0
2017-04-01,CHENNAI,1156118.0
2017-04-01,COIMBATORE,171290.0
2017-04-01,DEHRADUN,88472.0
2017-04-01,DELHI,3724088.0
2017-04-01,DHARAMSALA,11458.0
2017-04-01,DIBRUGARH,27508.0
2017-04-01,DIMAPUR,13926.0
2017-04-01,DIU,1462.0
2017-04-01,DURGAPUR,1490.0
2017-04-01,GAYA,3686.0
2017-04-01,GOA,529162.0
2017-04-01,GORAKHPUR,12159.0
2017-04-01,GUWAHATI,390675.0
2017-04-01,GWALIOR,1480.0
2017-04-01,HUBLI,1372.0
2017-04-01,HYDERABAD,1180275.0
2017-04-01,IMPHAL,70669.0
2017-04-01,INDORE,169587.0
2017-04-01,JABALPUR,18451.0
2017-04-01,JAIPUR,302818.0
2017-04-01,JAMMU,110294.0
2017-04-01,JAMNAGAR,5153.0
2017-04-01,JODHPUR,32138.0
2017-04-01,JORHAT,6234.0
2017-04-01,KADAPA,378.0
2017-04-01,KANPUR,720.0
2017-04-01,KHAJURAHO,3180.0
2017-04-01,KOCHI,363667.0
2017-04-01,KOLKATA,1285926.0
2017-04-01,KOZHIKODE,45716.0
2017-04-01,KULLU,2090.0
2017-04-01,LEH,35739.0
2017-04-01,LILABARI,774.0
2017-04-01,LUCKNOW,289866.0
2017-04-01,MADURAI,96453.0
2017-04-01,MANGALURU,84764.0
2017-04-01,MUMBAI,2618551.0
2017-04-01,NAGPUR,144205.0
2017-04-01,NANDED,270.0
2017-04-01,PANTNAGAR,1622.0
2017-04-01,PATNA,219718.0
2017-04-01,PORT BLAIR,116061.0
2017-04-01,PRAYAGRAJ,3514.0
2017-04-01,PUNE,569514.0
2017-04-01,RAIPUR,100917.0
2017-04-01,RAJAHMUNDRY,18754.0
2017-04-01,RAJKOT,27392.0
2017-04-01,RANCHI,115205.0
2017-04-01,SHILLONG,1286.0
2017-04-01,SILCHAR,24077.0
2017-04-01,SIMLA,153.0
2017-04-01,SRINAGAR,209840.0
2017-04-01,SURAT,35809.0
2017-04-01,TEZPUR,383.0
2017-04-01,THIRUVANANTHAPURAM,142851.0
2017-04-01,TIRUCHIRAPPALLI,9351.0
2017-04-01,TIRUPATI,41852.0
2017-04-01,TUTICORIN,8475.0
2017-04-01,UDAIPUR,75570.0
2017-04-01,VADODARA,76833.0
2017-04-01,VARANASI,126419.0
2017-04-01,VIJAYAWADA,57048.0
2017-04-01,VISAKHAPATNAM,190893.0
2017-05-01,AGARTALA,115011.0
2017-05-01,AGATTI ISLAND,2462.0
2017-05-01,AHMEDABAD,664579.0
2017-05-01,AIZAWL,22818.0
2017-05-01,AMRITSAR,112123.0
2017-05-01,AURANGABAD,25829.0
2017-05-01,BAGDOGRA,215165.0
2017-05-01,BELGAUM,8584.0
2017-05-01,BENGALURU,1829421.0
2017-05-01,BHATINDA,1232.0
2017-05-01,BHAVNAGAR,1887.0
2017-05-01,BHOPAL,58878.0
2017-05-01,BHUBANESWAR,235623.0
2017-05-01,BHUJ,10092.0
2017-05-01,CHANDIGARH,220564.0
2017-05-01,CHENNAI,1250249.0
2017-05-01,COIMBATORE,191304.0
2017-05-01,DEHRADUN,90751.0
2017-05-01,DELHI,4118513.0
2017-05-01,DHARAMSALA,13288.0
2017-05-01,DIBRUGARH,27859.0
2017-05-01,DIMAPUR,15410.0
2017-05-01,DIU,1626.0
2017-05-01,DURGAPUR,1641.0
2017-05-01,GAYA,3482.0
2017-05-01,GOA,561136.0
2017-05-01,GORAKHPUR,13162.0
2017-05-01,GUWAHATI,403456.0
2017-05-01,GWALIOR,1591.0
2017-05-01,HUBLI,2120.0
2017-05-01,HYDERABAD,1241565.0
2017-05-01,IMPHAL,75526.0
2017-05-01,INDORE,188836.0
2017-05-01,JABALPUR,18698.0
2017-05-01,JAIPUR,302481.0
2017-05-01,JAMMU,111737.0
2017-05-01,JAMNAGAR,6292.0
2017-05-01,JODHPUR,33031.0
2017-05-01,JORHAT,5954.0
2017-05-01,KADAPA,2854.0
2017-05-01,KANPUR,1065.0
2017-05-01,KHAJURAHO,1193.0
2017-05-01,KOCHI,407488.0
2017-05-01,KOLKATA,1425727.0
2017-05-01,KOZHIKODE,46210.0
2017-05-01,KULLU,2525.0
2017-05-01,LEH,71491.0
2017-05-01,LILABARI,523.0
2017-05-01,LUCKNOW,306240.0
2017-05-01,MADURAI,92253.0
2017-05-01,MANGALURU,122651.0
2017-05-01,MUMBAI,2977747.0
2017-05-01,NAGPUR,173571.0
2017-05-01,NANDED,2244.0
2017-05-01,PANTNAGAR,1588.0
2017-05-01,PATNA,247995.0
2017-05-01,PORT BLAIR,129499.0
2017-05-01,PRAYAGRAJ,3906.0
2017-05-01,PUNE,640568.0
2017-05-01,RAIPUR,114012.0
2017-05-01,RAJAHMUNDRY,21174.0
2017-05-01,RAJKOT,27967.0
2017-05-01,RANCHI,143959.0
2017-05-01,SHILLONG,1402.0
2017-05-01,SILCHAR,25204.0
2017-05-01,SIMLA,990.0
2017-05-01,SRINAGAR,241335.0
2017-05-01,SURAT,39113.0
2017-05-01,TEZPUR,97.0
2017-05-01,THIRUVANANTHAPURAM,165279.0
2017-05-01,TIRUCHIRAPPALLI,9546.0
2017-05-01,TIRUPATI,41298.0
2017-05-01,TUTICORIN,8397.0
2017-05-01,UDAIPUR,76031.0
2017-05-01,VADODARA,92355.0
2017-05-01,VARANASI,127438.0
2017-05-01,VIJAYAWADA,56452.0
2017-05-01,VISAKHAPATNAM,226783.0
2017-06-01,AGARTALA,102355.0
2017-06-01,AGATTI ISLAND,1302.0
2017-06-01,AGRA,274.0
2017-06-01,AHMEDABAD,594982.0
2017-06-01,AIZAWL,22933.0
2017-06-01,AMRITSAR,112624.0
2017-06-01,AURANGABAD,25145.0
2017-06-01,BAGDOGRA,200597.0
2017-06-01,BELGAUM,8206.0
2017-06-01,BENGALURU,1743383.0
2017-06-01,BHATINDA,1243.0
2017-06-01,BHAVNAGAR,1856.0
2017-06-01,BHOPAL,55356.0
2017-06-01,BHUBANESWAR,225917.0
2017-06-01,BHUJ,12505.0
2017-06-01,CHANDIGARH,206386.0
2017-06-01,CHENNAI,1126775.0
2017-06-01,COIMBATORE,173087.0
2017-06-01,DEHRADUN,90470.0
2017-06-01,DELHI,3925713.0
2017-06-01,DHARAMSALA,12510.0
2017-06-01,DIBRUGARH,28055.0
2017-06-01,DIMAPUR,15598.0
2017-06-01,DIU,1309.0
2017-06-01,DURGAPUR,1417.0
2017-06-01,GAYA,4207.0
2017-06-01,GOA,540073.0
2017-06-01,GORAKHPUR,12449.0
2017-06-01,GUWAHATI,392863.0
2017-06-01,GWALIOR,2361.0
2017-06-01,HUBLI,2272.0
2017-06-01,HYDERABAD,1168248.0
2017-06-01,IMPHAL,77067.0
2017-06-01,INDORE,182217.0
2017-06-01,JABALPUR,18183.0
2017-06-01,JAIPUR,292796.0
2017-06-01,JAMMU,114908.0
2017-06-01,JAMNAGAR,5506.0
2017-06-01,JODHPUR,32327.0
2017-06-01,JORHAT,5654.0
2017-06-01,KADAPA,2480.0
2017-06-01,KHAJURAHO,1084.0
2017-06-01,KOCHI,375742.0
2017-06-01,KOLKATA,1316218.0
2017-06-01,KOZHIKODE,37010.0
2017-06-01,KULLU,2336.0
2017-06-01,LEH,83936.0
2017-06-01,LILABARI,423.0
2017-06-01,LUCKNOW,302312.0
2017-06-01,MADURAI,83794.0
2017-06-01,MANGALURU,105585.0
2017-06-01,MUMBAI,2727178.0
2017-06-01,NAGPUR,165872.0
2017-06-01,NANDED,1908.0
2017-06-01,PANTNAGAR,1580.0
2017-06-01,PATNA,233012.0
2017-06-01,PORT BLAIR,108405.0
2017-06-01,PRAYAGRAJ,3458.0
2017-06-01,PUNE,618710.0
2017-06-01,RAIPUR,106157.0
2017-06-01,RAJAHMUNDRY,19241.0
2017-06-01,RAJKOT,26110.0
2017-06-01,RANCHI,143310.0
2017-06-01,SHILLONG,1103.0
2017-06-01,SILCHAR,24086.0
2017-06-01,SIMLA,801.0
2017-06-01,SRINAGAR,218621.0
2017-06-01,SURAT,50104.0
2017-06-01,TEZPUR,73.0
2017-06-01,THIRUVANANTHAPURAM,153119.0
2017-06-01,TIRUCHIRAPPALLI,9860.0
2017-06-01,TIRUPATI,41448.0
2017-06-01,TUTICORIN,8448.0
2017-06-01,UDAIPUR,76799.0
2017-06-01,VADODARA,79526.0
2017-06-01,VARANASI,141734.0
2017-06-01,VIJAYAWADA,56790.0
2017-06-01,VISAKHAPATNAM,204464.0
2017-07-01,AGARTALA,103816.0
2017-07-01,AGATTI ISLAND,1194.0
2017-07-01,AGRA,580.0
2017-07-01,AHMEDABAD,566991.0
2017-07-01,AIZAWL,24029.0
2017-07-01,AMRITSAR,117932.0
2017-07-01,AURANGABAD,28230.0
2017-07-01,BAGDOGRA,154202.0
2017-07-01,BELGAUM,8851.0
2017-07-01,BENGALURU,1784448.0
2017-07-01,BHATINDA,1082.0
2017-07-01,BHAVNAGAR,2039.0
2017-07-01,BHOPAL,54706.0
2017-07-01,BHUBANESWAR,204403.0
2017-07-01,BHUJ,13607.0
2017-07-01,CHANDIGARH,196251.0
2017-07-01,CHENNAI,1164123.0
2017-07-01,COIMBATORE,166835.0
2017-07-01,DEHRADUN,89409.0
2017-07-01,DELHI,3819337.0
2017-07-01,DHARAMSALA,12992.0
2017-07-01,DIBRUGARH,28940.0
2017-07-01,DIMAPUR,16266.0
2017-07-01,DIU,1145.0
2017-07-01,DURGAPUR,465.0
2017-07-01,GAYA,4072.0
2017-07-01,GOA,532309.0
2017-07-01,GORAKHPUR,12618.0
2017-07-01,GUWAHATI,407026.0
2017-07-01,GWALIOR,2533.0
2017-07-01,HUBLI,2532.0
2017-07-01,HYDERABAD,1231235.0
2017-07-01,IMPHAL,79355.0
2017-07-01,INDORE,177460.0
2017-07-01,JABALPUR,19539.0
2017-07-01,JAIPUR,320327.0
2017-07-01,JAMMU,110738.0
2017-07-01,JAMNAGAR,5172.0
2017-07-01,JODHPUR,34086.0
2017-07-01,JORHAT,5861.0
2017-07-01,KADAPA,2811.0
2017-07-01,KANDLA,3102.0
2017-07-01,KHAJURAHO,1973.0
2017-07-01,KOCHI,387765.0
2017-07-01,KOLKATA,1267829.0
2017-07-01,KOZHIKODE,44338.0
2017-07-01,KULLU,2147.0
2017-07-01,LEH,76690.0
2017-07-01,LILABARI,481.0
2017-07-01,LUCKNOW,285200.0
2017-07-01,MADURAI,82756.0
2017-07-01,MANGALURU,116226.0
2017-07-01,MUMBAI,2763648.0
2017-07-01,NAGPUR,152677.0
2017-07-01,NANDED,1890.0
2017-07-01,PANTNAGAR,1318.0
2017-07-01,PATNA,246557.0
2017-07-01,PORBANDAR,3046.0
2017-07-01,PORT BLAIR,75876.0
2017-07-01,PRAYAGRAJ,3946.0
2017-07-01,PUNE,630654.0
2017-07-01,RAIPUR,125706.0
2017-07-01,RAJAHMUNDRY,18690.0
2017-07-01,RAJKOT,30549.0
2017-07-01,RANCHI,139554.0
2017-07-01,SHILLONG,985.0
2017-07-01,SILCHAR,30114.0
2017-07-01,SIMLA,679.0
2017-07-01,SRINAGAR,236787.0
2017-07-01,SURAT,63028.0
2017-07-01,TEZPUR,189.0
2017-07-01,THIRUVANANTHAPURAM,151325.0
2017-07-01,TIRUCHIRAPPALLI,9555.0
2017-07-01,TIRUPATI,52016.0
2017-07-01,TUTICORIN,9375.0
2017-07-01,UDAIPUR,77736.0
2017-07-01,VADODARA,73319.0
2017-07-01,VARANASI,140994.0
2017-07-01,VIJAYAWADA,66135.0
2017-07-01,VISAKHAPATNAM,182050.0
2017-08-01,AGARTALA,108966.0
2017-08-01,AGATTI ISLAND,1229.0
2017-08-01,AGRA,472.0
2017-08-01,AHMEDABAD,605031.0
2017-08-01,AIZAWL,25410.0
2017-08-01,AMRITSAR,123762.0
2017-08-01,AURANGABAD,27894.0
2017-08-01,BAGDOGRA,166863.0
2017-08-01,BELGAUM,9007.0
2017-08-01,BENGALURU,1820866.0
2017-08-01,BHATINDA,1238.0
2017-08-01,BHAVNAGAR,2112.0
2017-08-01,BHOPAL,58402.0
2017-08-01,BHUBANESWAR,212717.0
2017-08-01,BHUJ,14042.0
2017-08-01,CHANDIGARH,189061.0
2017-08-01,CHENNAI,1137537.0
2017-08-01,COIMBATORE,159295.0
2017-08-01,DEHRADUN,86942.0
2017-08-01,DELHI,3844397.0
2017-08-01,DHARAMSALA,12600.0
2017-08-01,DIBRUGARH,26838.0
2017-08-01,DIMAPUR,16002.0
2017-08-01,DIU,1442.0
2017-08-01,GAYA,4134.0
2017-08-01,GOA,532013.0
2017-08-01,GORAKHPUR,12242.0
2017-08-01,GUWAHATI,398233.0
2017-08-01,GWALIOR,1527.0
2017-08-01,HUBLI,3657.0
2017-08-01,HYDERABAD,1210221.0
2017-08-01,IMPHAL,74499.0
2017-08-01,INDORE,180124.0
2017-08-01,JABALPUR,18573.0
2017-08-01,JAIPUR,340721.0
2017-08-01,JAMMU,109377.0
2017-08-01,JAMNAGAR,5195.0
2017-08-01,JODHPUR,34622.0
2017-08-01,JORHAT,6241.0
2017-08-01,KADAPA,3217.0
2017-08-01,KANDLA,4131.0
2017-08-01,KHAJURAHO,2562.0
2017-08-01,KOCHI,410360.0
2017-08-01,KOLKATA,1345361.0
2017-08-01,KOZHIKODE,46168.0
2017-08-01,KULLU,1899.0
2017-08-01,LEH,70038.0
2017-08-01,LILABARI,403.0
2017-08-01,LUCKNOW,301884.0
2017-08-01,MADURAI,81163.0
2017-08-01,MANGALURU,118035.0
2017-08-01,MUMBAI,2823261.0
2017-08-01,NAGPUR,159114.0
2017-08-01,NANDED,2498.0
2017-08-01,PANTNAGAR,1251.0
2017-08-01,PATNA,249795.0
2017-08-01,PORBANDAR,4213.0
2017-08-01,PORT BLAIR,83020.0
2017-08-01,PRAYAGRAJ,3882.0
2017-08-01,PUDUCHERRY,2214.0
2017-08-01,PUNE,649693.0
2017-08-01,RAIPUR,128181.0
2017-08-01,RAJAHMUNDRY,19051.0
2017-08-01,RAJKOT,29338.0
2017-08-01,RANCHI,147057.0
2017-08-01,SHILLONG,1030.0
2017-08-01,SILCHAR,31387.0
2017-08-01,SIMLA,549.0
2017-08-01,SRINAGAR,187875.0
2017-08-01,SURAT,66893.0
2017-08-01,TEZPUR,64.0
2017-08-01,THIRUVANANTHAPURAM,153441.0
2017-08-01,TIRUCHIRAPPALLI,9544.0
2017-08-01,TIRUPATI,51183.0
2017-08-01,TUTICORIN,8275.0
2017-08-01,UDAIPUR,84319.0
2017-08-01,VADODARA,75922.0
2017-08-01,VARANASI,142968.0
2017-08-01,VIJAYAWADA,67108.0
2017-08-01,VISAKHAPATNAM,174909.0
2017-09-01,AGARTALA,110756.0
2017-09-01,AGATTI ISLAND,1819.0
2017-09-01,AGRA,561.0
2017-09-01,AHMEDABAD,606316.0
2017-09-01,AIZAWL,23455.0
2017-09-01,AMRITSAR,122386.0
2017-09-01,AURANGABAD,25301.0
2017-09-01,BAGDOGRA,174171.0
2017-09-01,BELGAUM,8444.0
2017-09-01,BENGALURU,1786226.0
2017-09-01,BHATINDA,1277.0
2017-09-01,BHAVNAGAR,2010.0
2017-09-01,BHOPAL,53489.0
2017-09-01,BHUBANESWAR,231572.0
2017-09-01,BHUJ,13739.0
2017-09-01,BIKANER,579.0
2017-09-01,CHANDIGARH,181651.0
2017-09-01,CHENNAI,1159988.0
2017-09-01,COIMBATORE,165664.0
2017-09-01,DEHRADUN,86647.0
2017-09-01,DELHI,3794221.0
2017-09-01,DHARAMSALA,12997.0
2017-09-01,DIBRUGARH,24994.0
2017-09-01,DIMAPUR,15684.0
2017-09-01,DIU,1250.0
2017-09-01,GAYA,5232.0
2017-09-01,GOA,505656.0
2017-09-01,GORAKHPUR,12454.0
2017-09-01,GUWAHATI,403730.0
2017-09-01,GWALIOR,2489.0
2017-09-01,HUBLI,3571.0
2017-09-01,HYDERABAD,1199528.0
2017-09-01,IMPHAL,72699.0
2017-09-01,INDORE,168139.0
2017-09-01,JABALPUR,18799.0
2017-09-01,JAIPUR,337398.0
2017-09-01,JAMMU,114236.0
2017-09-01,JAMNAGAR,4911.0
2017-09-01,JODHPUR,33317.0
2017-09-01,JORHAT,5459.0
2017-09-01,KADAPA,2575.0
2017-09-01,KANDLA,4423.0
2017-09-01,KHAJURAHO,2371.0
2017-09-01,KOCHI,404870.0
2017-09-01,KOLKATA,1398968.0
2017-09-01,KOZHIKODE,42705.0
2017-09-01,KULLU,2070.0
2017-09-01,LEH,71497.0
2017-09-01,LILABARI,510.0
2017-09-01,LUCKNOW,293559.0
2017-09-01,LUDHIANA,1903.0
2017-09-01,MADURAI,81488.0
2017-09-01,MANGALURU,112511.0
2017-09-01,MUMBAI,2707447.0
2017-09-01,MYSURU,1188.0
2017-09-01,NAGPUR,145149.0
2017-09-01,NANDED,2279.0
2017-09-01,PANTNAGAR,1424.0
2017-09-01,PATNA,247670.0
2017-09-01,PORBANDAR,3986.0
2017-09-01,PORT BLAIR,105778.0
2017-09-01,PRAYAGRAJ,3814.0
2017-09-01,PUDUCHERRY,4110.0
2017-09-01,PUNE,623243.0
2017-09-01,RAIPUR,123094.0
2017-09-01,RAJAHMUNDRY,16547.0
2017-09-01,RAJKOT,26446.0
2017-09-01,RANCHI,141410.0
2017-09-01,SHILLONG,1190.0
2017-09-01,SILCHAR,31051.0
2017-09-01,SIMLA,911.0
2017-09-01,SRINAGAR,187996.0
2017-09-01,SURAT,60455.0
2017-09-01,TEZPUR,80.0
2017-09-01,THIRUVANANTHAPURAM,161272.0
2017-09-01,TIRUCHIRAPPALLI,11603.0
2017-09-01,TIRUPATI,43025.0
2017-09-01,TUTICORIN,8362.0
2017-09-01,UDAIPUR,79631.0
2017-09-01,VADODARA,69291.0
2017-09-01,VARANASI,136335.0
2017-09-01,VIJAYAWADA,68406.0
2017-09-01,VISAKHAPATNAM,173416.0
2017-10-01,AGARTALA,112865.0
2017-10-01,AGATTI ISLAND,2202.0
2017-10-01,AGRA,1255.0
2017-10-01,AHMEDABAD,701274.0
2017-10-01,AIZAWL,21382.0
2017-10-01,AMRITSAR,156547.0
2017-10-01,AURANGABAD,26152.0
2017-10-01,BAGDOGRA,185995.0
2017-10-01,BELGAUM,15125.0
2017-10-01,BENGALURU,1948462.0
2017-10-01,BHATINDA,1392.0
2017-10-01,BHAVNAGAR,2116.0
2017-10-01,BHOPAL,58866.0
2017-10-01,BHUBANESWAR,277683.0
2017-10-01,BHUJ,14591.0
2017-10-01,BIKANER,3269.0
2017-10-01,CHANDIGARH,151252.0
2017-10-01,CHENNAI,1201645.0
2017-10-01,COIMBATORE,174133.0
2017-10-01,DEHRADUN,93052.0
2017-10-01,DELHI,4189156.0
2017-10-01,DHARAMSALA,12569.0
2017-10-01,DIBRUGARH,28504.0
2017-10-01,DIMAPUR,15204.0
2017-10-01,DIU,1846.0
2017-10-01,GAYA,5603.0
2017-10-01,GOA,567132.0
2017-10-01,GORAKHPUR,8753.0
2017-10-01,GUWAHATI,418550.0
2017-10-01,GWALIOR,2512.0
2017-10-01,HUBLI,3572.0
2017-10-01,HYDERABAD,1344955.0
2017-10-01,IMPHAL,77193.0
2017-10-01,INDORE,183737.0
2017-10-01,JABALPUR,20618.0
2017-10-01,JAIPUR,376945.0
2017-10-01,JAISALMER,637.0
2017-10-01,JAMMU,130876.0
2017-10-01,JAMNAGAR,5748.0
2017-10-01,JODHPUR,36553.0
2017-10-01,JORHAT,5512.0
2017-10-01,KADAPA,2356.0
2017-10-01,KANDLA,4620.0
2017-10-01,KHAJURAHO,6285.0
2017-10-01,KOCHI,424926.0
2017-10-01,KOLKATA,1521625.0
2017-10-01,KOZHIKODE,39137.0
2017-10-01,KULLU,2695.0
2017-10-01,LEH,46322.0
2017-10-01,LILABARI,548.0
2017-10-01,LUCKNOW,332865.0
2017-10-01,LUDHIANA,1784.0
2017-10-01,MADURAI,87726.0
2017-10-01,MANGALURU,129163.0
2017-10-01,MUMBAI,2890400.0
2017-10-01,MYSURU,2672.0
2017-10-01,NAGPUR,162855.0
2017-10-01,NANDED,2094.0
2017-10-01,PANTNAGAR,1205.0
2017-10-01,PATNA,299274.0
2017-10-01,PORBANDAR,4448.0
2017-10-01,PORT BLAIR,129134.0
2017-10-01,PRAYAGRAJ,3866.0
2017-10-01,PUDUCHERRY,3808.0
2017-10-01,PUNE,680225.0
2017-10-01,RAIPUR,137522.0
2017-10-01,RAJAHMUNDRY,15281.0
2017-10-01,RAJKOT,28240.0
2017-10-01,RANCHI,174541.0
2017-10-01,SHILLONG,1157.0
2017-10-01,SHIRDI,4490.0
2017-10-01,SILCHAR,30614.0
2017-10-01,SIMLA,263.0
2017-10-01,SRINAGAR,190155.0
2017-10-01,SURAT,61844.0
2017-10-01,TEZPUR,109.0
2017-10-01,THIRUVANANTHAPURAM,164227.0
2017-10-01,TIRUCHIRAPPALLI,11755.0
2017-10-01,TIRUPATI,43433.0
2017-10-01,TUTICORIN,8410.0
2017-10-01,UDAIPUR,87491.0
2017-10-01,VADODARA,85018.0
2017-10-01,VARANASI,164136.0
2017-10-01,VIDYANAGAR,2268.0
2017-10-01,VIJAYAWADA,66599.0
2017-10-01,VISAKHAPATNAM,193853.0
2017-11-01,AGARTALA,110144.0
2017-11-01,AGATTI ISLAND,2198.0
2017-11-01,AGRA,1078.0
2017-11-01,AHMEDABAD,702973.0
2017-11-01,AIZAWL,21662.0
2017-11-01,AMRITSAR,155765.0
2017-11-01,AURANGABAD,29345.0
2017-11-01,BAGDOGRA,182397.0
2017-11-01,BELGAUM,15647.0
2017-11-01,BENGALURU,1939523.0
2017-11-01,BHATINDA,978.0
2017-11-01,BHAVNAGAR,1972.0
2017-11-01,BHOPAL,58343.0
2017-11-01,BHUBANESWAR,285624.0
2017-11-01,BHUJ,16379.0
2017-11-01,BIKANER,2972.0
2017-11-01,CHANDIGARH,152104.0
2017-11-01,CHENNAI,1229550.0
2017-11-01,COIMBATORE,184826.0
2017-11-01,DEHRADUN,84661.0
2017-11-01,DELHI,4081027.0
2017-11-01,DHARAMSALA,8703.0
2017-11-01,DIBRUGARH,28492.0
2017-11-01,DIMAPUR,14857.0
2017-11-01,DIU,1783.0
2017-11-01,GAYA,4744.0
2017-11-01,GOA,563012.0
2017-11-01,GORAKHPUR,6000.0
2017-11-01,GUWAHATI,406501.0
2017-11-01,GWALIOR,2344.0
2017-11-01,HUBLI,3539.0
2017-11-01,HYDERABAD,1372558.0
2017-11-01,IMPHAL,74419.0
2017-11-01,INDORE,191352.0
2017-11-01,JABALPUR,19124.0
2017-11-01,JAIPUR,379387.0
2017-11-01,JAISALMER,6752.0
2017-11-01,JAMMU,125025.0
2017-11-01,JAMNAGAR,6280.0
2017-11-01,JODHPUR,36874.0
2017-11-01,JORHAT,6651.0
2017-11-01,KADAPA,3668.0
2017-11-01,KANDLA,4490.0
2017-11-01,KHAJURAHO,7844.0
2017-11-01,KOCHI,435497.0
2017-11-01,KOLKATA,1480714.0
2017-11-01,KOZHIKODE,39627.0
2017-11-01,KULLU,2578.0
2017-11-01,LEH,31631.0
2017-11-01,LILABARI,486.0
2017-11-01,LUCKNOW,344721.0
2017-11-01,LUDHIANA,625.0
2017-11-01,MADURAI,92432.0
2017-11-01,MANGALURU,131094.0
2017-11-01,MUMBAI,2992783.0
2017-11-01,MYSURU,1977.0
2017-11-01,NAGPUR,171945.0
2017-11-01,NANDED,2693.0
2017-11-01,PANTNAGAR,1019.0
2017-11-01,PATNA,290216.0
2017-11-01,PORBANDAR,4488.0
2017-11-01,PORT BLAIR,131418.0
2017-11-01,PRAYAGRAJ,3577.0
2017-11-01,PUDUCHERRY,3211.0
2017-11-01,PUNE,685928.0
2017-11-01,RAIPUR,153548.0
2017-11-01,RAJAHMUNDRY,14329.0
2017-11-01,RAJKOT,29129.0
2017-11-01,RANCHI,198361.0
2017-11-01,SHILLONG,984.0
2017-11-01,SHIRDI,6349.0
2017-11-01,SILCHAR,30102.0
2017-11-01,SIMLA,905.0
2017-11-01,SRINAGAR,168967.0
2017-11-01,SURAT,62114.0
2017-11-01,TEZPUR,136.0
2017-11-01,THIRUVANANTHAPURAM,178065.0
2017-11-01,TIRUCHIRAPPALLI,10979.0
2017-11-01,TIRUPATI,41434.0
2017-11-01,TUTICORIN,7756.0
2017-11-01,UDAIPUR,106355.0
2017-11-01,VADODARA,86239.0
2017-11-01,VARANASI,172938.0
2017-11-01,VIDYANAGAR,1587.0
2017-11-01,VIJAYAWADA,63014.0
2017-11-01,VISAKHAPATNAM,191304.0
2017-12-01,AGARTALA,123583.0
2017-12-01,AGATTI ISLAND,1982.0
2017-12-01,AGRA,1848.0
2017-12-01,AHMEDABAD,760230.0
2017-12-01,AIZAWL,21089.0
2017-12-01,AMRITSAR,165253.0
2017-12-01,AURANGABAD,30775.0
2017-12-01,BAGDOGRA,206780.0
2017-12-01,BELGAUM,17615.0
2017-12-01,BENGALURU,2126675.0
2017-12-01,BHATINDA,1510.0
2017-12-01,BHAVNAGAR,1791.0
2017-12-01,BHOPAL,61118.0
2017-12-01,BHUBANESWAR,308782.0
2017-12-01,BHUJ,17497.0
2017-12-01,BIKANER,3651.0
2017-12-01,CHANDIGARH,139170.0
2017-12-01,CHENNAI,1334414.0
2017-12-01,COIMBATORE,206413.0
2017-12-01,DEHRADUN,91197.0
2017-12-01,DELHI,4343824.0
2017-12-01,DHARAMSALA,11248.0
2017-12-01,DIBRUGARH,28651.0
2017-12-01,DIMAPUR,17033.0
2017-12-01,DIU,1914.0
2017-12-01,GAYA,6615.0
2017-12-01,GOA,610626.0
2017-12-01,GUWAHATI,429092.0
2017-12-01,GWALIOR,2076.0
2017-12-01,HUBLI,5477.0
2017-12-01,HYDERABAD,1486758.0
2017-12-01,IMPHAL,81514.0
2017-12-01,INDORE,209859.0
2017-12-01,JABALPUR,22289.0
2017-12-01,JAIPUR,405825.0
2017-12-01,JAISALMER,8403.0
2017-12-01,JALGAON,78.0
2017-12-01,JAMMU,130702.0
2017-12-01,JAMNAGAR,6524.0
2017-12-01,JODHPUR,47124.0
2017-12-01,JORHAT,6663.0
2017-12-01,KADAPA,5664.0
2017-12-01,KANDLA,4741.0
2017-12-01,KHAJURAHO,5503.0
2017-12-01,KOCHI,499674.0
2017-12-01,KOLKATA,1609821.0
2017-12-01,KOZHIKODE,44421.0
2017-12-01,KULLU,1953.0
2017-12-01,LEH,34082.0
2017-12-01,LILABARI,506.0
2017-12-01,LUCKNOW,386150.0
2017-12-01,LUDHIANA,1226.0
2017-12-01,MADURAI,102650.0
2017-12-01,MANGALURU,140643.0
2017-12-01,MUMBAI,3102075.0
2017-12-01,MYSURU,3197.0
2017-12-01,NAGPUR,208811.0
2017-12-01,NANDED,7235.0
2017-12-01,NASHIK,174.0
2017-12-01,PANTNAGAR,732.0
2017-12-01,PATNA,242216.0
2017-12-01,PORBANDAR,4709.0
2017-12-01,PORT BLAIR,156756.0
2017-12-01,PRAYAGRAJ,3890.0
2017-12-01,PUDUCHERRY,4189.0
2017-12-01,PUNE,718425.0
2017-12-01,RAIPUR,166007.0
2017-12-01,RAJAHMUNDRY,14314.0
2017-12-01,RAJKOT,32937.0
2017-12-01,RANCHI,212262.0
2017-12-01,SHILLONG,1379.0
2017-12-01,SHIRDI,6700.0
2017-12-01,SILCHAR,34735.0
2017-12-01,SIMLA,957.0
2017-12-01,SRINAGAR,197038.0
2017-12-01,SURAT,57450.0
2017-12-01,TEZPUR,128.0
2017-12-01,THIRUVANANTHAPURAM,197716.0
2017-12-01,TIRUCHIRAPPALLI,12785.0
2017-12-01,TIRUPATI,40876.0
2017-12-01,TUTICORIN,8488.0
2017-12-01,UDAIPUR,121508.0
2017-12-01,VADODARA,89480.0
2017-12-01,VARANASI,169377.0
2017-12-01,VIDYANAGAR,2661.0
2017-12-01,VIJAYAWADA,62633.0
2017-12-01,VISAKHAPATNAM,209608.0
2018-01-01,AGARTALA,128670.0
2018-01-01,AGATTI ISLAND,2809.0
2018-01-01,AGRA,2016.0
2018-01-01,AHMEDABAD,778819.0
2018-01-01,AIZAWL,22850.0
2018-01-01,AMRITSAR,160857.0
2018-01-01,AURANGABAD,30465.0
2018-01-01,BAGDOGRA,201976.0
2018-01-01,BELGAUM,17274.0
2018-01-01,BENGALURU,2196854.0
2018-01-01,BHATINDA,957.0
2018-01-01,BHAVNAGAR,2419.0
2018-01-01,BHOPAL,63632.0
2018-01-01,BHUBANESWAR,335821.0
2018-01-01,BHUJ,18073.0
2018-01-01,BIKANER,3293.0
2018-01-01,CHANDIGARH,132234.0
2018-01-01,CHENNAI,1390819.0
2018-01-01,COIMBATORE,218711.0
2018-01-01,DEHRADUN,98362.0
2018-01-01,DELHI,4327674.0
2018-01-01,DHARAMSALA,9348.0
2018-01-01,DIBRUGARH,29444.0
2018-01-01,DIMAPUR,16712.0
2018-01-01,DIU,1868.0
2018-01-01,GAYA,7493.0
2018-01-01,GOA,637618.0
2018-01-01,GUWAHATI,446053.0
2018-01-01,GWALIOR,1859.0
2018-01-01,HUBLI,7393.0
2018-01-01,HYDERABAD,1556647.0
2018-01-01,IMPHAL,83719.0
2018-01-01,INDORE,199689.0
2018-01-01,JABALPUR,21006.0
2018-01-01,JAIPUR,414869.0
2018-01-01,JAISALMER,8717.0
2018-01-01,JALGAON,212.0
2018-01-01,JAMMU,136050.0
2018-01-01,JAMNAGAR,6727.0
2018-01-01,JODHPUR,46107.0
2018-01-01,JORHAT,6888.0
2018-01-01,KADAPA,6122.0
2018-01-01,KANDLA,4820.0
2018-01-01,KHAJURAHO,7635.0
2018-01-01,KOCHI,546184.0
2018-01-01,KOLKATA,1627317.0
2018-01-01,KOZHIKODE,43699.0
2018-01-01,KULLU,1062.0
2018-01-01,LEH,34777.0
2018-01-01,LILABARI,481.0
2018-01-01,LUCKNOW,421614.0
2018-01-01,LUDHIANA,966.0
2018-01-01,MADURAI,115153.0
2018-01-01,MANGALURU,143575.0
2018-01-01,MUMBAI,3126749.0
2018-01-01,MYSURU,3337.0
2018-01-01,NAGPUR,204890.0
2018-01-01,NANDED,8908.0
2018-01-01,NASHIK,859.0
2018-01-01,PANTNAGAR,349.0
2018-01-01,PATNA,239088.0
2018-01-01,PORBANDAR,4795.0
2018-01-01,PORT BLAIR,171829.0
2018-01-01,PRAYAGRAJ,3768.0
2018-01-01,PUDUCHERRY,4524.0
2018-01-01,PUNE,708467.0
2018-01-01,RAIPUR,160810.0
2018-01-01,RAJAHMUNDRY,24615.0
2018-01-01,RAJKOT,34320.0
2018-01-01,RANCHI,204562.0
2018-01-01,SHILLONG,1028.0
2018-01-01,SHIRDI,6820.0
2018-01-01,SILCHAR,37077.0
2018-01-01,SIMLA,963.0
2018-01-01,SRINAGAR,207421.0
2018-01-01,SURAT,59606.0
2018-01-01,TEZPUR,110.0
2018-01-01,THIRUVANANTHAPURAM,195929.0
2018-01-01,TIRUCHIRAPPALLI,14053.0
2018-01-01,TIRUPATI,53431.0
2018-01-01,TUTICORIN,8429.0
2018-01-01,UDAIPUR,119877.0
2018-01-01,VADODARA,92370.0
2018-01-01,VARANASI,184686.0
2018-01-01,VIDYANAGAR,2892.0
2018-01-01,VIJAYAWADA,68482.0
2018-01-01,VISAKHAPATNAM,214771.0
2018-02-01,AGARTALA,112926.0
2018-02-01,AGATTI ISLAND,2139.0
2018-02-01,AGRA,2100.0
2018-02-01,AHMEDABAD,717039.0
2018-02-01,AIZAWL,20172.0
2018-02-01,AMRITSAR,160882.0
2018-02-01,AURANGABAD,28290.0
2018-02-01,BAGDOGRA,189960.0
2018-02-01,BELGAUM,15692.0
2018-02-01,BENGALURU,2086371.0
2018-02-01,BHATINDA,1388.0
2018-02-01,BHAVNAGAR,3399.0
2018-02-01,BHOPAL,57472.0
2018-02-01,BHUBANESWAR,316957.0
2018-02-01,BHUJ,16925.0
2018-02-01,BIKANER,3158.0
2018-02-01,CHANDIGARH,63514.0
2018-02-01,CHENNAI,1308339.0
2018-02-01,COIMBATORE,204901.0
2018-02-01,DEHRADUN,104354.0
2018-02-01,DELHI,4116839.0
2018-02-01,DHARAMSALA,11780.0
2018-02-01,DIBRUGARH,26628.0
2018-02-01,DIMAPUR,14010.0
2018-02-01,DIU,1658.0
2018-02-01,GAYA,6008.0
2018-02-01,GOA,570981.0
2018-02-01,GORAKHPUR,6218.0
2018-02-01,GUWAHATI,403197.0
2018-02-01,GWALIOR,2125.0
2018-02-01,HUBLI,6798.0
2018-02-01,HYDERABAD,1428857.0
2018-02-01,IMPHAL,73911.0
2018-02-01,INDORE,193083.0
2018-02-01,JABALPUR,19465.0
2018-02-01,JAIPUR,404395.0
2018-02-01,JAISALMER,8311.0
2018-02-01,JALGAON,211.0
2018-02-01,JAMMU,127211.0
2018-02-01,JAMNAGAR,6384.0
2018-02-01,JODHPUR,46410.0
2018-02-01,JORHAT,6492.0
2018-02-01,KADAPA,5886.0
2018-02-01,KANDLA,4335.0
2018-02-01,KHAJURAHO,8544.0
2018-02-01,KOCHI,462982.0
2018-02-01,KOLKATA,1505603.0
2018-02-01,KOZHIKODE,39836.0
2018-02-01,KULLU,1247.0
2018-02-01,LEH,33837.0
2018-02-01,LILABARI,444.0
2018-02-01,LUCKNOW,411165.0
2018-02-01,LUDHIANA,1660.0
2018-02-01,MADURAI,104666.0
2018-02-01,MANGALURU,131137.0
2018-02-01,MUMBAI,2909170.0
2018-02-01,MUNDRA,30.0
2018-02-01,MYSURU,2784.0
2018-02-01,NAGPUR,183163.0
2018-02-01,NANDED,8400.0
2018-02-01,NASHIK,716.0
2018-02-01,PANTNAGAR,1084.0
2018-02-01,PATNA,278041.0
2018-02-01,PORBANDAR,4262.0
2018-02-01,PORT BLAIR,140182.0
2018-02-01,PRAYAGRAJ,3581.0
2018-02-01,PUDUCHERRY,5985.0
2018-02-01,PUNE,668567.0
2018-02-01,RAIPUR,160762.0
2018-02-01,RAJAHMUNDRY,27535.0
2018-02-01,RAJKOT,31826.0
2018-02-01,RANCHI,202400.0
2018-02-01,SHILLONG,933.0
2018-02-01,SHIRDI,5792.0
2018-02-01,SILCHAR,33269.0
2018-02-01,SIMLA,1131.0
2018-02-01,SRINAGAR,189812.0
2018-02-01,SURAT,62938.0
2018-02-01,TEZPUR,121.0
2018-02-01,THIRUVANANTHAPURAM,169238.0
2018-02-01,TIRUCHIRAPPALLI,12399.0
2018-02-01,TIRUPATI,54737.0
2018-02-01,TUTICORIN,8511.0
2018-02-01,UDAIPUR,116207.0
2018-02-01,VADODARA,85383.0
2018-02-01,VARANASI,193006.0
2018-02-01,VIDYANAGAR,2861.0
2018-02-01,VIJAYAWADA,67249.0
2018-02-01,VISAKHAPATNAM,200047.0
2018-03-01,AGARTALA,128855.0
2018-03-01,AGATTI ISLAND,2309.0
2018-03-01,AGRA,1287.0
2018-03-01,AHMEDABAD,646820.0
2018-03-01,AIZAWL,22859.0
2018-03-01,AMRITSAR,167874.0
2018-03-01,AURANGABAD,29590.0
2018-03-01,BAGDOGRA,218199.0
2018-03-01,BELGAUM,17748.0
2018-03-01,BENGALURU,2226560.0
2018-03-01,BHATINDA,4422.0
2018-03-01,BHAVNAGAR,3189.0
2018-03-01,BHOPAL,62959.0
2018-03-01,BHUBANESWAR,340868.0
2018-03-01,BHUJ,16437.0
2018-03-01,BIKANER,3564.0
2018-03-01,CHANDIGARH,159340.0
2018-03-01,CHENNAI,1438910.0
2018-03-01,COIMBATORE,219875.0
2018-03-01,DEHRADUN,108450.0
2018-03-01,DELHI,4493642.0
2018-03-01,DHARAMSALA,12187.0
2018-03-01,DIBRUGARH,28641.0
2018-03-01,DIMAPUR,16279.0
2018-03-01,DIU,1648.0
2018-03-01,GAYA,7082.0
2018-03-01,GOA,611635.0
2018-03-01,GORAKHPUR,9832.0
2018-03-01,GUWAHATI,467371.0
2018-03-01,GWALIOR,2121.0
2018-03-01,HUBLI,7143.0
2018-03-01,HYDERABAD,1543643.0
2018-03-01,IMPHAL,85488.0
2018-03-01,INDORE,219338.0
2018-03-01,JABALPUR,21222.0
2018-03-01,JAIPUR,355978.0
2018-03-01,JAISALMER,8152.0
2018-03-01,JALGAON,45.0
2018-03-01,JAMMU,127709.0
2018-03-01,JAMNAGAR,6765.0
2018-03-01,JODHPUR,42113.0
2018-03-01,JORHAT,6746.0
2018-03-01,KADAPA,9315.0
2018-03-01,KANDLA,4778.0
2018-03-01,KHAJURAHO,7302.0
2018-03-01,KOCHI,450412.0
2018-03-01,KOLKATA,1617257.0
2018-03-01,KOZHIKODE,43815.0
2018-03-01,KULLU,3304.0
2018-03-01,LEH,35699.0
2018-03-01,LILABARI,555.0
2018-03-01,LUCKNOW,449144.0
2018-03-01,LUDHIANA,1773.0
2018-03-01,MADURAI,114846.0
2018-03-01,MANGALURU,141626.0
2018-03-01,MUMBAI,3100021.0
2018-03-01,MUNDRA,75.0
2018-03-01,MYSURU,2665.0
2018-03-01,NAGPUR,203312.0
2018-03-01,NANDED,8730.0
2018-03-01,NASHIK,257.0
2018-03-01,PANTNAGAR,1146.0
2018-03-01,PATNA,324705.0
2018-03-01,PORBANDAR,4565.0
2018-03-01,PORT BLAIR,149970.0
2018-03-01,PRAYAGRAJ,3554.0
2018-03-01,PUDUCHERRY,8257.0
2018-03-01,PUNE,703333.0
2018-03-01,RAIPUR,173615.0
2018-03-01,RAJAHMUNDRY,34524.0
2018-03-01,RAJKOT,32339.0
2018-03-01,RANCHI,216256.0
2018-03-01,SALEM,844.0
2018-03-01,SHILLONG,1455.0
2018-03-01,SHIRDI,5928.0
2018-03-01,SILCHAR,34025.0
2018-03-01,SIMLA,910.0
2018-03-01,SRINAGAR,207853.0
2018-03-01,SURAT,65538.0
2018-03-01,TEZPUR,155.0
2018-03-01,THIRUVANANTHAPURAM,174027.0
2018-03-01,TIRUCHIRAPPALLI,14373.0
2018-03-01,TIRUPATI,74120.0
2018-03-01,TUTICORIN,9099.0
2018-03-01,UDAIPUR,113576.0
2018-03-01,VADODARA,90123.0
2018-03-01,VARANASI,218713.0
2018-03-01,VIDYANAGAR,5426.0
2018-03-01,VIJAYAWADA,99810.0
2018-03-01,VISAKHAPATNAM,231646.0
2018-04-01,AGARTALA,133852.0
2018-04-01,AGATTI ISLAND,2721.0
2018-04-01,AGRA,880.0
2018-04-01,AHMEDABAD,697532.0
2018-04-01,AIZAWL,18910.0
2018-04-01,AMRITSAR,139562.0
2018-04-01,AURANGABAD,26872.0
2018-04-01,BAGDOGRA,227965.0
2018-04-01,BELGAUM,19514.0
2018-04-01,BENGALURU,2278822.0
2018-04-01,BHATINDA,4026.0
2018-04-01,BHAVNAGAR,3334.0
2018-04-01,BHOPAL,66354.0
2018-04-01,BHUBANESWAR,327096.0
2018-04-01,BHUJ,15711.0
2018-04-01,BIKANER,5324.0
2018-04-01,CHANDIGARH,150575.0
2018-04-01,CHENNAI,1408257.0
2018-04-01,COIMBATORE,226198.0
2018-04-01,DEHRADUN,101942.0
2018-04-01,DELHI,4431429.0
2018-04-01,DHARAMSALA,13190.0
2018-04-01,DIBRUGARH,28450.0
2018-04-01,DIMAPUR,16907.0
2018-04-01,DIU,1546.0
2018-04-01,DURGAPUR,2263.0
2018-04-01,GAYA,5755.0
2018-04-01,GOA,602429.0
2018-04-01,GORAKHPUR,14654.0
2018-04-01,GUWAHATI,474431.0
2018-04-01,GWALIOR,2303.0
2018-04-01,HUBLI,6110.0
2018-04-01,HYDERABAD,1556578.0
2018-04-01,IMPHAL,87599.0
2018-04-01,INDORE,234902.0
2018-04-01,JABALPUR,21526.0
2018-04-01,JAIPUR,368524.0
2018-04-01,JAISALMER,7063.0
2018-04-01,JALGAON,186.0
2018-04-01,JAMMU,110358.0
2018-04-01,JAMNAGAR,6081.0
2018-04-01,JODHPUR,34827.0
2018-04-01,JORHAT,7799.0
2018-04-01,KADAPA,10157.0
2018-04-01,KANDLA,4222.0
2018-04-01,KHAJURAHO,4150.0
2018-04-01,KOCHI,472902.0
2018-04-01,KOLHAPUR,163.0
2018-04-01,KOLKATA,1565095.0
2018-04-01,KOZHIKODE,55949.0
2018-04-01,KULLU,2753.0
2018-04-01,LEH,54091.0
2018-04-01,LILABARI,447.0
2018-04-01,LUCKNOW,407483.0
2018-04-01,LUDHIANA,1355.0
2018-04-01,MADURAI,108612.0
2018-04-01,MANGALURU,151085.0
2018-04-01,MUMBAI,3007905.0
2018-04-01,MUNDRA,318.0
2018-04-01,MYSURU,3468.0
2018-04-01,NAGPUR,212606.0
2018-04-01,NANDED,8805.0
2018-04-01,NASHIK,119.0
2018-04-01,PANTNAGAR,1123.0
2018-04-01,PATHANKOT,811.0
2018-04-01,PATNA,321092.0
2018-04-01,PORBANDAR,4082.0
2018-04-01,PORT BLAIR,143752.0
2018-04-01,PRAYAGRAJ,3575.0
2018-04-01,PUDUCHERRY,8390.0
2018-04-01,PUNE,726408.0
2018-04-01,RAIPUR,172635.0
2018-04-01,RAJAHMUNDRY,34343.0
2018-04-01,RAJKOT,28747.0
2018-04-01,RANCHI,211971.0
2018-04-01,SALEM,3947.0
2018-04-01,SHILLONG,1584.0
2018-04-01,SHIRDI,5998.0
2018-04-01,SILCHAR,31672.0
2018-04-01,SIMLA,982.0
2018-04-01,SRINAGAR,227311.0
2018-04-01,SURAT,62757.0
2018-04-01,TEZPUR,220.0
2018-04-01,THIRUVANANTHAPURAM,172253.0
2018-04-01,TIRUCHIRAPPALLI,19355.0
2018-04-01,TIRUPATI,72774.0
2018-04-01,TUTICORIN,9012.0
2018-04-01,UDAIPUR,102867.0
2018-04-01,VADODARA,88800.0
2018-04-01,VARANASI,199396.0
2018-04-01,VIDYANAGAR,6299.0
2018-04-01,VIJAYAWADA,102375.0
2018-04-01,VISAKHAPATNAM,224423.0
2018-05-01,ADAMPUR,4448.0
2018-05-01,AGARTALA,132386.0
2018-05-01,AGATTI ISLAND,2422.0
2018-05-01,AGRA,527.0
2018-05-01,AHMEDABAD,786528.0
2018-05-01,AIZAWL,18828.0
2018-05-01,AMRITSAR,127009.0
2018-05-01,AURANGABAD,28935.0
2018-05-01,BAGDOGRA,257845.0
2018-05-01,BELGAUM,11171.0
2018-05-01,BENGALURU,2353486.0
2018-05-01,BHATINDA,3795.0
2018-05-01,BHAVNAGAR,3535.0
2018-05-01,BHOPAL,68632.0
2018-05-01,BHUBANESWAR,358196.0
2018-05-01,BHUJ,15146.0
2018-05-01,BIKANER,4053.0
2018-05-01,CHANDIGARH,56186.0
2018-05-01,CHENNAI,1472303.0
2018-05-01,COIMBATORE,240844.0
2018-05-01,DEHRADUN,117907.0
2018-05-01,DELHI,4476342.0
2018-05-01,DHARAMSALA,15428.0
2018-05-01,DIBRUGARH,28916.0
2018-05-01,DIMAPUR,17031.0
2018-05-01,DIU,2047.0
2018-05-01,DURGAPUR,3485.0
2018-05-01,GAYA,5250.0
2018-05-01,GOA,608687.0
2018-05-01,GORAKHPUR,14742.0
2018-05-01,GUWAHATI,480919.0
2018-05-01,GWALIOR,2145.0
2018-05-01,HUBLI,16442.0
2018-05-01,HYDERABAD,1607727.0
2018-05-01,IMPHAL,93729.0
2018-05-01,INDORE,229258.0
2018-05-01,JABALPUR,23481.0
2018-05-01,JAIPUR,362833.0
2018-05-01,JAISALMER,4800.0
2018-05-01,JALGAON,521.0
2018-05-01,JAMMU,109537.0
2018-05-01,JAMNAGAR,6609.0
2018-05-01,JODHPUR,32374.0
2018-05-01,JORHAT,8354.0
2018-05-01,KADAPA,10122.0
2018-05-01,KANDLA,4492.0
2018-05-01,KHAJURAHO,1467.0
2018-05-01,KOCHI,503677.0
2018-05-01,KOLHAPUR,450.0
2018-05-01,KOLKATA,1641554.0
2018-05-01,KOZHIKODE,59071.0
2018-05-01,KULLU,2591.0
2018-05-01,LEH,90181.0
2018-05-01,LILABARI,902.0
2018-05-01,LUCKNOW,412636.0
2018-05-01,LUDHIANA,1214.0
2018-05-01,MADURAI,115469.0
2018-05-01,MANGALURU,155241.0
2018-05-01,MUMBAI,3080325.0
2018-05-01,MUNDRA,228.0
2018-05-01,MYSURU,3992.0
2018-05-01,NAGPUR,217971.0
2018-05-01,NANDED,9129.0
2018-05-01,NASHIK,190.0
2018-05-01,PANTNAGAR,2222.0
2018-05-01,PASIGHAT,125.0
2018-05-01,PATHANKOT,1159.0
2018-05-01,PATNA,327878.0
2018-05-01,PORBANDAR,4697.0
2018-05-01,PORT BLAIR,157059.0
2018-05-01,PRAYAGRAJ,3963.0
2018-05-01,PUDUCHERRY,8576.0
2018-05-01,PUNE,764456.0
2018-05-01,RAIPUR,176395.0
2018-05-01,RAJAHMUNDRY,38074.0
2018-05-01,RAJKOT,28683.0
2018-05-01,RANCHI,215453.0
2018-05-01,SALEM,3802.0
2018-05-01,SHILLONG,1870.0
2018-05-01,SHIRDI,5525.0
2018-05-01,SILCHAR,29515.0
2018-05-01,SIMLA,1355.0
2018-05-01,SRINAGAR,239071.0
2018-05-01,SURAT,66208.0
2018-05-01,TEZPUR,1969.0
2018-05-01,THIRUVANANTHAPURAM,185700.0
2018-05-01,TIRUCHIRAPPALLI,20252.0
2018-05-01,TIRUPATI,69970.0
2018-05-01,TUTICORIN,9273.0
2018-05-01,UDAIPUR,93373.0
2018-05-01,VADODARA,89404.0
2018-05-01,VARANASI,211281.0
2018-05-01,VIDYANAGAR,6465.0
2018-05-01,VIJAYAWADA,109016.0
2018-05-01,VISAKHAPATNAM,238738.0
2018-06-01,ADAMPUR,3965.0
2018-06-01,AGARTALA,126451.0
2018-06-01,AGATTI ISLAND,1380.0
2018-06-01,AGRA,656.0
2018-06-01,AHMEDABAD,756688.0
2018-06-01,AIZAWL,18857.0
2018-06-01,AMRITSAR,122416.0
2018-06-01,AURANGABAD,26828.0
2018-06-01,BAGDOGRA,235703.0
2018-06-01,BELGAUM,3982.0
2018-06-01,BENGALURU,2257968.0
2018-06-01,BHATINDA,3698.0
2018-06-01,BHAVNAGAR,3289.0
2018-06-01,BHOPAL,63019.0
2018-06-01,BHUBANESWAR,358891.0
2018-06-01,BHUJ,13427.0
2018-06-01,BIKANER,4050.0
2018-06-01,CHANDIGARH,153820.0
2018-06-01,CHENNAI,1403160.0
2018-06-01,COIMBATORE,225034.0
2018-06-01,DEHRADUN,99224.0
2018-06-01,DELHI,4288753.0
2018-06-01,DHARAMSALA,11735.0
2018-06-01,DIBRUGARH,27489.0
2018-06-01,DIMAPUR,16796.0
2018-06-01,DIU,1481.0
2018-06-01,DURGAPUR,3441.0
2018-06-01,GAYA,4975.0
2018-06-01,GOA,566784.0
2018-06-01,GORAKHPUR,14051.0
2018-06-01,GUWAHATI,458810.0
2018-06-01,GWALIOR,2046.0
2018-06-01,HUBLI,25023.0
2018-06-01,HYDERABAD,1520967.0
2018-06-01,IMPHAL,98545.0
2018-06-01,INDORE,242218.0
2018-06-01,JABALPUR,19399.0
2018-06-01,JAGDALPUR,401.0
2018-06-01,JAIPUR,378966.0
2018-06-01,JAISALMER,2331.0
2018-06-01,JALGAON,269.0
2018-06-01,JAMMU,106728.0
2018-06-01,JAMNAGAR,6214.0
2018-06-01,JODHPUR,31746.0
2018-06-01,JORHAT,9502.0
2018-06-01,KADAPA,9736.0
2018-06-01,KANDLA,4352.0
2018-06-01,KHAJURAHO,1597.0
2018-06-01,KOCHI,433648.0
2018-06-01,KOLHAPUR,243.0
2018-06-01,KOLKATA,1559859.0
2018-06-01,KOZHIKODE,43548.0
2018-06-01,KULLU,3026.0
2018-06-01,LEH,90659.0
2018-06-01,LILABARI,766.0
2018-06-01,LUCKNOW,401050.0
2018-06-01,LUDHIANA,1011.0
2018-06-01,MADURAI,109994.0
2018-06-01,MANGALURU,135964.0
2018-06-01,MUMBAI,2860572.0
2018-06-01,MYSURU,3320.0
2018-06-01,NAGPUR,210821.0
2018-06-01,NANDED,9155.0
2018-06-01,NASHIK,1839.0
2018-06-01,PANTNAGAR,1155.0
2018-06-01,PASIGHAT,231.0
2018-06-01,PATHANKOT,902.0
2018-06-01,PATNA,344753.0
2018-06-01,PORBANDAR,4186.0
2018-06-01,PORT BLAIR,131340.0
2018-06-01,PRAYAGRAJ,6706.0
2018-06-01,PUDUCHERRY,8326.0
2018-06-01,PUNE,695532.0
2018-06-01,RAIPUR,168939.0
2018-06-01,RAJAHMUNDRY,35695.0
2018-06-01,RAJKOT,28433.0
2018-06-01,RANCHI,230986.0
2018-06-01,SALEM,3342.0
2018-06-01,SHILLONG,1293.0
2018-06-01,SHIRDI,5470.0
2018-06-01,SILCHAR,28364.0
2018-06-01,SIMLA,646.0
2018-06-01,SRINAGAR,240099.0
2018-06-01,SURAT,75384.0
2018-06-01,TEZPUR,1724.0
2018-06-01,THIRUVANANTHAPURAM,161222.0
2018-06-01,TIRUCHIRAPPALLI,26903.0
2018-06-01,TIRUPATI,70143.0
2018-06-01,TUTICORIN,9197.0
2018-06-01,UDAIPUR,90345.0
2018-06-01,VADODARA,82413.0
2018-06-01,VARANASI,193182.0
2018-06-01,VIDYANAGAR,6390.0
2018-06-01,VIJAYAWADA,102443.0
2018-06-01,VISAKHAPATNAM,218594.0
2018-07-01,ADAMPUR,4538.0
2018-07-01,AGARTALA,128149.0
2018-07-01,AGATTI ISLAND,1245.0
2018-07-01,AGRA,834.0
2018-07-01,AHMEDABAD,805638.0
2018-07-01,AIZAWL,18492.0
2018-07-01,AMRITSAR,128927.0
2018-07-01,AURANGABAD,26981.0
2018-07-01,BAGDOGRA,216111.0
2018-07-01,BELGAUM,904.0
2018-07-01,BENGALURU,2366127.0
2018-07-01,BHATINDA,3766.0
2018-07-01,BHAVNAGAR,3144.0
2018-07-01,BHOPAL,55407.0
2018-07-01,BHUBANESWAR,350913.0
2018-07-01,BHUJ,13672.0
2018-07-01,BIKANER,4890.0
2018-07-01,CHANDIGARH,180871.0
2018-07-01,CHENNAI,1469174.0
2018-07-01,COIMBATORE,216052.0
2018-07-01,DEHRADUN,93075.0
2018-07-01,DELHI,4380094.0
2018-07-01,DHARAMSALA,12018.0
2018-07-01,DIBRUGARH,29035.0
2018-07-01,DIMAPUR,17821.0
2018-07-01,DIU,1254.0
2018-07-01,DURGAPUR,2942.0
2018-07-01,GAYA,5193.0
2018-07-01,GOA,563704.0
2018-07-01,GORAKHPUR,14357.0
2018-07-01,GUWAHATI,485353.0
2018-07-01,GWALIOR,1906.0
2018-07-01,HUBLI,46123.0
2018-07-01,HYDERABAD,1607414.0
2018-07-01,IMPHAL,104142.0
2018-07-01,INDORE,270247.0
2018-07-01,JABALPUR,17406.0
2018-07-01,JAGDALPUR,145.0
2018-07-01,JAIPUR,401692.0
2018-07-01,JAISALMER,3504.0
2018-07-01,JALGAON,11.0
2018-07-01,JAMMU,107327.0
2018-07-01,JAMNAGAR,6870.0
2018-07-01,JODHPUR,30175.0
2018-07-01,JORHAT,9393.0
2018-07-01,KADAPA,9097.0
2018-07-01,KANDLA,4696.0
2018-07-01,KANPUR,4468.0
2018-07-01,KHAJURAHO,2132.0
2018-07-01,KOCHI,468181.0
2018-07-01,KOLHAPUR,22.0
2018-07-01,KOLKATA,1569648.0
2018-07-01,KOZHIKODE,57571.0
2018-07-01,KULLU,1871.0
2018-07-01,LEH,90913.0
2018-07-01,LILABARI,737.0
2018-07-01,LUCKNOW,387839.0
2018-07-01,LUDHIANA,1238.0
2018-07-01,MADURAI,102384.0
2018-07-01,MANGALURU,131422.0
2018-07-01,MUMBAI,2992002.0
2018-07-01,MYSURU,3547.0
2018-07-01,NAGPUR,216028.0
2018-07-01,NANDED,8654.0
2018-07-01,NASHIK,3020.0
2018-07-01,PANTNAGAR,1064.0
2018-07-01,PASIGHAT,117.0
2018-07-01,PATHANKOT,991.0
2018-07-01,PATNA,354454.0
2018-07-01,PORBANDAR,4336.0
2018-07-01,PORT BLAIR,90050.0
2018-07-01,PRAYAGRAJ,7635.0
2018-07-01,PUDUCHERRY,8029.0
2018-07-01,PUNE,731451.0
2018-07-01,RAIPUR,164285.0
2018-07-01,RAJAHMUNDRY,43180.0
2018-07-01,RAJKOT,28218.0
2018-07-01,RANCHI,224599.0
2018-07-01,SALEM,3198.0
2018-07-01,SHILLONG,942.0
2018-07-01,SHIRDI,6738.0
2018-07-01,SILCHAR,31930.0
2018-07-01,SIMLA,358.0
2018-07-01,SRINAGAR,248388.0
2018-07-01,SURAT,77725.0
2018-07-01,TEZPUR,453.0
2018-07-01,THIRUVANANTHAPURAM,179724.0
2018-07-01,TIRUCHIRAPPALLI,34780.0
2018-07-01,TIRUPATI,77035.0
2018-07-01,TUTICORIN,14280.0
2018-07-01,UDAIPUR,96878.0
2018-07-01,VADODARA,84384.0
2018-07-01,VARANASI,202862.0
2018-07-01,VIDYANAGAR,6295.0
2018-07-01,VIJAYAWADA,105863.0
2018-07-01,VISAKHAPATNAM,223298.0
2018-08-01,ADAMPUR,4127.0
2018-08-01,AGARTALA,122387.0
2018-08-01,AGATTI ISLAND,860.0
2018-08-01,AGRA,1138.0
2018-08-01,AHMEDABAD,777781.0
2018-08-01,AIZAWL,18295.0
2018-08-01,AMRITSAR,124765.0
2018-08-01,AURANGABAD,27787.0
2018-08-01,BAGDOGRA,210880.0
2018-08-01,BELGAUM,3569.0
2018-08-01,BENGALURU,2376210.0
2018-08-01,BHATINDA,2962.0
2018-08-01,BHAVNAGAR,3050.0
2018-08-01,BHOPAL,57367.0
2018-08-01,BHUBANESWAR,307046.0
2018-08-01,BHUJ,12681.0
2018-08-01,BIKANER,5008.0
2018-08-01,CHANDIGARH,182079.0
2018-08-01,CHENNAI,1402342.0
2018-08-01,COIMBATORE,220419.0
2018-08-01,DEHRADUN,87316.0
2018-08-01,DELHI,4341518.0
2018-08-01,DHARAMSALA,10166.0
2018-08-01,DIBRUGARH,27211.0
2018-08-01,DIMAPUR,15530.0
2018-08-01,DIU,1614.0
2018-08-01,DURGAPUR,3234.0
2018-08-01,GAYA,5421.0
2018-08-01,GOA,591952.0
2018-08-01,GORAKHPUR,14360.0
2018-08-01,GUWAHATI,433978.0
2018-08-01,GWALIOR,2142.0
2018-08-01,HUBLI,41993.0
2018-08-01,HYDERABAD,1507947.0
2018-08-01,IMPHAL,94910.0
2018-08-01,INDORE,251460.0
2018-08-01,JABALPUR,16713.0
2018-08-01,JAGDALPUR,39.0
2018-08-01,JAIPUR,399607.0
2018-08-01,JAISALMER,3999.0
2018-08-01,JALGAON,345.0
2018-08-01,JAMMU,109243.0
2018-08-01,JAMNAGAR,6945.0
2018-08-01,JODHPUR,33101.0
2018-08-01,JORHAT,10719.0
2018-08-01,KADAPA,9428.0
2018-08-01,KANDLA,4177.0
2018-08-01,KANPUR,4114.0
2018-08-01,KHAJURAHO,2582.0
2018-08-01,KOCHI,241149.0
2018-08-01,KOLHAPUR,332.0
2018-08-01,KOLKATA,1508588.0
2018-08-01,KOZHIKODE,71704.0
2018-08-01,KULLU,1768.0
2018-08-01,LEH,85389.0
2018-08-01,LILABARI,824.0
2018-08-01,LUCKNOW,390925.0
2018-08-01,LUDHIANA,1755.0
2018-08-01,MADURAI,106359.0
2018-08-01,MANGALURU,134893.0
2018-08-01,MUMBAI,2956556.0
2018-08-01,MUNDRA,257.0
2018-08-01,MYSURU,3603.0
2018-08-01,NAGPUR,214497.0
2018-08-01,NANDED,8898.0
2018-08-01,NASHIK,4233.0
2018-08-01,PANTNAGAR,661.0
2018-08-01,PASIGHAT,280.0
2018-08-01,PATHANKOT,955.0
2018-08-01,PATNA,348178.0
2018-08-01,PORBANDAR,4204.0
2018-08-01,PORT BLAIR,95412.0
2018-08-01,PRAYAGRAJ,7450.0
2018-08-01,PUDUCHERRY,8056.0
2018-08-01,PUNE,737346.0
2018-08-01,RAIPUR,161849.0
2018-08-01,RAJAHMUNDRY,41038.0
2018-08-01,RAJKOT,28969.0
2018-08-01,RANCHI,173671.0
2018-08-01,SALEM,3318.0
2018-08-01,SHILLONG,1004.0
2018-08-01,SHIRDI,6851.0
2018-08-01,SILCHAR,29777.0
2018-08-01,SIMLA,370.0
2018-08-01,SRINAGAR,227308.0
2018-08-01,SURAT,88324.0
2018-08-01,TEZPUR,165.0
2018-08-01,THIRUVANANTHAPURAM,225377.0
2018-08-01,TIRUCHIRAPPALLI,31875.0
2018-08-01,TIRUPATI,75318.0
2018-08-01,TUTICORIN,19617.0
2018-08-01,UDAIPUR,97359.0
2018-08-01,VADODARA,77034.0
2018-08-01,VARANASI,189617.0
2018-08-01,VIDYANAGAR,6485.0
2018-08-01,VIJAYAWADA,98104.0
2018-08-01,VISAKHAPATNAM,228213.0
2018-09-01,ADAMPUR,4401.0
2018-09-01,AGARTALA,101132.0
2018-09-01,AGATTI ISLAND,1212.0
2018-09-01,AGRA,1600.0
2018-09-01,AHMEDABAD,813374.0
2018-09-01,AIZAWL,17804.0
2018-09-01,AMRITSAR,128328.0
2018-09-01,AURANGABAD,27640.0
2018-09-01,BAGDOGRA,227457.0
2018-09-01,BELGAUM,4662.0
2018-09-01,BENGALURU,2296254.0
2018-09-01,BHATINDA,3392.0
2018-09-01,BHAVNAGAR,3036.0
2018-09-01,BHOPAL,56053.0
2018-09-01,BHUBANESWAR,311610.0
2018-09-01,BHUJ,13458.0
2018-09-01,BIKANER,4914.0
2018-09-01,CHANDIGARH,190920.0
2018-09-01,CHENNAI,1419027.0
2018-09-01,COIMBATORE,216309.0
2018-09-01,DEHRADUN,94150.0
2018-09-01,DELHI,4258970.0
2018-09-01,DHARAMSALA,12165.0
2018-09-01,DIBRUGARH,29032.0
2018-09-01,DIMAPUR,14756.0
2018-09-01,DIU,1628.0
2018-09-01,DURGAPUR,3325.0
2018-09-01,GAYA,6056.0
2018-09-01,GOA,616077.0
2018-09-01,GORAKHPUR,21132.0
2018-09-01,GUWAHATI,454425.0
2018-09-01,GWALIOR,1851.0
2018-09-01,HUBLI,44840.0
2018-09-01,HYDERABAD,1544348.0
2018-09-01,IMPHAL,95505.0
2018-09-01,INDORE,265936.0
2018-09-01,JABALPUR,16444.0
2018-09-01,JAGDALPUR,150.0
2018-09-01,JAIPUR,407534.0
2018-09-01,JAISALMER,3902.0
2018-09-01,JALGAON,263.0
2018-09-01,JAMMU,109196.0
2018-09-01,JAMNAGAR,6628.0
2018-09-01,JODHPUR,38333.0
2018-09-01,JORHAT,11769.0
2018-09-01,KADAPA,8958.0
2018-09-01,KANDLA,4337.0
2018-09-01,KANPUR,4210.0
2018-09-01,KHAJURAHO,2485.0
2018-09-01,KOCHI,443865.0
2018-09-01,KOLHAPUR,262.0
2018-09-01,KOLKATA,1498385.0
2018-09-01,KOZHIKODE,54255.0
2018-09-01,KULLU,2324.0
2018-09-01,LEH,83753.0
2018-09-01,LILABARI,743.0
2018-09-01,LUCKNOW,386882.0
2018-09-01,LUDHIANA,1824.0
2018-09-01,MADURAI,90257.0
2018-09-01,MANGALURU,124235.0
2018-09-01,MUMBAI,2913208.0
2018-09-01,MUNDRA,271.0
2018-09-01,MYSURU,3350.0
2018-09-01,NAGPUR,216138.0
2018-09-01,NANDED,9156.0
2018-09-01,NASHIK,3370.0
2018-09-01,PANTNAGAR,944.0
2018-09-01,PASIGHAT,173.0
2018-09-01,PATHANKOT,1014.0
2018-09-01,PATNA,339300.0
2018-09-01,PORBANDAR,4257.0
2018-09-01,PORT BLAIR,124601.0
2018-09-01,PRAYAGRAJ,7265.0
2018-09-01,PUDUCHERRY,7441.0
2018-09-01,PUNE,722256.0
2018-09-01,RAIPUR,160712.0
2018-09-01,RAJAHMUNDRY,41234.0
2018-09-01,RAJKOT,28026.0
2018-09-01,RANCHI,172267.0
2018-09-01,SALEM,3188.0
2018-09-01,SHILLONG,1168.0
2018-09-01,SHIRDI,8518.0
2018-09-01,SILCHAR,32740.0
2018-09-01,SIMLA,439.0
2018-09-01,SRINAGAR,225874.0
2018-09-01,SURAT,110001.0
2018-09-01,TEZPUR,170.0
2018-09-01,THIRUVANANTHAPURAM,157587.0
2018-09-01,TIRUCHIRAPPALLI,34953.0
2018-09-01,TIRUPATI,72302.0
2018-09-01,TUTICORIN,20178.0
2018-09-01,UDAIPUR,100206.0
2018-09-01,VADODARA,85393.0
2018-09-01,VARANASI,195689.0
2018-09-01,VIDYANAGAR,6570.0
2018-09-01,VIJAYAWADA,91421.0
2018-09-01,VISAKHAPATNAM,218259.0
2018-10-01,ADAMPUR,4528.0
2018-10-01,AGARTALA,106350.0
2018-10-01,AGATTI ISLAND,4863.0
2018-10-01,AGRA,2223.0
2018-10-01,AHMEDABAD,803710.0
2018-10-01,AIZAWL,18628.0
2018-10-01,AJMER,3261.0
2018-10-01,AMRITSAR,141859.0
2018-10-01,AURANGABAD,29528.0
2018-10-01,BAGDOGRA,258531.0
2018-10-01,BELGAUM,4813.0
2018-10-01,BENGALURU,2460467.0
2018-10-01,BHATINDA,3603.0
2018-10-01,BHAVNAGAR,2635.0
2018-10-01,BHOPAL,56720.0
2018-10-01,BHUBANESWAR,355427.0
2018-10-01,BHUJ,16324.0
2018-10-01,BIKANER,5514.0
2018-10-01,CHANDIGARH,198648.0
2018-10-01,CHENNAI,1423984.0
2018-10-01,COIMBATORE,213680.0
2018-10-01,DEHRADUN,107395.0
2018-10-01,DELHI,4337411.0
2018-10-01,DHARAMSALA,12259.0
2018-10-01,DIBRUGARH,30232.0
2018-10-01,DIMAPUR,16085.0
2018-10-01,DIU,1517.0
2018-10-01,DURGAPUR,3662.0
2018-10-01,GANGTOK,2985.0
2018-10-01,GAYA,6950.0
2018-10-01,GOA,644653.0
2018-10-01,GORAKHPUR,22908.0
2018-10-01,GUWAHATI,537038.0
2018-10-01,HUBLI,48289.0
2018-10-01,HYDERABAD,1630819.0
2018-10-01,IMPHAL,103780.0
2018-10-01,INDORE,267711.0
2018-10-01,JABALPUR,17219.0
2018-10-01,JAIPUR,419752.0
2018-10-01,JAISALMER,8244.0
2018-10-01,JAMMU,111440.0
2018-10-01,JAMNAGAR,6781.0
2018-10-01,JODHPUR,43548.0
2018-10-01,JORHAT,15253.0
2018-10-01,KADAPA,10361.0
2018-10-01,KANDLA,4354.0
2018-10-01,KANPUR,11456.0
2018-10-01,KHAJURAHO,6448.0
2018-10-01,KOCHI,426498.0
2018-10-01,KOLKATA,1671241.0
2018-10-01,KOZHIKODE,49520.0
2018-10-01,KULLU,2293.0
2018-10-01,LEH,58681.0
2018-10-01,LILABARI,1241.0
2018-10-01,LUCKNOW,414708.0
2018-10-01,LUDHIANA,1481.0
2018-10-01,MADURAI,95350.0
2018-10-01,MANGALURU,125330.0
2018-10-01,MUMBAI,2862708.0
2018-10-01,MUNDRA,150.0
2018-10-01,MYSURU,4347.0
2018-10-01,NAGPUR,226204.0
2018-10-01,NANDED,8582.0
2018-10-01,NASHIK,3566.0
2018-10-01,PANTNAGAR,1079.0
2018-10-01,PASIGHAT,534.0
2018-10-01,PATHANKOT,1163.0
2018-10-01,PATNA,372965.0
2018-10-01,PORBANDAR,4211.0
2018-10-01,PORT BLAIR,148414.0
2018-10-01,PRAYAGRAJ,7828.0
2018-10-01,PUDUCHERRY,7289.0
2018-10-01,PUNE,748471.0
2018-10-01,RAIPUR,164374.0
2018-10-01,RAJAHMUNDRY,41062.0
2018-10-01,RAJKOT,30153.0
2018-10-01,RANCHI,190480.0
2018-10-01,SALEM,3414.0
2018-10-01,SHILLONG,1267.0
2018-10-01,SHIRDI,16068.0
2018-10-01,SILCHAR,36033.0
2018-10-01,SIMLA,470.0
2018-10-01,SRINAGAR,218095.0
2018-10-01,SURAT,107547.0
2018-10-01,TEZPUR,50.0
2018-10-01,THIRUVANANTHAPURAM,151197.0
2018-10-01,TIRUCHIRAPPALLI,30441.0
2018-10-01,TIRUPATI,65976.0
2018-10-01,TUTICORIN,19857.0
2018-10-01,UDAIPUR,105268.0
2018-10-01,VADODARA,89738.0
2018-10-01,VARANASI,213540.0
2018-10-01,VIDYANAGAR,6869.0
2018-10-01,VIJAYAWADA,90622.0
2018-10-01,VISAKHAPATNAM,240543.0
2018-11-01,ADAMPUR,4608.0
2018-11-01,AGARTALA,94871.0
2018-11-01,AGATTI ISLAND,2552.0
2018-11-01,AGRA,1930.0
2018-11-01,AHMEDABAD,842281.0
2018-11-01,AIZAWL,19372.0
2018-11-01,AJMER,4494.0
2018-11-01,AMRITSAR,145510.0
2018-11-01,AURANGABAD,31056.0
2018-11-01,BAGDOGRA,264173.0
2018-11-01,BELGAUM,5041.0
2018-11-01,BENGALURU,2422108.0
2018-11-01,BHATINDA,2973.0
2018-11-01,BHAVNAGAR,3202.0
2018-11-01,BHOPAL,63541.0
2018-11-01,BHUBANESWAR,329154.0
2018-11-01,BHUJ,18014.0
2018-11-01,BIKANER,5282.0
2018-11-01,CHANDIGARH,181592.0
2018-11-01,CHENNAI,1352706.0
2018-11-01,COIMBATORE,240100.0
2018-11-01,DEHRADUN,102269.0
2018-11-01,DELHI,4078070.0
2018-11-01,DHARAMSALA,9675.0
2018-11-01,DIBRUGARH,30057.0
2018-11-01,DIMAPUR,14546.0
2018-11-01,DIU,1763.0
2018-11-01,DURGAPUR,4066.0
2018-11-01,GANGTOK,3657.0
2018-11-01,GAYA,6526.0
2018-11-01,GOA,681230.0
2018-11-01,GORAKHPUR,23637.0
2018-11-01,GUWAHATI,524754.0
2018-11-01,GWALIOR,1623.0
2018-11-01,HUBLI,51699.0
2018-11-01,HYDERABAD,1559026.0
2018-11-01,IMPHAL,107366.0
2018-11-01,INDORE,270725.0
2018-11-01,JABALPUR,19771.0
2018-11-01,JAIPUR,391439.0
2018-11-01,JAISALMER,23075.0
2018-11-01,JAMMU,117682.0
2018-11-01,JAMNAGAR,6975.0
2018-11-01,JODHPUR,50122.0
2018-11-01,JORHAT,15386.0
2018-11-01,KADAPA,9215.0
2018-11-01,KANDLA,4653.0
2018-11-01,KANPUR,23553.0
2018-11-01,KHAJURAHO,8153.0
2018-11-01,KOCHI,457486.0
2018-11-01,KOLKATA,1618853.0
2018-11-01,KOZHIKODE,48091.0
2018-11-01,KULLU,2105.0
2018-11-01,LEH,40318.0
2018-11-01,LILABARI,460.0
2018-11-01,LUCKNOW,373135.0
2018-11-01,LUDHIANA,1932.0
2018-11-01,MADURAI,92511.0
2018-11-01,MANGALURU,116452.0
2018-11-01,MUMBAI,2891335.0
2018-11-01,MYSURU,3303.0
2018-11-01,NAGPUR,242961.0
2018-11-01,NANDED,9720.0
2018-11-01,NASHIK,3267.0
2018-11-01,PANTNAGAR,1156.0
2018-11-01,PATHANKOT,1152.0
2018-11-01,PATNA,356057.0
2018-11-01,PORBANDAR,4596.0
2018-11-01,PORT BLAIR,157537.0
2018-11-01,PRAYAGRAJ,12332.0
2018-11-01,PUDUCHERRY,5460.0
2018-11-01,PUNE,728704.0
2018-11-01,RAIPUR,164333.0
2018-11-01,RAJAHMUNDRY,34399.0
2018-11-01,RAJKOT,26880.0
2018-11-01,RANCHI,184482.0
2018-11-01,SALEM,3134.0
2018-11-01,SHILLONG,974.0
2018-11-01,SHIRDI,23716.0
2018-11-01,SILCHAR,33529.0
2018-11-01,SIMLA,541.0
2018-11-01,SRINAGAR,207381.0
2018-11-01,SURAT,133081.0
2018-11-01,TEZPUR,266.0
2018-11-01,THIRUVANANTHAPURAM,158466.0
2018-11-01,TIRUCHIRAPPALLI,24837.0
2018-11-01,TIRUPATI,66874.0
2018-11-01,TUTICORIN,14753.0
2018-11-01,UDAIPUR,131167.0
2018-11-01,VADODARA,106092.0
2018-11-01,VARANASI,242026.0
2018-11-01,VIDYANAGAR,6407.0
2018-11-01,VIJAYAWADA,91615.0
2018-11-01,VISAKHAPATNAM,213903.0
2018-12-01,ADAMPUR,4598.0
2018-12-01,AGARTALA,107858.0
2018-12-01,AGATTI ISLAND,2738.0
2018-12-01,AGRA,2558.0
2018-12-01,AHMEDABAD,884850.0
2018-12-01,AIZAWL,20429.0
2018-12-01,AJMER,4230.0
2018-12-01,AMRITSAR,177002.0
2018-12-01,AURANGABAD,33623.0
2018-12-01,BAGDOGRA,268599.0
2018-12-01,BELGAUM,5243.0
2018-12-01,BENGALURU,2634969.0
2018-12-01,BHATINDA,3261.0
2018-12-01,BHAVNAGAR,3236.0
2018-12-01,BHOPAL,70542.0
2018-12-01,BHUBANESWAR,383857.0
2018-12-01,BHUJ,19065.0
2018-12-01,BIKANER,4667.0
2018-12-01,CHANDIGARH,169855.0
2018-12-01,CHENNAI,1493320.0
2018-12-01,COIMBATORE,258821.0
2018-12-01,DEHRADUN,107076.0
2018-12-01,DELHI,4435468.0
2018-12-01,DHARAMSALA,9915.0
2018-12-01,DIBRUGARH,32103.0
2018-12-01,DIMAPUR,16445.0
2018-12-01,DIU,1996.0
2018-12-01,DURGAPUR,3890.0
2018-12-01,GANGTOK,4689.0
2018-12-01,GAYA,7690.0
2018-12-01,GOA,730627.0
2018-12-01,GORAKHPUR,24375.0
2018-12-01,GUWAHATI,608281.0
2018-12-01,GWALIOR,1616.0
2018-12-01,HUBLI,50671.0
2018-12-01,HYDERABAD,1732040.0
2018-12-01,IMPHAL,122355.0
2018-12-01,INDORE,315878.0
2018-12-01,JABALPUR,21191.0
2018-12-01,JAIPUR,443210.0
2018-12-01,JAISALMER,25967.0
2018-12-01,JAMMU,130010.0
2018-12-01,JAMNAGAR,7378.0
2018-12-01,JODHPUR,56674.0
2018-12-01,JORHAT,20657.0
2018-12-01,KADAPA,10042.0
2018-12-01,KANDLA,4769.0
2018-12-01,KANNUR,16320.0
2018-12-01,KANPUR,26042.0
2018-12-01,KHAJURAHO,5671.0
2018-12-01,KOCHI,572314.0
2018-12-01,KOLHAPUR,2743.0
2018-12-01,KOLKATA,1712918.0
2018-12-01,KOZHIKODE,56000.0
2018-12-01,KULLU,1559.0
2018-12-01,LEH,42195.0
2018-12-01,LILABARI,498.0
2018-12-01,LUCKNOW,424098.0
2018-12-01,LUDHIANA,1536.0
2018-12-01,MADURAI,96524.0
2018-12-01,MANGALURU,121969.0
2018-12-01,MUMBAI,3113923.0
2018-12-01,MYSURU,3653.0
2018-12-01,NAGPUR,273787.0
2018-12-01,NANDED,11530.0
2018-12-01,NASHIK,3533.0
2018-12-01,PANTNAGAR,777.0
2018-12-01,PATHANKOT,961.0
2018-12-01,PATNA,316587.0
2018-12-01,PORBANDAR,5451.0
2018-12-01,PORT BLAIR,176585.0
2018-12-01,PRAYAGRAJ,17838.0
2018-12-01,PUDUCHERRY,7453.0
2018-12-01,PUNE,757845.0
2018-12-01,RAIPUR,196032.0
2018-12-01,RAJAHMUNDRY,34933.0
2018-12-01,RAJKOT,28603.0
2018-12-01,RANCHI,221136.0
2018-12-01,SALEM,3564.0
2018-12-01,SHILLONG,1047.0
2018-12-01,SHIRDI,25201.0
2018-12-01,SILCHAR,36026.0
2018-12-01,SIMLA,1023.0
2018-12-01,SRINAGAR,227927.0
2018-12-01,SURAT,149104.0
2018-12-01,TEZPUR,377.0
2018-12-01,THIRUVANANTHAPURAM,167183.0
2018-12-01,TIRUCHIRAPPALLI,26624.0
2018-12-01,TIRUPATI,71219.0
2018-12-01,TUTICORIN,17500.0
2018-12-01,UDAIPUR,149742.0
2018-12-01,VADODARA,117022.0
2018-12-01,VARANASI,210550.0
2018-12-01,VIDYANAGAR,6635.0
2018-12-01,VIJAYAWADA,102263.0
2018-12-01,VISAKHAPATNAM,257265.0
2019-01-01,ADAMPUR,4639.0
2019-01-01,AGARTALA,106355.0
2019-01-01,AGATTI ISLAND,3427.0
2019-01-01,AGRA,2721.0
2019-01-01,AHMEDABAD,914742.0
2019-01-01,AIZAWL,19686.0
2019-01-01,AJMER,3855.0
2019-01-01,AMRITSAR,168601.0
2019-01-01,AURANGABAD,32764.0
2019-01-01,BAGDOGRA,269221.0
2019-01-01,BELGAUM,5071.0
2019-01-01,BENGALURU,2603376.0
2019-01-01,BHATINDA,3351.0
2019-01-01,BHAVNAGAR,3088.0
2019-01-01,BHOPAL,82919.0
2019-01-01,BHUBANESWAR,377854.0
2019-01-01,BHUJ,18718.0
2019-01-01,BIKANER,5192.0
2019-01-01,CHANDIGARH,160551.0
2019-01-01,CHENNAI,1463957.0
2019-01-01,COIMBATORE,253061.0
2019-01-01,DEHRADUN,99170.0
2019-01-01,DELHI,4278152.0
2019-01-01,DHARAMSALA,8268.0
2019-01-01,DIBRUGARH,32951.0
2019-01-01,DIMAPUR,16102.0
2019-01-01,DIU,1536.0
2019-01-01,DURGAPUR,3971.0
2019-01-01,GAYA,6333.0
2019-01-01,GOA,731312.0
2019-01-01,GORAKHPUR,27895.0
2019-01-01,GUWAHATI,585965.0
2019-01-01,GWALIOR,2113.0
2019-01-01,HUBLI,46574.0
2019-01-01,HYDERABAD,1720049.0
2019-01-01,IMPHAL,116031.0
2019-01-01,INDORE,307338.0
2019-01-01,JABALPUR,24608.0
2019-01-01,JAIPUR,461230.0
2019-01-01,JAISALMER,29021.0
2019-01-01,JAMMU,118819.0
2019-01-01,JAMNAGAR,7240.0
2019-01-01,JODHPUR,55137.0
2019-01-01,JORHAT,19535.0
2019-01-01,KADAPA,9479.0
2019-01-01,KANDLA,4474.0
2019-01-01,KANNUR,31811.0
2019-01-01,KANPUR,25154.0
2019-01-01,KHAJURAHO,6553.0
2019-01-01,KOCHI,569019.0
2019-01-01,KOLHAPUR,4623.0
2019-01-01,KOLKATA,1741430.0
2019-01-01,KOZHIKODE,46540.0
2019-01-01,KULLU,1379.0
2019-01-01,LEH,42280.0
2019-01-01,LILABARI,1274.0
2019-01-01,LUCKNOW,411205.0
2019-01-01,LUDHIANA,1288.0
2019-01-01,MADURAI,95037.0
2019-01-01,MANGALURU,116740.0
2019-01-01,MUMBAI,3056308.0
2019-01-01,MYSURU,3578.0
2019-01-01,NAGPUR,270144.0
2019-01-01,NANDED,12475.0
2019-01-01,NASHIK,3462.0
2019-01-01,PAKYONG,6531.0
2019-01-01,PANTNAGAR,1640.0
2019-01-01,PASIGHAT,99.0
2019-01-01,PATHANKOT,1050.0
2019-01-01,PATNA,296492.0
2019-01-01,PITHORAGARH,307.0
2019-01-01,PORBANDAR,6358.0
2019-01-01,PORT BLAIR,172073.0
2019-01-01,PRAYAGRAJ,31173.0
2019-01-01,PUDUCHERRY,7795.0
2019-01-01,PUNE,763024.0
2019-01-01,RAIPUR,193117.0
2019-01-01,RAJAHMUNDRY,24612.0
2019-01-01,RAJKOT,28867.0
2019-01-01,RANCHI,217705.0
2019-01-01,SALEM,3539.0
2019-01-01,SHILLONG,887.0
2019-01-01,SHIRDI,40838.0
2019-01-01,SILCHAR,36857.0
2019-01-01,SIMLA,419.0
2019-01-01,SRINAGAR,195783.0
2019-01-01,SURAT,141044.0
2019-01-01,TEZPUR,280.0
2019-01-01,THIRUVANANTHAPURAM,162165.0
2019-01-01,TIRUCHIRAPPALLI,27096.0
2019-01-01,TIRUPATI,69463.0
2019-01-01,TUTICORIN,17992.0
2019-01-01,UDAIPUR,148297.0
2019-01-01,VADODARA,121495.0
2019-01-01,VARANASI,219851.0
2019-01-01,VIDYANAGAR,6473.0
2019-01-01,VIJAYAWADA,96982.0
2019-01-01,VISAKHAPATNAM,241094.0
2019-02-01,ADAMPUR,4169.0
2019-02-01,AGARTALA,95768.0
2019-02-01,AGATTI ISLAND,2542.0
2019-02-01,AGRA,2677.0
2019-02-01,AHMEDABAD,849283.0
2019-02-01,AIZAWL,10068.0
2019-02-01,AJMER,4015.0
2019-02-01,AMRITSAR,154171.0
2019-02-01,AURANGABAD,26495.0
2019-02-01,BAGDOGRA,243004.0
2019-02-01,BELGAUM,3957.0
2019-02-01,BENGALURU,2236398.0
2019-02-01,BHATINDA,1626.0
2019-02-01,BHAVNAGAR,2958.0
2019-02-01,BHOPAL,77719.0
2019-02-01,BHUBANESWAR,317345.0
2019-02-01,BHUJ,13724.0
2019-02-01,BIKANER,5191.0
2019-02-01,CHANDIGARH,150002.0
2019-02-01,CHENNAI,1364162.0
2019-02-01,COIMBATORE,229630.0
2019-02-01,DEHRADUN,103620.0
2019-02-01,DELHI,4052608.0
2019-02-01,DHARAMSALA,7121.0
2019-02-01,DIBRUGARH,31310.0
2019-02-01,DIMAPUR,13038.0
2019-02-01,DIU,1166.0
2019-02-01,DURGAPUR,4526.0
2019-02-01,GAYA,6006.0
2019-02-01,GOA,658575.0
2019-02-01,GORAKHPUR,30701.0
2019-02-01,GUWAHATI,485291.0
2019-02-01,GWALIOR,1529.0
2019-02-01,HUBLI,44714.0
2019-02-01,HYDERABAD,1641395.0
2019-02-01,IMPHAL,93805.0
2019-02-01,INDORE,276653.0
2019-02-01,JABALPUR,24983.0
2019-02-01,JAIPUR,407014.0
2019-02-01,JAISALMER,24649.0
2019-02-01,JAMMU,113259.0
2019-02-01,JAMNAGAR,4377.0
2019-02-01,JODHPUR,50643.0
2019-02-01,JORHAT,11704.0
2019-02-01,KADAPA,7936.0
2019-02-01,KANDLA,2647.0
2019-02-01,KANNUR,41951.0
2019-02-01,KANPUR,20653.0
2019-02-01,KHAJURAHO,6056.0
2019-02-01,KOCHI,480558.0
2019-02-01,KOLHAPUR,3997.0
2019-02-01,KOLKATA,1593121.0
2019-02-01,KOZHIKODE,36625.0
2019-02-01,KULLU,1303.0
2019-02-01,LEH,38497.0
2019-02-01,LILABARI,1718.0
2019-02-01,LUCKNOW,415558.0
2019-02-01,LUDHIANA,1254.0
2019-02-01,MADURAI,79359.0
2019-02-01,MANGALURU,92765.0
2019-02-01,MUMBAI,2609025.0
2019-02-01,MYSURU,3188.0
2019-02-01,NAGPUR,229096.0
2019-02-01,NANDED,10866.0
2019-02-01,NASHIK,8869.0
2019-02-01,PAKYONG,2424.0
2019-02-01,PANTNAGAR,1221.0
2019-02-01,PATHANKOT,752.0
2019-02-01,PATNA,316367.0
2019-02-01,PITHORAGARH,225.0
2019-02-01,PORBANDAR,4225.0
2019-02-01,PORT BLAIR,144767.0
2019-02-01,PRAYAGRAJ,36032.0
2019-02-01,PUDUCHERRY,5827.0
2019-02-01,PUNE,706481.0
2019-02-01,RAIPUR,155433.0
2019-02-01,RAJAHMUNDRY,24276.0
2019-02-01,RAJKOT,24077.0
2019-02-01,RANCHI,191392.0
2019-02-01,SALEM,3025.0
2019-02-01,SHILLONG,427.0
2019-02-01,SHIRDI,38923.0
2019-02-01,SILCHAR,28482.0
2019-02-01,SIMLA,637.0
2019-02-01,SRINAGAR,209486.0
2019-02-01,SURAT,131560.0
2019-02-01,TEZPUR,517.0
2019-02-01,THIRUVANANTHAPURAM,141698.0
2019-02-01,TIRUCHIRAPPALLI,24430.0
2019-02-01,TIRUPATI,67805.0
2019-02-01,TUTICORIN,16521.0
2019-02-01,UDAIPUR,129917.0
2019-02-01,VADODARA,109699.0
2019-02-01,VARANASI,242848.0
2019-02-01,VIDYANAGAR,5865.0
2019-02-01,VIJAYAWADA,92989.0
2019-02-01,VISAKHAPATNAM,216137.0
2019-03-01,ADAMPUR,4636.0
2019-03-01,AGARTALA,105572.0
2019-03-01,AGATTI ISLAND,2479.0
2019-03-01,AGRA,2419.0
2019-03-01,AHMEDABAD,833809.0
2019-03-01,AIZAWL,7529.0
2019-03-01,AJMER,4277.0
2019-03-01,AMRITSAR,153426.0
2019-03-01,AURANGABAD,22957.0
2019-03-01,BAGDOGRA,268172.0
2019-03-01,BELGAUM,5789.0
2019-03-01,BENGALURU,2445719.0
2019-03-01,BHATINDA,2501.0
2019-03-01,BHAVNAGAR,2926.0
2019-03-01,BHOPAL,80744.0
2019-03-01,BHUBANESWAR,348080.0
2019-03-01,BHUJ,6133.0
2019-03-01,BIKANER,4943.0
2019-03-01,CHANDIGARH,166837.0
2019-03-01,CHENNAI,1347831.0
2019-03-01,COIMBATORE,219077.0
2019-03-01,DEHRADUN,117787.0
2019-03-01,DELHI,4130999.0
2019-03-01,DHARAMSALA,10028.0
2019-03-01,DIBRUGARH,31866.0
2019-03-01,DIMAPUR,14612.0
2019-03-01,DIU,1342.0
2019-03-01,DURGAPUR,6585.0
2019-03-01,GAYA,6691.0
2019-03-01,GOA,674177.0
2019-03-01,GORAKHPUR,33341.0
2019-03-01,GUWAHATI,507797.0
2019-03-01,GWALIOR,2058.0
2019-03-01,HUBLI,44042.0
2019-03-01,HYDERABAD,1714517.0
2019-03-01,IMPHAL,108693.0
2019-03-01,INDORE,272828.0
2019-03-01,JABALPUR,27857.0
2019-03-01,JAIPUR,410944.0
2019-03-01,JAISALMER,17740.0
2019-03-01,JAMMU,124266.0
2019-03-01,JAMNAGAR,4436.0
2019-03-01,JHARSUGUDA,497.0
2019-03-01,JODHPUR,46639.0
2019-03-01,JORHAT,9691.0
2019-03-01,KADAPA,8713.0
2019-03-01,KANDLA,2940.0
2019-03-01,KANNUR,48151.0
2019-03-01,KANPUR,19006.0
2019-03-01,KHAJURAHO,2589.0
2019-03-01,KOCHI,469996.0
2019-03-01,KOLHAPUR,4093.0
2019-03-01,KOLKATA,1685229.0
2019-03-01,KOZHIKODE,35667.0
2019-03-01,KULLU,2120.0
2019-03-01,LEH,39201.0
2019-03-01,LILABARI,1622.0
2019-03-01,LUCKNOW,411341.0
2019-03-01,LUDHIANA,1483.0
2019-03-01,MADURAI,84838.0
2019-03-01,MANGALURU,91774.0
2019-03-01,MUMBAI,2505957.0
2019-03-01,MYSURU,3336.0
2019-03-01,NAGPUR,216092.0
2019-03-01,NANDED,11407.0
2019-03-01,NASHIK,9024.0
2019-03-01,PAKYONG,1318.0
2019-03-01,PANTNAGAR,2297.0
2019-03-01,PATHANKOT,995.0
2019-03-01,PATNA,332626.0
2019-03-01,PORBANDAR,4717.0
2019-03-01,PORT BLAIR,148321.0
2019-03-01,PRAYAGRAJ,26493.0
2019-03-01,PUDUCHERRY,7517.0
2019-03-01,PUNE,686038.0
2019-03-01,RAIPUR,162492.0
2019-03-01,RAJAHMUNDRY,27424.0
2019-03-01,RAJKOT,21296.0
2019-03-01,RANCHI,201243.0
2019-03-01,SALEM,3333.0
2019-03-01,SHILLONG,382.0
2019-03-01,SHIRDI,50864.0
2019-03-01,SILCHAR,28951.0
2019-03-01,SIMLA,404.0
2019-03-01,SRINAGAR,224879.0
2019-03-01,SURAT,131482.0
2019-03-01,TEZPUR,348.0
2019-03-01,THIRUVANANTHAPURAM,135444.0
2019-03-01,TIRUCHIRAPPALLI,25194.0
2019-03-01,TIRUPATI,80452.0
2019-03-01,TUTICORIN,17266.0
2019-03-01,UDAIPUR,112636.0
2019-03-01,VADODARA,92289.0
2019-03-01,VARANASI,254491.0
2019-03-01,VIDYANAGAR,5866.0
2019-03-01,VIJAYAWADA,99781.0
2019-03-01,VISAKHAPATNAM,218925.0
2019-04-01,ADAMPUR,4525.0
2019-04-01,AGARTALA,99638.0
2019-04-01,AGATTI ISLAND,2536.0
2019-04-01,AGRA,1832.0
2019-04-01,AHMEDABAD,755096.0
2019-04-01,AIZAWL,9393.0
2019-04-01,AJMER,8429.0
2019-04-01,AMRITSAR,132893.0
2019-04-01,AURANGABAD,15800.0
2019-04-01,BAGDOGRA,252482.0
2019-04-01,BELGAUM,5376.0
2019-04-01,BENGALURU,2308270.0
2019-04-01,BHATINDA,3281.0
2019-04-01,BHAVNAGAR,3029.0
2019-04-01,BHOPAL,94072.0
2019-04-01,BHUBANESWAR,310467.0
2019-04-01,BHUJ,2210.0
2019-04-01,BIKANER,5200.0
2019-04-01,CHANDIGARH,173577.0
2019-04-01,CHENNAI,1305377.0
2019-04-01,COIMBATORE,199428.0
2019-04-01,DEHRADUN,102619.0
2019-04-01,DELHI,3900786.0
2019-04-01,DHARAMSALA,16606.0
2019-04-01,DIBRUGARH,37024.0
2019-04-01,DIMAPUR,14478.0
2019-04-01,DIU,1543.0
2019-04-01,DURGAPUR,5679.0
2019-04-01,GAYA,5749.0
2019-04-01,GOA,626786.0
2019-04-01,GORAKHPUR,41951.0
2019-04-01,GUWAHATI,489322.0
2019-04-01,GWALIOR,2098.0
2019-04-01,HUBLI,49875.0
2019-04-01,HYDERABAD,1611872.0
2019-04-01,IMPHAL,105245.0
2019-04-01,INDORE,230812.0
2019-04-01,JABALPUR,30295.0
2019-04-01,JAIPUR,343050.0
2019-04-01,JAISALMER,6776.0
2019-04-01,JAMMU,118151.0
2019-04-01,JAMNAGAR,6586.0
2019-04-01,JHARSUGUDA,11830.0
2019-04-01,JODHPUR,21072.0
2019-04-01,JORHAT,10001.0
2019-04-01,KADAPA,9272.0
2019-04-01,KANDLA,4541.0
2019-04-01,KANNUR,82243.0
2019-04-01,KANPUR,15161.0
2019-04-01,KHAJURAHO,2437.0
2019-04-01,KOCHI,476011.0
2019-04-01,KOLHAPUR,4556.0
2019-04-01,KOLKATA,1570448.0
2019-04-01,KOZHIKODE,47435.0
2019-04-01,KULLU,2386.0
2019-04-01,LEH,54486.0
2019-04-01,LILABARI,2435.0
2019-04-01,LUCKNOW,389495.0
2019-04-01,LUDHIANA,1585.0
2019-04-01,MADURAI,81633.0
2019-04-01,MANGALURU,94037.0
2019-04-01,MUMBAI,2419376.0
2019-04-01,MYSURU,3238.0
2019-04-01,NAGPUR,211604.0
2019-04-01,NANDED,11262.0
2019-04-01,NASHIK,8534.0
2019-04-01,PAKYONG,2707.0
2019-04-01,PANTNAGAR,1638.0
2019-04-01,PASIGHAT,53.0
2019-04-01,PATHANKOT,1168.0
2019-04-01,PATNA,320785.0
2019-04-01,PORBANDAR,6119.0
2019-04-01,PORT BLAIR,143589.0
2019-04-01,PRAYAGRAJ,16284.0
2019-04-01,PUDUCHERRY,6617.0
2019-04-01,PUNE,686420.0
2019-04-01,RAIPUR,165411.0
2019-04-01,RAJAHMUNDRY,26033.0
2019-04-01,RAJKOT,12793.0
2019-04-01,RANCHI,183204.0
2019-04-01,SALEM,3267.0
2019-04-01,SHILLONG,506.0
2019-04-01,SHIRDI,47574.0
2019-04-01,SILCHAR,26314.0
2019-04-01,SIMLA,298.0
2019-04-01,SRINAGAR,254015.0
2019-04-01,SURAT,131963.0
2019-04-01,TEZPUR,189.0
2019-04-01,THIRUVANANTHAPURAM,136653.0
2019-04-01,TIRUCHIRAPPALLI,23632.0
2019-04-01,TIRUPATI,73733.0
2019-04-01,TUTICORIN,19402.0
2019-04-01,UDAIPUR,87593.0
2019-04-01,VADODARA,75369.0
2019-04-01,VARANASI,199152.0
2019-04-01,VIDYANAGAR,5792.0
2019-04-01,VIJAYAWADA,95408.0
2019-04-01,VISAKHAPATNAM,205363.0
2019-05-01,ADAMPUR,3744.0
2019-05-01,AGARTALA,112718.0
2019-05-01,AGATTI ISLAND,2294.0
2019-05-01,AGRA,1533.0
2019-05-01,AHMEDABAD,838494.0
2019-05-01,AIZAWL,10859.0
2019-05-01,AJMER,11348.0
2019-05-01,AMRITSAR,131713.0
2019-05-01,AURANGABAD,16736.0
2019-05-01,BAGDOGRA,311360.0
2019-05-01,BELGAUM,12440.0
2019-05-01,BENGALURU,2479216.0
2019-05-01,BHATINDA,3110.0
2019-05-01,BHAVNAGAR,3080.0
2019-05-01,BHOPAL,119406.0
2019-05-01,BHUBANESWAR,335581.0
2019-05-01,BHUJ,2132.0
2019-05-01,BIKANER,5018.0
2019-05-01,CHANDIGARH,178157.0
2019-05-01,CHENNAI,1421871.0
2019-05-01,COIMBATORE,235499.0
2019-05-01,DEHRADUN,109001.0
2019-05-01,DELHI,4299082.0
2019-05-01,DHARAMSALA,16847.0
2019-05-01,DIBRUGARH,36747.0
2019-05-01,DIMAPUR,15065.0
2019-05-01,DIU,1581.0
2019-05-01,DURGAPUR,7268.0
2019-05-01,GAYA,4335.0
2019-05-01,GOA,671551.0
2019-05-01,GORAKHPUR,67255.0
2019-05-01,GUWAHATI,517096.0
2019-05-01,GWALIOR,7860.0
2019-05-01,HUBLI,54970.0
2019-05-01,HYDERABAD,1725014.0
2019-05-01,IMPHAL,114422.0
2019-05-01,INDORE,250928.0
2019-05-01,JABALPUR,31967.0
2019-05-01,JAIPUR,364552.0
2019-05-01,JAISALMER,7005.0
2019-05-01,JAMMU,131006.0
2019-05-01,JAMNAGAR,7181.0
2019-05-01,JHARSUGUDA,13610.0
2019-05-01,JODHPUR,18876.0
2019-05-01,JORHAT,10098.0
2019-05-01,KADAPA,10110.0
2019-05-01,KANDLA,6014.0
2019-05-01,KANNUR,87271.0
2019-05-01,KANPUR,15552.0
2019-05-01,KHAJURAHO,1429.0
2019-05-01,KOCHI,520571.0
2019-05-01,KOLHAPUR,9581.0
2019-05-01,KOLKATA,1606212.0
2019-05-01,KOZHIKODE,49040.0
2019-05-01,KULLU,2955.0
2019-05-01,LEH,82676.0
2019-05-01,LILABARI,2411.0
2019-05-01,LUCKNOW,420454.0
2019-05-01,LUDHIANA,1448.0
2019-05-01,MADURAI,91789.0
2019-05-01,MANGALURU,111072.0
2019-05-01,MUMBAI,2928191.0
2019-05-01,MYSURU,3694.0
2019-05-01,NAGPUR,277000.0
2019-05-01,NANDED,11128.0
2019-05-01,NASHIK,8219.0
2019-05-01,PAKYONG,1484.0
2019-05-01,PANTNAGAR,2254.0
2019-05-01,PASIGHAT,33.0
2019-05-01,PATHANKOT,1081.0
2019-05-01,PATNA,382795.0
2019-05-01,PORBANDAR,6609.0
2019-05-01,PORT BLAIR,155828.0
2019-05-01,PRAYAGRAJ,24740.0
2019-05-01,PUDUCHERRY,6903.0
2019-05-01,PUNE,752360.0
2019-05-01,RAIPUR,191998.0
2019-05-01,RAJAHMUNDRY,29914.0
2019-05-01,RAJKOT,13958.0
2019-05-01,RANCHI,216915.0
2019-05-01,SALEM,3586.0
2019-05-01,SHILLONG,1627.0
2019-05-01,SHIRDI,52125.0
2019-05-01,SILCHAR,25686.0
2019-05-01,SIMLA,957.0
2019-05-01,SRINAGAR,274937.0
2019-05-01,SURAT,149579.0
2019-05-01,TEZPUR,387.0
2019-05-01,THIRUVANANTHAPURAM,145073.0
2019-05-01,TIRUCHIRAPPALLI,24635.0
2019-05-01,TIRUPATI,80093.0
2019-05-01,TUTICORIN,20410.0
2019-05-01,UDAIPUR,94720.0
2019-05-01,VADODARA,89059.0
2019-05-01,VARANASI,224656.0
2019-05-01,VIDYANAGAR,6021.0
2019-05-01,VIJAYAWADA,112513.0
2019-05-01,VISAKHAPATNAM,244119.0
2019-06-01,ADAMPUR,4447.0
2019-06-01,AGARTALA,115386.0
2019-06-01,AGATTI ISLAND,1901.0
2019-06-01,AGRA,924.0
2019-06-01,AHMEDABAD,801581.0
2019-06-01,AIZAWL,10349.0
2019-06-01,AJMER,10803.0
2019-06-01,AMRITSAR,138336.0
2019-06-01,AURANGABAD,15636.0
2019-06-01,BAGDOGRA,304773.0
2019-06-01,BELGAUM,14748.0
2019-06-01,BENGALURU,2333526.0
2019-06-01,BHATINDA,3941.0
2019-06-01,BHAVNAGAR,2609.0
2019-06-01,BHOPAL,125247.0
2019-06-01,BHUBANESWAR,328685.0
2019-06-01,BHUJ,1851.0
2019-06-01,BIKANER,1606.0
2019-06-01,CHANDIGARH,171901.0
2019-06-01,CHENNAI,1406386.0
2019-06-01,COIMBATORE,215852.0
2019-06-01,DEHRADUN,119122.0
2019-06-01,DELHI,4411651.0
2019-06-01,DHARAMSALA,16613.0
2019-06-01,DIBRUGARH,38699.0
2019-06-01,DIMAPUR,15094.0
2019-06-01,DIU,1264.0
2019-06-01,DURGAPUR,7553.0
2019-06-01,GAYA,4093.0
2019-06-01,GOA,636152.0
2019-06-01,GORAKHPUR,70174.0
2019-06-01,GUWAHATI,523994.0
2019-06-01,GWALIOR,11730.0
2019-06-01,HUBLI,46388.0
2019-06-01,HYDERABAD,1610199.0
2019-06-01,IMPHAL,111492.0
2019-06-01,INDORE,232639.0
2019-06-01,JABALPUR,32420.0
2019-06-01,JAIPUR,379836.0
2019-06-01,JAISALMER,6260.0
2019-06-01,JAMMU,134569.0
2019-06-01,JAMNAGAR,5054.0
2019-06-01,JHARSUGUDA,20262.0
2019-06-01,JODHPUR,17507.0
2019-06-01,JORHAT,10108.0
2019-06-01,KADAPA,9399.0
2019-06-01,KANDLA,6261.0
2019-06-01,KANNUR,73560.0
2019-06-01,KANPUR,23075.0
2019-06-01,KHAJURAHO,337.0
2019-06-01,KOCHI,487662.0
2019-06-01,KOLHAPUR,12152.0
2019-06-01,KOLKATA,1607007.0
2019-06-01,KOZHIKODE,46830.0
2019-06-01,KULLU,2766.0
2019-06-01,LEH,88675.0
2019-06-01,LILABARI,2453.0
2019-06-01,LUCKNOW,413332.0
2019-06-01,LUDHIANA,1600.0
2019-06-01,MADURAI,91984.0
2019-06-01,MANGALURU,103478.0
2019-06-01,MUMBAI,2960246.0
2019-06-01,MYSURU,4909.0
2019-06-01,NAGPUR,273585.0
2019-06-01,NANDED,12935.0
2019-06-01,NASHIK,7330.0
2019-06-01,PANTNAGAR,4549.0
2019-06-01,PASIGHAT,17.0
2019-06-01,PATHANKOT,1457.0
2019-06-01,PATNA,426102.0
2019-06-01,PORBANDAR,5894.0
2019-06-01,PORT BLAIR,125817.0
2019-06-01,PRAYAGRAJ,33419.0
2019-06-01,PUDUCHERRY,6484.0
2019-06-01,PUNE,699252.0
2019-06-01,RAIPUR,181759.0
2019-06-01,RAJAHMUNDRY,30283.0
2019-06-01,RAJKOT,12574.0
2019-06-01,RANCHI,228774.0
2019-06-01,SALEM,3452.0
2019-06-01,SHILLONG,1504.0
2019-06-01,SHIRDI,50128.0
2019-06-01,SILCHAR,29373.0
2019-06-01,SIMLA,938.0
2019-06-01,SRINAGAR,287322.0
2019-06-01,SURAT,132812.0
2019-06-01,TEZPUR,438.0
2019-06-01,THIRUVANANTHAPURAM,136126.0
2019-06-01,TIRUCHIRAPPALLI,24280.0
2019-06-01,TIRUPATI,82848.0
2019-06-01,TUTICORIN,18473.0
2019-06-01,UDAIPUR,96749.0
2019-06-01,VADODARA,84927.0
2019-06-01,VARANASI,225021.0
2019-06-01,VIDYANAGAR,6353.0
2019-06-01,VIJAYAWADA,109962.0
2019-06-01,VISAKHAPATNAM,228706.0
2019-07-01,ADAMPUR,4136.0
2019-07-01,AGARTALA,115694.0
2019-07-01,AGATTI ISLAND,1552.0
2019-07-01,AGRA,1042.0
2019-07-01,AHMEDABAD,823635.0
2019-07-01,AIZAWL,11060.0
2019-07-01,AJMER,9332.0
2019-07-01,AMRITSAR,134311.0
2019-07-01,AURANGABAD,16383.0
2019-07-01,BAGDOGRA,287257.0
2019-07-01,BELGAUM,20201.0
2019-07-01,BENGALURU,2333239.0
2019-07-01,BHATINDA,3578.0
2019-07-01,BHAVNAGAR,2706.0
2019-07-01,BHOPAL,116097.0
2019-07-01,BHUBANESWAR,299978.0
2019-07-01,BHUJ,1866.0
2019-07-01,BIKANER,3331.0
2019-07-01,CHANDIGARH,185299.0
2019-07-01,CHENNAI,1434276.0
2019-07-01,COIMBATORE,238463.0
2019-07-01,DEHRADUN,106229.0
2019-07-01,DELHI,4395609.0
2019-07-01,DHARAMSALA,14827.0
2019-07-01,DIBRUGARH,46996.0
2019-07-01,DIMAPUR,17470.0
2019-07-01,DIU,1098.0
2019-07-01,DURGAPUR,10822.0
2019-07-01,GAYA,2723.0
2019-07-01,GOA,621440.0
2019-07-01,GORAKHPUR,58401.0
2019-07-01,GUWAHATI,514785.0
2019-07-01,GWALIOR,14813.0
2019-07-01,HUBLI,37986.0
2019-07-01,HYDERABAD,1630512.0
2019-07-01,IMPHAL,117188.0
2019-07-01,INDORE,226460.0
2019-07-01,JABALPUR,27995.0
2019-07-01,JAIPUR,359087.0
2019-07-01,JAISALMER,8162.0
2019-07-01,JAMMU,129755.0
2019-07-01,JAMNAGAR,3660.0
2019-07-01,JHARSUGUDA,17305.0
2019-07-01,JODHPUR,14944.0
2019-07-01,JORHAT,10207.0
2019-07-01,KADAPA,9209.0
2019-07-01,KANDLA,7042.0
2019-07-01,KANNUR,74315.0
2019-07-01,KANPUR,19305.0
2019-07-01,KHAJURAHO,1373.0
2019-07-01,KOCHI,441652.0
2019-07-01,KOLHAPUR,11066.0
2019-07-01,KOLKATA,1607826.0
2019-07-01,KOZHIKODE,49294.0
2019-07-01,KULLU,1956.0
2019-07-01,LEH,81029.0
2019-07-01,LILABARI,1063.0
2019-07-01,LUCKNOW,397555.0
2019-07-01,LUDHIANA,1727.0
2019-07-01,MADURAI,96707.0
2019-07-01,MANGALURU,106435.0
2019-07-01,MUMBAI,2955231.0
2019-07-01,MYSURU,9166.0
2019-07-01,NAGPUR,241357.0
2019-07-01,NANDED,10698.0
2019-07-01,NASHIK,7525.0
2019-07-01,PANTNAGAR,1545.0
2019-07-01,PASIGHAT,18.0
2019-07-01,PATHANKOT,881.0
2019-07-01,PATNA,395062.0
2019-07-01,PORBANDAR,7104.0
2019-07-01,PORT BLAIR,97212.0
2019-07-01,PRAYAGRAJ,32087.0
2019-07-01,PUDUCHERRY,5193.0
2019-07-01,PUNE,715059.0
2019-07-01,RAIPUR,174563.0
2019-07-01,RAJAHMUNDRY,31290.0
2019-07-01,RAJKOT,9537.0
2019-07-01,RANCHI,217450.0
2019-07-01,SALEM,3181.0
2019-07-01,SHILLONG,1910.0
2019-07-01,SHIRDI,53977.0
2019-07-01,SILCHAR,31620.0
2019-07-01,SIMLA,131.0
2019-07-01,SRINAGAR,297089.0
2019-07-01,SURAT,125337.0
2019-07-01,TEZPUR,333.0
2019-07-01,THIRUVANANTHAPURAM,135493.0
2019-07-01,TIRUCHIRAPPALLI,24682.0
2019-07-01,TIRUPATI,73871.0
2019-07-01,TUTICORIN,19372.0
2019-07-01,UDAIPUR,92172.0
2019-07-01,VADODARA,83842.0
2019-07-01,VARANASI,225245.0
2019-07-01,VIDYANAGAR,6310.0
2019-07-01,VIJAYAWADA,95467.0
2019-07-01,VISAKHAPATNAM,207406.0
2019-08-01,ADAMPUR,4639.0
2019-08-01,AGARTALA,119476.0
2019-08-01,AGATTI ISLAND,1227.0
2019-08-01,AGRA,1647.0
2019-08-01,AHMEDABAD,826929.0
2019-08-01,AIZAWL,10298.0
2019-08-01,AJMER,11452.0
2019-08-01,AMRITSAR,127507.0
2019-08-01,AURANGABAD,13792.0
2019-08-01,BAGDOGRA,265781.0
2019-08-01,BELGAUM,21683.0
2019-08-01,BENGALURU,2356134.0
2019-08-01,BHATINDA,2336.0
2019-08-01,BHAVNAGAR,3100.0
2019-08-01,BHOPAL,118572.0
2019-08-01,BHUBANESWAR,286190.0
2019-08-01,BHUJ,2019.0
2019-08-01,BIKANER,4858.0
2019-08-01,CHANDIGARH,176822.0
2019-08-01,CHENNAI,1431162.0
2019-08-01,COIMBATORE,232675.0
2019-08-01,DEHRADUN,97824.0
2019-08-01,DELHI,4350021.0
2019-08-01,DHARAMSALA,13645.0
2019-08-01,DIBRUGARH,40218.0
2019-08-01,DIMAPUR,14366.0
2019-08-01,DIU,1099.0
2019-08-01,DURGAPUR,9946.0
2019-08-01,GAYA,9908.0
2019-08-01,GOA,646751.0
2019-08-01,GORAKHPUR,48371.0
2019-08-01,GUWAHATI,458389.0
2019-08-01,GWALIOR,14745.0
2019-08-01,HUBLI,24418.0
2019-08-01,HYDERABAD,1620379.0
2019-08-01,IMPHAL,108183.0
2019-08-01,INDORE,229469.0
2019-08-01,JABALPUR,24978.0
2019-08-01,JAIPUR,361499.0
2019-08-01,JAISALMER,12012.0
2019-08-01,JAMMU,109055.0
2019-08-01,JAMNAGAR,4465.0
2019-08-01,JHARSUGUDA,19143.0
2019-08-01,JODHPUR,13878.0
2019-08-01,JORHAT,9148.0
2019-08-01,KADAPA,9442.0
2019-08-01,KANDLA,7246.0
2019-08-01,KANNUR,81172.0
2019-08-01,KANPUR,20178.0
2019-08-01,KHAJURAHO,1969.0
2019-08-01,KOCHI,413882.0
2019-08-01,KOLHAPUR,9694.0
2019-08-01,KOLKATA,1557924.0
2019-08-01,KOZHIKODE,48758.0
2019-08-01,KULLU,1528.0
2019-08-01,LEH,78192.0
2019-08-01,LILABARI,1057.0
2019-08-01,LUCKNOW,405701.0
2019-08-01,LUDHIANA,1434.0
2019-08-01,MADURAI,95806.0
2019-08-01,MANGALURU,115687.0
2019-08-01,MUMBAI,3074987.0
2019-08-01,MYSURU,13581.0
2019-08-01,NAGPUR,247696.0
2019-08-01,NANDED,11889.0
2019-08-01,NASHIK,7820.0
2019-08-01,PANTNAGAR,1684.0
2019-08-01,PASIGHAT,62.0
2019-08-01,PATHANKOT,1003.0
2019-08-01,PATNA,396035.0
2019-08-01,PORBANDAR,6590.0
2019-08-01,PORT BLAIR,108577.0
2019-08-01,PRAYAGRAJ,33957.0
2019-08-01,PUDUCHERRY,3088.0
2019-08-01,PUNE,707121.0
2019-08-01,RAIPUR,173946.0
2019-08-01,RAJAHMUNDRY,29823.0
2019-08-01,RAJKOT,12974.0
2019-08-01,RANCHI,206959.0
2019-08-01,SALEM,3144.0
2019-08-01,SHILLONG,2850.0
2019-08-01,SHIRDI,53529.0
2019-08-01,SILCHAR,30313.0
2019-08-01,SIMLA,251.0
2019-08-01,SRINAGAR,211761.0
2019-08-01,SURAT,119357.0
2019-08-01,TEZPUR,271.0
2019-08-01,THIRUVANANTHAPURAM,147855.0
2019-08-01,TIRUCHIRAPPALLI,24346.0
2019-08-01,TIRUPATI,69041.0
2019-08-01,TUTICORIN,20444.0
2019-08-01,UDAIPUR,93002.0
2019-08-01,VADODARA,83358.0
2019-08-01,VARANASI,224580.0
2019-08-01,VIDYANAGAR,6127.0
2019-08-01,VIJAYAWADA,83126.0
2019-08-01,VISAKHAPATNAM,192438.0
2019-09-01,ADAMPUR,4409.0
2019-09-01,AGARTALA,112598.0
2019-09-01,AGATTI ISLAND,2032.0
2019-09-01,AGRA,1742.0
2019-09-01,AHMEDABAD,794130.0
2019-09-01,AIZAWL,9611.0
2019-09-01,AJMER,10720.0
2019-09-01,AMRITSAR,111131.0
2019-09-01,AURANGABAD,15781.0
2019-09-01,BAGDOGRA,263556.0
2019-09-01,BELGAUM,21737.0
2019-09-01,BENGALURU,2240551.0
2019-09-01,BHATINDA,2298.0
2019-09-01,BHAVNAGAR,2789.0
2019-09-01,BHOPAL,108491.0
2019-09-01,BHUBANESWAR,287044.0
2019-09-01,BHUJ,2073.0
2019-09-01,BIKANER,5196.0
2019-09-01,CHANDIGARH,184759.0
2019-09-01,CHENNAI,1393724.0
2019-09-01,COIMBATORE,222034.0
2019-09-01,DEHRADUN,105493.0
2019-09-01,DELHI,4325819.0
2019-09-01,DHARAMSALA,13576.0
2019-09-01,DIBRUGARH,39933.0
2019-09-01,DIMAPUR,14043.0
2019-09-01,DIU,1355.0
2019-09-01,DURGAPUR,9254.0
2019-09-01,GAYA,9660.0
2019-09-01,GOA,628390.0
2019-09-01,GORAKHPUR,58322.0
2019-09-01,GUWAHATI,429935.0
2019-09-01,GWALIOR,12556.0
2019-09-01,HUBLI,36537.0
2019-09-01,HYDERABAD,1588721.0
2019-09-01,IMPHAL,99105.0
2019-09-01,INDORE,224801.0
2019-09-01,JABALPUR,20993.0
2019-09-01,JAIPUR,362071.0
2019-09-01,JAISALMER,11254.0
2019-09-01,JALGAON,2708.0
2019-09-01,JAMMU,118496.0
2019-09-01,JAMNAGAR,4887.0
2019-09-01,JHARSUGUDA,18645.0
2019-09-01,JODHPUR,31953.0
2019-09-01,JORHAT,8952.0
2019-09-01,KADAPA,7734.0
2019-09-01,KANDLA,7142.0
2019-09-01,KANNUR,67983.0
2019-09-01,KANPUR,14292.0
2019-09-01,KHAJURAHO,1873.0
2019-09-01,KOCHI,479343.0
2019-09-01,KOLHAPUR,12727.0
2019-09-01,KOLKATA,1523151.0
2019-09-01,KOZHIKODE,44427.0
2019-09-01,KULLU,1773.0
2019-09-01,LEH,72337.0
2019-09-01,LILABARI,1492.0
2019-09-01,LUCKNOW,391764.0
2019-09-01,LUDHIANA,1471.0
2019-09-01,MADURAI,93226.0
2019-09-01,MANGALURU,102566.0
2019-09-01,MUMBAI,2945158.0
2019-09-01,MYSURU,13949.0
2019-09-01,NAGPUR,246144.0
2019-09-01,NANDED,9230.0
2019-09-01,NASHIK,6372.0
2019-09-01,PANTNAGAR,1752.0
2019-09-01,PASIGHAT,83.0
2019-09-01,PATHANKOT,908.0
2019-09-01,PATNA,354410.0
2019-09-01,PITHORAGARH,520.0
2019-09-01,PORBANDAR,5554.0
2019-09-01,PORT BLAIR,127745.0
2019-09-01,PRAYAGRAJ,32357.0
2019-09-01,PUDUCHERRY,3730.0
2019-09-01,PUNE,685502.0
2019-09-01,RAIPUR,162121.0
2019-09-01,RAJAHMUNDRY,29192.0
2019-09-01,RAJKOT,14359.0
2019-09-01,RANCHI,205984.0
2019-09-01,SALEM,3014.0
2019-09-01,SHILLONG,2701.0
2019-09-01,SHIRDI,52466.0
2019-09-01,SILCHAR,32484.0
2019-09-01,SIMLA,479.0
2019-09-01,SRINAGAR,228009.0
2019-09-01,SURAT,98270.0
2019-09-01,TEZPUR,280.0
2019-09-01,THIRUVANANTHAPURAM,142488.0
2019-09-01,TIRUCHIRAPPALLI,24248.0
2019-09-01,TIRUPATI,63194.0
2019-09-01,TUTICORIN,19281.0
2019-09-01,UDAIPUR,84572.0
2019-09-01,VADODARA,88290.0
2019-09-01,VARANASI,222646.0
2019-09-01,VIDYANAGAR,4527.0
2019-09-01,VIJAYAWADA,73741.0
2019-09-01,VISAKHAPATNAM,193212.0
2019-10-01,ADAMPUR,4928.0
2019-10-01,AGARTALA,122207.0
2019-10-01,AGATTI ISLAND,2877.0
2019-10-01,AGRA,1849.0
2019-10-01,AHMEDABAD,845789.0
2019-10-01,AIZAWL,14792.0
2019-10-01,AJMER,12248.0
2019-10-01,AMRITSAR,137431.0
2019-10-01,AURANGABAD,23613.0
2019-10-01,BAGDOGRA,320259.0
2019-10-01,BELGAUM,27477.0
2019-10-01,BENGALURU,2388887.0
2019-10-01,BHATINDA,1696.0
2019-10-01,BHAVNAGAR,2902.0
2019-10-01,BHOPAL,129761.0
2019-10-01,BHUBANESWAR,312470.0
2019-10-01,BHUJ,2429.0
2019-10-01,BIKANER,5123.0
2019-10-01,CHANDIGARH,203516.0
2019-10-01,CHENNAI,1408835.0
2019-10-01,COIMBATORE,215811.0
2019-10-01,DEHRADUN,117952.0
2019-10-01,DELHI,4512395.0
2019-10-01,DHARAMSALA,12879.0
2019-10-01,DIBRUGARH,51872.0
2019-10-01,DIMAPUR,15668.0
2019-10-01,DIU,1662.0
2019-10-01,DURGAPUR,15737.0
2019-10-01,GAYA,12285.0
2019-10-01,GHAZIABAD,233.0
2019-10-01,GOA,646771.0
2019-10-01,GORAKHPUR,64062.0
2019-10-01,GUWAHATI,500753.0
2019-10-01,GWALIOR,15596.0
2019-10-01,HUBLI,40060.0
2019-10-01,HYDERABAD,1741510.0
2019-10-01,IMPHAL,112494.0
2019-10-01,INDORE,229714.0
2019-10-01,JABALPUR,29660.0
2019-10-01,JAIPUR,395506.0
2019-10-01,JAISALMER,14797.0
2019-10-01,JALGAON,2561.0
2019-10-01,JAMMU,122935.0
2019-10-01,JAMNAGAR,6669.0
2019-10-01,JHARSUGUDA,22576.0
2019-10-01,JODHPUR,47434.0
2019-10-01,JORHAT,10287.0
2019-10-01,KADAPA,9549.0
2019-10-01,KANDLA,8021.0
2019-10-01,KANNUR,71573.0
2019-10-01,KANPUR,23740.0
2019-10-01,KHAJURAHO,2595.0
2019-10-01,KOCHI,448201.0
2019-10-01,KOLHAPUR,12668.0
2019-10-01,KOLKATA,1779340.0
2019-10-01,KOZHIKODE,39854.0
2019-10-01,KULLU,2513.0
2019-10-01,LEH,57588.0
2019-10-01,LILABARI,1682.0
2019-10-01,LUCKNOW,451643.0
2019-10-01,LUDHIANA,1591.0
2019-10-01,MADURAI,86253.0
2019-10-01,MANGALURU,109614.0
2019-10-01,MUMBAI,3028248.0
2019-10-01,MYSURU,15813.0
2019-10-01,NAGPUR,254356.0
2019-10-01,NANDED,10419.0
2019-10-01,NASHIK,8213.0
2019-10-01,PANTNAGAR,2876.0
2019-10-01,PASIGHAT,109.0
2019-10-01,PATHANKOT,1115.0
2019-10-01,PATNA,402937.0
2019-10-01,PITHORAGARH,991.0
2019-10-01,PORBANDAR,7468.0
2019-10-01,PORT BLAIR,154309.0
2019-10-01,PRAYAGRAJ,36999.0
2019-10-01,PUDUCHERRY,6415.0
2019-10-01,PUNE,685950.0
2019-10-01,RAIPUR,187729.0
2019-10-01,RAJAHMUNDRY,36314.0
2019-10-01,RAJKOT,19080.0
2019-10-01,RANCHI,215730.0
2019-10-01,SALEM,3273.0
2019-10-01,SHILLONG,3313.0
2019-10-01,SHIRDI,56031.0
2019-10-01,SILCHAR,41706.0
2019-10-01,SIMLA,1310.0
2019-10-01,SRINAGAR,241294.0
2019-10-01,SURAT,116849.0
2019-10-01,TEZPUR,370.0
2019-10-01,THIRUVANANTHAPURAM,143073.0
2019-10-01,TIRUCHIRAPPALLI,23124.0
2019-10-01,TIRUPATI,62839.0
2019-10-01,TUTICORIN,19287.0
2019-10-01,UDAIPUR,95238.0
2019-10-01,VADODARA,97439.0
2019-10-01,VARANASI,233718.0
2019-10-01,VIDYANAGAR,5338.0
2019-10-01,VIJAYAWADA,93897.0
2019-10-01,VISAKHAPATNAM,211937.0
2019-11-01,ADAMPUR,5125.0
2019-11-01,AGARTALA,142209.0
2019-11-01,AGATTI ISLAND,2725.0
2019-11-01,AGRA,743.0
2019-11-01,AHMEDABAD,931722.0
2019-11-01,AIZAWL,23677.0
2019-11-01,AJMER,12374.0
2019-11-01,AMRITSAR,148217.0
2019-11-01,AURANGABAD,49941.0
2019-11-01,BAGDOGRA,298995.0
2019-11-01,BELGAUM,30034.0
2019-11-01,BENGALURU,2476181.0
2019-11-01,BHATINDA,935.0
2019-11-01,BHAVNAGAR,3088.0
2019-11-01,BHOPAL,109857.0
2019-11-01,BHUBANESWAR,325458.0
2019-11-01,BHUJ,3464.0
2019-11-01,BIKANER,3014.0
2019-11-01,CHANDIGARH,224844.0
2019-11-01,CHENNAI,1507691.0
2019-11-01,COIMBATORE,237887.0
2019-11-01,DEHRADUN,118740.0
2019-11-01,DELHI,4740868.0
2019-11-01,DHARAMSALA,10048.0
2019-11-01,DIBRUGARH,50445.0
2019-11-01,DIMAPUR,15631.0
2019-11-01,DIU,1918.0
2019-11-01,DURGAPUR,21912.0
2019-11-01,GAYA,14425.0
2019-11-01,GHAZIABAD,1169.0
2019-11-01,GOA,697702.0
2019-11-01,GORAKHPUR,62551.0
2019-11-01,GUWAHATI,500986.0
2019-11-01,GWALIOR,14250.0
2019-11-01,HUBLI,37905.0
2019-11-01,HYDERABAD,1830161.0
2019-11-01,IMPHAL,101360.0
2019-11-01,INDORE,259724.0
2019-11-01,JABALPUR,29542.0
2019-11-01,JAIPUR,440499.0
2019-11-01,JAISALMER,27652.0
2019-11-01,JALGAON,2824.0
2019-11-01,JAMMU,139023.0
2019-11-01,JAMNAGAR,6498.0
2019-11-01,JHARSUGUDA,21213.0
2019-11-01,JODHPUR,79363.0
2019-11-01,JORHAT,14065.0
2019-11-01,KADAPA,10042.0
2019-11-01,"KALABURAGI, KARNATAKA",264.0
2019-11-01,KANDLA,8197.0
2019-11-01,KANNUR,65053.0
2019-11-01,KANPUR,24744.0
2019-11-01,KHAJURAHO,5042.0
2019-11-01,KOCHI,440054.0
2019-11-01,KOLHAPUR,13741.0
2019-11-01,KOLKATA,1799918.0
2019-11-01,KOZHIKODE,43021.0
2019-11-01,KULLU,2033.0
2019-11-01,LEH,33020.0
2019-11-01,LILABARI,1851.0
2019-11-01,LUCKNOW,454486.0
2019-11-01,LUDHIANA,1104.0
2019-11-01,MADURAI,90346.0
2019-11-01,MANGALURU,120300.0
2019-11-01,MUMBAI,3176639.0
2019-11-01,MYSURU,17288.0
2019-11-01,NAGPUR,266476.0
2019-11-01,NANDED,11507.0
2019-11-01,NASHIK,11629.0
2019-11-01,PANTNAGAR,2292.0
2019-11-01,PASIGHAT,181.0
2019-11-01,PATHANKOT,1043.0
2019-11-01,PATNA,455500.0
2019-11-01,PITHORAGARH,238.0
2019-11-01,PORBANDAR,7536.0
2019-11-01,PORT BLAIR,154788.0
2019-11-01,PRAYAGRAJ,39747.0
2019-11-01,PUDUCHERRY,5627.0
2019-11-01,PUNE,715022.0
2019-11-01,RAIPUR,199168.0
2019-11-01,RAJAHMUNDRY,38246.0
2019-11-01,RAJKOT,27387.0
2019-11-01,RANCHI,225916.0
2019-11-01,SALEM,3281.0
2019-11-01,SHILLONG,3393.0
2019-11-01,SHIRDI,28255.0
2019-11-01,SILCHAR,37969.0
2019-11-01,SIMLA,633.0
2019-11-01,SRINAGAR,211968.0
2019-11-01,SURAT,140373.0
2019-11-01,TEZPUR,302.0
2019-11-01,THIRUVANANTHAPURAM,170825.0
2019-11-01,TIRUCHIRAPPALLI,24100.0
2019-11-01,TIRUPATI,71219.0
2019-11-01,TUTICORIN,22177.0
2019-11-01,UDAIPUR,127288.0
2019-11-01,VADODARA,103959.0
2019-11-01,VARANASI,295103.0
2019-11-01,VIDYANAGAR,6490.0
2019-11-01,VIJAYAWADA,92429.0
2019-11-01,VISAKHAPATNAM,232405.0
2019-12-01,ADAMPUR,5207.0
2019-12-01,AGARTALA,141968.0
2019-12-01,AGATTI ISLAND,2676.0
2019-12-01,AGRA,1105.0
2019-12-01,AHMEDABAD,921043.0
2019-12-01,AIZAWL,26098.0
2019-12-01,AJMER,12282.0
2019-12-01,AMRITSAR,174436.0
2019-12-01,AURANGABAD,65743.0
2019-12-01,BAGDOGRA,304118.0
2019-12-01,BELGAUM,33058.0
2019-12-01,BENGALURU,2532901.0
2019-12-01,BHATINDA,987.0
2019-12-01,BHAVNAGAR,3203.0
2019-12-01,BHOPAL,118069.0
2019-12-01,BHUBANESWAR,344451.0
2019-12-01,BHUJ,3479.0
2019-12-01,BIKANER,3146.0
2019-12-01,CHANDIGARH,205518.0
2019-12-01,CHENNAI,1568915.0
2019-12-01,COIMBATORE,268686.0
2019-12-01,DEHRADUN,124503.0
2019-12-01,DELHI,4607849.0
2019-12-01,DHARAMSALA,9341.0
2019-12-01,DIBRUGARH,48059.0
2019-12-01,DIMAPUR,19998.0
2019-12-01,DIU,2983.0
2019-12-01,DURGAPUR,24757.0
2019-12-01,GAYA,14221.0
2019-12-01,GHAZIABAD,1452.0
2019-12-01,GOA,721281.0
2019-12-01,GORAKHPUR,51267.0
2019-12-01,GUWAHATI,474948.0
2019-12-01,GWALIOR,15733.0
2019-12-01,HUBLI,42467.0
2019-12-01,HYDERABAD,1883756.0
2019-12-01,IMPHAL,100119.0
2019-12-01,INDORE,278464.0
2019-12-01,JABALPUR,28810.0
2019-12-01,JAIPUR,438745.0
2019-12-01,JAISALMER,31220.0
2019-12-01,JALGAON,2766.0
2019-12-01,JAMMU,117557.0
2019-12-01,JAMNAGAR,6608.0
2019-12-01,JHARSUGUDA,22939.0
2019-12-01,JODHPUR,91803.0
2019-12-01,JORHAT,16002.0
2019-12-01,KADAPA,11129.0
2019-12-01,"KALABURAGI, KARNATAKA",1139.0
2019-12-01,KANDLA,10581.0
2019-12-01,KANNUR,57729.0
2019-12-01,KANPUR,24133.0
2019-12-01,KHAJURAHO,4712.0
2019-12-01,KOCHI,455044.0
2019-12-01,KOLHAPUR,11045.0
2019-12-01,KOLKATA,1838666.0
2019-12-01,KOZHIKODE,48465.0
2019-12-01,KULLU,2135.0
2019-12-01,LEH,32513.0
2019-12-01,LILABARI,1625.0
2019-12-01,LUCKNOW,422857.0
2019-12-01,LUDHIANA,934.0
2019-12-01,MADURAI,86186.0
2019-12-01,MANGALURU,132486.0
2019-12-01,MUMBAI,3209847.0
2019-12-01,MYSURU,18259.0
2019-12-01,NAGPUR,273509.0
2019-12-01,NANDED,13275.0
2019-12-01,NASHIK,13346.0
2019-12-01,PANTNAGAR,1842.0
2019-12-01,PASIGHAT,253.0
2019-12-01,PATHANKOT,755.0
2019-12-01,PATNA,371247.0
2019-12-01,PITHORAGARH,1112.0
2019-12-01,PORBANDAR,7880.0
2019-12-01,PORT BLAIR,167473.0
2019-12-01,PRAYAGRAJ,39660.0
2019-12-01,PUDUCHERRY,7387.0
2019-12-01,PUNE,740418.0
2019-12-01,RAIPUR,203806.0
2019-12-01,RAJAHMUNDRY,39300.0
2019-12-01,RAJKOT,28502.0
2019-12-01,RANCHI,217672.0
2019-12-01,SALEM,3518.0
2019-12-01,SHILLONG,3106.0
2019-12-01,SHIRDI,32119.0
2019-12-01,SILCHAR,40724.0
2019-12-01,SIMLA,1182.0
2019-12-01,SRINAGAR,162592.0
2019-12-01,SURAT,130330.0
2019-12-01,TEZPUR,335.0
2019-12-01,THIRUVANANTHAPURAM,197625.0
2019-12-01,TIRUCHIRAPPALLI,28619.0
2019-12-01,TIRUPATI,75584.0
2019-12-01,TUTICORIN,23561.0
2019-12-01,UDAIPUR,132270.0
2019-12-01,VADODARA,107893.0
2019-12-01,VARANASI,258363.0
2019-12-01,VIDYANAGAR,6887.0
2019-12-01,VIJAYAWADA,96788.0
2019-12-01,VISAKHAPATNAM,247661.0
2020-01-01,ADAMPUR,4446.0
2020-01-01,AGARTALA,139708.0
2020-01-01,AGATTI ISLAND,3246.0
2020-01-01,AGRA,1263.0
2020-01-01,AHMEDABAD,953744.0
2020-01-01,AIZAWL,26380.0
2020-01-01,AJMER,12270.0
2020-01-01,AMRITSAR,166856.0
2020-01-01,AURANGABAD,47711.0
2020-01-01,BAGDOGRA,282692.0
2020-01-01,BELGAUM,34352.0
2020-01-01,BENGALURU,2499370.0
2020-01-01,BHATINDA,859.0
2020-01-01,BHAVNAGAR,3301.0
2020-01-01,BHOPAL,109756.0
2020-01-01,BHUBANESWAR,335975.0
2020-01-01,BHUJ,3453.0
2020-01-01,BIKANER,3433.0
2020-01-01,CHANDIGARH,203378.0
2020-01-01,CHENNAI,1544590.0
2020-01-01,COIMBATORE,259625.0
2020-01-01,DEHRADUN,119120.0
2020-01-01,DELHI,4457860.0
2020-01-01,DHARAMSALA,8823.0
2020-01-01,DIBRUGARH,51538.0
2020-01-01,DIMAPUR,19454.0
2020-01-01,DIU,3084.0
2020-01-01,DURGAPUR,24184.0
2020-01-01,GAYA,13078.0
2020-01-01,GHAZIABAD,1524.0
2020-01-01,GOA,736265.0
2020-01-01,GORAKHPUR,50987.0
2020-01-01,GUWAHATI,496895.0
2020-01-01,GWALIOR,13835.0
2020-01-01,HUBLI,42430.0
2020-01-01,HYDERABAD,1793787.0
2020-01-01,IMPHAL,101003.0
2020-01-01,INDORE,289282.0
2020-01-01,JABALPUR,29083.0
2020-01-01,JAIPUR,436085.0
2020-01-01,JAISALMER,28810.0
2020-01-01,JALGAON,3273.0
2020-01-01,JAMMU,120626.0
2020-01-01,JAMNAGAR,6786.0
2020-01-01,JHARSUGUDA,21072.0
2020-01-01,JODHPUR,89099.0
2020-01-01,JORHAT,16162.0
2020-01-01,KADAPA,9183.0
2020-01-01,"KALABURAGI, KARNATAKA",4693.0
2020-01-01,KANDLA,10046.0
2020-01-01,KANNUR,54403.0
2020-01-01,KANPUR,23959.0
2020-01-01,KHAJURAHO,6153.0
2020-01-01,KOCHI,455921.0
2020-01-01,KOLHAPUR,11599.0
2020-01-01,KOLKATA,1788724.0
2020-01-01,KOZHIKODE,48385.0
2020-01-01,KULLU,1221.0
2020-01-01,LEH,32273.0
2020-01-01,LILABARI,1493.0
2020-01-01,LUCKNOW,405486.0
2020-01-01,LUDHIANA,1101.0
2020-01-01,MADURAI,96433.0
2020-01-01,MANGALURU,125607.0
2020-01-01,MUMBAI,3157786.0
2020-01-01,MUNDRA,244.0
2020-01-01,MYSURU,18081.0
2020-01-01,NAGPUR,262634.0
2020-01-01,NANDED,13518.0
2020-01-01,NASHIK,12236.0
2020-01-01,PANTNAGAR,1958.0
2020-01-01,PASIGHAT,85.0
2020-01-01,PATHANKOT,865.0
2020-01-01,PATNA,337099.0
2020-01-01,PITHORAGARH,792.0
2020-01-01,PORBANDAR,7950.0
2020-01-01,PORT BLAIR,170245.0
2020-01-01,PRAYAGRAJ,40260.0
2020-01-01,PUDUCHERRY,7552.0
2020-01-01,PUNE,730632.0
2020-01-01,RAIPUR,197209.0
2020-01-01,RAJAHMUNDRY,40761.0
2020-01-01,RAJKOT,24700.0
2020-01-01,RANCHI,204663.0
2020-01-01,SALEM,2941.0
2020-01-01,SHILLONG,3473.0
2020-01-01,SHIRDI,57407.0
2020-01-01,SILCHAR,40230.0
2020-01-01,SIMLA,509.0
2020-01-01,SRINAGAR,193412.0
2020-01-01,SURAT,127434.0
2020-01-01,TEZPUR,94.0
2020-01-01,THIRUVANANTHAPURAM,200924.0
2020-01-01,TIRUCHIRAPPALLI,33575.0
2020-01-01,TIRUPATI,70586.0
2020-01-01,TUTICORIN,23303.0
2020-01-01,UDAIPUR,129585.0
2020-01-01,VADODARA,113984.0
2020-01-01,VARANASI,248447.0
2020-01-01,VIDYANAGAR,6267.0
2020-01-01,VIJAYAWADA,91506.0
2020-01-01,VISAKHAPATNAM,235002.0
2020-02-01,ADAMPUR,4368.0
2020-02-01,AGARTALA,124948.0
2020-02-01,AGATTI ISLAND,2903.0
2020-02-01,AGRA,740.0
2020-02-01,AHMEDABAD,891808.0
2020-02-01,AIZAWL,24565.0
2020-02-01,AJMER,12371.0
2020-02-01,AMRITSAR,161158.0
2020-02-01,AURANGABAD,54946.0
2020-02-01,BAGDOGRA,265853.0
2020-02-01,BELGAUM,39185.0
2020-02-01,BENGALURU,2359455.0
2020-02-01,BHATINDA,1190.0
2020-02-01,BHAVNAGAR,3295.0
2020-02-01,BHOPAL,110249.0
2020-02-01,BHUBANESWAR,317863.0
2020-02-01,BHUJ,3711.0
2020-02-01,BIDAR,2935.0
2020-02-01,BIKANER,3333.0
2020-02-01,CHANDIGARH,220099.0
2020-02-01,CHENNAI,1430291.0
2020-02-01,COIMBATORE,236795.0
2020-02-01,DEHRADUN,118745.0
2020-02-01,DELHI,4566293.0
2020-02-01,DHARAMSALA,9160.0
2020-02-01,DIBRUGARH,49720.0
2020-02-01,DIMAPUR,16841.0
2020-02-01,DIU,3142.0
2020-02-01,DURGAPUR,22887.0
2020-02-01,GAYA,13760.0
2020-02-01,GHAZIABAD,1773.0
2020-02-01,GOA,690289.0
2020-02-01,GORAKHPUR,50204.0
2020-02-01,GUWAHATI,448779.0
2020-02-01,GWALIOR,14923.0
2020-02-01,HUBLI,39971.0
2020-02-01,HYDERABAD,1674344.0
2020-02-01,IMPHAL,94537.0
2020-02-01,INDORE,278786.0
2020-02-01,JABALPUR,26376.0
2020-02-01,JAIPUR,419754.0
2020-02-01,JAISALMER,28335.0
2020-02-01,JALGAON,3855.0
2020-02-01,JAMMU,134833.0
2020-02-01,JAMNAGAR,6611.0
2020-02-01,JHARSUGUDA,21788.0
2020-02-01,JODHPUR,90786.0
2020-02-01,JORHAT,15596.0
2020-02-01,KADAPA,10455.0
2020-02-01,"KALABURAGI, KARNATAKA",4398.0
2020-02-01,KANDLA,9276.0
2020-02-01,KANNUR,44670.0
2020-02-01,KANPUR,18908.0
2020-02-01,KHAJURAHO,7315.0
2020-02-01,KOCHI,399155.0
2020-02-01,KOLHAPUR,13107.0
2020-02-01,KOLKATA,1647476.0
2020-02-01,KOZHIKODE,41649.0
2020-02-01,KULLU,1414.0
2020-02-01,LEH,34688.0
2020-02-01,LILABARI,1555.0
2020-02-01,LUCKNOW,422803.0
2020-02-01,LUDHIANA,1535.0
2020-02-01,MADURAI,96107.0
2020-02-01,MANGALURU,109559.0
2020-02-01,MUMBAI,3048604.0
2020-02-01,MYSURU,17552.0
2020-02-01,NAGPUR,258194.0
2020-02-01,NANDED,13590.0
2020-02-01,NASHIK,12085.0
2020-02-01,PANTNAGAR,2172.0
2020-02-01,PASIGHAT,84.0
2020-02-01,PATHANKOT,973.0
2020-02-01,PATNA,376386.0
2020-02-01,PITHORAGARH,692.0
2020-02-01,PORBANDAR,7895.0
2020-02-01,PORT BLAIR,157025.0
2020-02-01,PRAYAGRAJ,41846.0
2020-02-01,PUDUCHERRY,6916.0
2020-02-01,PUNE,699486.0
2020-02-01,RAIPUR,189936.0
2020-02-01,RAJAHMUNDRY,38374.0
2020-02-01,RAJKOT,23633.0
2020-02-01,RANCHI,205466.0
2020-02-01,SALEM,3239.0
2020-02-01,SHILLONG,3388.0
2020-02-01,SHIRDI,69040.0
2020-02-01,SILCHAR,36658.0
2020-02-01,SIMLA,840.0
2020-02-01,SRINAGAR,218456.0
2020-02-01,SURAT,122060.0
2020-02-01,TEZPUR,93.0
2020-02-01,THIRUVANANTHAPURAM,161988.0
2020-02-01,TIRUCHIRAPPALLI,29456.0
2020-02-01,TIRUPATI,73602.0
2020-02-01,TUTICORIN,20380.0
2020-02-01,UDAIPUR,133945.0
2020-02-01,VADODARA,109285.0
2020-02-01,VARANASI,287720.0
2020-02-01,VIDYANAGAR,6240.0
2020-02-01,VIJAYAWADA,90985.0
2020-02-01,VISAKHAPATNAM,215827.0
2020-03-01,ADAMPUR,2314.0
2020-03-01,AGARTALA,97735.0
2020-03-01,AGATTI ISLAND,1766.0
2020-03-01,AGRA,88.0
2020-03-01,AHMEDABAD,551415.0
2020-03-01,AIZAWL,20236.0
2020-03-01,AJMER,8452.0
2020-03-01,AMRITSAR,89627.0
2020-03-01,AURANGABAD,34152.0
2020-03-01,BAGDOGRA,205581.0
2020-03-01,BELGAUM,23865.0
2020-03-01,BENGALURU,1420299.0
2020-03-01,BHATINDA,747.0
2020-03-01,BHAVNAGAR,2053.0
2020-03-01,BHOPAL,67167.0
2020-03-01,BHUBANESWAR,224554.0
2020-03-01,BHUJ,2437.0
2020-03-01,BIDAR,2553.0
2020-03-01,BIKANER,1921.0
2020-03-01,CHANDIGARH,164094.0
2020-03-01,CHENNAI,886110.0
2020-03-01,COIMBATORE,134449.0
2020-03-01,DEHRADUN,82150.0
2020-03-01,DELHI,2784891.0
2020-03-01,DHARAMSALA,6236.0
2020-03-01,DIBRUGARH,36136.0
2020-03-01,DIMAPUR,13320.0
2020-03-01,DIU,1600.0
2020-03-01,DURGAPUR,17984.0
2020-03-01,GAYA,9036.0
2020-03-01,GHAZIABAD,1606.0
2020-03-01,GOA,404261.0
2020-03-01,GORAKHPUR,40503.0
2020-03-01,GUWAHATI,338533.0
2020-03-01,GWALIOR,11327.0
2020-03-01,HUBLI,23883.0
2020-03-01,HYDERABAD,1031552.0
2020-03-01,IMPHAL,72891.0
2020-03-01,INDORE,170263.0
2020-03-01,JABALPUR,18139.0
2020-03-01,JAIPUR,258659.0
2020-03-01,JAISALMER,13885.0
2020-03-01,JALGAON,1774.0
2020-03-01,JAMMU,94552.0
2020-03-01,JAMNAGAR,2562.0
2020-03-01,JHARSUGUDA,16550.0
2020-03-01,JODHPUR,54105.0
2020-03-01,JORHAT,10778.0
2020-03-01,KADAPA,8752.0
2020-03-01,"KALABURAGI, KARNATAKA",2717.0
2020-03-01,KANDLA,6076.0
2020-03-01,KANNUR,27054.0
2020-03-01,KANPUR,13709.0
2020-03-01,KHAJURAHO,2818.0
2020-03-01,KOCHI,206472.0
2020-03-01,KOLHAPUR,8752.0
2020-03-01,KOLKATA,1175443.0
2020-03-01,KOZHIKODE,23774.0
2020-03-01,KULLU,986.0
2020-03-01,LEH,27539.0
2020-03-01,LILABARI,1237.0
2020-03-01,LUCKNOW,275344.0
2020-03-01,LUDHIANA,814.0
2020-03-01,MADURAI,58066.0
2020-03-01,MANGALURU,69552.0
2020-03-01,MUMBAI,1734266.0
2020-03-01,MUNDRA,26.0
2020-03-01,MYSURU,10910.0
2020-03-01,NAGPUR,154521.0
2020-03-01,NANDED,9462.0
2020-03-01,NASHIK,7404.0
2020-03-01,PANTNAGAR,1603.0
2020-03-01,PASIGHAT,178.0
2020-03-01,PATHANKOT,897.0
2020-03-01,PATNA,313148.0
2020-03-01,PITHORAGARH,406.0
2020-03-01,PORBANDAR,5319.0
2020-03-01,PORT BLAIR,90587.0
2020-03-01,PRAYAGRAJ,35331.0
2020-03-01,PUDUCHERRY,3731.0
2020-03-01,PUNE,425701.0
2020-03-01,RAIPUR,124738.0
2020-03-01,RAJAHMUNDRY,23446.0
2020-03-01,RAJKOT,14905.0
2020-03-01,RANCHI,150325.0
2020-03-01,SALEM,2298.0
2020-03-01,SHILLONG,2440.0
2020-03-01,SHIRDI,42776.0
2020-03-01,SILCHAR,27267.0
2020-03-01,SIMLA,321.0
2020-03-01,SRINAGAR,161039.0
2020-03-01,SURAT,72672.0
2020-03-01,TEZPUR,99.0
2020-03-01,THIRUVANANTHAPURAM,85809.0
2020-03-01,TIRUCHIRAPPALLI,15763.0
2020-03-01,TIRUPATI,46267.0
2020-03-01,TUTICORIN,11978.0
2020-03-01,UDAIPUR,71670.0
2020-03-01,VADODARA,53872.0
2020-03-01,VARANASI,204185.0
2020-03-01,VIDYANAGAR,3986.0
2020-03-01,VIJAYAWADA,58476.0
2020-03-01,VISAKHAPATNAM,135612.0
2020-04-01,BENGALURU,0.0
2020-04-01,CHENNAI,0.0
2020-04-01,DELHI,0.0
2020-04-01,HYDERABAD,0.0
2020-04-01,KOLKATA,0.0
2020-04-01,MUMBAI,0.0
2020-05-01,ADAMPUR,104.0
2020-05-01,AGARTALA,980.0
2020-05-01,AHMEDABAD,14180.0
2020-05-01,AJMER,196.0
2020-05-01,AMRITSAR,4273.0
2020-05-01,BAGDOGRA,6095.0
2020-05-01,BELGAUM,447.0
2020-05-01,BENGALURU,66971.0
2020-05-01,BHOPAL,2038.0
2020-05-01,BHUBANESWAR,8994.0
2020-05-01,BHUJ,59.0
2020-05-01,BIDAR,159.0
2020-05-01,BIKANER,454.0
2020-05-01,CHANDIGARH,5545.0
2020-05-01,CHENNAI,23359.0
2020-05-01,COIMBATORE,4580.0
2020-05-01,DEHRADUN,3064.0
2020-05-01,DELHI,155140.0
2020-05-01,DHARAMSALA,1055.0
2020-05-01,DIBRUGARH,811.0
2020-05-01,DIU,38.0
2020-05-01,GAYA,449.0
2020-05-01,GHAZIABAD,42.0
2020-05-01,GOA,2143.0
2020-05-01,GORAKHPUR,3432.0
2020-05-01,GUWAHATI,12968.0
2020-05-01,GWALIOR,504.0
2020-05-01,HUBLI,61.0
2020-05-01,HYDERABAD,31940.0
2020-05-01,IMPHAL,3545.0
2020-05-01,INDORE,2519.0
2020-05-01,JABALPUR,707.0
2020-05-01,JAIPUR,10691.0
2020-05-01,JAISALMER,117.0
2020-05-01,JAMMU,4084.0
2020-05-01,JHARSUGUDA,1150.0
2020-05-01,KADAPA,317.0
2020-05-01,"KALABURAGI, KARNATAKA",390.0
2020-05-01,KANDLA,135.0
2020-05-01,KANNUR,1141.0
2020-05-01,KANPUR,728.0
2020-05-01,KOCHI,10716.0
2020-05-01,KOLHAPUR,199.0
2020-05-01,KOLKATA,14142.0
2020-05-01,KOZHIKODE,395.0
2020-05-01,LEH,1909.0
2020-05-01,LILABARI,6.0
2020-05-01,LUCKNOW,12721.0
2020-05-01,LUDHIANA,90.0
2020-05-01,MADURAI,2475.0
2020-05-01,MANGALURU,872.0
2020-05-01,MUMBAI,37067.0
2020-05-01,MYSURU,481.0
2020-05-01,NAGPUR,3285.0
2020-05-01,NASHIK,64.0
2020-05-01,PANTNAGAR,56.0
2020-05-01,PASIGHAT,1.0
2020-05-01,PATHANKOT,127.0
2020-05-01,PATNA,18242.0
2020-05-01,PORBANDAR,86.0
2020-05-01,PORT BLAIR,1778.0
2020-05-01,PRAYAGRAJ,2301.0
2020-05-01,PUNE,16499.0
2020-05-01,RAIPUR,5827.0
2020-05-01,RAJAHMUNDRY,666.0
2020-05-01,RAJKOT,466.0
2020-05-01,RANCHI,7096.0
2020-05-01,SALEM,337.0
2020-05-01,SILCHAR,280.0
2020-05-01,SRINAGAR,11197.0
2020-05-01,SURAT,1578.0
2020-05-01,TEZPUR,1.0
2020-05-01,THIRUVANANTHAPURAM,2878.0
2020-05-01,TIRUCHIRAPPALLI,943.0
2020-05-01,TIRUPATI,915.0
2020-05-01,TUTICORIN,352.0
2020-05-01,UDAIPUR,700.0
2020-05-01,VADODARA,1497.0
2020-05-01,VARANASI,11116.0
2020-05-01,VIDYANAGAR,261.0
2020-05-01,VIJAYAWADA,3972.0
2020-05-01,VISAKHAPATNAM,7635.0
2020-06-01,AGARTALA,24424.0
2020-06-01,AGRA,201.0
2020-06-01,AHMEDABAD,103020.0
2020-06-01,AIZAWL,2298.0
2020-06-01,AJMER,5313.0
2020-06-01,AMRITSAR,19747.0
2020-06-01,AURANGABAD,764.0
2020-06-01,BAGDOGRA,65601.0
2020-06-01,BELGAUM,10295.0
2020-06-01,BENGALURU,372067.0
2020-06-01,BHOPAL,13186.0
2020-06-01,BHUBANESWAR,61473.0
2020-06-01,BHUJ,743.0
2020-06-01,BIDAR,1481.0
2020-06-01,BIKANER,2160.0
2020-06-01,CHANDIGARH,37525.0
2020-06-01,CHENNAI,147634.0
2020-06-01,COIMBATORE,27083.0
2020-06-01,DEHRADUN,16532.0
2020-06-01,DELHI,898055.0
2020-06-01,DHARAMSALA,5962.0
2020-06-01,DIBRUGARH,18940.0
2020-06-01,DIMAPUR,4005.0
2020-06-01,DIU,426.0
2020-06-01,GAYA,747.0
2020-06-01,GOA,15247.0
2020-06-01,GORAKHPUR,25763.0
2020-06-01,GUWAHATI,100983.0
2020-06-01,GWALIOR,2193.0
2020-06-01,HUBLI,52.0
2020-06-01,HYDERABAD,292537.0
2020-06-01,IMPHAL,18365.0
2020-06-01,INDORE,19271.0
2020-06-01,JABALPUR,5078.0
2020-06-01,JAIPUR,76530.0
2020-06-01,JAISALMER,1242.0
2020-06-01,JALGAON,377.0
2020-06-01,JAMMU,34828.0
2020-06-01,JHARSUGUDA,9320.0
2020-06-01,JORHAT,1127.0
2020-06-01,KADAPA,3048.0
2020-06-01,"KALABURAGI, KARNATAKA",3647.0
2020-06-01,KANDLA,797.0
2020-06-01,KANNUR,7254.0
2020-06-01,KANPUR,2774.0
2020-06-01,KOCHI,56904.0
2020-06-01,KOLHAPUR,4132.0
2020-06-01,KOLKATA,382241.0
2020-06-01,KOZHIKODE,2484.0
2020-06-01,KULLU,1.0
2020-06-01,LEH,11604.0
2020-06-01,LILABARI,520.0
2020-06-01,LUCKNOW,81433.0
2020-06-01,LUDHIANA,745.0
2020-06-01,MADURAI,10881.0
2020-06-01,MANGALURU,5018.0
2020-06-01,MUMBAI,225225.0
2020-06-01,MYSURU,3006.0
2020-06-01,NAGPUR,25861.0
2020-06-01,NANDED,531.0
2020-06-01,NASHIK,3205.0
2020-06-01,PANTNAGAR,1032.0
2020-06-01,PASIGHAT,22.0
2020-06-01,PATHANKOT,1200.0
2020-06-01,PATNA,135354.0
2020-06-01,PORBANDAR,671.0
2020-06-01,PORT BLAIR,18494.0
2020-06-01,PRAYAGRAJ,17281.0
2020-06-01,PUNE,119359.0
2020-06-01,RAIPUR,34354.0
2020-06-01,RAJAHMUNDRY,5549.0
2020-06-01,RAJKOT,486.0
2020-06-01,RANCHI,56437.0
2020-06-01,SALEM,1362.0
2020-06-01,SHIRDI,873.0
2020-06-01,SILCHAR,11850.0
2020-06-01,SIMLA,11.0
2020-06-01,SRINAGAR,87520.0
2020-06-01,SURAT,8107.0
2020-06-01,TEZPUR,108.0
2020-06-01,THIRUVANANTHAPURAM,22487.0
2020-06-01,TIRUCHIRAPPALLI,5975.0
2020-06-01,TIRUPATI,6304.0
2020-06-01,TUTICORIN,3840.0
2020-06-01,UDAIPUR,3737.0
2020-06-01,VADODARA,5929.0
2020-06-01,VARANASI,75392.0
2020-06-01,VIDYANAGAR,2718.0
2020-06-01,VIJAYAWADA,14575.0
2020-06-01,VISAKHAPATNAM,37523.0
2020-07-01,AGARTALA,22192.0
2020-07-01,AGRA,109.0
2020-07-01,AHMEDABAD,119044.0
2020-07-01,AIZAWL,3070.0
2020-07-01,AJMER,7623.0
2020-07-01,AMRITSAR,23532.0
2020-07-01,AURANGABAD,3657.0
2020-07-01,BAGDOGRA,70837.0
2020-07-01,BELGAUM,14490.0
2020-07-01,BENGALURU,421282.0
2020-07-01,BHAVNAGAR,41.0
2020-07-01,BHOPAL,14290.0
2020-07-01,BHUBANESWAR,63516.0
2020-07-01,BHUJ,1463.0
2020-07-01,BIDAR,968.0
2020-07-01,BIKANER,1885.0
2020-07-01,CHANDIGARH,41606.0
2020-07-01,CHENNAI,162336.0
2020-07-01,COIMBATORE,27894.0
2020-07-01,DEHRADUN,18046.0
2020-07-01,DELHI,886511.0
2020-07-01,DHARAMSALA,6568.0
2020-07-01,DIBRUGARH,18383.0
2020-07-01,DIMAPUR,4092.0
2020-07-01,DIU,583.0
2020-07-01,GAYA,1054.0
2020-07-01,GOA,20727.0
2020-07-01,GORAKHPUR,38913.0
2020-07-01,GUWAHATI,95408.0
2020-07-01,GWALIOR,1960.0
2020-07-01,HUBLI,888.0
2020-07-01,HYDERABAD,373711.0
2020-07-01,IMPHAL,20408.0
2020-07-01,INDORE,23538.0
2020-07-01,JABALPUR,6349.0
2020-07-01,JAIPUR,82241.0
2020-07-01,JAISALMER,429.0
2020-07-01,JALGAON,152.0
2020-07-01,JAMMU,43652.0
2020-07-01,JAMNAGAR,467.0
2020-07-01,JHARSUGUDA,11563.0
2020-07-01,JORHAT,1567.0
2020-07-01,KADAPA,2022.0
2020-07-01,"KALABURAGI, KARNATAKA",3279.0
2020-07-01,KANDLA,752.0
2020-07-01,KANNUR,9353.0
2020-07-01,KANPUR,3037.0
2020-07-01,KOCHI,66324.0
2020-07-01,KOLHAPUR,4554.0
2020-07-01,KOLKATA,264088.0
2020-07-01,KOZHIKODE,4753.0
2020-07-01,KULLU,129.0
2020-07-01,LEH,19225.0
2020-07-01,LILABARI,419.0
2020-07-01,LUCKNOW,84185.0
2020-07-01,LUDHIANA,527.0
2020-07-01,MADURAI,17523.0
2020-07-01,MANGALURU,6133.0
2020-07-01,MUMBAI,277996.0
2020-07-01,MYSURU,2704.0
2020-07-01,NAGPUR,25788.0
2020-07-01,NANDED,1098.0
2020-07-01,NASHIK,4102.0
2020-07-01,PANTNAGAR,1271.0
2020-07-01,PASIGHAT,1.0
2020-07-01,PATHANKOT,814.0
2020-07-01,PATNA,159244.0
2020-07-01,PORBANDAR,157.0
2020-07-01,PORT BLAIR,15948.0
2020-07-01,PRAYAGRAJ,25501.0
2020-07-01,PUNE,110513.0
2020-07-01,RAIPUR,35067.0
2020-07-01,RAJAHMUNDRY,7585.0
2020-07-01,RAJKOT,1732.0
2020-07-01,RANCHI,64904.0
2020-07-01,SALEM,847.0
2020-07-01,SHIRDI,734.0
2020-07-01,SILCHAR,11983.0
2020-07-01,SIMLA,18.0
2020-07-01,SRINAGAR,103335.0
2020-07-01,SURAT,8251.0
2020-07-01,TEZPUR,149.0
2020-07-01,THIRUVANANTHAPURAM,20370.0
2020-07-01,TIRUCHIRAPPALLI,12326.0
2020-07-01,TIRUPATI,8567.0
2020-07-01,TUTICORIN,7397.0
2020-07-01,UDAIPUR,6000.0
2020-07-01,VADODARA,8790.0
2020-07-01,VARANASI,80523.0
2020-07-01,VIDYANAGAR,2521.0
2020-07-01,VIJAYAWADA,12364.0
2020-07-01,VISAKHAPATNAM,40296.0
2020-08-01,AGARTALA,23674.0
2020-08-01,AGRA,57.0
2020-08-01,AHMEDABAD,182875.0
2020-08-01,AIZAWL,2550.0
2020-08-01,AJMER,7338.0
2020-08-01,AMRITSAR,31938.0
2020-08-01,AURANGABAD,6358.0
2020-08-01,BAGDOGRA,55123.0
2020-08-01,BELGAUM,17875.0
2020-08-01,BENGALURU,633493.0
2020-08-01,BHAVNAGAR,408.0
2020-08-01,BHOPAL,20074.0
2020-08-01,BHUBANESWAR,91739.0
2020-08-01,BHUJ,1139.0
2020-08-01,BIDAR,858.0
2020-08-01,BIKANER,2442.0
2020-08-01,CHANDIGARH,52420.0
2020-08-01,CHENNAI,226222.0
2020-08-01,COIMBATORE,42768.0
2020-08-01,DEHRADUN,21135.0
2020-08-01,DELHI,1164466.0
2020-08-01,DHARAMSALA,6490.0
2020-08-01,DIBRUGARH,24542.0
2020-08-01,DIMAPUR,3807.0
2020-08-01,DIU,768.0
2020-08-01,GAYA,422.0
2020-08-01,GHAZIABAD,299.0
2020-08-01,GOA,33002.0
2020-08-01,GORAKHPUR,44722.0
2020-08-01,GUWAHATI,134392.0
2020-08-01,GWALIOR,4477.0
2020-08-01,HUBLI,2352.0
2020-08-01,HYDERABAD,490842.0
2020-08-01,IMPHAL,16403.0
2020-08-01,INDORE,38705.0
2020-08-01,JABALPUR,6364.0
2020-08-01,JAIPUR,111817.0
2020-08-01,JAMMU,58527.0
2020-08-01,JAMNAGAR,936.0
2020-08-01,JHARSUGUDA,12118.0
2020-08-01,JODHPUR,2164.0
2020-08-01,JORHAT,2036.0
2020-08-01,KADAPA,1907.0
2020-08-01,"KALABURAGI, KARNATAKA",5034.0
2020-08-01,KANDLA,1704.0
2020-08-01,KANNUR,10005.0
2020-08-01,KANPUR,3033.0
2020-08-01,KOCHI,73840.0
2020-08-01,KOLHAPUR,6283.0
2020-08-01,KOLKATA,319028.0
2020-08-01,KOZHIKODE,6722.0
2020-08-01,KULLU,370.0
2020-08-01,LEH,19340.0
2020-08-01,LILABARI,522.0
2020-08-01,LUCKNOW,132648.0
2020-08-01,LUDHIANA,701.0
2020-08-01,MADURAI,30490.0
2020-08-01,MANGALURU,12517.0
2020-08-01,MUMBAI,405856.0
2020-08-01,MYSURU,3021.0
2020-08-01,NAGPUR,43998.0
2020-08-01,NANDED,1330.0
2020-08-01,NASHIK,3989.0
2020-08-01,PANTNAGAR,1538.0
2020-08-01,PASIGHAT,4.0
2020-08-01,PATHANKOT,917.0
2020-08-01,PATNA,210696.0
2020-08-01,PORT BLAIR,7741.0
2020-08-01,PRAYAGRAJ,29872.0
2020-08-01,PUNE,151382.0
2020-08-01,RAIPUR,51459.0
2020-08-01,RAJAHMUNDRY,10214.0
2020-08-01,RAJKOT,3524.0
2020-08-01,RANCHI,86128.0
2020-08-01,SALEM,1074.0
2020-08-01,SHIRDI,137.0
2020-08-01,SILCHAR,15081.0
2020-08-01,SIMLA,11.0
2020-08-01,SRINAGAR,122456.0
2020-08-01,SURAT,18008.0
2020-08-01,TEZPUR,175.0
2020-08-01,THIRUVANANTHAPURAM,26363.0
2020-08-01,TIRUCHIRAPPALLI,16669.0
2020-08-01,TIRUPATI,15099.0
2020-08-01,TUTICORIN,11298.0
2020-08-01,UDAIPUR,12091.0
2020-08-01,VADODARA,11836.0
2020-08-01,VARANASI,101401.0
2020-08-01,VIDYANAGAR,1150.0
2020-08-01,VIJAYAWADA,19912.0
2020-08-01,VISAKHAPATNAM,60863.0
2020-09-01,AGARTALA,32933.0
2020-09-01,AHMEDABAD,263480.0
2020-09-01,AIZAWL,4243.0
2020-09-01,AJMER,6626.0
2020-09-01,AMRITSAR,38980.0
2020-09-01,AURANGABAD,9437.0
2020-09-01,BAGDOGRA,107493.0
2020-09-01,BELGAUM,23005.0
2020-09-01,BENGALURU,832608.0
2020-09-01,BHAVNAGAR,464.0
2020-09-01,BHOPAL,28482.0
2020-09-01,BHUBANESWAR,144786.0
2020-09-01,BHUJ,788.0
2020-09-01,BIDAR,828.0
2020-09-01,BIKANER,2360.0
2020-09-01,CHANDIGARH,66877.0
2020-09-01,CHENNAI,353789.0
2020-09-01,COIMBATORE,65113.0
2020-09-01,DEHRADUN,31117.0
2020-09-01,DELHI,1489553.0
2020-09-01,DHARAMSALA,7409.0
2020-09-01,DIBRUGARH,29191.0
2020-09-01,DIMAPUR,6828.0
2020-09-01,DIU,1054.0
2020-09-01,DURGAPUR,5158.0
2020-09-01,GHAZIABAD,698.0
2020-09-01,GOA,76935.0
2020-09-01,GORAKHPUR,50032.0
2020-09-01,GUWAHATI,178287.0
2020-09-01,GWALIOR,5991.0
2020-09-01,HUBLI,5606.0
2020-09-01,HYDERABAD,617672.0
2020-09-01,IMPHAL,30184.0
2020-09-01,INDORE,54530.0
2020-09-01,JABALPUR,8734.0
2020-09-01,JAGDALPUR,739.0
2020-09-01,JAIPUR,125363.0
2020-09-01,JAISALMER,952.0
2020-09-01,JALGAON,488.0
2020-09-01,JAMMU,73223.0
2020-09-01,JAMNAGAR,1262.0
2020-09-01,JHARSUGUDA,13057.0
2020-09-01,JODHPUR,18654.0
2020-09-01,JORHAT,3794.0
2020-09-01,KADAPA,1408.0
2020-09-01,"KALABURAGI, KARNATAKA",5488.0
2020-09-01,KANDLA,5059.0
2020-09-01,KANNUR,14981.0
2020-09-01,KANPUR,7169.0
2020-09-01,KOCHI,112379.0
2020-09-01,KOLHAPUR,6509.0
2020-09-01,KOLKATA,602678.0
2020-09-01,KOZHIKODE,13961.0
2020-09-01,KULLU,528.0
2020-09-01,LEH,19558.0
2020-09-01,LILABARI,860.0
2020-09-01,LUCKNOW,180304.0
2020-09-01,LUDHIANA,64.0
2020-09-01,MADURAI,46452.0
2020-09-01,MANGALURU,26693.0
2020-09-01,MUMBAI,658657.0
2020-09-01,MYSURU,3785.0
2020-09-01,NAGPUR,69383.0
2020-09-01,NANDED,1470.0
2020-09-01,NASHIK,3953.0
2020-09-01,PANTNAGAR,1199.0
2020-09-01,PATHANKOT,855.0
2020-09-01,PATNA,258253.0
2020-09-01,PORBANDAR,712.0
2020-09-01,PORT BLAIR,13319.0
2020-09-01,PRAYAGRAJ,31589.0
2020-09-01,PUNE,189131.0
2020-09-01,RAIPUR,69047.0
2020-09-01,RAJAHMUNDRY,14210.0
2020-09-01,RAJKOT,7885.0
2020-09-01,RANCHI,101420.0
2020-09-01,SALEM,550.0
2020-09-01,SHIRDI,141.0
2020-09-01,SILCHAR,21687.0
2020-09-01,SIMLA,45.0
2020-09-01,SRINAGAR,142912.0
2020-09-01,SURAT,46605.0
2020-09-01,TEZPUR,107.0
2020-09-01,THIRUVANANTHAPURAM,39786.0
2020-09-01,TIRUCHIRAPPALLI,20374.0
2020-09-01,TIRUPATI,20269.0
2020-09-01,TUTICORIN,13545.0
2020-09-01,UDAIPUR,18289.0
2020-09-01,VADODARA,17749.0
2020-09-01,VARANASI,133776.0
2020-09-01,VIDYANAGAR,734.0
2020-09-01,VIJAYAWADA,30149.0
2020-09-01,VISAKHAPATNAM,84894.0
2020-10-01,AGARTALA,53235.0
2020-10-01,AGRA,97.0
2020-10-01,AHMEDABAD,343822.0
2020-10-01,AIZAWL,6440.0
2020-10-01,AJMER,7936.0
2020-10-01,AMRITSAR,59501.0
2020-10-01,AURANGABAD,15445.0
2020-10-01,BAGDOGRA,161717.0
2020-10-01,BELGAUM,28334.0
2020-10-01,BENGALURU,1117791.0
2020-10-01,BHAVNAGAR,784.0
2020-10-01,BHOPAL,42276.0
2020-10-01,BHUBANESWAR,178918.0
2020-10-01,BHUJ,898.0
2020-10-01,BIDAR,1308.0
2020-10-01,BIKANER,2107.0
2020-10-01,CHANDIGARH,106202.0
2020-10-01,CHENNAI,473979.0
2020-10-01,COIMBATORE,78938.0
2020-10-01,DEHRADUN,60747.0
2020-10-01,DELHI,1934227.0
2020-10-01,DHARAMSALA,11764.0
2020-10-01,DIBRUGARH,39790.0
2020-10-01,DIMAPUR,10162.0
2020-10-01,DIU,1144.0
2020-10-01,DURGAPUR,9421.0
2020-10-01,GAYA,2701.0
2020-10-01,GHAZIABAD,775.0
2020-10-01,GOA,170487.0
2020-10-01,GORAKHPUR,59284.0
2020-10-01,GUWAHATI,242449.0
2020-10-01,GWALIOR,6800.0
2020-10-01,HUBLI,8630.0
2020-10-01,HYDERABAD,776219.0
2020-10-01,IMPHAL,42637.0
2020-10-01,INDORE,75430.0
2020-10-01,JABALPUR,11896.0
2020-10-01,JAGDALPUR,3241.0
2020-10-01,JAIPUR,150588.0
2020-10-01,JAISALMER,1991.0
2020-10-01,JALGAON,884.0
2020-10-01,JAMMU,98574.0
2020-10-01,JAMNAGAR,1925.0
2020-10-01,JHARSUGUDA,16918.0
2020-10-01,JODHPUR,30374.0
2020-10-01,JORHAT,4908.0
2020-10-01,KADAPA,5348.0
2020-10-01,"KALABURAGI, KARNATAKA",5683.0
2020-10-01,KANDLA,8468.0
2020-10-01,KANNUR,16848.0
2020-10-01,KANPUR,9620.0
2020-10-01,KOCHI,151722.0
2020-10-01,KOLHAPUR,7024.0
2020-10-01,KOLKATA,808041.0
2020-10-01,KOZHIKODE,20043.0
2020-10-01,KULLU,969.0
2020-10-01,LEH,24295.0
2020-10-01,LILABARI,1038.0
2020-10-01,LUCKNOW,228468.0
2020-10-01,LUDHIANA,367.0
2020-10-01,MADURAI,57706.0
2020-10-01,MANGALURU,40427.0
2020-10-01,MUMBAI,962802.0
2020-10-01,MYSURU,7331.0
2020-10-01,NAGPUR,93589.0
2020-10-01,NANDED,2078.0
2020-10-01,NASHIK,5058.0
2020-10-01,PANTNAGAR,1585.0
2020-10-01,PASIGHAT,33.0
2020-10-01,PATHANKOT,1131.0
2020-10-01,PATNA,327757.0
2020-10-01,PORBANDAR,1139.0
2020-10-01,PORT BLAIR,22252.0
2020-10-01,PRAYAGRAJ,34723.0
2020-10-01,PUNE,232392.0
2020-10-01,RAIPUR,102734.0
2020-10-01,RAJAHMUNDRY,20525.0
2020-10-01,RAJKOT,14006.0
2020-10-01,RANCHI,127678.0
2020-10-01,SALEM,1416.0
2020-10-01,SHIRDI,170.0
2020-10-01,SILCHAR,28206.0
2020-10-01,SIMLA,172.0
2020-10-01,SRINAGAR,165022.0
2020-10-01,SURAT,58968.0
2020-10-01,TEZPUR,220.0
2020-10-01,THIRUVANANTHAPURAM,47815.0
2020-10-01,TIRUCHIRAPPALLI,18807.0
2020-10-01,TIRUPATI,30047.0
2020-10-01,TUTICORIN,13296.0
2020-10-01,UDAIPUR,28033.0
2020-10-01,VADODARA,25282.0
2020-10-01,VARANASI,161550.0
2020-10-01,VIDYANAGAR,1985.0
2020-10-01,VIJAYAWADA,41643.0
2020-10-01,VISAKHAPATNAM,118186.0
2020-11-01,ADAMPUR,703.0
2020-11-01,AGARTALA,70115.0
2020-11-01,AGRA,126.0
2020-11-01,AHMEDABAD,436928.0
2020-11-01,AIZAWL,7630.0
2020-11-01,AJMER,9203.0
2020-11-01,AMRITSAR,78720.0
2020-11-01,AURANGABAD,21374.0
2020-11-01,BAGDOGRA,175870.0
2020-11-01,BELGAUM,31510.0
2020-11-01,BENGALURU,1261298.0
2020-11-01,BHAVNAGAR,1192.0
2020-11-01,BHOPAL,57348.0
2020-11-01,BHUBANESWAR,183559.0
2020-11-01,BHUJ,1430.0
2020-11-01,BIDAR,1126.0
2020-11-01,BIKANER,1845.0
2020-11-01,CHANDIGARH,158418.0
2020-11-01,CHENNAI,558220.0
2020-11-01,COIMBATORE,93826.0
2020-11-01,DARBHANGA,24139.0
2020-11-01,DEHRADUN,85575.0
2020-11-01,DELHI,2234444.0
2020-11-01,DHARAMSALA,12684.0
2020-11-01,DIBRUGARH,47774.0
2020-11-01,DIMAPUR,12069.0
2020-11-01,DIU,1611.0
2020-11-01,DURGAPUR,12792.0
2020-11-01,GAYA,6907.0
2020-11-01,GHAZIABAD,1719.0
2020-11-01,GOA,300829.0
2020-11-01,GORAKHPUR,67317.0
2020-11-01,GUWAHATI,276219.0
2020-11-01,GWALIOR,7594.0
2020-11-01,HUBLI,13628.0
2020-11-01,HYDERABAD,910525.0
2020-11-01,IMPHAL,52882.0
2020-11-01,INDORE,103624.0
2020-11-01,JABALPUR,17736.0
2020-11-01,JAGDALPUR,4197.0
2020-11-01,JAIPUR,200959.0
2020-11-01,JAISALMER,7733.0
2020-11-01,JALGAON,1225.0
2020-11-01,JAMMU,110846.0
2020-11-01,JAMNAGAR,3308.0
2020-11-01,JHARSUGUDA,19161.0
2020-11-01,JODHPUR,34051.0
2020-11-01,JORHAT,5348.0
2020-11-01,KADAPA,4272.0
2020-11-01,"KALABURAGI, KARNATAKA",6459.0
2020-11-01,KANDLA,10383.0
2020-11-01,KANNUR,22147.0
2020-11-01,KANPUR,15149.0
2020-11-01,KOCHI,165022.0
2020-11-01,KOLHAPUR,7572.0
2020-11-01,KOLKATA,896923.0
2020-11-01,KOZHIKODE,21556.0
2020-11-01,KULLU,996.0
2020-11-01,LEH,21367.0
2020-11-01,LILABARI,1198.0
2020-11-01,LUCKNOW,279390.0
2020-11-01,LUDHIANA,729.0
2020-11-01,MADURAI,65757.0
2020-11-01,MANGALURU,60741.0
2020-11-01,MUMBAI,1332085.0
2020-11-01,MYSURU,8440.0
2020-11-01,NAGPUR,120974.0
2020-11-01,NANDED,2987.0
2020-11-01,NASHIK,8834.0
2020-11-01,PANTNAGAR,2061.0
2020-11-01,PASIGHAT,45.0
2020-11-01,PATHANKOT,1328.0
2020-11-01,PATNA,354892.0
2020-11-01,PORBANDAR,1261.0
2020-11-01,PORT BLAIR,35723.0
2020-11-01,PRAYAGRAJ,42977.0
2020-11-01,PUNE,250558.0
2020-11-01,RAIPUR,133417.0
2020-11-01,RAJAHMUNDRY,22462.0
2020-11-01,RAJKOT,18422.0
2020-11-01,RANCHI,139826.0
2020-11-01,SALEM,1313.0
2020-11-01,SHIRDI,716.0
2020-11-01,SILCHAR,32376.0
2020-11-01,SIMLA,163.0
2020-11-01,SRINAGAR,193241.0
2020-11-01,SURAT,69436.0
2020-11-01,TEZPUR,195.0
2020-11-01,THIRUVANANTHAPURAM,53367.0
2020-11-01,TIRUCHIRAPPALLI,18585.0
2020-11-01,TIRUPATI,33627.0
2020-11-01,TUTICORIN,13642.0
2020-11-01,UDAIPUR,52907.0
2020-11-01,VADODARA,35765.0
2020-11-01,VARANASI,210342.0
2020-11-01,VIDYANAGAR,1903.0
2020-11-01,VIJAYAWADA,46094.0
2020-11-01,VISAKHAPATNAM,138216.0
2020-12-01,ADAMPUR,3276.0
2020-12-01,AGARTALA,79493.0
2020-12-01,AGRA,11.0
2020-12-01,AHMEDABAD,456866.0
2020-12-01,AIZAWL,9199.0
2020-12-01,AJMER,10750.0
2020-12-01,AMRITSAR,97501.0
2020-12-01,AURANGABAD,19202.0
2020-12-01,BAGDOGRA,214908.0
2020-12-01,BELGAUM,36487.0
2020-12-01,BENGALURU,1460315.0
2020-12-01,BHAVNAGAR,1449.0
2020-12-01,BHOPAL,66102.0
2020-12-01,BHUBANESWAR,225835.0
2020-12-01,BHUJ,1679.0
2020-12-01,BIDAR,1414.0
2020-12-01,BIKANER,2471.0
2020-12-01,CHANDIGARH,219643.0
2020-12-01,CHENNAI,670637.0
2020-12-01,COIMBATORE,110601.0
2020-12-01,DARBHANGA,25834.0
2020-12-01,DEHRADUN,94417.0
2020-12-01,DELHI,2481832.0
2020-12-01,DHARAMSALA,12958.0
2020-12-01,DIBRUGARH,52997.0
2020-12-01,DIMAPUR,14730.0
2020-12-01,DIU,1751.0
2020-12-01,DURGAPUR,13276.0
2020-12-01,GAYA,9162.0
2020-12-01,GHAZIABAD,1962.0
2020-12-01,GOA,444497.0
2020-12-01,GORAKHPUR,65847.0
2020-12-01,GUWAHATI,317192.0
2020-12-01,GWALIOR,8360.0
2020-12-01,HUBLI,17395.0
2020-12-01,HYDERABAD,1144892.0
2020-12-01,IMPHAL,66397.0
2020-12-01,INDORE,147665.0
2020-12-01,JABALPUR,20880.0
2020-12-01,JAGDALPUR,4693.0
2020-12-01,JAIPUR,267951.0
2020-12-01,JAISALMER,10500.0
2020-12-01,JALGAON,1119.0
2020-12-01,JAMMU,104073.0
2020-12-01,JAMNAGAR,2865.0
2020-12-01,JHARSUGUDA,21827.0
2020-12-01,JODHPUR,41356.0
2020-12-01,JORHAT,6005.0
2020-12-01,KADAPA,8310.0
2020-12-01,"KALABURAGI, KARNATAKA",6837.0
2020-12-01,KANDLA,10334.0
2020-12-01,KANNUR,43355.0
2020-12-01,KANPUR,16923.0
2020-12-01,KOCHI,247670.0
2020-12-01,KOLHAPUR,8731.0
2020-12-01,KOLKATA,1031984.0
2020-12-01,KOZHIKODE,25672.0
2020-12-01,KULLU,1538.0
2020-12-01,LEH,19706.0
2020-12-01,LILABARI,1480.0
2020-12-01,LUCKNOW,311304.0
2020-12-01,LUDHIANA,1355.0
2020-12-01,MADURAI,62588.0
2020-12-01,MANGALURU,81984.0
2020-12-01,MUMBAI,1433099.0
2020-12-01,MYSURU,13226.0
2020-12-01,NAGPUR,152266.0
2020-12-01,NANDED,4334.0
2020-12-01,NASHIK,14253.0
2020-12-01,PANTNAGAR,551.0
2020-12-01,PASIGHAT,45.0
2020-12-01,PATHANKOT,1314.0
2020-12-01,PATNA,318552.0
2020-12-01,PORBANDAR,1481.0
2020-12-01,PORT BLAIR,60794.0
2020-12-01,PRAYAGRAJ,44658.0
2020-12-01,PUNE,252896.0
2020-12-01,RAIPUR,155237.0
2020-12-01,RAJAHMUNDRY,28754.0
2020-12-01,RAJKOT,18944.0
2020-12-01,RANCHI,162492.0
2020-12-01,SALEM,2567.0
2020-12-01,SHIRDI,12887.0
2020-12-01,SILCHAR,35155.0
2020-12-01,SIMLA,218.0
2020-12-01,SRINAGAR,168941.0
2020-12-01,SURAT,76645.0
2020-12-01,TEZPUR,331.0
2020-12-01,THIRUVANANTHAPURAM,67036.0
2020-12-01,TIRUCHIRAPPALLI,17878.0
2020-12-01,TIRUPATI,48695.0
2020-12-01,TUTICORIN,13889.0
2020-12-01,UDAIPUR,64172.0
2020-12-01,VADODARA,37976.0
2020-12-01,VARANASI,202576.0
2020-12-01,VIDYANAGAR,2507.0
2020-12-01,VIJAYAWADA,61747.0
2020-12-01,VISAKHAPATNAM,165969.0
2021-01-01,ADAMPUR,3403.0
2021-01-01,AGARTALA,83522.0
2021-01-01,AGRA,78.0
2021-01-01,AHMEDABAD,494037.0
2021-01-01,AIZAWL,9744.0
2021-01-01,AJMER,10596.0
2021-01-01,AMRITSAR,97068.0
2021-01-01,AURANGABAD,24054.0
2021-01-01,BAGDOGRA,210873.0
2021-01-01,BELGAUM,39063.0
2021-01-01,BENGALURU,1504221.0
2021-01-01,BHAVNAGAR,1675.0
2021-01-01,BHOPAL,67619.0
2021-01-01,BHUBANESWAR,215216.0
2021-01-01,BHUJ,1880.0
2021-01-01,BIDAR,1256.0
2021-01-01,BIKANER,1660.0
2021-01-01,CHANDIGARH,223838.0
2021-01-01,CHENNAI,787973.0
2021-01-01,COIMBATORE,129408.0
2021-01-01,DARBHANGA,20284.0
2021-01-01,DEHRADUN,100441.0
2021-01-01,DELHI,2668084.0
2021-01-01,DHARAMSALA,11365.0
2021-01-01,DIBRUGARH,50204.0
2021-01-01,DIMAPUR,18199.0
2021-01-01,DIU,2015.0
2021-01-01,DURGAPUR,13921.0
2021-01-01,GAYA,7415.0
2021-01-01,GHAZIABAD,2231.0
2021-01-01,GOA,585770.0
2021-01-01,GORAKHPUR,57969.0
2021-01-01,GUWAHATI,332352.0
2021-01-01,GWALIOR,10024.0
2021-01-01,HISSAR,27.0
2021-01-01,HUBLI,22320.0
2021-01-01,HYDERABAD,1085352.0
2021-01-01,IMPHAL,73233.0
2021-01-01,INDORE,147985.0
2021-01-01,JABALPUR,18201.0
2021-01-01,JAGDALPUR,4720.0
2021-01-01,JAIPUR,241008.0
2021-01-01,JAISALMER,9676.0
2021-01-01,JALGAON,1095.0
2021-01-01,JAMMU,110009.0
2021-01-01,JAMNAGAR,3658.0
2021-01-01,JHARSUGUDA,27142.0
2021-01-01,JODHPUR,44645.0
2021-01-01,JORHAT,6292.0
2021-01-01,KADAPA,9094.0
2021-01-01,"KALABURAGI, KARNATAKA",7640.0
2021-01-01,KANDLA,11295.0
2021-01-01,KANNUR,28006.0
2021-01-01,KANPUR,13800.0
2021-01-01,KOCHI,256666.0
2021-01-01,KOLHAPUR,7762.0
2021-01-01,KOLKATA,1101044.0
2021-01-01,KOZHIKODE,29361.0
2021-01-01,KULLU,1613.0
2021-01-01,LEH,29196.0
2021-01-01,LILABARI,1354.0
2021-01-01,LUCKNOW,265773.0
2021-01-01,LUDHIANA,573.0
2021-01-01,MADURAI,71532.0
2021-01-01,MANGALURU,81408.0
2021-01-01,MUMBAI,1587669.0
2021-01-01,MYSURU,15375.0
2021-01-01,NAGPUR,160239.0
2021-01-01,NANDED,4465.0
2021-01-01,NASHIK,15877.0
2021-01-01,PAKYONG,435.0
2021-01-01,PASIGHAT,33.0
2021-01-01,PATHANKOT,924.0
2021-01-01,PATNA,311628.0
2021-01-01,PORBANDAR,2716.0
2021-01-01,PORT BLAIR,62925.0
2021-01-01,PRAYAGRAJ,36922.0
2021-01-01,PUNE,302621.0
2021-01-01,RAIPUR,153520.0
2021-01-01,RAJAHMUNDRY,30299.0
2021-01-01,RAJKOT,21711.0
2021-01-01,RANCHI,157805.0
2021-01-01,SALEM,3081.0
2021-01-01,SHIRDI,28529.0
2021-01-01,SILCHAR,36814.0
2021-01-01,SIMLA,182.0
2021-01-01,SRINAGAR,203384.0
2021-01-01,SURAT,87382.0
2021-01-01,TEZPUR,360.0
2021-01-01,THIRUVANANTHAPURAM,71822.0
2021-01-01,TIRUCHIRAPPALLI,18975.0
2021-01-01,TIRUPATI,59710.0
2021-01-01,TUTICORIN,14974.0
2021-01-01,UDAIPUR,64876.0
2021-01-01,VADODARA,40949.0
2021-01-01,VARANASI,164205.0
2021-01-01,VIDYANAGAR,2776.0
2021-01-01,VIJAYAWADA,68379.0
2021-01-01,VISAKHAPATNAM,177544.0
2021-02-01,ADAMPUR,3855.0
2021-02-01,AGARTALA,84602.0
2021-02-01,AGATTI ISLAND,490.0
2021-02-01,AGRA,300.0
2021-02-01,AHMEDABAD,520837.0
2021-02-01,AIZAWL,11886.0
2021-02-01,AJMER,16142.0
2021-02-01,AMRITSAR,104547.0
2021-02-01,AURANGABAD,27495.0
2021-02-01,BAGDOGRA,213612.0
2021-02-01,BELGAUM,37469.0
2021-02-01,BENGALURU,1449444.0
2021-02-01,BHAVNAGAR,1972.0
2021-02-01,BHOPAL,74632.0
2021-02-01,BHUBANESWAR,229968.0
2021-02-01,BHUJ,2577.0
2021-02-01,BIDAR,1364.0
2021-02-01,BIKANER,2571.0
2021-02-01,CHANDIGARH,237970.0
2021-02-01,CHENNAI,768119.0
2021-02-01,COIMBATORE,129399.0
2021-02-01,DARBHANGA,35021.0
2021-02-01,DEHRADUN,102479.0
2021-02-01,DELHI,2811793.0
2021-02-01,DHARAMSALA,12321.0
2021-02-01,DIBRUGARH,53091.0
2021-02-01,DIMAPUR,17102.0
2021-02-01,DIU,2097.0
2021-02-01,DURGAPUR,16206.0
2021-02-01,GAYA,6928.0
2021-02-01,GHAZIABAD,2341.0
2021-02-01,GOA,580729.0
2021-02-01,GORAKHPUR,50508.0
2021-02-01,GUWAHATI,328689.0
2021-02-01,GWALIOR,11823.0
2021-02-01,HISSAR,70.0
2021-02-01,HUBLI,24918.0
2021-02-01,HYDERABAD,1032176.0
2021-02-01,IMPHAL,72393.0
2021-02-01,INDORE,156453.0
2021-02-01,JABALPUR,19822.0
2021-02-01,JAGDALPUR,4303.0
2021-02-01,JAIPUR,270936.0
2021-02-01,JAISALMER,4919.0
2021-02-01,JALGAON,1263.0
2021-02-01,JAMMU,112716.0
2021-02-01,JAMNAGAR,3636.0
2021-02-01,JHARSUGUDA,33405.0
2021-02-01,JODHPUR,47974.0
2021-02-01,JORHAT,6446.0
2021-02-01,KADAPA,8460.0
2021-02-01,"KALABURAGI, KARNATAKA",7830.0
2021-02-01,KANDLA,11287.0
2021-02-01,KANNUR,24375.0
2021-02-01,KANPUR,13404.0
2021-02-01,KOCHI,228950.0
2021-02-01,KOLHAPUR,9005.0
2021-02-01,KOLKATA,1095647.0
2021-02-01,KOZHIKODE,32066.0
2021-02-01,KULLU,1410.0
2021-02-01,LEH,37320.0
2021-02-01,LILABARI,1560.0
2021-02-01,LUCKNOW,261733.0
2021-02-01,LUDHIANA,1105.0
2021-02-01,MADURAI,68013.0
2021-02-01,MANGALURU,83175.0
2021-02-01,MUMBAI,1644355.0
2021-02-01,MYSURU,14953.0
2021-02-01,NAGPUR,152755.0
2021-02-01,NANDED,5890.0
2021-02-01,NASHIK,15476.0
2021-02-01,PAKYONG,4054.0
2021-02-01,PANTNAGAR,364.0
2021-02-01,PASIGHAT,70.0
2021-02-01,PATHANKOT,715.0
2021-02-01,PATNA,286445.0
2021-02-01,PORBANDAR,4259.0
2021-02-01,PORT BLAIR,77735.0
2021-02-01,PRAYAGRAJ,35965.0
2021-02-01,PUNE,301416.0
2021-02-01,RAIPUR,158920.0
2021-02-01,RAJAHMUNDRY,26454.0
2021-02-01,RAJKOT,26342.0
2021-02-01,RANCHI,153850.0
2021-02-01,SALEM,3256.0
2021-02-01,SHILLONG,2334.0
2021-02-01,SHIRDI,28488.0
2021-02-01,SILCHAR,35057.0
2021-02-01,SIMLA,260.0
2021-02-01,SRINAGAR,243176.0
2021-02-01,SURAT,95958.0
2021-02-01,TEZPUR,369.0
2021-02-01,THIRUVANANTHAPURAM,66674.0
2021-02-01,TIRUCHIRAPPALLI,15954.0
2021-02-01,TIRUPATI,60887.0
2021-02-01,TUTICORIN,13756.0
2021-02-01,UDAIPUR,78529.0
2021-02-01,VADODARA,41012.0
2021-02-01,VARANASI,163576.0
2021-02-01,VIDYANAGAR,2861.0
2021-02-01,VIJAYAWADA,58094.0
2021-02-01,VISAKHAPATNAM,143078.0
2021-03-01,ADAMPUR,3915.0
2021-03-01,AGARTALA,88551.0
2021-03-01,AGATTI ISLAND,1129.0
2021-03-01,AGRA,955.0
2021-03-01,AHMEDABAD,527507.0
2021-03-01,AIZAWL,15706.0
2021-03-01,AJMER,17270.0
2021-03-01,AMRITSAR,106085.0
2021-03-01,AURANGABAD,19132.0
2021-03-01,BAGDOGRA,242986.0
2021-03-01,BAREILLY,1498.0
2021-03-01,BELGAUM,34380.0
2021-03-01,BENGALURU,1422290.0
2021-03-01,BHAVNAGAR,1896.0
2021-03-01,BHOPAL,68263.0
2021-03-01,BHUBANESWAR,214091.0
2021-03-01,BHUJ,809.0
2021-03-01,BIDAR,1413.0
2021-03-01,BIKANER,2151.0
2021-03-01,BILASPUR,2869.0
2021-03-01,CHANDIGARH,235114.0
2021-03-01,CHENNAI,753448.0
2021-03-01,COIMBATORE,125438.0
2021-03-01,DARBHANGA,44794.0
2021-03-01,DEHRADUN,111220.0
2021-03-01,DELHI,2978969.0
2021-03-01,DHARAMSALA,14197.0
2021-03-01,DIBRUGARH,54633.0
2021-03-01,DIMAPUR,18192.0
2021-03-01,DIU,1720.0
2021-03-01,DURGAPUR,21344.0
2021-03-01,GAYA,6814.0
2021-03-01,GHAZIABAD,2649.0
2021-03-01,GOA,592342.0
2021-03-01,GORAKHPUR,53631.0
2021-03-01,GUWAHATI,363754.0
2021-03-01,GWALIOR,11432.0
2021-03-01,HISSAR,73.0
2021-03-01,HUBLI,23232.0
2021-03-01,HYDERABAD,1025366.0
2021-03-01,IMPHAL,81865.0
2021-03-01,INDORE,139184.0
2021-03-01,JABALPUR,19348.0
2021-03-01,JAGDALPUR,3828.0
2021-03-01,JAIPUR,265458.0
2021-03-01,JAISALMER,5366.0
2021-03-01,JALGAON,885.0
2021-03-01,JAMMU,105302.0
2021-03-01,JAMNAGAR,3351.0
2021-03-01,JHARSUGUDA,32211.0
2021-03-01,JODHPUR,46978.0
2021-03-01,JORHAT,5547.0
2021-03-01,KADAPA,8552.0
2021-03-01,"KALABURAGI, KARNATAKA",8361.0
2021-03-01,KANDLA,11316.0
2021-03-01,KANNUR,24428.0
2021-03-01,KANPUR,12391.0
2021-03-01,KOCHI,222162.0
2021-03-01,KOLHAPUR,9599.0
2021-03-01,KOLKATA,1127437.0
2021-03-01,KOZHIKODE,33025.0
2021-03-01,KULLU,1625.0
2021-03-01,KURNOOL,554.0
2021-03-01,LEH,49683.0
2021-03-01,LILABARI,1548.0
2021-03-01,LUCKNOW,272930.0
2021-03-01,LUDHIANA,478.0
2021-03-01,MADURAI,65820.0
2021-03-01,MANGALURU,67713.0
2021-03-01,MUMBAI,1444857.0
2021-03-01,MYSURU,14952.0
2021-03-01,NAGPUR,106442.0
2021-03-01,NANDED,4880.0
2021-03-01,NASHIK,10600.0
2021-03-01,PAKYONG,7171.0
2021-03-01,PANTNAGAR,1436.0
2021-03-01,PASIGHAT,59.0
2021-03-01,PATHANKOT,539.0
2021-03-01,PATNA,297744.0
2021-03-01,PORBANDAR,2538.0
2021-03-01,PORT BLAIR,95278.0
2021-03-01,PRAYAGRAJ,38625.0
2021-03-01,PUNE,256423.0
2021-03-01,RAIPUR,144212.0
2021-03-01,RAJAHMUNDRY,26131.0
2021-03-01,RAJKOT,34904.0
2021-03-01,RANCHI,157684.0
2021-03-01,SALEM,3381.0
2021-03-01,SHILLONG,3021.0
2021-03-01,SHIRDI,18679.0
2021-03-01,SILCHAR,37401.0
2021-03-01,SIMLA,251.0
2021-03-01,SRINAGAR,290085.0
2021-03-01,SURAT,94565.0
2021-03-01,TEZPUR,382.0
2021-03-01,THIRUVANANTHAPURAM,59470.0
2021-03-01,TIRUCHIRAPPALLI,18106.0
2021-03-01,TIRUPATI,66117.0
2021-03-01,TUTICORIN,13403.0
2021-03-01,UDAIPUR,67638.0
2021-03-01,VADODARA,38982.0
2021-03-01,VARANASI,178482.0
2021-03-01,VIDYANAGAR,3098.0
2021-03-01,VIJAYAWADA,58040.0
2021-03-01,VISAKHAPATNAM,140841.0
2021-04-01,ADAMPUR,2145.0
2021-04-01,AGARTALA,75478.0
2021-04-01,AGATTI ISLAND,1992.0
2021-04-01,AGRA,6129.0
2021-04-01,AHMEDABAD,324645.0
2021-04-01,AIZAWL,11389.0
2021-04-01,AJMER,8247.0
2021-04-01,AMRITSAR,68910.0
2021-04-01,AURANGABAD,10232.0
2021-04-01,BAGDOGRA,203986.0
2021-04-01,BAREILLY,1429.0
2021-04-01,BELGAUM,25055.0
2021-04-01,BENGALURU,1079133.0
2021-04-01,BHAVNAGAR,327.0
2021-04-01,BHOPAL,37867.0
2021-04-01,BHUBANESWAR,145175.0
2021-04-01,BIDAR,997.0
2021-04-01,BIKANER,961.0
2021-04-01,BILASPUR,1743.0
2021-04-01,CHANDIGARH,153978.0
2021-04-01,CHENNAI,574383.0
2021-04-01,COIMBATORE,81478.0
2021-04-01,DARBHANGA,41156.0
2021-04-01,DEHRADUN,72128.0
2021-04-01,DELHI,2246003.0
2021-04-01,DHARAMSALA,11491.0
2021-04-01,DIBRUGARH,41264.0
2021-04-01,DIMAPUR,16689.0
2021-04-01,DIU,1079.0
2021-04-01,DURGAPUR,15850.0
2021-04-01,GAYA,5189.0
2021-04-01,GHAZIABAD,2341.0
2021-04-01,GOA,318798.0
2021-04-01,GORAKHPUR,64159.0
2021-04-01,GUWAHATI,319217.0
2021-04-01,GWALIOR,8855.0
2021-04-01,HISSAR,31.0
2021-04-01,HUBLI,16791.0
2021-04-01,HYDERABAD,730045.0
2021-04-01,IMPHAL,69368.0
2021-04-01,INDORE,71014.0
2021-04-01,JABALPUR,12803.0
2021-04-01,JAGDALPUR,2470.0
2021-04-01,JAIPUR,154005.0
2021-04-01,JAISALMER,928.0
2021-04-01,JALGAON,341.0
2021-04-01,JAMMU,79449.0
2021-04-01,JAMNAGAR,2104.0
2021-04-01,JHARSUGUDA,19378.0
2021-04-01,JODHPUR,35517.0
2021-04-01,JORHAT,6582.0
2021-04-01,KADAPA,4989.0
2021-04-01,"KALABURAGI, KARNATAKA",6295.0
2021-04-01,KANDLA,4720.0
2021-04-01,KANNUR,25318.0
2021-04-01,KANPUR,7239.0
2021-04-01,KOCHI,203227.0
2021-04-01,KOLHAPUR,6684.0
2021-04-01,KOLKATA,782300.0
2021-04-01,KOZHIKODE,22690.0
2021-04-01,KULLU,1295.0
2021-04-01,KURNOOL,2505.0
2021-04-01,LEH,61554.0
2021-04-01,LILABARI,1578.0
2021-04-01,LUCKNOW,221908.0
2021-04-01,LUDHIANA,183.0
2021-04-01,MADURAI,47155.0
2021-04-01,MANGALURU,50111.0
2021-04-01,MUMBAI,944452.0
2021-04-01,MYSURU,9826.0
2021-04-01,NAGPUR,61272.0
2021-04-01,NANDED,1880.0
2021-04-01,NASHIK,3177.0
2021-04-01,PAKYONG,5602.0
2021-04-01,PANTNAGAR,1139.0
2021-04-01,PASIGHAT,71.0
2021-04-01,PATHANKOT,800.0
2021-04-01,PATNA,298184.0
2021-04-01,PORBANDAR,1058.0
2021-04-01,PORT BLAIR,67419.0
2021-04-01,PRAYAGRAJ,30693.0
2021-04-01,PUNE,183207.0
2021-04-01,RAIPUR,67034.0
2021-04-01,RAJAHMUNDRY,19840.0
2021-04-01,RAJKOT,16514.0
2021-04-01,RANCHI,130500.0
2021-04-01,SALEM,2252.0
2021-04-01,SHILLONG,2261.0
2021-04-01,SHIRDI,4300.0
2021-04-01,SILCHAR,30704.0
2021-04-01,SIMLA,116.0
2021-04-01,SRINAGAR,250612.0
2021-04-01,SURAT,47263.0
2021-04-01,TEZPUR,313.0
2021-04-01,THIRUVANANTHAPURAM,55410.0
2021-04-01,TIRUCHIRAPPALLI,10798.0
2021-04-01,TIRUPATI,38555.0
2021-04-01,TUTICORIN,8512.0
2021-04-01,UDAIPUR,32234.0
2021-04-01,VADODARA,21632.0
2021-04-01,VARANASI,155376.0
2021-04-01,VIDYANAGAR,1328.0
2021-04-01,VIJAYAWADA,41998.0
2021-04-01,VISAKHAPATNAM,118061.0
2021-06-01,AGARTALA,24897.0
2021-06-01,AGATTI ISLAND,528.0
2021-06-01,AGRA,2506.0
2021-06-01,AHMEDABAD,237018.0
2021-06-01,AIZAWL,4566.0
2021-06-01,AJMER,8332.0
2021-06-01,AMRITSAR,30407.0
2021-06-01,AURANGABAD,8299.0
2021-06-01,BAGDOGRA,69628.0
2021-06-01,BAREILLY,1435.0
2021-06-01,BELGAUM,19320.0
2021-06-01,BENGALURU,507390.0
2021-06-01,BHAVNAGAR,811.0
2021-06-01,BHOPAL,25444.0
2021-06-01,BHUBANESWAR,65966.0
2021-06-01,BHUJ,604.0
2021-06-01,BIDAR,376.0
2021-06-01,BIKANER,480.0
2021-06-01,BILASPUR,2287.0
2021-06-01,CHANDIGARH,89246.0
2021-06-01,CHENNAI,246879.0
2021-06-01,COIMBATORE,28299.0
2021-06-01,DARBHANGA,53713.0
2021-06-01,DEHRADUN,29409.0
2021-06-01,DELHI,1326406.0
2021-06-01,DHARAMSALA,6730.0
2021-06-01,DIBRUGARH,21351.0
2021-06-01,DIMAPUR,8327.0
2021-06-01,DIU,1329.0
2021-06-01,DURGAPUR,6419.0
2021-06-01,GHAZIABAD,1730.0
2021-06-01,GOA,51144.0
2021-06-01,GORAKHPUR,43141.0
2021-06-01,GUWAHATI,111375.0
2021-06-01,GWALIOR,6943.0
2021-06-01,HISSAR,56.0
2021-06-01,HUBLI,6056.0
2021-06-01,HYDERABAD,399645.0
2021-06-01,IMPHAL,30471.0
2021-06-01,INDORE,41983.0
2021-06-01,JABALPUR,11691.0
2021-06-01,JAGDALPUR,2566.0
2021-06-01,JAIPUR,68680.0
2021-06-01,JAISALMER,464.0
2021-06-01,JALGAON,489.0
2021-06-01,JAMMU,58562.0
2021-06-01,JHARSUGUDA,12317.0
2021-06-01,JODHPUR,23140.0
2021-06-01,JORHAT,1600.0
2021-06-01,KADAPA,651.0
2021-06-01,"KALABURAGI, KARNATAKA",6642.0
2021-06-01,KANDLA,5007.0
2021-06-01,KANNUR,14088.0
2021-06-01,KANPUR,4332.0
2021-06-01,KOCHI,88713.0
2021-06-01,KOLHAPUR,5213.0
2021-06-01,KOLKATA,331033.0
2021-06-01,KOZHIKODE,8192.0
2021-06-01,KULLU,1660.0
2021-06-01,KURNOOL,2036.0
2021-06-01,LEH,56021.0
2021-06-01,LILABARI,842.0
2021-06-01,LUCKNOW,112762.0
2021-06-01,MADURAI,25645.0
2021-06-01,MANGALURU,21095.0
2021-06-01,MUMBAI,648068.0
2021-06-01,MYSURU,2984.0
2021-06-01,NAGPUR,72292.0
2021-06-01,NANDED,1162.0
2021-06-01,NASHIK,438.0
2021-06-01,PAKYONG,564.0
2021-06-01,PANTNAGAR,465.0
2021-06-01,PASIGHAT,236.0
2021-06-01,PATHANKOT,786.0
2021-06-01,PATNA,169485.0
2021-06-01,PORBANDAR,269.0
2021-06-01,PORT BLAIR,20495.0
2021-06-01,PRAYAGRAJ,21503.0
2021-06-01,PUNE,140660.0
2021-06-01,RAIPUR,52933.0
2021-06-01,RAJAHMUNDRY,11739.0
2021-06-01,RAJKOT,7503.0
2021-06-01,RANCHI,70206.0
2021-06-01,RUPSI,2818.0
2021-06-01,SALEM,44.0
2021-06-01,SILCHAR,9786.0
2021-06-01,SIMLA,121.0
2021-06-01,SRINAGAR,156032.0
2021-06-01,SURAT,28983.0
2021-06-01,TEZPUR,219.0
2021-06-01,THIRUVANANTHAPURAM,23523.0
2021-06-01,TIRUCHIRAPPALLI,5331.0
2021-06-01,TIRUPATI,17249.0
2021-06-01,TUTICORIN,5241.0
2021-06-01,UDAIPUR,18632.0
2021-06-01,VADODARA,13052.0
2021-06-01,VARANASI,81033.0
2021-06-01,VIDYANAGAR,561.0
2021-06-01,VIJAYAWADA,23856.0
2021-06-01,VISAKHAPATNAM,64630.0
2021-07-01,AGARTALA,42230.0
2021-07-01,AGATTI ISLAND,754.0
2021-07-01,AGRA,5632.0
2021-07-01,AHMEDABAD,346036.0
2021-07-01,AIZAWL,6229.0
2021-07-01,AJMER,12103.0
2021-07-01,AMRITSAR,52754.0
2021-07-01,AURANGABAD,17503.0
2021-07-01,BAGDOGRA,116652.0
2021-07-01,BAREILLY,1636.0
2021-07-01,BELGAUM,23000.0
2021-07-01,BENGALURU,882677.0
2021-07-01,BHAVNAGAR,1324.0
2021-07-01,BHOPAL,47124.0
2021-07-01,BHUBANESWAR,113302.0
2021-07-01,BHUJ,1279.0
2021-07-01,BIDAR,112.0
2021-07-01,BIKANER,709.0
2021-07-01,BILASPUR,2471.0
2021-07-01,CHANDIGARH,151174.0
2021-07-01,CHENNAI,445782.0
2021-07-01,COIMBATORE,63199.0
2021-07-01,DARBHANGA,71682.0
2021-07-01,DEHRADUN,51595.0
2021-07-01,DELHI,2020582.0
2021-07-01,DHARAMSALA,9808.0
2021-07-01,DIBRUGARH,32236.0
2021-07-01,DIMAPUR,11558.0
2021-07-01,DIU,1611.0
2021-07-01,DURGAPUR,14543.0
2021-07-01,GHAZIABAD,2641.0
2021-07-01,GOA,139443.0
2021-07-01,GORAKHPUR,41804.0
2021-07-01,GUWAHATI,166574.0
2021-07-01,GWALIOR,12654.0
2021-07-01,HISSAR,52.0
2021-07-01,HUBLI,15412.0
2021-07-01,HYDERABAD,699106.0
2021-07-01,IMPHAL,40273.0
2021-07-01,INDORE,90180.0
2021-07-01,JABALPUR,18021.0
2021-07-01,JAGDALPUR,3814.0
2021-07-01,JAIPUR,138923.0
2021-07-01,JAISALMER,824.0
2021-07-01,JALGAON,723.0
2021-07-01,JAMMU,78136.0
2021-07-01,JAMNAGAR,1123.0
2021-07-01,JHARSUGUDA,24398.0
2021-07-01,JODHPUR,38610.0
2021-07-01,JORHAT,4252.0
2021-07-01,KADAPA,2028.0
2021-07-01,"KALABURAGI, KARNATAKA",8404.0
2021-07-01,KANDLA,6255.0
2021-07-01,KANNUR,19089.0
2021-07-01,KANPUR,7384.0
2021-07-01,KOCHI,134356.0
2021-07-01,KOLHAPUR,5721.0
2021-07-01,KOLKATA,574029.0
2021-07-01,KOZHIKODE,17428.0
2021-07-01,KULLU,1433.0
2021-07-01,KURNOOL,2499.0
2021-07-01,LEH,121041.0
2021-07-01,LILABARI,1042.0
2021-07-01,LUCKNOW,171900.0
2021-07-01,MADURAI,43017.0
2021-07-01,MANGALURU,38322.0
2021-07-01,MUMBAI,1012562.0
2021-07-01,MYSURU,7000.0
2021-07-01,NAGPUR,103663.0
2021-07-01,NANDED,840.0
2021-07-01,NASHIK,4140.0
2021-07-01,PAKYONG,176.0
2021-07-01,PANTNAGAR,545.0
2021-07-01,PASIGHAT,455.0
2021-07-01,PATHANKOT,1206.0
2021-07-01,PATNA,207762.0
2021-07-01,PORBANDAR,883.0
2021-07-01,PORT BLAIR,21720.0
2021-07-01,PRAYAGRAJ,31327.0
2021-07-01,PUNE,222749.0
2021-07-01,RAIPUR,94437.0
2021-07-01,RAJAHMUNDRY,18541.0
2021-07-01,RAJKOT,20760.0
2021-07-01,RANCHI,108927.0
2021-07-01,RUPSI,3189.0
2021-07-01,SHILLONG,1336.0
2021-07-01,SILCHAR,16087.0
2021-07-01,SIMLA,171.0
2021-07-01,SRINAGAR,238419.0
2021-07-01,SURAT,54561.0
2021-07-01,TEZPUR,388.0
2021-07-01,THIRUVANANTHAPURAM,37244.0
2021-07-01,TIRUCHIRAPPALLI,9011.0
2021-07-01,TIRUPATI,37020.0
2021-07-01,TUTICORIN,9853.0
2021-07-01,UDAIPUR,44592.0
2021-07-01,VADODARA,31790.0
2021-07-01,VARANASI,92661.0
2021-07-01,VIDYANAGAR,227.0
2021-07-01,VIJAYAWADA,38758.0
2021-07-01,VISAKHAPATNAM,104120.0
2021-08-01,AGARTALA,66950.0
2021-08-01,AGATTI ISLAND,1103.0
2021-08-01,AGRA,6351.0
2021-08-01,AHMEDABAD,430853.0
2021-08-01,AIZAWL,9156.0
2021-08-01,AJMER,13294.0
2021-08-01,AMRITSAR,70287.0
2021-08-01,AURANGABAD,19271.0
2021-08-01,BAGDOGRA,147677.0
2021-08-01,BAREILLY,6946.0
2021-08-01,BELGAUM,25356.0
2021-08-01,BENGALURU,1183245.0
2021-08-01,BHAVNAGAR,3281.0
2021-08-01,BHOPAL,61972.0
2021-08-01,BHUBANESWAR,161598.0
2021-08-01,BHUJ,1727.0
2021-08-01,BIDAR,1018.0
2021-08-01,BIKANER,867.0
2021-08-01,BILASPUR,2395.0
2021-08-01,CHANDIGARH,186004.0
2021-08-01,CHENNAI,618446.0
2021-08-01,COIMBATORE,97920.0
2021-08-01,DARBHANGA,57771.0
2021-08-01,DEHRADUN,62436.0
2021-08-01,DELHI,2627878.0
2021-08-01,DHARAMSALA,8889.0
2021-08-01,DIBRUGARH,41954.0
2021-08-01,DIMAPUR,15386.0
2021-08-01,DIU,2237.0
2021-08-01,DURGAPUR,19977.0
2021-08-01,GAYA,526.0
2021-08-01,GHAZIABAD,2639.0
2021-08-01,GOA,298821.0
2021-08-01,GORAKHPUR,43445.0
2021-08-01,GUWAHATI,243201.0
2021-08-01,GWALIOR,16358.0
2021-08-01,HUBLI,18578.0
2021-08-01,HYDERABAD,946995.0
2021-08-01,IMPHAL,56306.0
2021-08-01,INDORE,142269.0
2021-08-01,JABALPUR,24686.0
2021-08-01,JAGDALPUR,4480.0
2021-08-01,JAIPUR,192561.0
2021-08-01,JAISALMER,2452.0
2021-08-01,JALGAON,1559.0
2021-08-01,JAMMU,104086.0
2021-08-01,JAMNAGAR,4190.0
2021-08-01,JHARSUGUDA,25450.0
2021-08-01,JODHPUR,44043.0
2021-08-01,JORHAT,4638.0
2021-08-01,KADAPA,2287.0
2021-08-01,"KALABURAGI, KARNATAKA",8006.0
2021-08-01,KANDLA,9489.0
2021-08-01,KANNUR,21764.0
2021-08-01,KANPUR,9076.0
2021-08-01,KOCHI,192615.0
2021-08-01,KOLHAPUR,9714.0
2021-08-01,KOLKATA,803271.0
2021-08-01,KOZHIKODE,22771.0
2021-08-01,KULLU,1141.0
2021-08-01,KURNOOL,2915.0
2021-08-01,LEH,128470.0
2021-08-01,LILABARI,1322.0
2021-08-01,LUCKNOW,206464.0
2021-08-01,MADURAI,54721.0
2021-08-01,MANGALURU,53570.0
2021-08-01,MUMBAI,1406793.0
2021-08-01,MYSURU,9152.0
2021-08-01,NAGPUR,134740.0
2021-08-01,NANDED,4337.0
2021-08-01,NASHIK,7160.0
2021-08-01,PAKYONG,325.0
2021-08-01,PANTNAGAR,874.0
2021-08-01,PASIGHAT,304.0
2021-08-01,PATHANKOT,1103.0
2021-08-01,PATNA,230612.0
2021-08-01,PORBANDAR,2140.0
2021-08-01,PORT BLAIR,32337.0
2021-08-01,PRAYAGRAJ,30806.0
2021-08-01,PUNE,308873.0
2021-08-01,RAIPUR,121934.0
2021-08-01,RAJAHMUNDRY,25703.0
2021-08-01,RAJKOT,34499.0
2021-08-01,RANCHI,138174.0
2021-08-01,RUPSI,3262.0
2021-08-01,SHILLONG,3163.0
2021-08-01,SILCHAR,25557.0
2021-08-01,SIMLA,102.0
2021-08-01,SRINAGAR,260464.0
2021-08-01,SURAT,77948.0
2021-08-01,TEZPUR,415.0
2021-08-01,TEZU,246.0
2021-08-01,THIRUVANANTHAPURAM,54607.0
2021-08-01,TIRUCHIRAPPALLI,10953.0
2021-08-01,TIRUPATI,60498.0
2021-08-01,TUTICORIN,12512.0
2021-08-01,UDAIPUR,63242.0
2021-08-01,VADODARA,43443.0
2021-08-01,VARANASI,122846.0
2021-08-01,VIDYANAGAR,2780.0
2021-08-01,VIJAYAWADA,49225.0
2021-08-01,VISAKHAPATNAM,149859.0
2021-09-01,AGARTALA,81018.0
2021-09-01,AGATTI ISLAND,1799.0
2021-09-01,AGRA,5701.0
2021-09-01,AHMEDABAD,435473.0
2021-09-01,AIZAWL,11194.0
2021-09-01,AJMER,13390.0
2021-09-01,AMRITSAR,73965.0
2021-09-01,AURANGABAD,21170.0
2021-09-01,BAGDOGRA,163815.0
2021-09-01,BAREILLY,11140.0
2021-09-01,BELGAUM,25030.0
2021-09-01,BENGALURU,1222931.0
2021-09-01,BHAVNAGAR,5342.0
2021-09-01,BHOPAL,58358.0
2021-09-01,BHUBANESWAR,180110.0
2021-09-01,BHUJ,1589.0
2021-09-01,BIDAR,378.0
2021-09-01,BIKANER,1194.0
2021-09-01,BILASPUR,2117.0
2021-09-01,CHANDIGARH,198277.0
2021-09-01,CHENNAI,674300.0
2021-09-01,COIMBATORE,110447.0
2021-09-01,DARBHANGA,50150.0
2021-09-01,DEHRADUN,69289.0
2021-09-01,DELHI,2769243.0
2021-09-01,DHARAMSALA,10159.0
2021-09-01,DIBRUGARH,45029.0
2021-09-01,DIMAPUR,16988.0
2021-09-01,DIU,1834.0
2021-09-01,DURGAPUR,19345.0
2021-09-01,GAYA,185.0
2021-09-01,GHAZIABAD,2446.0
2021-09-01,GOA,433573.0
2021-09-01,GORAKHPUR,40819.0
2021-09-01,GUWAHATI,274339.0
2021-09-01,GWALIOR,18423.0
2021-09-01,HUBLI,17823.0
2021-09-01,HYDERABAD,923688.0
2021-09-01,IMPHAL,68816.0
2021-09-01,INDORE,150246.0
2021-09-01,JABALPUR,29646.0
2021-09-01,JAGDALPUR,4221.0
2021-09-01,JAIPUR,218758.0
2021-09-01,JAISALMER,2387.0
2021-09-01,JALGAON,1039.0
2021-09-01,JAMMU,106284.0
2021-09-01,JAMNAGAR,5294.0
2021-09-01,JHARSUGUDA,24952.0
2021-09-01,JODHPUR,54424.0
2021-09-01,JORHAT,6068.0
2021-09-01,KADAPA,584.0
2021-09-01,"KALABURAGI, KARNATAKA",7284.0
2021-09-01,KANDLA,9269.0
2021-09-01,KANNUR,21670.0
2021-09-01,KANPUR,9386.0
2021-09-01,KOCHI,174301.0
2021-09-01,KOLHAPUR,9272.0
2021-09-01,KOLKATA,862367.0
2021-09-01,KOZHIKODE,21584.0
2021-09-01,KULLU,1280.0
2021-09-01,KURNOOL,2509.0
2021-09-01,LEH,133834.0
2021-09-01,LILABARI,1544.0
2021-09-01,LUCKNOW,215720.0
2021-09-01,MADURAI,57395.0
2021-09-01,MANGALURU,57687.0
2021-09-01,MUMBAI,1495075.0
2021-09-01,MYSURU,9869.0
2021-09-01,NAGPUR,135632.0
2021-09-01,NANDED,2250.0
2021-09-01,NASHIK,7012.0
2021-09-01,PAKYONG,799.0
2021-09-01,PANTNAGAR,1423.0
2021-09-01,PASIGHAT,553.0
2021-09-01,PATHANKOT,1148.0
2021-09-01,PATNA,205647.0
2021-09-01,PORBANDAR,2139.0
2021-09-01,PORT BLAIR,50279.0
2021-09-01,PRAYAGRAJ,33160.0
2021-09-01,PUNE,342406.0
2021-09-01,RAIPUR,119106.0
2021-09-01,RAJAHMUNDRY,21978.0
2021-09-01,RAJKOT,35685.0
2021-09-01,RANCHI,136210.0
2021-09-01,RUPSI,2586.0
2021-09-01,SHILLONG,5489.0
2021-09-01,SILCHAR,30151.0
2021-09-01,SIMLA,198.0
2021-09-01,SRINAGAR,269164.0
2021-09-01,SURAT,81217.0
2021-09-01,TEZPUR,582.0
2021-09-01,TEZU,731.0
2021-09-01,THIRUVANANTHAPURAM,48409.0
2021-09-01,TIRUCHIRAPPALLI,12079.0
2021-09-01,TIRUPATI,56615.0
2021-09-01,TUTICORIN,12653.0
2021-09-01,UDAIPUR,70576.0
2021-09-01,VADODARA,47763.0
2021-09-01,VARANASI,116179.0
2021-09-01,VIDYANAGAR,635.0
2021-09-01,VIJAYAWADA,45095.0
2021-09-01,VISAKHAPATNAM,133371.0
2021-10-01,AGARTALA,98033.0
2021-10-01,AGATTI ISLAND,2528.0
2021-10-01,AGRA,8828.0
2021-10-01,AHMEDABAD,520615.0
2021-10-01,AIZAWL,12692.0
2021-10-01,AJMER,14147.0
2021-10-01,AMRITSAR,100767.0
2021-10-01,AURANGABAD,29173.0
2021-10-01,BAGDOGRA,244391.0
2021-10-01,BAREILLY,11557.0
2021-10-01,BELGAUM,30875.0
2021-10-01,BENGALURU,1628965.0
2021-10-01,BHAVNAGAR,4733.0
2021-10-01,BHOPAL,76312.0
2021-10-01,BHUBANESWAR,234788.0
2021-10-01,BHUJ,1879.0
2021-10-01,BIDAR,441.0
2021-10-01,BIKANER,1405.0
2021-10-01,BILASPUR,2089.0
2021-10-01,CHANDIGARH,242958.0
2021-10-01,CHENNAI,796742.0
2021-10-01,COIMBATORE,124751.0
2021-10-01,DARBHANGA,65570.0
2021-10-01,DEHRADUN,104119.0
2021-10-01,DELHI,3450483.0
2021-10-01,DHARAMSALA,13956.0
2021-10-01,DIBRUGARH,54185.0
2021-10-01,DIMAPUR,19928.0
2021-10-01,DIU,2806.0
2021-10-01,DURGAPUR,28397.0
2021-10-01,GAYA,4433.0
2021-10-01,GHAZIABAD,2494.0
2021-10-01,GOA,602517.0
2021-10-01,GORAKHPUR,56654.0
2021-10-01,GUWAHATI,387894.0
2021-10-01,GWALIOR,22066.0
2021-10-01,HUBLI,20534.0
2021-10-01,HYDERABAD,1176338.0
2021-10-01,IMPHAL,82795.0
2021-10-01,INDORE,174469.0
2021-10-01,JABALPUR,38315.0
2021-10-01,JAGDALPUR,5020.0
2021-10-01,JAIPUR,294124.0
2021-10-01,JAISALMER,3455.0
2021-10-01,JALGAON,1421.0
2021-10-01,JAMMU,139354.0
2021-10-01,JAMNAGAR,7646.0
2021-10-01,JHARSUGUDA,26232.0
2021-10-01,JODHPUR,80923.0
2021-10-01,JORHAT,8105.0
2021-10-01,KADAPA,1212.0
2021-10-01,"KALABURAGI, KARNATAKA",7906.0
2021-10-01,KANDLA,10207.0
2021-10-01,KANNUR,27039.0
2021-10-01,KANPUR,12780.0
2021-10-01,KOCHI,226396.0
2021-10-01,KOLHAPUR,10399.0
2021-10-01,KOLKATA,1212929.0
2021-10-01,KOZHIKODE,30308.0
2021-10-01,KULLU,1777.0
2021-10-01,KURNOOL,3286.0
2021-10-01,LEH,113668.0
2021-10-01,LILABARI,1854.0
2021-10-01,LUCKNOW,283747.0
2021-10-01,MADURAI,60960.0
2021-10-01,MANGALURU,80920.0
2021-10-01,MUMBAI,2017993.0
2021-10-01,MYSURU,11582.0
2021-10-01,NAGPUR,155539.0
2021-10-01,NANDED,3908.0
2021-10-01,NASHIK,7845.0
2021-10-01,PAKYONG,3772.0
2021-10-01,PANTNAGAR,1738.0
2021-10-01,PASIGHAT,532.0
2021-10-01,PATHANKOT,1334.0
2021-10-01,PATNA,285223.0
2021-10-01,PORBANDAR,2747.0
2021-10-01,PORT BLAIR,82348.0
2021-10-01,PRAYAGRAJ,41051.0
2021-10-01,PUNE,233893.0
2021-10-01,RAIPUR,154075.0
2021-10-01,RAJAHMUNDRY,26161.0
2021-10-01,RAJKOT,45345.0
2021-10-01,RANCHI,187606.0
2021-10-01,RUPSI,4023.0
2021-10-01,SHILLONG,7122.0
2021-10-01,SHIRDI,13156.0
2021-10-01,SILCHAR,36124.0
2021-10-01,SIMLA,320.0
2021-10-01,SINDHUDURG,2507.0
2021-10-01,SRINAGAR,311520.0
2021-10-01,SURAT,87353.0
2021-10-01,TEZPUR,625.0
2021-10-01,TEZU,929.0
2021-10-01,THIRUVANANTHAPURAM,61261.0
2021-10-01,TIRUCHIRAPPALLI,14461.0
2021-10-01,TIRUPATI,59946.0
2021-10-01,TUTICORIN,12999.0
2021-10-01,UDAIPUR,95441.0
2021-10-01,VADODARA,63902.0
2021-10-01,VARANASI,158014.0
2021-10-01,VIDYANAGAR,745.0
2021-10-01,VIJAYAWADA,53883.0
2021-10-01,VISAKHAPATNAM,172975.0
2021-11-01,AGARTALA,107946.0
2021-11-01,AGATTI ISLAND,2979.0
2021-11-01,AGRA,7084.0
2021-11-01,AHMEDABAD,682531.0
2021-11-01,AIZAWL,23527.0
2021-11-01,AJMER,15832.0
2021-11-01,AMRITSAR,140557.0
2021-11-01,AURANGABAD,32530.0
2021-11-01,BAGDOGRA,266090.0
2021-11-01,BAREILLY,17027.0
2021-11-01,BELGAUM,29411.0
2021-11-01,BENGALURU,1890268.0
2021-11-01,BHAVNAGAR,6208.0
2021-11-01,BHOPAL,93095.0
2021-11-01,BHUBANESWAR,266787.0
2021-11-01,BHUJ,2219.0
2021-11-01,BIDAR,197.0
2021-11-01,BIKANER,2596.0
2021-11-01,BILASPUR,2321.0
2021-11-01,CHANDIGARH,286534.0
2021-11-01,CHENNAI,902964.0
2021-11-01,COIMBATORE,152105.0
2021-11-01,DARBHANGA,77100.0
2021-11-01,DEHRADUN,117233.0
2021-11-01,DELHI,4059087.0
2021-11-01,DHARAMSALA,13724.0
2021-11-01,DIBRUGARH,57171.0
2021-11-01,DIMAPUR,23134.0
2021-11-01,DIU,3350.0
2021-11-01,DURGAPUR,32273.0
2021-11-01,GAYA,10324.0
2021-11-01,GHAZIABAD,2528.0
2021-11-01,GOA,702603.0
2021-11-01,GORAKHPUR,71792.0
2021-11-01,GUWAHATI,395517.0
2021-11-01,GWALIOR,26476.0
2021-11-01,HUBLI,20918.0
2021-11-01,HYDERABAD,1302650.0
2021-11-01,IMPHAL,91512.0
2021-11-01,INDORE,214711.0
2021-11-01,JABALPUR,37137.0
2021-11-01,JAGDALPUR,4644.0
2021-11-01,JAIPUR,387159.0
2021-11-01,JAISALMER,18359.0
2021-11-01,JALGAON,1358.0
2021-11-01,JAMMU,146633.0
2021-11-01,JAMNAGAR,6773.0
2021-11-01,JHARSUGUDA,27739.0
2021-11-01,JODHPUR,118131.0
2021-11-01,JORHAT,9994.0
2021-11-01,KADAPA,594.0
2021-11-01,"KALABURAGI, KARNATAKA",7402.0
2021-11-01,KANDLA,8968.0
2021-11-01,KANNUR,32132.0
2021-11-01,KANPUR,33390.0
2021-11-01,KOCHI,279636.0
2021-11-01,KOLHAPUR,9805.0
2021-11-01,KOLKATA,1332929.0
2021-11-01,KOZHIKODE,30383.0
2021-11-01,KULLU,1831.0
2021-11-01,KURNOOL,2680.0
2021-11-01,KUSHINAGAR,468.0
2021-11-01,LEH,70959.0
2021-11-01,LILABARI,3433.0
2021-11-01,LUCKNOW,371727.0
2021-11-01,MADURAI,69881.0
2021-11-01,MANGALURU,89496.0
2021-11-01,MUMBAI,2455170.0
2021-11-01,MYSURU,12721.0
2021-11-01,NAGPUR,220086.0
2021-11-01,NANDED,579.0
2021-11-01,NASHIK,7436.0
2021-11-01,PAKYONG,7466.0
2021-11-01,PANTNAGAR,2231.0
2021-11-01,PASIGHAT,996.0
2021-11-01,PATHANKOT,1100.0
2021-11-01,PATNA,414618.0
2021-11-01,PORBANDAR,1863.0
2021-11-01,PORT BLAIR,110280.0
2021-11-01,PRAYAGRAJ,58004.0
2021-11-01,PUNE,507387.0
2021-11-01,RAIPUR,191454.0
2021-11-01,RAJAHMUNDRY,28141.0
2021-11-01,RAJKOT,59898.0
2021-11-01,RANCHI,222315.0
2021-11-01,RUPSI,3813.0
2021-11-01,SHILLONG,8468.0
2021-11-01,SHIRDI,34955.0
2021-11-01,SILCHAR,31798.0
2021-11-01,SIMLA,428.0
2021-11-01,SINDHUDURG,3503.0
2021-11-01,SRINAGAR,317695.0
2021-11-01,SURAT,126418.0
2021-11-01,TEZPUR,463.0
2021-11-01,TEZU,1085.0
2021-11-01,THIRUVANANTHAPURAM,82537.0
2021-11-01,TIRUCHIRAPPALLI,17323.0
2021-11-01,TIRUPATI,64963.0
2021-11-01,TUTICORIN,12508.0
2021-11-01,UDAIPUR,124496.0
2021-11-01,VADODARA,82186.0
2021-11-01,VARANASI,222215.0
2021-11-01,VIDYANAGAR,309.0
2021-11-01,VIJAYAWADA,60079.0
2021-11-01,VISAKHAPATNAM,188929.0
2021-12-01,ADAMPUR,82.0
2021-12-01,AGARTALA,115247.0
2021-12-01,AGATTI ISLAND,3729.0
2021-12-01,AGRA,8466.0
2021-12-01,AHMEDABAD,668907.0
2021-12-01,AIZAWL,27819.0
2021-12-01,AJMER,16483.0
2021-12-01,AMRITSAR,162918.0
2021-12-01,AURANGABAD,34758.0
2021-12-01,BAGDOGRA,279877.0
2021-12-01,BAREILLY,16242.0
2021-12-01,BELGAUM,29774.0
2021-12-01,BENGALURU,2037522.0
2021-12-01,BHAVNAGAR,4073.0
2021-12-01,BHOPAL,96193.0
2021-12-01,BHUBANESWAR,304217.0
2021-12-01,BHUJ,2017.0
2021-12-01,BIKANER,2607.0
2021-12-01,BILASPUR,2226.0
2021-12-01,CHANDIGARH,293769.0
2021-12-01,CHENNAI,1049229.0
2021-12-01,COIMBATORE,181450.0
2021-12-01,DARBHANGA,71531.0
2021-12-01,DEHRADUN,125360.0
2021-12-01,DELHI,4217185.0
2021-12-01,DHARAMSALA,15480.0
2021-12-01,DIBRUGARH,64325.0
2021-12-01,DIMAPUR,26749.0
2021-12-01,DIU,3554.0
2021-12-01,DURGAPUR,40845.0
2021-12-01,GAYA,10927.0
2021-12-01,GHAZIABAD,2734.0
2021-12-01,GOA,821571.0
2021-12-01,GORAKHPUR,64259.0
2021-12-01,GUWAHATI,434060.0
2021-12-01,GWALIOR,27614.0
2021-12-01,HUBLI,22307.0
2021-12-01,HYDERABAD,1412365.0
2021-12-01,IMPHAL,93989.0
2021-12-01,INDORE,231673.0
2021-12-01,JABALPUR,39036.0
2021-12-01,JAGDALPUR,5087.0
2021-12-01,JAIPUR,412966.0
2021-12-01,JAISALMER,26047.0
2021-12-01,JALGAON,1560.0
2021-12-01,JAMMU,152801.0
2021-12-01,JAMNAGAR,8751.0
2021-12-01,JHARSUGUDA,29926.0
2021-12-01,JODHPUR,119270.0
2021-12-01,JORHAT,10857.0
2021-12-01,"KALABURAGI, KARNATAKA",7852.0
2021-12-01,KANDLA,11951.0
2021-12-01,KANNUR,34911.0
2021-12-01,KANPUR,28367.0
2021-12-01,KOCHI,353801.0
2021-12-01,KOLHAPUR,10504.0
2021-12-01,KOLKATA,1461384.0
2021-12-01,KOZHIKODE,34089.0
2021-12-01,KULLU,1606.0
2021-12-01,KURNOOL,3084.0
2021-12-01,KUSHINAGAR,2688.0
2021-12-01,LEH,52436.0
2021-12-01,LILABARI,3417.0
2021-12-01,LUCKNOW,360122.0
2021-12-01,MADURAI,77949.0
2021-12-01,MANGALURU,107205.0
2021-12-01,MUMBAI,2565730.0
2021-12-01,MYSURU,13853.0
2021-12-01,NAGPUR,227461.0
2021-12-01,NANDED,1182.0
2021-12-01,NASHIK,7075.0
2021-12-01,PAKYONG,8597.0
2021-12-01,PANTNAGAR,1908.0
2021-12-01,PASIGHAT,1126.0
2021-12-01,PATHANKOT,1196.0
2021-12-01,PATNA,340394.0
2021-12-01,PORBANDAR,2455.0
2021-12-01,PORT BLAIR,124272.0
2021-12-01,PRAYAGRAJ,59059.0
2021-12-01,PUNE,560187.0
2021-12-01,RAIPUR,198746.0
2021-12-01,RAJAHMUNDRY,33797.0
2021-12-01,RAJKOT,58344.0
2021-12-01,RANCHI,218119.0
2021-12-01,RUPSI,3512.0
2021-12-01,SHILLONG,10569.0
2021-12-01,SHIRDI,41663.0
2021-12-01,SILCHAR,37998.0
2021-12-01,SIMLA,74.0
2021-12-01,SINDHUDURG,3466.0
2021-12-01,SRINAGAR,331667.0
2021-12-01,SURAT,134731.0
2021-12-01,TEZPUR,471.0
2021-12-01,TEZU,1194.0
2021-12-01,THIRUVANANTHAPURAM,108693.0
2021-12-01,TIRUCHIRAPPALLI,19342.0
2021-12-01,TIRUPATI,87586.0
2021-12-01,TUTICORIN,16470.0
2021-12-01,UDAIPUR,157356.0
2021-12-01,VADODARA,81020.0
2021-12-01,VARANASI,191352.0
2021-12-01,VIJAYAWADA,70423.0
2021-12-01,VISAKHAPATNAM,209270.0
2022-01-01,AGARTALA,72498.0
2022-01-01,AGATTI ISLAND,2972.0
2022-01-01,AGRA,5263.0
2022-01-01,AHMEDABAD,385270.0
2022-01-01,AIZAWL,17291.0
2022-01-01,AJMER,9009.0
2022-01-01,AMRITSAR,94837.0
2022-01-01,AURANGABAD,17918.0
2022-01-01,BAGDOGRA,148295.0
2022-01-01,BAREILLY,9016.0
2022-01-01,BELGAUM,18038.0
2022-01-01,BENGALURU,1121981.0
2022-01-01,BHAVNAGAR,2461.0
2022-01-01,BHOPAL,51596.0
2022-01-01,BHUBANESWAR,160396.0
2022-01-01,BHUJ,1892.0
2022-01-01,BIKANER,812.0
2022-01-01,BILASPUR,1477.0
2022-01-01,CHANDIGARH,179337.0
2022-01-01,CHENNAI,635014.0
2022-01-01,COIMBATORE,106559.0
2022-01-01,DARBHANGA,29630.0
2022-01-01,DEHRADUN,67472.0
2022-01-01,DELHI,2327410.0
2022-01-01,DHARAMSALA,7565.0
2022-01-01,DIBRUGARH,43852.0
2022-01-01,DIMAPUR,18066.0
2022-01-01,DIU,2129.0
2022-01-01,DURGAPUR,20106.0
2022-01-01,GAYA,3309.0
2022-01-01,GHAZIABAD,2116.0
2022-01-01,GOA,450421.0
2022-01-01,GORAKHPUR,41646.0
2022-01-01,GUWAHATI,284457.0
2022-01-01,GWALIOR,13797.0
2022-01-01,HUBLI,13252.0
2022-01-01,HYDERABAD,882326.0
2022-01-01,IMPHAL,68594.0
2022-01-01,INDORE,124920.0
2022-01-01,JABALPUR,23339.0
2022-01-01,JAGDALPUR,3213.0
2022-01-01,JAIPUR,209117.0
2022-01-01,JAISALMER,10597.0
2022-01-01,JALGAON,1495.0
2022-01-01,JAMMU,107817.0
2022-01-01,JAMNAGAR,6170.0
2022-01-01,JHARSUGUDA,15356.0
2022-01-01,JODHPUR,68515.0
2022-01-01,JORHAT,6912.0
2022-01-01,"KALABURAGI, KARNATAKA",5661.0
2022-01-01,KANDLA,8314.0
2022-01-01,KANNUR,23866.0
2022-01-01,KANPUR,11576.0
2022-01-01,KOCHI,240386.0
2022-01-01,KOLHAPUR,7824.0
2022-01-01,KOLKATA,839773.0
2022-01-01,KOZHIKODE,26610.0
2022-01-01,KULLU,1077.0
2022-01-01,KURNOOL,2260.0
2022-01-01,KUSHINAGAR,1857.0
2022-01-01,LEH,36282.0
2022-01-01,LILABARI,2712.0
2022-01-01,LUCKNOW,205958.0
2022-01-01,MADURAI,51565.0
2022-01-01,MANGALURU,65916.0
2022-01-01,MUMBAI,1409568.0
2022-01-01,MYSURU,7778.0
2022-01-01,NAGPUR,121163.0
2022-01-01,NANDED,1372.0
2022-01-01,NASHIK,4548.0
2022-01-01,PAKYONG,5770.0
2022-01-01,PANTNAGAR,840.0
2022-01-01,PASIGHAT,808.0
2022-01-01,PATHANKOT,443.0
2022-01-01,PATNA,187604.0
2022-01-01,PORBANDAR,1023.0
2022-01-01,PORT BLAIR,73258.0
2022-01-01,PRAYAGRAJ,29000.0
2022-01-01,PUNE,335111.0
2022-01-01,RAIPUR,101638.0
2022-01-01,RAJAHMUNDRY,23162.0
2022-01-01,RAJKOT,32527.0
2022-01-01,RANCHI,119160.0
2022-01-01,RUPSI,2423.0
2022-01-01,SHILLONG,6439.0
2022-01-01,SHIRDI,16558.0
2022-01-01,SILCHAR,28647.0
2022-01-01,SINDHUDURG,2716.0
2022-01-01,SRINAGAR,236178.0
2022-01-01,SURAT,75174.0
2022-01-01,TEZPUR,315.0
2022-01-01,TEZU,833.0
2022-01-01,THIRUVANANTHAPURAM,68737.0
2022-01-01,TIRUCHIRAPPALLI,14184.0
2022-01-01,TIRUPATI,62930.0
2022-01-01,TUTICORIN,11423.0
2022-01-01,UDAIPUR,74729.0
2022-01-01,VADODARA,42830.0
2022-01-01,VARANASI,109558.0
2022-01-01,VIJAYAWADA,46053.0
2022-01-01,VISAKHAPATNAM,139490.0
2022-02-01,AGARTALA,71554.0
2022-02-01,AGATTI ISLAND,2953.0
2022-02-01,AGRA,4929.0
2022-02-01,AHMEDABAD,439133.0
2022-02-01,AIZAWL,15401.0
2022-02-01,AJMER,12867.0
2022-02-01,AMRITSAR,104799.0
2022-02-01,AURANGABAD,21303.0
2022-02-01,BAGDOGRA,178683.0
2022-02-01,BAREILLY,9959.0
2022-02-01,BELGAUM,23302.0
2022-02-01,BENGALURU,1304499.0
2022-02-01,BHAVNAGAR,2978.0
2022-02-01,BHOPAL,65064.0
2022-02-01,BHUBANESWAR,204090.0
2022-02-01,BHUJ,1998.0
2022-02-01,BIDAR,101.0
2022-02-01,BIKANER,1588.0
2022-02-01,BILASPUR,2355.0
2022-02-01,CHANDIGARH,201166.0
2022-02-01,CHENNAI,723295.0
2022-02-01,COIMBATORE,110769.0
2022-02-01,DARBHANGA,44107.0
2022-02-01,DEHRADUN,77441.0
2022-02-01,DELHI,3088092.0
2022-02-01,DHARAMSALA,8985.0
2022-02-01,DIBRUGARH,41244.0
2022-02-01,DIMAPUR,17091.0
2022-02-01,DIU,2516.0
2022-02-01,DURGAPUR,19091.0
2022-02-01,GAYA,1569.0
2022-02-01,GHAZIABAD,2340.0
2022-02-01,GOA,511861.0
2022-02-01,GORAKHPUR,48460.0
2022-02-01,GUWAHATI,282430.0
2022-02-01,GWALIOR,18539.0
2022-02-01,HUBLI,11519.0
2022-02-01,HYDERABAD,1006983.0
2022-02-01,IMPHAL,66414.0
2022-02-01,INDORE,153246.0
2022-02-01,JABALPUR,25649.0
2022-02-01,JAGDALPUR,3979.0
2022-02-01,JAIPUR,282013.0
2022-02-01,JAISALMER,10981.0
2022-02-01,JALGAON,359.0
2022-02-01,JAMMU,117378.0
2022-02-01,JAMNAGAR,8128.0
2022-02-01,JHARSUGUDA,19763.0
2022-02-01,JODHPUR,81976.0
2022-02-01,JORHAT,6081.0
2022-02-01,"KALABURAGI, KARNATAKA",6884.0
2022-02-01,KANDLA,10061.0
2022-02-01,KANNUR,18162.0
2022-02-01,KANPUR,15192.0
2022-02-01,KHAJURAHO,524.0
2022-02-01,KOCHI,220253.0
2022-02-01,KOLHAPUR,7615.0
2022-02-01,KOLKATA,987810.0
2022-02-01,KOZHIKODE,24709.0
2022-02-01,KULLU,1207.0
2022-02-01,KURNOOL,2313.0
2022-02-01,KUSHINAGAR,2998.0
2022-02-01,LEH,53557.0
2022-02-01,LILABARI,3161.0
2022-02-01,LUCKNOW,238850.0
2022-02-01,MADURAI,42028.0
2022-02-01,MANGALURU,76037.0
2022-02-01,MUMBAI,1923292.0
2022-02-01,MYSURU,8850.0
2022-02-01,NAGPUR,138125.0
2022-02-01,NANDED,2138.0
2022-02-01,NASHIK,3757.0
2022-02-01,PAKYONG,6084.0
2022-02-01,PANTNAGAR,942.0
2022-02-01,PASIGHAT,740.0
2022-02-01,PATHANKOT,796.0
2022-02-01,PATNA,254181.0
2022-02-01,PORT BLAIR,79140.0
2022-02-01,PRAYAGRAJ,30426.0
2022-02-01,PUNE,384770.0
2022-02-01,RAIPUR,125580.0
2022-02-01,RAJAHMUNDRY,19753.0
2022-02-01,RAJKOT,40513.0
2022-02-01,RANCHI,153160.0
2022-02-01,RUPSI,4202.0
2022-02-01,SHILLONG,6819.0
2022-02-01,SHIRDI,24698.0
2022-02-01,SILCHAR,26785.0
2022-02-01,SINDHUDURG,2887.0
2022-02-01,SRINAGAR,253883.0
2022-02-01,SURAT,79767.0
2022-02-01,TEZPUR,387.0
2022-02-01,TEZU,730.0
2022-02-01,THIRUVANANTHAPURAM,54490.0
2022-02-01,TIRUCHIRAPPALLI,14488.0
2022-02-01,TIRUPATI,60286.0
2022-02-01,TUTICORIN,10776.0
2022-02-01,UDAIPUR,99615.0
2022-02-01,VADODARA,54246.0
2022-02-01,VARANASI,155474.0
2022-02-01,VIDYANAGAR,216.0
2022-02-01,VIJAYAWADA,48946.0
2022-02-01,VISAKHAPATNAM,148144.0
2022-03-01,AGARTALA,103519.0
2022-03-01,AGATTI ISLAND,3436.0
2022-03-01,AGRA,9984.0
2022-03-01,AHMEDABAD,560417.0
2022-03-01,AIZAWL,24568.0
2022-03-01,AJMER,14514.0
2022-03-01,AMRITSAR,150775.0
2022-03-01,AURANGABAD,30718.0
2022-03-01,BAGDOGRA,248799.0
2022-03-01,BAREILLY,15474.0
2022-03-01,BELGAUM,30404.0
2022-03-01,BENGALURU,1974782.0
2022-03-01,BHAVNAGAR,2197.0
2022-03-01,BHOPAL,96637.0
2022-03-01,BHUBANESWAR,286721.0
2022-03-01,BHUJ,2345.0
2022-03-01,BIKANER,2395.0
2022-03-01,BILASPUR,2443.0
2022-03-01,CHANDIGARH,295014.0
2022-03-01,CHENNAI,1020555.0
2022-03-01,COIMBATORE,174936.0
2022-03-01,DARBHANGA,50214.0
2022-03-01,DEHRADUN,123953.0
2022-03-01,DELHI,4114504.0
2022-03-01,DHARAMSALA,16358.0
2022-03-01,DIBRUGARH,60963.0
2022-03-01,DIMAPUR,23391.0
2022-03-01,DIU,3799.0
2022-03-01,DURGAPUR,39418.0
2022-03-01,GAYA,7412.0
2022-03-01,GHAZIABAD,2708.0
2022-03-01,GOA,806017.0
2022-03-01,GONDIA,2874.0
2022-03-01,GORAKHPUR,57030.0
2022-03-01,GUWAHATI,405144.0
2022-03-01,GWALIOR,23686.0
2022-03-01,HUBLI,20286.0
2022-03-01,HYDERABAD,1389839.0
2022-03-01,IMPHAL,93228.0
2022-03-01,INDORE,219850.0
2022-03-01,JABALPUR,39081.0
2022-03-01,JAGDALPUR,5122.0
2022-03-01,JAIPUR,370916.0
2022-03-01,JAISALMER,9035.0
2022-03-01,JAMMU,150619.0
2022-03-01,JAMNAGAR,9334.0
2022-03-01,JHARSUGUDA,27349.0
2022-03-01,JODHPUR,88760.0
2022-03-01,JORHAT,9761.0
2022-03-01,KADAPA,724.0
2022-03-01,"KALABURAGI, KARNATAKA",8214.0
2022-03-01,KANDLA,11022.0
2022-03-01,KANNUR,31786.0
2022-03-01,KANPUR,22881.0
2022-03-01,KHAJURAHO,1062.0
2022-03-01,KOCHI,319529.0
2022-03-01,KOLHAPUR,9352.0
2022-03-01,KOLKATA,1335119.0
2022-03-01,KOZHIKODE,39746.0
2022-03-01,KULLU,1935.0
2022-03-01,KURNOOL,3331.0
2022-03-01,KUSHINAGAR,3182.0
2022-03-01,LEH,73566.0
2022-03-01,LILABARI,3869.0
2022-03-01,LUCKNOW,329235.0
2022-03-01,MADURAI,61816.0
2022-03-01,MANGALURU,98278.0
2022-03-01,MUMBAI,2526797.0
2022-03-01,MYSURU,14306.0
2022-03-01,NAGPUR,197801.0
2022-03-01,NANDED,1464.0
2022-03-01,NASHIK,4600.0
2022-03-01,PAKYONG,7677.0
2022-03-01,PANTNAGAR,2163.0
2022-03-01,PASIGHAT,721.0
2022-03-01,PATNA,318654.0
2022-03-01,PORBANDAR,430.0
2022-03-01,PORT BLAIR,77389.0
2022-03-01,PRAYAGRAJ,53747.0
2022-03-01,PUDUCHERRY,881.0
2022-03-01,PUNE,558630.0
2022-03-01,RAIPUR,178029.0
2022-03-01,RAJAHMUNDRY,27100.0
2022-03-01,RAJKOT,61560.0
2022-03-01,RANCHI,190039.0
2022-03-01,RUPSI,4147.0
2022-03-01,SHILLONG,10279.0
2022-03-01,SHIRDI,51685.0
2022-03-01,SILCHAR,36296.0
2022-03-01,SINDHUDURG,3504.0
2022-03-01,SRINAGAR,352211.0
2022-03-01,SURAT,109062.0
2022-03-01,TEZPUR,440.0
2022-03-01,TEZU,1002.0
2022-03-01,THIRUVANANTHAPURAM,96650.0
2022-03-01,TIRUCHIRAPPALLI,22373.0
2022-03-01,TIRUPATI,78614.0
2022-03-01,TUTICORIN,14881.0
2022-03-01,UDAIPUR,115455.0
2022-03-01,VADODARA,82731.0
2022-03-01,VARANASI,211495.0
2022-03-01,VIJAYAWADA,66159.0
2022-03-01,VISAKHAPATNAM,184381.0
2022-04-01,AGARTALA,105412.0
2022-04-01,AGATTI ISLAND,2979.0
2022-04-01,AGRA,6866.0
2022-04-01,AHMEDABAD,532595.0
2022-04-01,AIZAWL,25719.0
2022-04-01,AJMER,13582.0
2022-04-01,AMRITSAR,152327.0
2022-04-01,AURANGABAD,31912.0
2022-04-01,BAGDOGRA,117376.0
2022-04-01,BAREILLY,15396.0
2022-04-01,BELGAUM,35474.0
2022-04-01,BENGALURU,2060738.0
2022-04-01,BHAVNAGAR,1122.0
2022-04-01,BHOPAL,90156.0
2022-04-01,BHUBANESWAR,283747.0
2022-04-01,BHUJ,2219.0
2022-04-01,BIKANER,2596.0
2022-04-01,BILASPUR,2321.0
2022-04-01,CHANDIGARH,311803.0
2022-04-01,CHENNAI,1052381.0
2022-04-01,COIMBATORE,183475.0
2022-04-01,DARBHANGA,69141.0
2022-04-01,DEHRADUN,139989.0
2022-04-01,DELHI,3986746.0
2022-04-01,DHARAMSALA,22488.0
2022-04-01,DIBRUGARH,61332.0
2022-04-01,DIMAPUR,21516.0
2022-04-01,DIU,3350.0
2022-04-01,DURGAPUR,45605.0
2022-04-01,GAYA,12921.0
2022-04-01,GHAZIABAD,2454.0
2022-04-01,GOA,625804.0
2022-04-01,GONDIA,4071.0
2022-04-01,GORAKHPUR,63400.0
2022-04-01,GUWAHATI,440216.0
2022-04-01,GWALIOR,25982.0
2022-04-01,HUBLI,20047.0
2022-04-01,HYDERABAD,1402972.0
2022-04-01,IMPHAL,90620.0
2022-04-01,INDORE,223101.0
2022-04-01,JABALPUR,42338.0
2022-04-01,JAGDALPUR,4644.0
2022-04-01,JAIPUR,331683.0
2022-04-01,JAMMU,143964.0
2022-04-01,JAMNAGAR,8919.0
2022-04-01,JHARSUGUDA,29433.0
2022-04-01,JODHPUR,55292.0
2022-04-01,JORHAT,12577.0
2022-04-01,KADAPA,4609.0
2022-04-01,"KALABURAGI, KARNATAKA",7956.0
2022-04-01,KANDLA,9198.0
2022-04-01,KANNUR,34925.0
2022-04-01,KANPUR,27577.0
2022-04-01,KHAJURAHO,1011.0
2022-04-01,KOCHI,337277.0
2022-04-01,KOLHAPUR,11273.0
2022-04-01,KOLKATA,1282018.0
2022-04-01,KOZHIKODE,41646.0
2022-04-01,KULLU,1708.0
2022-04-01,KURNOOL,3874.0
2022-04-01,KUSHINAGAR,3277.0
2022-04-01,LEH,109286.0
2022-04-01,LILABARI,2600.0
2022-04-01,LUCKNOW,336757.0
2022-04-01,MADURAI,66106.0
2022-04-01,MANGALURU,104280.0
2022-04-01,MUMBAI,2501741.0
2022-04-01,MYSURU,14433.0
2022-04-01,NAGPUR,194177.0
2022-04-01,NASHIK,5866.0
2022-04-01,PAKYONG,4872.0
2022-04-01,PANTNAGAR,9827.0
2022-04-01,PASIGHAT,778.0
2022-04-01,PATHANKOT,1100.0
2022-04-01,PATNA,333108.0
2022-04-01,PORBANDAR,3682.0
2022-04-01,PORT BLAIR,93872.0
2022-04-01,PRAYAGRAJ,52196.0
2022-04-01,PUDUCHERRY,7729.0
2022-04-01,PUNE,587792.0
2022-04-01,RAIPUR,179909.0
2022-04-01,RAJAHMUNDRY,32055.0
2022-04-01,RAJKOT,62990.0
2022-04-01,RANCHI,195984.0
2022-04-01,RUPSI,3490.0
2022-04-01,SHILLONG,8434.0
2022-04-01,SHIRDI,62709.0
2022-04-01,SILCHAR,27212.0
2022-04-01,SINDHUDURG,3503.0
2022-04-01,SRINAGAR,418767.0
2022-04-01,SURAT,98064.0
2022-04-01,TEZPUR,463.0
2022-04-01,TEZU,764.0
2022-04-01,THIRUVANANTHAPURAM,129908.0
2022-04-01,TIRUCHIRAPPALLI,24661.0
2022-04-01,TIRUPATI,76312.0
2022-04-01,TUTICORIN,17230.0
2022-04-01,UDAIPUR,74079.0
2022-04-01,VADODARA,98720.0
2022-04-01,VARANASI,210851.0
2022-04-01,VIJAYAWADA,59623.0
2022-04-01,VISAKHAPATNAM,195096.0
2022-05-01,AGARTALA,127708.0
2022-05-01,AGATTI ISLAND,3729.0
2022-05-01,AGRA,9766.0
2022-05-01,AHMEDABAD,660799.0
2022-05-01,AIZAWL,24703.0
2022-05-01,AJMER,12745.0
2022-05-01,AMRITSAR,155631.0
2022-05-01,AURANGABAD,35278.0
2022-05-01,BAGDOGRA,277058.0
2022-05-01,BAREILLY,14849.0
2022-05-01,BELGAUM,37756.0
2022-05-01,BENGALURU,2205985.0
2022-05-01,BHAVNAGAR,5869.0
2022-05-01,BHOPAL,91523.0
2022-05-01,BHUBANESWAR,280115.0
2022-05-01,BHUJ,2017.0
2022-05-01,BIKANER,2607.0
2022-05-01,BILASPUR,2226.0
2022-05-01,CHANDIGARH,329167.0
2022-05-01,CHENNAI,1111257.0
2022-05-01,COIMBATORE,205293.0
2022-05-01,DARBHANGA,70193.0
2022-05-01,DEHRADUN,175334.0
2022-05-01,DELHI,4249711.0
2022-05-01,DHARAMSALA,22044.0
2022-05-01,DIBRUGARH,58097.0
2022-05-01,DIMAPUR,21135.0
2022-05-01,DIU,3554.0
2022-05-01,DURGAPUR,47255.0
2022-05-01,GAYA,14137.0
2022-05-01,GHAZIABAD,2798.0
2022-05-01,GOA,661204.0
2022-05-01,GONDIA,4588.0
2022-05-01,GORAKHPUR,71407.0
2022-05-01,GUWAHATI,442551.0
2022-05-01,GWALIOR,23279.0
2022-05-01,HUBLI,24146.0
2022-05-01,HYDERABAD,1463130.0
2022-05-01,IMPHAL,92274.0
2022-05-01,INDORE,230953.0
2022-05-01,JABALPUR,45988.0
2022-05-01,JAGDALPUR,5514.0
2022-05-01,JAIPUR,326122.0
2022-05-01,JAMMU,147149.0
2022-05-01,JAMNAGAR,8357.0
2022-05-01,JHARSUGUDA,33485.0
2022-05-01,JODHPUR,48534.0
2022-05-01,JORHAT,12410.0
2022-05-01,KADAPA,4518.0
2022-05-01,"KALABURAGI, KARNATAKA",8241.0
2022-05-01,KANDLA,9069.0
2022-05-01,KANNUR,34622.0
2022-05-01,KANPUR,27260.0
2022-05-01,KHAJURAHO,1004.0
2022-05-01,KOCHI,351885.0
2022-05-01,KOLHAPUR,10604.0
2022-05-01,KOLKATA,1401703.0
2022-05-01,KOZHIKODE,47969.0
2022-05-01,KULLU,1586.0
2022-05-01,KURNOOL,4512.0
2022-05-01,KUSHINAGAR,3651.0
2022-05-01,LEH,138783.0
2022-05-01,LILABARI,2079.0
2022-05-01,LUCKNOW,355229.0
2022-05-01,MADURAI,73532.0
2022-05-01,MANGALURU,117333.0
2022-05-01,MUMBAI,2829387.0
2022-05-01,MYSURU,16288.0
2022-05-01,NAGPUR,214954.0
2022-05-01,NASHIK,5863.0
2022-05-01,PAKYONG,4106.0
2022-05-01,PANTNAGAR,10536.0
2022-05-01,PASIGHAT,598.0
2022-05-01,PATHANKOT,1196.0
2022-05-01,PATNA,378788.0
2022-05-01,PORBANDAR,5761.0
2022-05-01,PORT BLAIR,101718.0
2022-05-01,PRAYAGRAJ,55777.0
2022-05-01,PUDUCHERRY,8005.0
2022-05-01,PUNE,665656.0
2022-05-01,RAIPUR,192500.0
2022-05-01,RAJAHMUNDRY,32584.0
2022-05-01,RAJKOT,70829.0
2022-05-01,RANCHI,206769.0
2022-05-01,RUPSI,4866.0
2022-05-01,SHILLONG,9602.0
2022-05-01,SHIRDI,63554.0
2022-05-01,SILCHAR,33454.0
2022-05-01,SINDHUDURG,3466.0
2022-05-01,SRINAGAR,477178.0
2022-05-01,SURAT,127058.0
2022-05-01,TEZPUR,471.0
2022-05-01,TEZU,717.0
2022-05-01,THIRUVANANTHAPURAM,144396.0
2022-05-01,TIRUCHIRAPPALLI,29139.0
2022-05-01,TIRUPATI,80343.0
2022-05-01,TUTICORIN,18459.0
2022-05-01,UDAIPUR,69115.0
2022-05-01,VADODARA,104217.0
2022-05-01,VARANASI,218830.0
2022-05-01,VIJAYAWADA,64597.0
2022-05-01,VISAKHAPATNAM,195057.0
2022-06-01,AGARTALA,115634.0
2022-06-01,AGATTI ISLAND,2979.0
2022-06-01,AGRA,12655.0
2022-06-01,AHMEDABAD,596819.0
2022-06-01,AIZAWL,27544.0
2022-06-01,AJMER,11421.0
2022-06-01,AMRITSAR,140843.0
2022-06-01,AURANGABAD,32355.0
2022-06-01,BAGDOGRA,243668.0
2022-06-01,BAREILLY,14092.0
2022-06-01,BELGAUM,34727.0
2022-06-01,BENGALURU,1982639.0
2022-06-01,BHAVNAGAR,6296.0
2022-06-01,BHOPAL,93043.0
2022-06-01,BHUBANESWAR,278479.0
2022-06-01,BHUJ,3505.0
2022-06-01,BIDAR,707.0
2022-06-01,BIKANER,2596.0
2022-06-01,BILASPUR,2321.0
2022-06-01,CHANDIGARH,313876.0
2022-06-01,CHENNAI,1062886.0
2022-06-01,COIMBATORE,207431.0
2022-06-01,DARBHANGA,74623.0
2022-06-01,DEHRADUN,163376.0
2022-06-01,DELHI,3993594.0
2022-06-01,DHARAMSALA,20388.0
2022-06-01,DIBRUGARH,53564.0
2022-06-01,DIMAPUR,21438.0
2022-06-01,DIU,3350.0
2022-06-01,DURGAPUR,45806.0
2022-06-01,GAYA,10585.0
2022-06-01,GHAZIABAD,2295.0
2022-06-01,GOA,598270.0
2022-06-01,GONDIA,3849.0
2022-06-01,GORAKHPUR,66049.0
2022-06-01,GUWAHATI,392205.0
2022-06-01,GWALIOR,24140.0
2022-06-01,HUBLI,23340.0
2022-06-01,HYDERABAD,1358907.0
2022-06-01,IMPHAL,89826.0
2022-06-01,INDORE,211164.0
2022-06-01,JABALPUR,43744.0
2022-06-01,JAGDALPUR,5411.0
2022-06-01,JAIPUR,297057.0
2022-06-01,JAMMU,131893.0
2022-06-01,JAMNAGAR,8232.0
2022-06-01,JHARSUGUDA,28258.0
2022-06-01,JODHPUR,46082.0
2022-06-01,JORHAT,12330.0
2022-06-01,KADAPA,5463.0
2022-06-01,"KALABURAGI, KARNATAKA",7154.0
2022-06-01,KANDLA,8612.0
2022-06-01,KANNUR,32274.0
2022-06-01,KANPUR,26158.0
2022-06-01,KHAJURAHO,884.0
2022-06-01,KOCHI,312876.0
2022-06-01,KOLHAPUR,12179.0
2022-06-01,KOLKATA,1255988.0
2022-06-01,KOZHIKODE,42718.0
2022-06-01,KULLU,1708.0
2022-06-01,KURNOOL,4657.0
2022-06-01,KUSHINAGAR,3837.0
2022-06-01,LEH,136809.0
2022-06-01,LILABARI,1833.0
2022-06-01,LUCKNOW,331058.0
2022-06-01,MADURAI,73525.0
2022-06-01,MANGALURU,90074.0
2022-06-01,MUMBAI,2399126.0
2022-06-01,MYSURU,15453.0
2022-06-01,NAGPUR,192952.0
2022-06-01,NASHIK,6515.0
2022-06-01,PAKYONG,499.0
2022-06-01,PANTNAGAR,10701.0
2022-06-01,PASIGHAT,576.0
2022-06-01,PATHANKOT,1100.0
2022-06-01,PATNA,343891.0
2022-06-01,PORBANDAR,4540.0
2022-06-01,PORT BLAIR,108680.0
2022-06-01,PRAYAGRAJ,50271.0
2022-06-01,PUDUCHERRY,8197.0
2022-06-01,PUNE,584978.0
2022-06-01,RAIPUR,187903.0
2022-06-01,RAJAHMUNDRY,33979.0
2022-06-01,RAJKOT,62253.0
2022-06-01,RANCHI,196095.0
2022-06-01,RUPSI,3059.0
2022-06-01,SHILLONG,7916.0
2022-06-01,SHIRDI,61787.0
2022-06-01,SILCHAR,33839.0
2022-06-01,SINDHUDURG,3503.0
2022-06-01,SRINAGAR,455245.0
2022-06-01,SURAT,106989.0
2022-06-01,TEZPUR,463.0
2022-06-01,TEZU,409.0
2022-06-01,THIRUVANANTHAPURAM,122751.0
2022-06-01,TIRUCHIRAPPALLI,31696.0
2022-06-01,TIRUPATI,79506.0
2022-06-01,TUTICORIN,17650.0
2022-06-01,UDAIPUR,71618.0
2022-06-01,VADODARA,91864.0
2022-06-01,VARANASI,196876.0
2022-06-01,VIJAYAWADA,66856.0
2022-06-01,VISAKHAPATNAM,204225.0
2022-07-01,AGARTALA,119969.0
2022-07-01,AGATTI ISLAND,2953.0
2022-07-01,AGRA,10966.0
2022-07-01,AHMEDABAD,510379.0
2022-07-01,AIZAWL,24707.0
2022-07-01,AJMER,6847.0
2022-07-01,AMRITSAR,118730.0
2022-07-01,AURANGABAD,32960.0
2022-07-01,BAGDOGRA,195988.0
2022-07-01,BAREILLY,10821.0
2022-07-01,BELGAUM,27249.0
2022-07-01,BENGALURU,1923388.0
2022-07-01,BHAVNAGAR,4662.0
2022-07-01,BHOPAL,84126.0
2022-07-01,BHUBANESWAR,252300.0
2022-07-01,BHUJ,3166.0
2022-07-01,BIDAR,1507.0
2022-07-01,BIKANER,1588.0
2022-07-01,BILASPUR,2355.0
2022-07-01,CHANDIGARH,258412.0
2022-07-01,CHENNAI,1016000.0
2022-07-01,COIMBATORE,196001.0
2022-07-01,DARBHANGA,54071.0
2022-07-01,DEHRADUN,117645.0
2022-07-01,DELHI,3683508.0
2022-07-01,DEOGHAR,2157.0
2022-07-01,DHARAMSALA,12741.0
2022-07-01,DIBRUGARH,58346.0
2022-07-01,DIMAPUR,22122.0
2022-07-01,DIU,2516.0
2022-07-01,DURGAPUR,39476.0
2022-07-01,GAYA,9751.0
2022-07-01,GHAZIABAD,2310.0
2022-07-01,GOA,499571.0
2022-07-01,GONDIA,2679.0
2022-07-01,GORAKHPUR,50912.0
2022-07-01,GUWAHATI,409963.0
2022-07-01,GWALIOR,18512.0
2022-07-01,HUBLI,23598.0
2022-07-01,HYDERABAD,1313345.0
2022-07-01,IMPHAL,90121.0
2022-07-01,INDORE,202736.0
2022-07-01,JABALPUR,31748.0
2022-07-01,JAGDALPUR,4553.0
2022-07-01,JAIPUR,286850.0
2022-07-01,JAMMU,120303.0
2022-07-01,JAMNAGAR,7368.0
2022-07-01,JHARSUGUDA,17750.0
2022-07-01,JODHPUR,55477.0
2022-07-01,JORHAT,14083.0
2022-07-01,KADAPA,5286.0
2022-07-01,"KALABURAGI, KARNATAKA",6726.0
2022-07-01,KANDLA,6943.0
2022-07-01,KANNUR,34722.0
2022-07-01,KANPUR,19001.0
2022-07-01,KHAJURAHO,1049.0
2022-07-01,KOCHI,304731.0
2022-07-01,KOLHAPUR,10670.0
2022-07-01,KOLKATA,1197499.0
2022-07-01,KOZHIKODE,45393.0
2022-07-01,KULLU,1207.0
2022-07-01,KURNOOL,2726.0
2022-07-01,KUSHINAGAR,2793.0
2022-07-01,LEH,145729.0
2022-07-01,LILABARI,1843.0
2022-07-01,LUCKNOW,296524.0
2022-07-01,MADURAI,71880.0
2022-07-01,MANGALURU,94249.0
2022-07-01,MUMBAI,2183156.0
2022-07-01,MYSURU,14477.0
2022-07-01,NAGPUR,162937.0
2022-07-01,NASHIK,4572.0
2022-07-01,PANTNAGAR,5280.0
2022-07-01,PASIGHAT,751.0
2022-07-01,PATHANKOT,796.0
2022-07-01,PATNA,281012.0
2022-07-01,PORBANDAR,3354.0
2022-07-01,PORT BLAIR,73505.0
2022-07-01,PRAYAGRAJ,41455.0
2022-07-01,PUDUCHERRY,7075.0
2022-07-01,PUNE,556227.0
2022-07-01,RAIPUR,170095.0
2022-07-01,RAJAHMUNDRY,32072.0
2022-07-01,RAJKOT,53159.0
2022-07-01,RANCHI,172065.0
2022-07-01,RUPSI,4073.0
2022-07-01,SHILLONG,8438.0
2022-07-01,SHIRDI,62857.0
2022-07-01,SILCHAR,36122.0
2022-07-01,SINDHUDURG,2887.0
2022-07-01,SRINAGAR,412732.0
2022-07-01,SURAT,88972.0
2022-07-01,TEZPUR,387.0
2022-07-01,TEZU,767.0
2022-07-01,THIRUVANANTHAPURAM,125029.0
2022-07-01,TIRUCHIRAPPALLI,31077.0
2022-07-01,TIRUPATI,79554.0
2022-07-01,TUTICORIN,17645.0
2022-07-01,UDAIPUR,77598.0
2022-07-01,VADODARA,85502.0
2022-07-01,VARANASI,155136.0
2022-07-01,VIJAYAWADA,75024.0
2022-07-01,VISAKHAPATNAM,175823.0
2022-08-01,AGARTALA,110170.0
2022-08-01,AGATTI ISLAND,3729.0
2022-08-01,AGRA,10963.0
2022-08-01,AHMEDABAD,608529.0
2022-08-01,AIZAWL,24773.0
2022-08-01,AJMER,4882.0
2022-08-01,AMRITSAR,121476.0
2022-08-01,AURANGABAD,31754.0
2022-08-01,BAGDOGRA,192691.0
2022-08-01,BAREILLY,11187.0
2022-08-01,BELGAUM,26148.0
2022-08-01,BENGALURU,2052620.0
2022-08-01,BHAVNAGAR,6865.0
2022-08-01,BHOPAL,86068.0
2022-08-01,BHUBANESWAR,247192.0
2022-08-01,BHUJ,3051.0
2022-08-01,BIDAR,1366.0
2022-08-01,BIKANER,2607.0
2022-08-01,BILASPUR,2226.0
2022-08-01,CHANDIGARH,258781.0
2022-08-01,CHENNAI,1050888.0
2022-08-01,COIMBATORE,201452.0
2022-08-01,DARBHANGA,41682.0
2022-08-01,DEHRADUN,120759.0
2022-08-01,DELHI,3785467.0
2022-08-01,DEOGHAR,9029.0
2022-08-01,DHARAMSALA,12070.0
2022-08-01,DIBRUGARH,51560.0
2022-08-01,DIMAPUR,22178.0
2022-08-01,DIU,3554.0
2022-08-01,DURGAPUR,37327.0
2022-08-01,GAYA,9269.0
2022-08-01,GHAZIABAD,2194.0
2022-08-01,GOA,567074.0
2022-08-01,GONDIA,996.0
2022-08-01,GORAKHPUR,50582.0
2022-08-01,GUWAHATI,361695.0
2022-08-01,GWALIOR,17760.0
2022-08-01,HUBLI,23969.0
2022-08-01,HYDERABAD,1357382.0
2022-08-01,IMPHAL,86827.0
2022-08-01,INDORE,214826.0
2022-08-01,JABALPUR,34332.0
2022-08-01,JAGDALPUR,5676.0
2022-08-01,JAIPUR,311916.0
2022-08-01,JAMMU,113750.0
2022-08-01,JAMNAGAR,8865.0
2022-08-01,JHARSUGUDA,14341.0
2022-08-01,JODHPUR,58089.0
2022-08-01,JORHAT,13537.0
2022-08-01,KADAPA,5888.0
2022-08-01,"KALABURAGI, KARNATAKA",7142.0
2022-08-01,KANDLA,7150.0
2022-08-01,KANNUR,37250.0
2022-08-01,KANPUR,19704.0
2022-08-01,KHAJURAHO,968.0
2022-08-01,KOCHI,342054.0
2022-08-01,KOLHAPUR,11948.0
2022-08-01,KOLKATA,1171763.0
2022-08-01,KOZHIKODE,48044.0
2022-08-01,KULLU,1586.0
2022-08-01,KURNOOL,3233.0
2022-08-01,KUSHINAGAR,1367.0
2022-08-01,LEH,128057.0
2022-08-01,LILABARI,1871.0
2022-08-01,LUCKNOW,323111.0
2022-08-01,MADURAI,74460.0
2022-08-01,MANGALURU,101859.0
2022-08-01,MUMBAI,2470446.0
2022-08-01,MYSURU,15963.0
2022-08-01,NAGPUR,175203.0
2022-08-01,NASHIK,14660.0
2022-08-01,PAKYONG,1999.0
2022-08-01,PANTNAGAR,6423.0
2022-08-01,PASIGHAT,883.0
2022-08-01,PATHANKOT,1196.0
2022-08-01,PATNA,281422.0
2022-08-01,PORBANDAR,1936.0
2022-08-01,PORT BLAIR,78382.0
2022-08-01,PRAYAGRAJ,40310.0
2022-08-01,PUDUCHERRY,7260.0
2022-08-01,PUNE,599823.0
2022-08-01,RAIPUR,181443.0
2022-08-01,RAJAHMUNDRY,36772.0
2022-08-01,RAJKOT,63377.0
2022-08-01,RANCHI,171549.0
2022-08-01,RUPSI,3578.0
2022-08-01,SHILLONG,8766.0
2022-08-01,SHIRDI,61447.0
2022-08-01,SILCHAR,27657.0
2022-08-01,SINDHUDURG,3466.0
2022-08-01,SRINAGAR,319870.0
2022-08-01,SURAT,95893.0
2022-08-01,TEZPUR,471.0
2022-08-01,TEZU,985.0
2022-08-01,THIRUVANANTHAPURAM,129693.0
2022-08-01,TIRUCHIRAPPALLI,33325.0
2022-08-01,TIRUPATI,79499.0
2022-08-01,TUTICORIN,18510.0
2022-08-01,UDAIPUR,87530.0
2022-08-01,VADODARA,89631.0
2022-08-01,VARANASI,159897.0
2022-08-01,VIJAYAWADA,79004.0
2022-08-01,VISAKHAPATNAM,199630.0
2022-09-01,AGARTALA,109432.0
2022-09-01,AGATTI ISLAND,2979.0
2022-09-01,AGRA,10081.0
2022-09-01,AHMEDABAD,678164.0
2022-09-01,AIZAWL,25590.0
2022-09-01,AJMER,1250.0
2022-09-01,AMRITSAR,121362.0
2022-09-01,AURANGABAD,34003.0
2022-09-01,BAGDOGRA,202097.0
2022-09-01,BAREILLY,10412.0
2022-09-01,BELGAUM,23478.0
2022-09-01,BENGALURU,2110892.0
2022-09-01,BHAVNAGAR,5630.0
2022-09-01,BHOPAL,81725.0
2022-09-01,BHUBANESWAR,263592.0
2022-09-01,BHUJ,3326.0
2022-09-01,BIDAR,1193.0
2022-09-01,BIKANER,2596.0
2022-09-01,BILASPUR,2321.0
2022-09-01,CHANDIGARH,259880.0
2022-09-01,CHENNAI,1082348.0
2022-09-01,COIMBATORE,205233.0
2022-09-01,DARBHANGA,36879.0
2022-09-01,DEHRADUN,137940.0
2022-09-01,DELHI,3867382.0
2022-09-01,DEOGHAR,6544.0
2022-09-01,DHARAMSALA,12599.0
2022-09-01,DIBRUGARH,50369.0
2022-09-01,DIMAPUR,22163.0
2022-09-01,DIU,3350.0
2022-09-01,DURGAPUR,36582.0
2022-09-01,GAYA,10329.0
2022-09-01,GHAZIABAD,1969.0
2022-09-01,GOA,604220.0
2022-09-01,GORAKHPUR,49709.0
2022-09-01,GUWAHATI,374246.0
2022-09-01,GWALIOR,11039.0
2022-09-01,HUBLI,23717.0
2022-09-01,HYDERABAD,1339914.0
2022-09-01,IMPHAL,89680.0
2022-09-01,INDORE,203765.0
2022-09-01,JABALPUR,31060.0
2022-09-01,JAGDALPUR,5226.0
2022-09-01,JAIPUR,298179.0
2022-09-01,JAMMU,126460.0
2022-09-01,JAMNAGAR,9382.0
2022-09-01,JHARSUGUDA,10903.0
2022-09-01,JODHPUR,64119.0
2022-09-01,JORHAT,11363.0
2022-09-01,KADAPA,5459.0
2022-09-01,"KALABURAGI, KARNATAKA",6587.0
2022-09-01,KANDLA,6885.0
2022-09-01,KANNUR,34072.0
2022-09-01,KANPUR,16356.0
2022-09-01,KHAJURAHO,848.0
2022-09-01,KOCHI,402974.0
2022-09-01,KOLHAPUR,11756.0
2022-09-01,KOLKATA,1205458.0
2022-09-01,KOZHIKODE,48533.0
2022-09-01,KULLU,1708.0
2022-09-01,KURNOOL,2195.0
2022-09-01,KUSHINAGAR,455.0
2022-09-01,LEH,103439.0
2022-09-01,LILABARI,1833.0
2022-09-01,LUCKNOW,336344.0
2022-09-01,MADURAI,71345.0
2022-09-01,MANGALURU,101136.0
2022-09-01,MUMBAI,2645808.0
2022-09-01,MYSURU,14806.0
2022-09-01,NAGPUR,168013.0
2022-09-01,NASHIK,14151.0
2022-09-01,PAKYONG,2197.0
2022-09-01,PANTNAGAR,7659.0
2022-09-01,PASIGHAT,1076.0
2022-09-01,PATHANKOT,1100.0
2022-09-01,PATNA,286441.0
2022-09-01,PORT BLAIR,102193.0
2022-09-01,PRAYAGRAJ,39738.0
2022-09-01,PUDUCHERRY,6546.0
2022-09-01,PUNE,581604.0
2022-09-01,RAIPUR,175459.0
2022-09-01,RAJAHMUNDRY,32435.0
2022-09-01,RAJKOT,64919.0
2022-09-01,RANCHI,168955.0
2022-09-01,RUPSI,4094.0
2022-09-01,SHILLONG,7232.0
2022-09-01,SHIRDI,58461.0
2022-09-01,SILCHAR,30788.0
2022-09-01,SINDHUDURG,3503.0
2022-09-01,SRINAGAR,315529.0
2022-09-01,SURAT,89372.0
2022-09-01,TEZPUR,463.0
2022-09-01,TEZU,1905.0
2022-09-01,THIRUVANANTHAPURAM,132076.0
2022-09-01,TIRUCHIRAPPALLI,31351.0
2022-09-01,TIRUPATI,67815.0
2022-09-01,TUTICORIN,15144.0
2022-09-01,UDAIPUR,91992.0
2022-09-01,VADODARA,86437.0
2022-09-01,VARANASI,172984.0
2022-09-01,VIJAYAWADA,67195.0
2022-09-01,VISAKHAPATNAM,170170.0
2022-10-01,AGARTALA,120649.0
2022-10-01,AGATTI ISLAND,3897.0
2022-10-01,AGRA,11910.0
2022-10-01,AHMEDABAD,769868.0
2022-10-01,AIZAWL,27118.0
2022-10-01,AJMER,1003.0
2022-10-01,AMRITSAR,141270.0
2022-10-01,AURANGABAD,35260.0
2022-10-01,BAGDOGRA,250867.0
2022-10-01,BAREILLY,13439.0
2022-10-01,BELGAUM,28984.0
2022-10-01,BENGALURU,2421924.0
2022-10-01,BHAVNAGAR,5223.0
2022-10-01,BHOPAL,90726.0
2022-10-01,BHUBANESWAR,317944.0
2022-10-01,BHUJ,3061.0
2022-10-01,BIDAR,873.0
2022-10-01,BIKANER,2323.0
2022-10-01,BILASPUR,3518.0
2022-10-01,CHANDIGARH,297080.0
2022-10-01,CHENNAI,1111252.0
2022-10-01,COIMBATORE,193047.0
2022-10-01,DARBHANGA,58568.0
2022-10-01,DEHRADUN,161770.0
2022-10-01,DELHI,4124832.0
2022-10-01,DEOGHAR,9796.0
2022-10-01,DHARAMSALA,13942.0
2022-10-01,DIBRUGARH,57860.0
2022-10-01,DIMAPUR,25462.0
2022-10-01,DIU,3001.0
2022-10-01,DURGAPUR,45743.0
2022-10-01,GAYA,11626.0
2022-10-01,GHAZIABAD,1708.0
2022-10-01,GOA,668920.0
2022-10-01,GORAKHPUR,59826.0
2022-10-01,GUWAHATI,476087.0
2022-10-01,GWALIOR,13524.0
2022-10-01,HUBLI,23780.0
2022-10-01,HYDERABAD,1465501.0
2022-10-01,IMPHAL,102470.0
2022-10-01,INDORE,228901.0
2022-10-01,JABALPUR,32531.0
2022-10-01,JAGDALPUR,5924.0
2022-10-01,JAIPUR,351420.0
2022-10-01,JAISALMER,1333.0
2022-10-01,JAMMU,122774.0
2022-10-01,JAMNAGAR,11539.0
2022-10-01,JEYPORE,17.0
2022-10-01,JHARSUGUDA,11268.0
2022-10-01,JODHPUR,79385.0
2022-10-01,JORHAT,12819.0
2022-10-01,KADAPA,5929.0
2022-10-01,"KALABURAGI, KARNATAKA",5759.0
2022-10-01,KANDLA,7285.0
2022-10-01,KANNUR,28026.0
2022-10-01,KANPUR,21376.0
2022-10-01,KESHOD,1379.0
2022-10-01,KHAJURAHO,2280.0
2022-10-01,KOCHI,392625.0
2022-10-01,KOLHAPUR,9763.0
2022-10-01,KOLKATA,1455209.0
2022-10-01,KOZHIKODE,49644.0
2022-10-01,KULLU,1513.0
2022-10-01,KURNOOL,3024.0
2022-10-01,KUSHINAGAR,1277.0
2022-10-01,LEH,81596.0
2022-10-01,LILABARI,2707.0
2022-10-01,LUCKNOW,399452.0
2022-10-01,MADURAI,73833.0
2022-10-01,MANGALURU,114223.0
2022-10-01,MUMBAI,2699199.0
2022-10-01,MYSURU,17247.0
2022-10-01,NAGPUR,192445.0
2022-10-01,NASHIK,17931.0
2022-10-01,PAKYONG,3742.0
2022-10-01,PANTNAGAR,5676.0
2022-10-01,PASIGHAT,1139.0
2022-10-01,PATNA,326486.0
2022-10-01,PORT BLAIR,116103.0
2022-10-01,PRAYAGRAJ,51513.0
2022-10-01,PUDUCHERRY,6103.0
2022-10-01,PUNE,679994.0
2022-10-01,RAIPUR,199861.0
2022-10-01,RAJAHMUNDRY,35994.0
2022-10-01,RAJKOT,66579.0
2022-10-01,RANCHI,216726.0
2022-10-01,RUPSI,4393.0
2022-10-01,SHILLONG,9203.0
2022-10-01,SHIRDI,63490.0
2022-10-01,SILCHAR,31708.0
2022-10-01,SIMLA,1422.0
2022-10-01,SINDHUDURG,2956.0
2022-10-01,SRINAGAR,350011.0
2022-10-01,SURAT,97012.0
2022-10-01,TEZPUR,417.0
2022-10-01,TEZU,4722.0
2022-10-01,THIRUVANANTHAPURAM,135024.0
2022-10-01,TIRUCHIRAPPALLI,32007.0
2022-10-01,TIRUPATI,68127.0
2022-10-01,TUTICORIN,15826.0
2022-10-01,UDAIPUR,101694.0
2022-10-01,VADODARA,90956.0
2022-10-01,VARANASI,201798.0
2022-10-01,VIDYANAGAR,115.0
2022-10-01,VIJAYAWADA,73969.0
2022-10-01,VISAKHAPATNAM,189898.0
2022-10-01,ZERO,5.0
2022-11-01,AGARTALA,106002.0
2022-11-01,AGATTI ISLAND,3626.0
2022-11-01,AGRA,10007.0
2022-11-01,AHMEDABAD,821482.0
2022-11-01,AIZAWL,33265.0
2022-11-01,AJMER,951.0
2022-11-01,AMRITSAR,151020.0
2022-11-01,AURANGABAD,41196.0
2022-11-01,BAGDOGRA,232654.0
2022-11-01,BAREILLY,12114.0
2022-11-01,BELGAUM,23243.0
2022-11-01,BENGALURU,2475340.0
2022-11-01,BHAVNAGAR,5099.0
2022-11-01,BHOPAL,95189.0
2022-11-01,BHUBANESWAR,325289.0
2022-11-01,BHUJ,4027.0
2022-11-01,BIDAR,873.0
2022-11-01,BIKANER,2886.0
2022-11-01,BILASPUR,3785.0
2022-11-01,CHANDIGARH,289992.0
2022-11-01,CHENNAI,1168408.0
2022-11-01,COIMBATORE,185541.0
2022-11-01,DARBHANGA,54648.0
2022-11-01,DEHRADUN,115618.0
2022-11-01,DELHI,4291325.0
2022-11-01,DEOGHAR,9232.0
2022-11-01,DHARAMSALA,13589.0
2022-11-01,DIBRUGARH,56954.0
2022-11-01,DIMAPUR,25364.0
2022-11-01,DIU,3549.0
2022-11-01,DURGAPUR,41991.0
2022-11-01,GAYA,15012.0
2022-11-01,GHAZIABAD,2006.0
2022-11-01,GOA,716103.0
2022-11-01,GORAKHPUR,65206.0
2022-11-01,GUWAHATI,473935.0
2022-11-01,GWALIOR,13913.0
2022-11-01,HUBLI,29493.0
2022-11-01,HYDERABAD,1450851.0
2022-11-01,IMPHAL,102905.0
2022-11-01,INDORE,250456.0
2022-11-01,ITANAGAR,449.0
2022-11-01,JABALPUR,42099.0
2022-11-01,JAGDALPUR,5845.0
2022-11-01,JAIPUR,387422.0
2022-11-01,JAISALMER,20436.0
2022-11-01,JAMMU,138633.0
2022-11-01,JAMNAGAR,11977.0
2022-11-01,JEYPORE,644.0
2022-11-01,JHARSUGUDA,12800.0
2022-11-01,JODHPUR,90552.0
2022-11-01,JORHAT,10843.0
2022-11-01,KADAPA,4374.0
2022-11-01,KALABURAGI,6876.0
2022-11-01,KANDLA,7501.0
2022-11-01,KANNUR,31132.0
2022-11-01,KANPUR,25365.0
2022-11-01,KESHOD,1401.0
2022-11-01,KHAJURAHO,3832.0
2022-11-01,KOCHI,410129.0
2022-11-01,KOLHAPUR,10194.0
2022-11-01,KOLKATA,1269833.0
2022-11-01,KOZHIKODE,47302.0
2022-11-01,KULLU,1350.0
2022-11-01,KURNOOL,2081.0
2022-11-01,KUSHINAGAR,495.0
2022-11-01,LEH,56648.0
2022-11-01,LILABARI,2966.0
2022-11-01,LUCKNOW,432871.0
2022-11-01,MADURAI,82112.0
2022-11-01,MANGALURU,98504.0
2022-11-01,MUMBAI,2939245.0
2022-11-01,MYSURU,12411.0
2022-11-01,NAGPUR,221400.0
2022-11-01,NASHIK,5710.0
2022-11-01,PANTNAGAR,5320.0
2022-11-01,PASIGHAT,1535.0
2022-11-01,PATNA,343387.0
2022-11-01,PORT BLAIR,103563.0
2022-11-01,PRAYAGRAJ,51622.0
2022-11-01,PUDUCHERRY,4320.0
2022-11-01,PUNE,729190.0
2022-11-01,RAIPUR,199699.0
2022-11-01,RAJAHMUNDRY,34556.0
2022-11-01,RAJKOT,62865.0
2022-11-01,RANCHI,206898.0
2022-11-01,RUPSI,5328.0
2022-11-01,SHILLONG,9168.0
2022-11-01,SHIRDI,62086.0
2022-11-01,SILCHAR,32333.0
2022-11-01,SIMLA,1717.0
2022-11-01,SINDHUDURG,2849.0
2022-11-01,SRINAGAR,302375.0
2022-11-01,SURAT,90535.0
2022-11-01,TEZPUR,134.0
2022-11-01,TEZU,2789.0
2022-11-01,THIRUVANANTHAPURAM,149468.0
2022-11-01,TIRUCHIRAPPALLI,32107.0
2022-11-01,TIRUPATI,76173.0
2022-11-01,TUTICORIN,14782.0
2022-11-01,UDAIPUR,142659.0
2022-11-01,VADODARA,85650.0
2022-11-01,VARANASI,229613.0
2022-11-01,VIDYANAGAR,3905.0
2022-11-01,VIJAYAWADA,74595.0
2022-11-01,VISAKHAPATNAM,176326.0
2022-11-01,ZIRO,46.0
2022-12-01,AGARTALA,115521.0
2022-12-01,AGATTI ISLAND,4397.0
2022-12-01,AGRA,11023.0
2022-12-01,AHMEDABAD,880548.0
2022-12-01,AIZAWL,33962.0
2022-12-01,AJMER,1208.0
2022-12-01,AMRITSAR,164700.0
2022-12-01,AURANGABAD,52756.0
2022-12-01,BAGDOGRA,248391.0
2022-12-01,BAREILLY,10401.0
2022-12-01,BELGAUM,21259.0
2022-12-01,BENGALURU,2736243.0
2022-12-01,BHAVNAGAR,7322.0
2022-12-01,BHOPAL,100843.0
2022-12-01,BHUBANESWAR,372597.0
2022-12-01,BHUJ,5756.0
2022-12-01,BIDAR,765.0
2022-12-01,BIKANER,2808.0
2022-12-01,BILASPUR,4201.0
2022-12-01,CHANDIGARH,307960.0
2022-12-01,CHENNAI,1251856.0
2022-12-01,COIMBATORE,209226.0
2022-12-01,DARBHANGA,46341.0
2022-12-01,DEHRADUN,122004.0
2022-12-01,DELHI,4631973.0
2022-12-01,DEOGHAR,8293.0
2022-12-01,DHARAMSALA,13611.0
2022-12-01,DIBRUGARH,60223.0
2022-12-01,DIMAPUR,30592.0
2022-12-01,DIU,3492.0
2022-12-01,DURGAPUR,40853.0
2022-12-01,GAYA,13965.0
2022-12-01,GHAZIABAD,1702.0
2022-12-01,GOA,826706.0
2022-12-01,GORAKHPUR,60596.0
2022-12-01,GUWAHATI,491397.0
2022-12-01,GWALIOR,19303.0
2022-12-01,HUBLI,34201.0
2022-12-01,HYDERABAD,1559584.0
2022-12-01,IMPHAL,107837.0
2022-12-01,INDORE,254571.0
2022-12-01,ITANAGAR,6897.0
2022-12-01,JABALPUR,38978.0
2022-12-01,JAGDALPUR,5949.0
2022-12-01,JAIPUR,454289.0
2022-12-01,JAISALMER,27273.0
2022-12-01,JAMMU,146866.0
2022-12-01,JAMNAGAR,12552.0
2022-12-01,JEYPORE,472.0
2022-12-01,JHARSUGUDA,15845.0
2022-12-01,JODHPUR,108663.0
2022-12-01,JORHAT,11912.0
2022-12-01,KADAPA,5391.0
2022-12-01,"KALABURAGI, KARNATAKA",6838.0
2022-12-01,KANDLA,5267.0
2022-12-01,KANNUR,37064.0
2022-12-01,KANPUR,22565.0
2022-12-01,KESHOD,1432.0
2022-12-01,KHAJURAHO,4510.0
2022-12-01,KOCHI,443526.0
2022-12-01,KOLHAPUR,10237.0
2022-12-01,KOLKATA,1452121.0
2022-12-01,KOZHIKODE,52368.0
2022-12-01,KULLU,1520.0
2022-12-01,KURNOOL,2833.0
2022-12-01,KUSHINAGAR,1270.0
2022-12-01,LEH,55871.0
2022-12-01,LILABARI,2797.0
2022-12-01,LUCKNOW,456630.0
2022-12-01,MADURAI,89745.0
2022-12-01,MANGALURU,113891.0
2022-12-01,MUMBAI,3214711.0
2022-12-01,MYSURU,14239.0
2022-12-01,NAGPUR,233692.0
2022-12-01,NASHIK,13530.0
2022-12-01,PANTNAGAR,4947.0
2022-12-01,PASIGHAT,2232.0
2022-12-01,PATNA,320068.0
2022-12-01,PORT BLAIR,136822.0
2022-12-01,PRAYAGRAJ,51129.0
2022-12-01,PUDUCHERRY,6642.0
2022-12-01,PUNE,816708.0
2022-12-01,RAIPUR,206509.0
2022-12-01,RAJAHMUNDRY,37106.0
2022-12-01,RAJKOT,63469.0
2022-12-01,RANCHI,227437.0
2022-12-01,RUPSI,5178.0
2022-12-01,SHILLONG,10094.0
2022-12-01,SHIRDI,68495.0
2022-12-01,SILCHAR,38787.0
2022-12-01,SIMLA,1924.0
2022-12-01,SINDHUDURG,2267.0
2022-12-01,SRINAGAR,327633.0
2022-12-01,SURAT,95319.0
2022-12-01,TEZPUR,190.0
2022-12-01,TEZU,4928.0
2022-12-01,THIRUVANANTHAPURAM,175236.0
2022-12-01,TIRUCHIRAPPALLI,34831.0
2022-12-01,TIRUPATI,85322.0
2022-12-01,TUTICORIN,15907.0
2022-12-01,UDAIPUR,174516.0
2022-12-01,VADODARA,86264.0
2022-12-01,VARANASI,202940.0
2022-12-01,VIDYANAGAR,5189.0
2022-12-01,VIJAYAWADA,79347.0
2022-12-01,VISAKHAPATNAM,240623.0
2022-12-01,ZIRO,118.0
2023-01-01,AGARTALA,110494.0
2023-01-01,AGATTI ISLAND,4338.0
2023-01-01,AGRA,10912.0
2023-01-01,AHMEDABAD,907875.0
2023-01-01,AIZAWL,32023.0
2023-01-01,AMRITSAR,158708.0
2023-01-01,AURANGABAD,50129.0
2023-01-01,BAGDOGRA,231748.0
2023-01-01,BAREILLY,8211.0
2023-01-01,BELGAUM,16253.0
2023-01-01,BENGALURU,2780880.0
2023-01-01,BHAVNAGAR,8354.0
2023-01-01,BHOPAL,97157.0
2023-01-01,BHUBANESWAR,356737.0
2023-01-01,BHUJ,5468.0
2023-01-01,BIDAR,617.0
2023-01-01,BIKANER,1605.0
2023-01-01,BILASPUR,3373.0
2023-01-01,CHANDIGARH,286120.0
2023-01-01,CHENNAI,1283442.0
2023-01-01,COIMBATORE,202863.0
2023-01-01,DARBHANGA,41553.0
2023-01-01,DEHRADUN,113754.0
2023-01-01,DELHI,4379663.0
2023-01-01,DEOGHAR,5816.0
2023-01-01,DHARAMSALA,10146.0
2023-01-01,DIBRUGARH,54501.0
2023-01-01,DIMAPUR,28329.0
2023-01-01,DIU,3607.0
2023-01-01,DURGAPUR,43084.0
2023-01-01,GAYA,13753.0
2023-01-01,GHAZIABAD,827.0
2023-01-01,GOA,941491.0
2023-01-01,GORAKHPUR,59562.0
2023-01-01,GUWAHATI,470561.0
2023-01-01,GWALIOR,18162.0
2023-01-01,HUBLI,31289.0
2023-01-01,HYDERABAD,1563764.0
2023-01-01,IMPHAL,105485.0
2023-01-01,INDORE,258811.0
2023-01-01,ITANAGAR,7359.0
2023-01-01,JABALPUR,39143.0
2023-01-01,JAGDALPUR,6872.0
2023-01-01,JAIPUR,438517.0
2023-01-01,JAISALMER,25779.0
2023-01-01,JAMMU,132986.0
2023-01-01,JAMNAGAR,12464.0
2023-01-01,JAMSHEDPUR,28.0
2023-01-01,JEYPORE,961.0
2023-01-01,JHARSUGUDA,18523.0
2023-01-01,JODHPUR,102588.0
2023-01-01,JORHAT,12516.0
2023-01-01,KADAPA,6372.0
2023-01-01,KALABURAGI,5580.0
2023-01-01,KANDLA,5176.0
2023-01-01,KANNUR,36455.0
2023-01-01,KANPUR,11483.0
2023-01-01,KESHOD,1048.0
2023-01-01,KHAJURAHO,3998.0
2023-01-01,KISHANGARH,1081.0
2023-01-01,KOCHI,464842.0
2023-01-01,KOLHAPUR,12064.0
2023-01-01,KOLKATA,1417946.0
2023-01-01,KOZHIKODE,51307.0
2023-01-01,KULLU,1052.0
2023-01-01,KURNOOL,3003.0
2023-01-01,KUSHINAGAR,498.0
2023-01-01,LEH,54160.0
2023-01-01,LILABARI,2690.0
2023-01-01,LUCKNOW,448982.0
2023-01-01,MADURAI,90109.0
2023-01-01,MALVAN,1954.0
2023-01-01,MANGALURU,113520.0
2023-01-01,MUMBAI,3229020.0
2023-01-01,MYSURU,13791.0
2023-01-01,NAGPUR,238091.0
2023-01-01,NASHIK,13626.0
2023-01-01,PANTNAGAR,910.0
2023-01-01,PASIGHAT,1374.0
2023-01-01,PATNA,291302.0
2023-01-01,PORT BLAIR,134598.0
2023-01-01,PRAYAGRAJ,42278.0
2023-01-01,PUDUCHERRY,8238.0
2023-01-01,PUNE,811590.0
2023-01-01,RAIPUR,196466.0
2023-01-01,RAJAHMUNDRY,36746.0
2023-01-01,RAJKOT,70024.0
2023-01-01,RANCHI,216453.0
2023-01-01,ROURKELA,2218.0
2023-01-01,RUPSI,3061.0
2023-01-01,SHILLONG,9267.0
2023-01-01,SHIRDI,66887.0
2023-01-01,SILCHAR,38420.0
2023-01-01,SIMLA,1364.0
2023-01-01,SRINAGAR,293847.0
2023-01-01,SURAT,92007.0
2023-01-01,TEZPUR,1158.0
2023-01-01,TEZU,3309.0
2023-01-01,THIRUVANANTHAPURAM,156561.0
2023-01-01,TIRUCHIRAPPALLI,36186.0
2023-01-01,TIRUPATI,82504.0
2023-01-01,TUTICORIN,16320.0
2023-01-01,UDAIPUR,154864.0
2023-01-01,VADODARA,91603.0
2023-01-01,VARANASI,191177.0
2023-01-01,VIDYANAGAR,5495.0
2023-01-01,VIJAYAWADA,76148.0
2023-01-01,VISAKHAPATNAM,242571.0
2023-01-01,ZIRO,61.0
2023-02-01,AGARTALA,95328.0
2023-02-01,AGATTI ISLAND,3353.0
2023-02-01,AGRA,11101.0
2023-02-01,AHMEDABAD,845633.0
2023-02-01,AIZAWL,27446.0
2023-02-01,AJMER,1221.0
2023-02-01,AMRITSAR,174939.0
2023-02-01,AURANGABAD,48568.0
2023-02-01,BAGDOGRA,218944.0
2023-02-01,BAREILLY,9997.0
2023-02-01,BELGAUM,16429.0
2023-02-01,BENGALURU,2530415.0
2023-02-01,BHAVNAGAR,7119.0
2023-02-01,BHOPAL,95070.0
2023-02-01,BHUBANESWAR,333913.0
2023-02-01,BHUJ,4737.0
2023-02-01,BIDAR,752.0
2023-02-01,BIKANER,1593.0
2023-02-01,BILASPUR,3518.0
2023-02-01,CHANDIGARH,302177.0
2023-02-01,CHENNAI,1198263.0
2023-02-01,COIMBATORE,194744.0
2023-02-01,COOCH BEHAR,79.0
2023-02-01,DARBHANGA,47052.0
2023-02-01,DEHRADUN,116519.0
2023-02-01,DELHI,4368385.0
2023-02-01,DEOGHAR,11404.0
2023-02-01,DHARAMSALA,10961.0
2023-02-01,DIBRUGARH,51349.0
2023-02-01,DIMAPUR,20930.0
2023-02-01,DIU,3360.0
2023-02-01,DURGAPUR,38390.0
2023-02-01,GAYA,16344.0
2023-02-01,GOA,906955.0
2023-02-01,GORAKHPUR,63589.0
2023-02-01,GUWAHATI,428467.0
2023-02-01,GWALIOR,22715.0
2023-02-01,HUBLI,28564.0
2023-02-01,HYDERABAD,1527718.0
2023-02-01,IMPHAL,98772.0
2023-02-01,INDORE,253954.0
2023-02-01,ITANAGAR,8440.0
2023-02-01,JABALPUR,41427.0
2023-02-01,JAGDALPUR,5201.0
2023-02-01,JAIPUR,422799.0
2023-02-01,JAISALMER,20880.0
2023-02-01,JAMMU,145032.0
2023-02-01,JAMNAGAR,10804.0
2023-02-01,JAMSHEDPUR,673.0
2023-02-01,JEYPORE,880.0
2023-02-01,JHARSUGUDA,18373.0
2023-02-01,JODHPUR,103701.0
2023-02-01,JORHAT,13026.0
2023-02-01,KADAPA,5999.0
2023-02-01,KALABURAGI,4846.0
2023-02-01,KANDLA,4486.0
2023-02-01,KANNUR,31517.0
2023-02-01,KANPUR,17923.0
2023-02-01,KESHOD,1200.0
2023-02-01,KHAJURAHO,4180.0
2023-02-01,KOCHI,429709.0
2023-02-01,KOLHAPUR,12115.0
2023-02-01,KOLKATA,1326938.0
2023-02-01,KOZHIKODE,47286.0
2023-02-01,KULLU,1329.0
2023-02-01,KURNOOL,1975.0
2023-02-01,KUSHINAGAR,1763.0
2023-02-01,LEH,58335.0
2023-02-01,LILABARI,1799.0
2023-02-01,LUCKNOW,443695.0
2023-02-01,MADURAI,82859.0
2023-02-01,MANGALURU,94303.0
2023-02-01,MUMBAI,3065306.0
2023-02-01,MYSURU,11906.0
2023-02-01,NAGPUR,248002.0
2023-02-01,NASHIK,12273.0
2023-02-01,PANTNAGAR,4166.0
2023-02-01,PASIGHAT,590.0
2023-02-01,PATNA,312548.0
2023-02-01,PORT BLAIR,110152.0
2023-02-01,PRAYAGRAJ,50342.0
2023-02-01,PUDUCHERRY,5429.0
2023-02-01,PUNE,777524.0
2023-02-01,RAIPUR,190344.0
2023-02-01,RAJAHMUNDRY,33121.0
2023-02-01,RAJKOT,60457.0
2023-02-01,RANCHI,210420.0
2023-02-01,ROURKELA,2626.0
2023-02-01,RUPSI,3121.0
2023-02-01,SHILLONG,7771.0
2023-02-01,SHIRDI,58025.0
2023-02-01,SILCHAR,30763.0
2023-02-01,SIMLA,1620.0
2023-02-01,SINDHUDURG,1594.0
2023-02-01,SRINAGAR,318526.0
2023-02-01,SURAT,87449.0
2023-02-01,TEZPUR,77.0
2023-02-01,TEZU,2205.0
2023-02-01,THIRUVANANTHAPURAM,140816.0
2023-02-01,TIRUCHIRAPPALLI,32392.0
2023-02-01,TIRUPATI,76912.0
2023-02-01,TUTICORIN,14984.0
2023-02-01,UDAIPUR,157120.0
2023-02-01,VADODARA,84690.0
2023-02-01,VARANASI,219747.0
2023-02-01,VIDYANAGAR,4996.0
2023-02-01,VIJAYAWADA,71561.0
2023-02-01,VISAKHAPATNAM,222909.0
2023-03-01,AGARTALA,123064.0
2023-03-01,AGATTI ISLAND,3613.0
2023-03-01,AGRA,11211.0
2023-03-01,AHMEDABAD,869065.0
2023-03-01,AIZAWL,33962.0
2023-03-01,AJMER,1411.0
2023-03-01,AMRITSAR,177463.0
2023-03-01,AURANGABAD,49738.0
2023-03-01,BAGDOGRA,258449.0
2023-03-01,BAREILLY,10891.0
2023-03-01,BELGAUM,18492.0
2023-03-01,BENGALURU,2818642.0
2023-03-01,BHAVNAGAR,6277.0
2023-03-01,BHOPAL,103046.0
2023-03-01,BHUBANESWAR,369822.0
2023-03-01,BHUJ,4654.0
2023-03-01,BIDAR,1237.0
2023-03-01,BIKANER,933.0
2023-03-01,BILASPUR,2734.0
2023-03-01,CHANDIGARH,324459.0
2023-03-01,CHENNAI,1285228.0
2023-03-01,COIMBATORE,211543.0
2023-03-01,COOCH BEHAR,340.0
2023-03-01,DARBHANGA,54660.0
2023-03-01,DEHRADUN,136095.0
2023-03-01,DELHI,4620754.0
2023-03-01,DEOGHAR,12870.0
2023-03-01,DHARAMSALA,14733.0
2023-03-01,DIBRUGARH,58924.0
2023-03-01,DIMAPUR,25309.0
2023-03-01,DIU,3313.0
2023-03-01,DURGAPUR,44584.0
2023-03-01,GAYA,18870.0
2023-03-01,GOA,980621.0
2023-03-01,GORAKHPUR,67061.0
2023-03-01,GUWAHATI,508990.0
2023-03-01,GWALIOR,23871.0
2023-03-01,HUBLI,30478.0
2023-03-01,HYDERABAD,1653545.0
2023-03-01,IMPHAL,116682.0
2023-03-01,INDORE,270946.0
2023-03-01,ITANAGAR,10425.0
2023-03-01,JABALPUR,28517.0
2023-03-01,JAGDALPUR,5509.0
2023-03-01,JAIPUR,416031.0
2023-03-01,JAISALMER,5164.0
2023-03-01,JAMMU,156268.0
2023-03-01,JAMNAGAR,11108.0
2023-03-01,JAMSHEDPUR,518.0
2023-03-01,JEYPORE,922.0
2023-03-01,JHARSUGUDA,19137.0
2023-03-01,JODHPUR,94392.0
2023-03-01,JORHAT,14008.0
2023-03-01,KADAPA,7153.0
2023-03-01,KALABURAGI,4931.0
2023-03-01,KANDLA,4789.0
2023-03-01,KANNUR,32534.0
2023-03-01,KANPUR,24556.0
2023-03-01,KESHOD,1380.0
2023-03-01,KHAJURAHO,3923.0
2023-03-01,KOCHI,450327.0
2023-03-01,KOLHAPUR,13539.0
2023-03-01,KOLKATA,1457696.0
2023-03-01,KOZHIKODE,48734.0
2023-03-01,KULLU,1779.0
2023-03-01,KURNOOL,2901.0
2023-03-01,KUSHINAGAR,1863.0
2023-03-01,LEH,73002.0
2023-03-01,LILABARI,2653.0
2023-03-01,LUCKNOW,462534.0
2023-03-01,MADURAI,88795.0
2023-03-01,MANGALURU,101863.0
2023-03-01,MUMBAI,3124277.0
2023-03-01,MYSURU,11542.0
2023-03-01,NAGPUR,259800.0
2023-03-01,NASHIK,14024.0
2023-03-01,PAKYONG,514.0
2023-03-01,PANTNAGAR,6476.0
2023-03-01,PASIGHAT,288.0
2023-03-01,PATNA,346463.0
2023-03-01,PORT BLAIR,117686.0
2023-03-01,PRAYAGRAJ,51942.0
2023-03-01,PUDUCHERRY,5798.0
2023-03-01,PUNE,788141.0
2023-03-01,RAIPUR,201494.0
2023-03-01,RAJAHMUNDRY,35466.0
2023-03-01,RAJKOT,63479.0
2023-03-01,RANCHI,213891.0
2023-03-01,ROURKELA,2377.0
2023-03-01,RUPSI,4659.0
2023-03-01,SHILLONG,9895.0
2023-03-01,SHIRDI,68455.0
2023-03-01,SILCHAR,30416.0
2023-03-01,SIMLA,1536.0
2023-03-01,SINDHUDURG,1549.0
2023-03-01,SRINAGAR,357348.0
2023-03-01,SURAT,106637.0
2023-03-01,TEZPUR,301.0
2023-03-01,TEZU,1080.0
2023-03-01,THIRUVANANTHAPURAM,153924.0
2023-03-01,TIRUCHIRAPPALLI,34544.0
2023-03-01,TIRUPATI,82094.0
2023-03-01,TUTICORIN,17056.0
2023-03-01,UDAIPUR,139855.0
2023-03-01,VADODARA,84284.0
2023-03-01,VARANASI,238939.0
2023-03-01,VIDYANAGAR,3928.0
2023-03-01,VIJAYAWADA,78385.0
2023-03-01,VISAKHAPATNAM,252320.0
2023-04-01,AGARTALA,129931.0
2023-04-01,AGATTI ISLAND,3362.0
2023-04-01,AGRA,11825.0
2023-04-01,AHMEDABAD,844854.0
2023-04-01,AIZAWL,30185.0
2023-04-01,AJMER,983.0
2023-04-01,AMRITSAR,169710.0
2023-04-01,AURANGABAD,46361.0
2023-04-01,BAGDOGRA,257604.0
2023-04-01,BAREILLY,10735.0
2023-04-01,BELGAUM,18900.0
2023-04-01,BENGALURU,2848105.0
2023-04-01,BHAVNAGAR,6561.0
2023-04-01,BHOPAL,102275.0
2023-04-01,BHUBANESWAR,391391.0
2023-04-01,BHUJ,4849.0
2023-04-01,BIDAR,1311.0
2023-04-01,BIKANER,508.0
2023-04-01,BILASPUR,2028.0
2023-04-01,CHANDIGARH,327061.0
2023-04-01,CHENNAI,1291144.0
2023-04-01,COIMBATORE,222651.0
2023-04-01,COOCH BEHAR,217.0
2023-04-01,DARBHANGA,53785.0
2023-04-01,DEHRADUN,141648.0
2023-04-01,DELHI,4634985.0
2023-04-01,DEOGHAR,14274.0
2023-04-01,DHARAMSALA,23659.0
2023-04-01,DIBRUGARH,61409.0
2023-04-01,DIMAPUR,25935.0
2023-04-01,DIU,2822.0
2023-04-01,DURGAPUR,49073.0
2023-04-01,GAYA,17166.0
2023-04-01,GOA,990888.0
2023-04-01,GORAKHPUR,58883.0
2023-04-01,GUWAHATI,501986.0
2023-04-01,GWALIOR,22624.0
2023-04-01,HUBLI,29561.0
2023-04-01,HYDERABAD,1710061.0
2023-04-01,IMPHAL,108453.0
2023-04-01,INDORE,281819.0
2023-04-01,ITANAGAR,11831.0
2023-04-01,JABALPUR,28113.0
2023-04-01,JAGDALPUR,6343.0
2023-04-01,JAIPUR,391380.0
2023-04-01,JAMMU,134686.0
2023-04-01,JAMNAGAR,10315.0
2023-04-01,JAMSHEDPUR,775.0
2023-04-01,JEYPORE,946.0
2023-04-01,JHARSUGUDA,17941.0
2023-04-01,JODHPUR,78814.0
2023-04-01,JORHAT,14121.0
2023-04-01,KADAPA,6316.0
2023-04-01,KALABURAGI,4542.0
2023-04-01,KANDLA,7200.0
2023-04-01,KANNUR,36003.0
2023-04-01,KANPUR,21397.0
2023-04-01,KESHOD,1467.0
2023-04-01,KHAJURAHO,3215.0
2023-04-01,KOCHI,487470.0
2023-04-01,KOLHAPUR,13891.0
2023-04-01,KOLKATA,1374739.0
2023-04-01,KOZHIKODE,49399.0
2023-04-01,KULLU,1366.0
2023-04-01,KURNOOL,2913.0
2023-04-01,KUSHINAGAR,1710.0
2023-04-01,LEH,122814.0
2023-04-01,LILABARI,3437.0
2023-04-01,LUCKNOW,473205.0
2023-04-01,MADURAI,84328.0
2023-04-01,MANGALURU,97815.0
2023-04-01,MUMBAI,3064885.0
2023-04-01,MYSURU,12471.0
2023-04-01,NAGPUR,265338.0
2023-04-01,NASHIK,15311.0
2023-04-01,PAKYONG,3073.0
2023-04-01,PANTNAGAR,12026.0
2023-04-01,PASIGHAT,381.0
2023-04-01,PATNA,306118.0
2023-04-01,PORT BLAIR,118716.0
2023-04-01,PRAYAGRAJ,52431.0
2023-04-01,PUDUCHERRY,5638.0
2023-04-01,PUNE,769657.0
2023-04-01,RAIPUR,200270.0
2023-04-01,RAJAHMUNDRY,32511.0
2023-04-01,RAJKOT,64025.0
2023-04-01,RANCHI,233760.0
2023-04-01,ROURKELA,2529.0
2023-04-01,RUPSI,5099.0
2023-04-01,SHILLONG,11421.0
2023-04-01,SHIRDI,64791.0
2023-04-01,SILCHAR,30473.0
2023-04-01,SIMLA,1491.0
2023-04-01,SINDHUDURG,1548.0
2023-04-01,SRINAGAR,393143.0
2023-04-01,SURAT,108290.0
2023-04-01,TEZPUR,1692.0
2023-04-01,TEZU,1562.0
2023-04-01,THIRUVANANTHAPURAM,170852.0
2023-04-01,TIRUCHIRAPPALLI,31647.0
2023-04-01,TIRUPATI,75217.0
2023-04-01,TUTICORIN,17491.0
2023-04-01,UDAIPUR,106046.0
2023-04-01,UTTARLAI,54.0
2023-04-01,VADODARA,81746.0
2023-04-01,VARANASI,235906.0
2023-04-01,VIDYANAGAR,3163.0
2023-04-01,VIJAYAWADA,79508.0
2023-04-01,VISAKHAPATNAM,256451.0
2023-04-01,ZERO,15.0
2023-05-01,AGARTALA,128247.0
2023-05-01,AGATTI ISLAND,3972.0
2023-05-01,AGRA,13558.0
2023-05-01,AHMEDABAD,846478.0
2023-05-01,AIZAWL,33627.0
2023-05-01,AJMER,1410.0
2023-05-01,AMRITSAR,156369.0
2023-05-01,AURANGABAD,47998.0
2023-05-01,BAGDOGRA,261863.0
2023-05-01,BAREILLY,10790.0
2023-05-01,BELGAUM,23596.0
2023-05-01,BENGALURU,2919618.0
2023-05-01,BHAVNAGAR,7704.0
2023-05-01,BHOPAL,111758.0
2023-05-01,BHUBANESWAR,400372.0
2023-05-01,BHUJ,5210.0
2023-05-01,BIDAR,1831.0
2023-05-01,BIKANER,281.0
2023-05-01,BILASPUR,3475.0
2023-05-01,CHANDIGARH,335433.0
2023-05-01,CHENNAI,1364108.0
2023-05-01,COIMBATORE,256509.0
2023-05-01,COOCH BEHAR,87.0
2023-05-01,DARBHANGA,55672.0
2023-05-01,DEHRADUN,159534.0
2023-05-01,DELHI,4609624.0
2023-05-01,DEOGHAR,16211.0
2023-05-01,DHARAMSALA,28081.0
2023-05-01,DIBRUGARH,59149.0
2023-05-01,DIMAPUR,25622.0
2023-05-01,DIU,3549.0
2023-05-01,DURGAPUR,50192.0
2023-05-01,GAYA,18513.0
2023-05-01,GOA,941967.0
2023-05-01,GORAKHPUR,66532.0
2023-05-01,GUWAHATI,522008.0
2023-05-01,GWALIOR,26368.0
2023-05-01,HUBLI,32111.0
2023-05-01,HYDERABAD,1825204.0
2023-05-01,IMPHAL,101776.0
2023-05-01,INDORE,313282.0
2023-05-01,ITANAGAR,10871.0
2023-05-01,JABALPUR,30814.0
2023-05-01,JAGDALPUR,7036.0
2023-05-01,JAIPUR,406574.0
2023-05-01,JAMMU,102934.0
2023-05-01,JAMNAGAR,12448.0
2023-05-01,JAMSHEDPUR,619.0
2023-05-01,JEYPORE,728.0
2023-05-01,JHARSUGUDA,20828.0
2023-05-01,JODHPUR,79406.0
2023-05-01,JORHAT,13379.0
2023-05-01,KADAPA,7441.0
2023-05-01,KALABURAGI,5300.0
2023-05-01,KANDLA,8201.0
2023-05-01,KANNUR,28704.0
2023-05-01,KANPUR,21693.0
2023-05-01,KESHOD,1538.0
2023-05-01,KHAJURAHO,4043.0
2023-05-01,KOCHI,492950.0
2023-05-01,KOLHAPUR,14136.0
2023-05-01,KOLKATA,1442159.0
2023-05-01,KOZHIKODE,55692.0
2023-05-01,KULLU,1827.0
2023-05-01,KURNOOL,4116.0
2023-05-01,KUSHINAGAR,4174.0
2023-05-01,LEH,96309.0
2023-05-01,LILABARI,3121.0
2023-05-01,LUCKNOW,481497.0
2023-05-01,MADURAI,86057.0
2023-05-01,MANGALURU,107970.0
2023-05-01,MUMBAI,3195348.0
2023-05-01,MYSURU,15299.0
2023-05-01,NAGPUR,245711.0
2023-05-01,NASHIK,23651.0
2023-05-01,PAKYONG,3391.0
2023-05-01,PANTNAGAR,13783.0
2023-05-01,PASIGHAT,591.0
2023-05-01,PATNA,305935.0
2023-05-01,PORT BLAIR,108954.0
2023-05-01,PRAYAGRAJ,63865.0
2023-05-01,PUDUCHERRY,5441.0
2023-05-01,PUNE,775469.0
2023-05-01,RAIPUR,218296.0
2023-05-01,RAJAHMUNDRY,33646.0
2023-05-01,RAJKOT,82139.0
2023-05-01,RANCHI,214477.0
2023-05-01,ROURKELA,2658.0
2023-05-01,RUPSI,4625.0
2023-05-01,SHILLONG,12145.0
2023-05-01,SHIRDI,62953.0
2023-05-01,SILCHAR,32930.0
2023-05-01,SIMLA,1718.0
2023-05-01,SINDHUDURG,2077.0
2023-05-01,SRINAGAR,378259.0
2023-05-01,SURAT,122167.0
2023-05-01,TEZPUR,1123.0
2023-05-01,TEZU,2822.0
2023-05-01,THIRUVANANTHAPURAM,190245.0
2023-05-01,TIRUCHIRAPPALLI,34468.0
2023-05-01,TIRUPATI,78136.0
2023-05-01,TUTICORIN,18565.0
2023-05-01,UDAIPUR,111438.0
2023-05-01,VADODARA,116057.0
2023-05-01,VARANASI,226316.0
2023-05-01,VIDYANAGAR,3642.0
2023-05-01,VIJAYAWADA,86269.0
2023-05-01,VISAKHAPATNAM,291480.0
2023-05-01,ZERO,21.0
2023-06-01,AGARTALA,119983.0
2023-06-01,AGATTI ISLAND,2014.0
2023-06-01,AGRA,11473.0
2023-06-01,AHMEDABAD,795560.0
2023-06-01,AIZAWL,29903.0
2023-06-01,AMRITSAR,154867.0
2023-06-01,AURANGABAD,44714.0
2023-06-01,BAGDOGRA,278594.0
2023-06-01,BAREILLY,10986.0
2023-06-01,BELGAUM,22322.0
2023-06-01,BENGALURU,2646497.0
2023-06-01,BHAVNAGAR,5458.0
2023-06-01,BHOPAL,113021.0
2023-06-01,BHUBANESWAR,395585.0
2023-06-01,BHUJ,3371.0
2023-06-01,BIDAR,2194.0
2023-06-01,BILASPUR,2545.0
2023-06-01,CHANDIGARH,300781.0
2023-06-01,CHENNAI,1249750.0
2023-06-01,COIMBATORE,225384.0
2023-06-01,COOCH BEHAR,33.0
2023-06-01,DARBHANGA,40774.0
2023-06-01,DEHRADUN,147573.0
2023-06-01,DELHI,4410719.0
2023-06-01,DEOGHAR,16172.0
2023-06-01,DHARAMSALA,29456.0
2023-06-01,DIBRUGARH,58015.0
2023-06-01,DIMAPUR,25577.0
2023-06-01,DIU,1704.0
2023-06-01,DURGAPUR,38351.0
2023-06-01,GAYA,18165.0
2023-06-01,GOA,827300.0
2023-06-01,GORAKHPUR,62494.0
2023-06-01,GUWAHATI,497188.0
2023-06-01,GWALIOR,24278.0
2023-06-01,HUBLI,30066.0
2023-06-01,HYDERABAD,1692883.0
2023-06-01,IMPHAL,93519.0
2023-06-01,INDORE,294566.0
2023-06-01,ITANAGAR,10717.0
2023-06-01,JABALPUR,27794.0
2023-06-01,JAGDALPUR,6473.0
2023-06-01,JAIPUR,393635.0
2023-06-01,JAMMU,112462.0
2023-06-01,JAMNAGAR,9964.0
2023-06-01,JAMSHEDPUR,572.0
2023-06-01,JEYPORE,771.0
2023-06-01,JHARSUGUDA,19524.0
2023-06-01,JODHPUR,80729.0
2023-06-01,JORHAT,12266.0
2023-06-01,KADAPA,6641.0
2023-06-01,KALABURAGI,4704.0
2023-06-01,KANDLA,5978.0
2023-06-01,KANNUR,25670.0
2023-06-01,KANPUR,19190.0
2023-06-01,KESHOD,914.0
2023-06-01,KHAJURAHO,3661.0
2023-06-01,KISHANGARH,1273.0
2023-06-01,KOCHI,464050.0
2023-06-01,KOLHAPUR,11151.0
2023-06-01,KOLKATA,1398822.0
2023-06-01,KOZHIKODE,49270.0
2023-06-01,KULLU,1495.0
2023-06-01,KURNOOL,3538.0
2023-06-01,KUSHINAGAR,4341.0
2023-06-01,LEH,108608.0
2023-06-01,LILABARI,2854.0
2023-06-01,LUCKNOW,460721.0
2023-06-01,MADURAI,83877.0
2023-06-01,MALVAN,1350.0
2023-06-01,MANGALURU,109808.0
2023-06-01,MUMBAI,3077801.0
2023-06-01,MYSURU,13099.0
2023-06-01,NAGPUR,230870.0
2023-06-01,NASHIK,20568.0
2023-06-01,PAKYONG,1409.0
2023-06-01,PANTNAGAR,13720.0
2023-06-01,PASIGHAT,616.0
2023-06-01,PATNA,290700.0
2023-06-01,PORT BLAIR,115248.0
2023-06-01,PRAYAGRAJ,63238.0
2023-06-01,PUDUCHERRY,1990.0
2023-06-01,PUNE,780115.0
2023-06-01,RAIPUR,207556.0
2023-06-01,RAJAHMUNDRY,33254.0
2023-06-01,RAJKOT,70123.0
2023-06-01,RANCHI,222116.0
2023-06-01,ROURKELA,2616.0
2023-06-01,RUPSI,3899.0
2023-06-01,SHILLONG,12319.0
2023-06-01,SHIRDI,46048.0
2023-06-01,SILCHAR,32401.0
2023-06-01,SIMLA,1464.0
2023-06-01,SRINAGAR,381487.0
2023-06-01,SURAT,108506.0
2023-06-01,TEZPUR,1381.0
2023-06-01,TEZU,2713.0
2023-06-01,THIRUVANANTHAPURAM,174406.0
2023-06-01,TIRUCHIRAPPALLI,33553.0
2023-06-01,TIRUPATI,73671.0
2023-06-01,TUTICORIN,17343.0
2023-06-01,UDAIPUR,103068.0
2023-06-01,VADODARA,102848.0
2023-06-01,VARANASI,228801.0
2023-06-01,VIDYANAGAR,2761.0
2023-06-01,VIJAYAWADA,84397.0
2023-06-01,VISAKHAPATNAM,250431.0
2023-06-01,ZIRO,8.0
2023-07-01,AGARTALA,116959.0
2023-07-01,AGATTI ISLAND,1283.0
2023-07-01,AGRA,10466.0
2023-07-01,AHMEDABAD,763737.0
2023-07-01,AIZAWL,30899.0
2023-07-01,AMRITSAR,147381.0
2023-07-01,AURANGABAD,52000.0
2023-07-01,BAGDOGRA,255408.0
2023-07-01,BAREILLY,10465.0
2023-07-01,BELGAUM,23184.0
2023-07-01,BENGALURU,2598949.0
2023-07-01,BHAVNAGAR,5067.0
2023-07-01,BHOPAL,103838.0
2023-07-01,BHUBANESWAR,354792.0
2023-07-01,BHUJ,4116.0
2023-07-01,BIDAR,2550.0
2023-07-01,BILASPUR,1634.0
2023-07-01,CHANDIGARH,259690.0
2023-07-01,CHENNAI,1200195.0
2023-07-01,COIMBATORE,225566.0
2023-07-01,COOCH BEHAR,14.0
2023-07-01,DARBHANGA,48581.0
2023-07-01,DEHRADUN,130519.0
2023-07-01,DELHI,4330412.0
2023-07-01,DEOGHAR,14646.0
2023-07-01,DHARAMSALA,16247.0
2023-07-01,DIBRUGARH,63629.0
2023-07-01,DIMAPUR,27307.0
2023-07-01,DIU,974.0
2023-07-01,DURGAPUR,51285.0
2023-07-01,GAYA,16784.0
2023-07-01,GOA,750895.0
2023-07-01,GORAKHPUR,51307.0
2023-07-01,GUWAHATI,511945.0
2023-07-01,GWALIOR,24994.0
2023-07-01,HUBLI,28215.0
2023-07-01,HYDERABAD,1637987.0
2023-07-01,IMPHAL,100022.0
2023-07-01,INDORE,281085.0
2023-07-01,ITANAGAR,11609.0
2023-07-01,JABALPUR,27204.0
2023-07-01,JAGDALPUR,4208.0
2023-07-01,JAIPUR,374367.0
2023-07-01,JAMMU,121782.0
2023-07-01,JAMNAGAR,12340.0
2023-07-01,JAMSHEDPUR,389.0
2023-07-01,JEYPORE,380.0
2023-07-01,JHARSUGUDA,17077.0
2023-07-01,JODHPUR,80672.0
2023-07-01,JORHAT,13867.0
2023-07-01,KADAPA,6830.0
2023-07-01,KALABURAGI,4896.0
2023-07-01,KANDLA,6638.0
2023-07-01,KANNUR,36317.0
2023-07-01,KANPUR,25912.0
2023-07-01,KESHOD,418.0
2023-07-01,KHAJURAHO,3384.0
2023-07-01,KISHANGARH,1143.0
2023-07-01,KOCHI,459173.0
2023-07-01,KOLHAPUR,11206.0
2023-07-01,KOLKATA,1325149.0
2023-07-01,KOZHIKODE,48375.0
2023-07-01,KULLU,866.0
2023-07-01,KURNOOL,3324.0
2023-07-01,KUSHINAGAR,2765.0
2023-07-01,LEH,106405.0
2023-07-01,LILABARI,3756.0
2023-07-01,LUCKNOW,434838.0
2023-07-01,MADURAI,88274.0
2023-07-01,MALVAN,451.0
2023-07-01,MANGALURU,116745.0
2023-07-01,MUMBAI,2996995.0
2023-07-01,MYSURU,12120.0
2023-07-01,NAGPUR,218037.0
2023-07-01,NASHIK,20212.0
2023-07-01,PANTNAGAR,8031.0
2023-07-01,PASIGHAT,520.0
2023-07-01,PATNA,271191.0
2023-07-01,PORT BLAIR,69012.0
2023-07-01,PRAYAGRAJ,51127.0
2023-07-01,PUNE,792163.0
2023-07-01,RAIPUR,196677.0
2023-07-01,RAJAHMUNDRY,34344.0
2023-07-01,RAJKOT,79193.0
2023-07-01,RANCHI,207469.0
2023-07-01,ROURKELA,1764.0
2023-07-01,RUPSI,4571.0
2023-07-01,SHILLONG,13723.0
2023-07-01,SHIRDI,46486.0
2023-07-01,SILCHAR,36939.0
2023-07-01,SIMLA,798.0
2023-07-01,SRINAGAR,390943.0
2023-07-01,SURAT,95788.0
2023-07-01,TEZPUR,3774.0
2023-07-01,TEZU,4161.0
2023-07-01,THIRUVANANTHAPURAM,178541.0
2023-07-01,TIRUCHIRAPPALLI,35907.0
2023-07-01,TIRUPATI,73806.0
2023-07-01,TUTICORIN,14939.0
2023-07-01,UDAIPUR,104876.0
2023-07-01,VADODARA,99836.0
2023-07-01,VARANASI,220542.0
2023-07-01,VIDYANAGAR,2881.0
2023-07-01,VIJAYAWADA,83439.0
2023-07-01,VISAKHAPATNAM,223448.0
2023-07-01,ZIRO,20.0
2023-08-01,AGARTALA,118233.0
2023-08-01,AGATTI ISLAND,1917.0
2023-08-01,AGRA,10980.0
2023-08-01,AHMEDABAD,778600.0
2023-08-01,AIZAWL,31185.0
2023-08-01,AMRITSAR,146887.0
2023-08-01,AURANGABAD,51876.0
2023-08-01,BAGDOGRA,249026.0
2023-08-01,BAREILLY,10960.0
2023-08-01,BELGAUM,23804.0
2023-08-01,BENGALURU,2615221.0
2023-08-01,BHAVNAGAR,6158.0
2023-08-01,BHOPAL,109307.0
2023-08-01,BHUBANESWAR,362521.0
2023-08-01,BHUJ,5134.0
2023-08-01,BIDAR,2034.0
2023-08-01,BILASPUR,1828.0
2023-08-01,CHANDIGARH,271527.0
2023-08-01,CHENNAI,1256548.0
2023-08-01,COIMBATORE,236526.0
2023-08-01,COOCH BEHAR,11.0
2023-08-01,DARBHANGA,45521.0
2023-08-01,DEHRADUN,120161.0
2023-08-01,DELHI,4420100.0
2023-08-01,DEOGHAR,11479.0
2023-08-01,DHARAMSALA,10915.0
2023-08-01,DIBRUGARH,56625.0
2023-08-01,DIMAPUR,25704.0
2023-08-01,DIU,2438.0
2023-08-01,DURGAPUR,51311.0
2023-08-01,GAYA,15787.0
2023-08-01,GOA,811287.0
2023-08-01,GORAKHPUR,53233.0
2023-08-01,GUWAHATI,484422.0
2023-08-01,GWALIOR,23194.0
2023-08-01,HUBLI,28853.0
2023-08-01,HYDERABAD,1695042.0
2023-08-01,IMPHAL,98677.0
2023-08-01,INDORE,297424.0
2023-08-01,ITANAGAR,10850.0
2023-08-01,JABALPUR,26881.0
2023-08-01,JAGDALPUR,5846.0
2023-08-01,JAIPUR,385755.0
2023-08-01,JAMMU,114496.0
2023-08-01,JAMNAGAR,13111.0
2023-08-01,JAMSHEDPUR,555.0
2023-08-01,JEYPORE,593.0
2023-08-01,JHARSUGUDA,16410.0
2023-08-01,JODHPUR,88820.0
2023-08-01,JORHAT,13176.0
2023-08-01,KADAPA,7044.0
2023-08-01,KALABURAGI,4522.0
2023-08-01,KANDLA,6282.0
2023-08-01,KANNUR,39053.0
2023-08-01,KANPUR,27367.0
2023-08-01,KESHOD,1233.0
2023-08-01,KHAJURAHO,3842.0
2023-08-01,KISHANGARH,1320.0
2023-08-01,KOCHI,459433.0
2023-08-01,KOLHAPUR,12084.0
2023-08-01,KOLKATA,1345966.0
2023-08-01,KOZHIKODE,53940.0
2023-08-01,KULLU,914.0
2023-08-01,KURNOOL,3423.0
2023-08-01,KUSHINAGAR,1816.0
2023-08-01,LEH,110333.0
2023-08-01,LILABARI,2441.0
2023-08-01,LUCKNOW,442965.0
2023-08-01,MADURAI,95453.0
2023-08-01,MALVAN,911.0
2023-08-01,MANGALURU,122411.0
2023-08-01,MUMBAI,3200436.0
2023-08-01,MYSURU,10765.0
2023-08-01,NAGPUR,222243.0
2023-08-01,NASHIK,20083.0
2023-08-01,PANTNAGAR,7467.0
2023-08-01,PASIGHAT,482.0
2023-08-01,PATNA,282239.0
2023-08-01,PORT BLAIR,79816.0
2023-08-01,PRAYAGRAJ,54060.0
2023-08-01,PUNE,829302.0
2023-08-01,RAIPUR,207752.0
2023-08-01,RAJAHMUNDRY,35187.0
2023-08-01,RAJKOT,84756.0
2023-08-01,RANCHI,212682.0
2023-08-01,ROURKELA,2144.0
2023-08-01,RUPSI,3396.0
2023-08-01,SHILLONG,11407.0
2023-08-01,SHIRDI,55911.0
2023-08-01,SHIVAMOGGA,145.0
2023-08-01,SILCHAR,35096.0
2023-08-01,SIMLA,551.0
2023-08-01,SRINAGAR,324343.0
2023-08-01,SURAT,104043.0
2023-08-01,TEZPUR,2269.0
2023-08-01,TEZU,4002.0
2023-08-01,THIRUVANANTHAPURAM,194877.0
2023-08-01,TIRUCHIRAPPALLI,36815.0
2023-08-01,TIRUPATI,74490.0
2023-08-01,TUTICORIN,16286.0
2023-08-01,UDAIPUR,113207.0
2023-08-01,UTKELA,15.0
2023-08-01,VADODARA,106954.0
2023-08-01,VARANASI,227531.0
2023-08-01,VIDYANAGAR,2634.0
2023-08-01,VIJAYAWADA,82075.0
2023-08-01,VISAKHAPATNAM,238160.0
2023-08-01,ZIRO,23.0
2023-09-01,AGARTALA,112520.0
2023-09-01,AGATTI ISLAND,3236.0
2023-09-01,AGRA,11342.0
2023-09-01,AHMEDABAD,779944.0
2023-09-01,AIZAWL,30573.0
2023-09-01,AMRITSAR,162262.0
2023-09-01,AURANGABAD,49100.0
2023-09-01,BAGDOGRA,239811.0
2023-09-01,BAREILLY,10474.0
2023-09-01,BELGAUM,21882.0
2023-09-01,BENGALURU,2517362.0
2023-09-01,BHATINDA,87.0
2023-09-01,BHAVNAGAR,7008.0
2023-09-01,BHOPAL,104670.0
2023-09-01,BHUBANESWAR,362514.0
2023-09-01,BHUJ,4254.0
2023-09-01,BIDAR,1952.0
2023-09-01,BILASPUR,2247.0
2023-09-01,CHANDIGARH,293483.0
2023-09-01,CHENNAI,1232132.0
2023-09-01,COIMBATORE,233845.0
2023-09-01,COOCH BEHAR,105.0
2023-09-01,DARBHANGA,42013.0
2023-09-01,DEHRADUN,141548.0
2023-09-01,DELHI,4305257.0
2023-09-01,DEOGHAR,11353.0
2023-09-01,DHARAMSALA,15676.0
2023-09-01,DIBRUGARH,55699.0
2023-09-01,DIMAPUR,24135.0
2023-09-01,DIU,2349.0
2023-09-01,DURGAPUR,50400.0
2023-09-01,GAYA,17703.0
2023-09-01,GHAZIABAD,408.0
2023-09-01,GOA,821515.0
2023-09-01,GORAKHPUR,54619.0
2023-09-01,GUWAHATI,471775.0
2023-09-01,GWALIOR,25583.0
2023-09-01,HUBLI,26263.0
2023-09-01,HYDERABAD,1655392.0
2023-09-01,IMPHAL,91922.0
2023-09-01,INDORE,299056.0
2023-09-01,ITANAGAR,11204.0
2023-09-01,JABALPUR,26286.0
2023-09-01,JAGDALPUR,4916.0
2023-09-01,JAIPUR,376246.0
2023-09-01,JAMMU,118397.0
2023-09-01,JAMNAGAR,13861.0
2023-09-01,JAMSHEDPUR,555.0
2023-09-01,JEYPORE,748.0
2023-09-01,JHARSUGUDA,16683.0
2023-09-01,JODHPUR,92024.0
2023-09-01,JORHAT,13672.0
2023-09-01,KADAPA,6368.0
2023-09-01,KALABURAGI,4293.0
2023-09-01,KANDLA,7255.0
2023-09-01,KANNUR,34036.0
2023-09-01,KANPUR,25143.0
2023-09-01,KESHOD,831.0
2023-09-01,KHAJURAHO,4217.0
2023-09-01,KISHANGARH,1447.0
2023-09-01,KOCHI,443129.0
2023-09-01,KOLHAPUR,12230.0
2023-09-01,KOLKATA,1361775.0
2023-09-01,KOZHIKODE,50303.0
2023-09-01,KULLU,1141.0
2023-09-01,KURNOOL,3278.0
2023-09-01,KUSHINAGAR,2213.0
2023-09-01,LEH,109477.0
2023-09-01,LILABARI,2019.0
2023-09-01,LUCKNOW,428932.0
2023-09-01,LUDHIANA,268.0
2023-09-01,MADURAI,93156.0
2023-09-01,MALVAN,1324.0
2023-09-01,MANGALURU,116305.0
2023-09-01,MUMBAI,3157424.0
2023-09-01,MYSURU,8056.0
2023-09-01,NAGPUR,214213.0
2023-09-01,NASHIK,19799.0
2023-09-01,PAKYONG,1690.0
2023-09-01,PANTNAGAR,9825.0
2023-09-01,PASIGHAT,792.0
2023-09-01,PATNA,281985.0
2023-09-01,PORT BLAIR,100108.0
2023-09-01,PRAYAGRAJ,55908.0
2023-09-01,PUNE,800119.0
2023-09-01,RAIPUR,211167.0
2023-09-01,RAJAHMUNDRY,32416.0
2023-09-01,RAJKOT,80256.0
2023-09-01,RANCHI,203744.0
2023-09-01,ROURKELA,2389.0
2023-09-01,RUPSI,6060.0
2023-09-01,SHILLONG,11451.0
2023-09-01,SHIRDI,54045.0
2023-09-01,SHIVAMOGGA,3163.0
2023-09-01,SILCHAR,34353.0
2023-09-01,SIMLA,1060.0
2023-09-01,SRINAGAR,335776.0
2023-09-01,SURAT,107666.0
2023-09-01,TEZPUR,3996.0
2023-09-01,TEZU,5412.0
2023-09-01,THIRUVANANTHAPURAM,190879.0
2023-09-01,TIRUCHIRAPPALLI,35286.0
2023-09-01,TIRUPATI,67261.0
2023-09-01,TUTICORIN,17011.0
2023-09-01,UDAIPUR,120751.0
2023-09-01,UTKELA,103.0
2023-09-01,VADODARA,111377.0
2023-09-01,VARANASI,231236.0
2023-09-01,VIDYANAGAR,2806.0
2023-09-01,VIJAYAWADA,76108.0
2023-09-01,VISAKHAPATNAM,220117.0
2023-09-01,ZIRO,89.0
2023-10-01,ADAMPUR,271.0
2023-10-01,AGARTALA,121253.0
2023-10-01,AGATTI ISLAND,3859.0
2023-10-01,AGRA,11878.0
2023-10-01,AHMEDABAD,762183.0
2023-10-01,AIZAWL,33236.0
2023-10-01,AMRITSAR,175697.0
2023-10-01,AURANGABAD,50575.0
2023-10-01,BAGDOGRA,274772.0
2023-10-01,BAREILLY,11020.0
2023-10-01,BELGAUM,31234.0
2023-10-01,BENGALURU,2654603.0
2023-10-01,BHATINDA,773.0
2023-10-01,BHAVNAGAR,3571.0
2023-10-01,BHOPAL,111943.0
2023-10-01,BHUBANESWAR,385002.0
2023-10-01,BHUJ,4829.0
2023-10-01,BIDAR,2716.0
2023-10-01,BIKANER,290.0
2023-10-01,BILASPUR,2584.0
2023-10-01,CHANDIGARH,308812.0
2023-10-01,CHENNAI,1227828.0
2023-10-01,COIMBATORE,225890.0
2023-10-01,COOCH BEHAR,250.0
2023-10-01,DARBHANGA,41437.0
2023-10-01,DEHRADUN,146066.0
2023-10-01,DELHI,4483912.0
2023-10-01,DEOGHAR,14561.0
2023-10-01,DHARAMSALA,17023.0
2023-10-01,DIBRUGARH,61650.0
2023-10-01,DIMAPUR,26807.0
2023-10-01,DIU,3532.0
2023-10-01,DURGAPUR,51950.0
2023-10-01,GAYA,18568.0
2023-10-01,GHAZIABAD,407.0
2023-10-01,GOA,863073.0
2023-10-01,GORAKHPUR,56999.0
2023-10-01,GUWAHATI,527983.0
2023-10-01,GWALIOR,20876.0
2023-10-01,HUBLI,30331.0
2023-10-01,HYDERABAD,1709859.0
2023-10-01,IMPHAL,100058.0
2023-10-01,INDORE,286794.0
2023-10-01,ITANAGAR,16003.0
2023-10-01,JABALPUR,27861.0
2023-10-01,JAGDALPUR,5711.0
2023-10-01,JAIPUR,375159.0
2023-10-01,JAISALMER,6256.0
2023-10-01,JAMMU,121276.0
2023-10-01,JAMNAGAR,14295.0
2023-10-01,JAMSHEDPUR,519.0
2023-10-01,JEYPORE,930.0
2023-10-01,JHARSUGUDA,16679.0
2023-10-01,JODHPUR,92413.0
2023-10-01,JORHAT,14491.0
2023-10-01,KADAPA,6222.0
2023-10-01,KALABURAGI,4401.0
2023-10-01,KANDLA,5128.0
2023-10-01,KANNUR,29722.0
2023-10-01,KANPUR,25561.0
2023-10-01,KESHOD,1315.0
2023-10-01,KHAJURAHO,5677.0
2023-10-01,KISHANGARH,3153.0
2023-10-01,KOCHI,433077.0
2023-10-01,KOLHAPUR,13657.0
2023-10-01,KOLKATA,1504531.0
2023-10-01,KOZHIKODE,49712.0
2023-10-01,KULLU,1956.0
2023-10-01,KURNOOL,3789.0
2023-10-01,KUSHINAGAR,708.0
2023-10-01,LEH,82688.0
2023-10-01,LILABARI,2278.0
2023-10-01,LUCKNOW,447571.0
2023-10-01,LUDHIANA,214.0
2023-10-01,MADURAI,88821.0
2023-10-01,MALVAN,1428.0
2023-10-01,MANGALURU,118171.0
2023-10-01,MUMBAI,3099819.0
2023-10-01,MYSURU,8585.0
2023-10-01,NAGPUR,214056.0
2023-10-01,NASHIK,20904.0
2023-10-01,PAKYONG,150.0
2023-10-01,PANTNAGAR,11065.0
2023-10-01,PASIGHAT,869.0
2023-10-01,PATNA,319851.0
2023-10-01,PORT BLAIR,126975.0
2023-10-01,PRAYAGRAJ,55557.0
2023-10-01,PUDUCHERRY,6386.0
2023-10-01,PUNE,807980.0
2023-10-01,RAIPUR,212173.0
2023-10-01,RAJAHMUNDRY,33364.0
2023-10-01,RAJKOT,84771.0
2023-10-01,RANCHI,223951.0
2023-10-01,ROURKELA,1686.0
2023-10-01,RUPSI,4984.0
2023-10-01,SALEM,1032.0
2023-10-01,SHILLONG,13983.0
2023-10-01,SHIRDI,58235.0
2023-10-01,SHIVAMOGGA,3276.0
2023-10-01,SILCHAR,37133.0
2023-10-01,SIMLA,1916.0
2023-10-01,SRINAGAR,327367.0
2023-10-01,SURAT,109232.0
2023-10-01,TEZPUR,3021.0
2023-10-01,TEZU,3715.0
2023-10-01,THIRUVANANTHAPURAM,189114.0
2023-10-01,TIRUCHIRAPPALLI,34130.0
2023-10-01,TIRUPATI,67813.0
2023-10-01,TUTICORIN,16042.0
2023-10-01,UDAIPUR,123549.0
2023-10-01,UTKELA,114.0
2023-10-01,VADODARA,104672.0
2023-10-01,VARANASI,241129.0
2023-10-01,VIDYANAGAR,3530.0
2023-10-01,VIJAYAWADA,79507.0
2023-10-01,VISAKHAPATNAM,233489.0
2023-10-01,ZIRO,31.0
2023-11-01,AGARTALA,117746.0
2023-11-01,AGATTI ISLAND,3682.0
2023-11-01,AGRA,18697.0
2023-11-01,AHMEDABAD,828342.0
2023-11-01,AIZAWL,32441.0
2023-11-01,AMRITSAR,194345.0
2023-11-01,AURANGABAD,52979.0
2023-11-01,BAGDOGRA,284270.0
2023-11-01,BAREILLY,10959.0
2023-11-01,BELGAUM,32246.0
2023-11-01,BENGALURU,2669108.0
2023-11-01,BHATINDA,956.0
2023-11-01,BHAVNAGAR,6580.0
2023-11-01,BHOPAL,119875.0
2023-11-01,BHUBANESWAR,369791.0
2023-11-01,BHUJ,5263.0
2023-11-01,BIDAR,2516.0
2023-11-01,BIKANER,500.0
2023-11-01,BILASPUR,2837.0
2023-11-01,CHANDIGARH,282291.0
2023-11-01,CHENNAI,1270065.0
2023-11-01,COIMBATORE,211424.0
2023-11-01,COOCH BEHAR,472.0
2023-11-01,DARBHANGA,55080.0
2023-11-01,DEHRADUN,129581.0
2023-11-01,DELHI,4397498.0
2023-11-01,DEOGHAR,15412.0
2023-11-01,DHARAMSALA,14076.0
2023-11-01,DIBRUGARH,65320.0
2023-11-01,DIMAPUR,24533.0
2023-11-01,DIU,7406.0
2023-11-01,DURGAPUR,35730.0
2023-11-01,GAYA,17787.0
2023-11-01,GHAZIABAD,350.0
2023-11-01,GOA,890201.0
2023-11-01,GORAKHPUR,66535.0
2023-11-01,GUWAHATI,517968.0
2023-11-01,GWALIOR,22176.0
2023-11-01,HUBLI,31437.0
2023-11-01,HYDERABAD,1686889.0
2023-11-01,IMPHAL,102978.0
2023-11-01,INDORE,282804.0
2023-11-01,ITANAGAR,13286.0
2023-11-01,JABALPUR,27447.0
2023-11-01,JAGDALPUR,3323.0
2023-11-01,JAIPUR,446186.0
2023-11-01,JAISALMER,22104.0
2023-11-01,JAMMU,125713.0
2023-11-01,JAMNAGAR,14421.0
2023-11-01,JAMSHEDPUR,880.0
2023-11-01,JEYPORE,1017.0
2023-11-01,JHARSUGUDA,19033.0
2023-11-01,JODHPUR,100243.0
2023-11-01,JORHAT,13809.0
2023-11-01,KADAPA,3601.0
2023-11-01,KALABURAGI,5440.0
2023-11-01,KANDLA,8952.0
2023-11-01,KANNUR,32927.0
2023-11-01,KANPUR,27674.0
2023-11-01,KESHOD,1057.0
2023-11-01,KHAJURAHO,8672.0
2023-11-01,KISHANGARH,4451.0
2023-11-01,KOCHI,451350.0
2023-11-01,KOLHAPUR,15562.0
2023-11-01,KOLKATA,1544558.0
2023-11-01,KOZHIKODE,52223.0
2023-11-01,KULLU,1373.0
2023-11-01,KURNOOL,2916.0
2023-11-01,KUSHINAGAR,395.0
2023-11-01,LEH,57171.0
2023-11-01,LILABARI,2439.0
2023-11-01,LUCKNOW,463915.0
2023-11-01,LUDHIANA,138.0
2023-11-01,MADURAI,81495.0
2023-11-01,MALVAN,1310.0
2023-11-01,MANGALURU,136143.0
2023-11-01,MUMBAI,3167606.0
2023-11-01,MYSURU,8107.0
2023-11-01,NAGPUR,212091.0
2023-11-01,NASHIK,20375.0
2023-11-01,PANTNAGAR,8901.0
2023-11-01,PASIGHAT,941.0
2023-11-01,PATNA,315263.0
2023-11-01,PORT BLAIR,134601.0
2023-11-01,PRAYAGRAJ,50426.0
2023-11-01,PUDUCHERRY,4445.0
2023-11-01,PUNE,767544.0
2023-11-01,RAIPUR,194953.0
2023-11-01,RAJAHMUNDRY,33671.0
2023-11-01,RAJKOT,86691.0
2023-11-01,RANCHI,208418.0
2023-11-01,ROURKELA,2238.0
2023-11-01,RUPSI,1310.0
2023-11-01,SALEM,7123.0
2023-11-01,SHILLONG,16066.0
2023-11-01,SHIRDI,69809.0
2023-11-01,SHIVAMOGGA,5013.0
2023-11-01,SILCHAR,33129.0
2023-11-01,SIMLA,2119.0
2023-11-01,SRINAGAR,292749.0
2023-11-01,SURAT,115787.0
2023-11-01,TEZPUR,4175.0
2023-11-01,TEZU,557.0
2023-11-01,THIRUVANANTHAPURAM,208395.0
2023-11-01,TIRUCHIRAPPALLI,41483.0
2023-11-01,TIRUPATI,71182.0
2023-11-01,TUTICORIN,15424.0
2023-11-01,UDAIPUR,137103.0
2023-11-01,UTKELA,154.0
2023-11-01,VADODARA,106598.0
2023-11-01,VARANASI,270770.0
2023-11-01,VIDYANAGAR,2612.0
2023-11-01,VIJAYAWADA,73671.0
2023-11-01,VISAKHAPATNAM,206915.0
2023-11-01,ZIRO,3.0
2023-12-01,AGARTALA,120331.0
2023-12-01,AGATTI ISLAND,3981.0
2023-12-01,AGRA,20124.0
2023-12-01,AHMEDABAD,886292.0
2023-12-01,AIZAWL,33738.0
2023-12-01,AMRITSAR,204043.0
2023-12-01,AURANGABAD,56124.0
2023-12-01,AYODHYA,424.0
2023-12-01,BAGDOGRA,309113.0
2023-12-01,BAREILLY,10872.0
2023-12-01,BELGAUM,35176.0
2023-12-01,BENGALURU,2943835.0
2023-12-01,BHATINDA,1133.0
2023-12-01,BHAVNAGAR,8224.0
2023-12-01,BHOPAL,133847.0
2023-12-01,BHUBANESWAR,387390.0
2023-12-01,BHUJ,6207.0
2023-12-01,BIDAR,751.0
2023-12-01,BIKANER,590.0
2023-12-01,BILASPUR,2805.0
2023-12-01,CHANDIGARH,291838.0
2023-12-01,CHENNAI,1318203.0
2023-12-01,COIMBATORE,233766.0
2023-12-01,COOCH BEHAR,471.0
2023-12-01,DARBHANGA,56044.0
2023-12-01,DEHRADUN,127389.0
2023-12-01,DELHI,4767641.0
2023-12-01,DEOGHAR,13626.0
2023-12-01,DHARAMSALA,14484.0
2023-12-01,DIBRUGARH,73696.0
2023-12-01,DIMAPUR,28554.0
2023-12-01,DIU,8687.0
2023-12-01,DURGAPUR,40520.0
2023-12-01,GAYA,18118.0
2023-12-01,GHAZIABAD,206.0
2023-12-01,GOA,1023348.0
2023-12-01,GONDIA,1603.0
2023-12-01,GORAKHPUR,68145.0
2023-12-01,GUWAHATI,535469.0
2023-12-01,GWALIOR,20691.0
2023-12-01,HUBLI,34561.0
2023-12-01,HYDERABAD,1853027.0
2023-12-01,IMPHAL,109262.0
2023-12-01,INDORE,320996.0
2023-12-01,ITANAGAR,13415.0
2023-12-01,JABALPUR,29402.0
2023-12-01,JAGDALPUR,3633.0
2023-12-01,JAIPUR,486519.0
2023-12-01,JAISALMER,36956.0
2023-12-01,JAMMU,124556.0
2023-12-01,JAMNAGAR,15196.0
2023-12-01,JAMSHEDPUR,862.0
2023-12-01,JEYPORE,1090.0
2023-12-01,JHARSUGUDA,26070.0
2023-12-01,JODHPUR,110978.0
2023-12-01,JORHAT,15530.0
2023-12-01,KADAPA,3303.0
2023-12-01,KALABURAGI,4848.0
2023-12-01,KANDLA,9672.0
2023-12-01,KANNUR,41893.0
2023-12-01,KANPUR,30942.0
2023-12-01,KESHOD,651.0
2023-12-01,KHAJURAHO,8500.0
2023-12-01,KISHANGARH,6432.0
2023-12-01,KOCHI,507131.0
2023-12-01,KOLHAPUR,15661.0
2023-12-01,KOLKATA,1605523.0
2023-12-01,KOZHIKODE,57077.0
2023-12-01,KULLU,1016.0
2023-12-01,KURNOOL,3340.0
2023-12-01,LEH,62220.0
2023-12-01,LILABARI,2762.0
2023-12-01,LUCKNOW,506278.0
2023-12-01,LUDHIANA,36.0
2023-12-01,MADURAI,86298.0
2023-12-01,MALVAN,1378.0
2023-12-01,MANGALURU,159034.0
2023-12-01,MUMBAI,3479875.0
2023-12-01,MYSURU,8675.0
2023-12-01,NAGPUR,234543.0
2023-12-01,NASHIK,24293.0
2023-12-01,PANTNAGAR,8130.0
2023-12-01,PASIGHAT,1186.0
2023-12-01,PATNA,317983.0
2023-12-01,PORT BLAIR,161704.0
2023-12-01,PRAYAGRAJ,47632.0
2023-12-01,PUDUCHERRY,8604.0
2023-12-01,PUNE,838181.0
2023-12-01,RAIPUR,212528.0
2023-12-01,RAJAHMUNDRY,34288.0
2023-12-01,RAJKOT,95540.0
2023-12-01,RANCHI,226444.0
2023-12-01,ROURKELA,2022.0
2023-12-01,SALEM,7709.0
2023-12-01,SHILLONG,17581.0
2023-12-01,SHIRDI,74487.0
2023-12-01,SHIVAMOGGA,7803.0
2023-12-01,SILCHAR,34743.0
2023-12-01,SIMLA,2210.0
2023-12-01,SRINAGAR,312342.0
2023-12-01,SURAT,130070.0
2023-12-01,TEZPUR,5077.0
2023-12-01,TEZU,31.0
2023-12-01,THIRUVANANTHAPURAM,238938.0
2023-12-01,TIRUCHIRAPPALLI,46763.0
2023-12-01,TIRUPATI,72059.0
2023-12-01,TUTICORIN,13975.0
2023-12-01,UDAIPUR,150613.0
2023-12-01,UTKELA,165.0
2023-12-01,UTTARLAI,72.0
2023-12-01,VADODARA,114485.0
2023-12-01,VARANASI,263710.0
2023-12-01,VIDYANAGAR,3705.0
2023-12-01,VIJAYAWADA,79045.0
2023-12-01,VISAKHAPATNAM,213915.0
2023-12-01,ZIRO,31.0
2024-01-01,AGARTALA,112664.0
2024-01-01,AGATTI ISLAND,4077.0
2024-01-01,AGRA,17813.0
2024-01-01,AHMEDABAD,863675.0
2024-01-01,AIZAWL,33474.0
2024-01-01,AMRITSAR,174841.0
2024-01-01,AURANGABAD,57150.0
2024-01-01,AYODHYA,24620.0
2024-01-01,BAGDOGRA,283851.0
2024-01-01,BAREILLY,7583.0
2024-01-01,BELGAUM,29592.0
2024-01-01,BENGALURU,2812034.0
2024-01-01,BHATINDA,1238.0
2024-01-01,BHAVNAGAR,8507.0
2024-01-01,BHOPAL,117719.0
2024-01-01,BHUBANESWAR,366022.0
2024-01-01,BHUJ,6102.0
2024-01-01,BIKANER,553.0
2024-01-01,BILASPUR,2286.0
2024-01-01,CHANDIGARH,249105.0
2024-01-01,CHENNAI,1342196.0
2024-01-01,COIMBATORE,205792.0
2024-01-01,COOCH BEHAR,409.0
2024-01-01,DARBHANGA,29194.0
2024-01-01,DEHRADUN,109928.0
2024-01-01,DELHI,4487104.0
2024-01-01,DEOGHAR,6887.0
2024-01-01,DHARAMSALA,13267.0
2024-01-01,DIBRUGARH,69707.0
2024-01-01,DIMAPUR,28073.0
2024-01-01,DIU,9859.0
2024-01-01,DURGAPUR,38203.0
2024-01-01,GAYA,18173.0
2024-01-01,GHAZIABAD,84.0
2024-01-01,GOA,1033704.0
2024-01-01,GONDIA,1282.0
2024-01-01,GORAKHPUR,60877.0
2024-01-01,GUWAHATI,504755.0
2024-01-01,GWALIOR,23783.0
2024-01-01,HUBLI,31387.0
2024-01-01,HYDERABAD,1802348.0
2024-01-01,IMPHAL,106059.0
2024-01-01,INDORE,306435.0
2024-01-01,ITANAGAR,12536.0
2024-01-01,JABALPUR,25531.0
2024-01-01,JAGDALPUR,3833.0
2024-01-01,JAIPUR,462624.0
2024-01-01,JAISALMER,34762.0
2024-01-01,JAMMU,101777.0
2024-01-01,JAMNAGAR,14499.0
2024-01-01,JAMSHEDPUR,751.0
2024-01-01,JEYPORE,1094.0
2024-01-01,JHARSUGUDA,26304.0
2024-01-01,JODHPUR,98720.0
2024-01-01,JORHAT,15149.0
2024-01-01,KADAPA,3821.0
2024-01-01,KALABURAGI,5436.0
2024-01-01,KANDLA,9654.0
2024-01-01,KANNUR,41604.0
2024-01-01,KANPUR,18580.0
2024-01-01,KESHOD,1017.0
2024-01-01,KHAJURAHO,6450.0
2024-01-01,KISHANGARH,6121.0
2024-01-01,KOCHI,478200.0
2024-01-01,KOLHAPUR,13518.0
2024-01-01,KOLKATA,1489426.0
2024-01-01,KOZHIKODE,59181.0
2024-01-01,KULLU,451.0
2024-01-01,KURNOOL,3352.0
2024-01-01,LEH,56926.0
2024-01-01,LILABARI,3908.0
2024-01-01,LUCKNOW,459183.0
2024-01-01,MADURAI,80803.0
2024-01-01,MALVAN,1579.0
2024-01-01,MANGALURU,140754.0
2024-01-01,MUMBAI,3440669.0
2024-01-01,MYSURU,8677.0
2024-01-01,NAGPUR,217613.0
2024-01-01,NASHIK,23404.0
2024-01-01,PANTNAGAR,114.0
2024-01-01,PASIGHAT,1056.0
2024-01-01,PATNA,256822.0
2024-01-01,PORT BLAIR,164538.0
2024-01-01,PRAYAGRAJ,37115.0
2024-01-01,PUDUCHERRY,9103.0
2024-01-01,PUNE,805141.0
2024-01-01,RAIPUR,207333.0
2024-01-01,RAJAHMUNDRY,36134.0
2024-01-01,RAJKOT,89159.0
2024-01-01,RANCHI,201535.0
2024-01-01,ROURKELA,154.0
2024-01-01,SALEM,8590.0
2024-01-01,SHILLONG,18923.0
2024-01-01,SHIRDI,76054.0
2024-01-01,SHIVAMOGGA,6686.0
2024-01-01,SILCHAR,33944.0
2024-01-01,SIMLA,1899.0
2024-01-01,SRINAGAR,279552.0
2024-01-01,SURAT,130230.0
2024-01-01,TEZPUR,5998.0
2024-01-01,TEZU,31.0
2024-01-01,THIRUVANANTHAPURAM,229382.0
2024-01-01,TIRUCHIRAPPALLI,53809.0
2024-01-01,TIRUPATI,75184.0
2024-01-01,TUTICORIN,17406.0
2024-01-01,UDAIPUR,145732.0
2024-01-01,UTKELA,157.0
2024-01-01,VADODARA,104872.0
2024-01-01,VARANASI,212299.0
2024-01-01,VIDYANAGAR,4640.0
2024-01-01,VIJAYAWADA,80538.0
2024-01-01,VISAKHAPATNAM,198735.0
2024-01-01,ZIRO,22.0
2024-02-01,AGARTALA,106506.0
2024-02-01,AGATTI ISLAND,4571.0
2024-02-01,AGRA,18645.0
2024-02-01,AHMEDABAD,824744.0
2024-02-01,AIZAWL,30203.0
2024-02-01,AMRITSAR,190111.0
2024-02-01,AURANGABAD,52636.0
2024-02-01,AYODHYA,93014.0
2024-02-01,BAGDOGRA,245888.0
2024-02-01,BAREILLY,10547.0
2024-02-01,BELGAUM,29455.0
2024-02-01,BENGALURU,2646633.0
2024-02-01,BHATINDA,1914.0
2024-02-01,BHAVNAGAR,7398.0
2024-02-01,BHOPAL,114069.0
2024-02-01,BHUBANESWAR,360201.0
2024-02-01,BHUJ,5982.0
2024-02-01,BIKANER,582.0
2024-02-01,BILASPUR,3050.0
2024-02-01,CHANDIGARH,266216.0
2024-02-01,CHENNAI,1262692.0
2024-02-01,COIMBATORE,200210.0
2024-02-01,COOCH BEHAR,423.0
2024-02-01,DARBHANGA,36486.0
2024-02-01,DEHRADUN,113359.0
2024-02-01,DELHI,4505651.0
2024-02-01,DEOGHAR,13018.0
2024-02-01,DHARAMSALA,14007.0
2024-02-01,DIBRUGARH,61506.0
2024-02-01,DIMAPUR,23796.0
2024-02-01,DIU,8546.0
2024-02-01,DURGAPUR,33919.0
2024-02-01,GAYA,17599.0
2024-02-01,GHAZIABAD,722.0
2024-02-01,GOA,917734.0
2024-02-01,GONDIA,2145.0
2024-02-01,GORAKHPUR,45464.0
2024-02-01,GUWAHATI,461398.0
2024-02-01,GWALIOR,33460.0
2024-02-01,HUBLI,27676.0
2024-02-01,HYDERABAD,1729614.0
2024-02-01,IMPHAL,97463.0
2024-02-01,INDORE,298188.0
2024-02-01,ITANAGAR,12011.0
2024-02-01,JABALPUR,25461.0
2024-02-01,JAGDALPUR,4066.0
2024-02-01,JAIPUR,438348.0
2024-02-01,JAISALMER,25624.0
2024-02-01,JAMMU,120144.0
2024-02-01,JAMNAGAR,14739.0
2024-02-01,JAMSHEDPUR,729.0
2024-02-01,JEYPORE,957.0
2024-02-01,JHARSUGUDA,24695.0
2024-02-01,JODHPUR,94579.0
2024-02-01,JORHAT,13835.0
2024-02-01,KADAPA,3737.0
2024-02-01,KALABURAGI,4586.0
2024-02-01,KANDLA,8902.0
2024-02-01,KANNUR,34934.0
2024-02-01,KANPUR,18192.0
2024-02-01,KESHOD,1239.0
2024-02-01,KHAJURAHO,4703.0
2024-02-01,KISHANGARH,7856.0
2024-02-01,KOCHI,419739.0
2024-02-01,KOLHAPUR,12852.0
2024-02-01,KOLKATA,1383603.0
2024-02-01,KOZHIKODE,53669.0
2024-02-01,KULLU,1516.0
2024-02-01,KURNOOL,2547.0
2024-02-01,LEH,53166.0
2024-02-01,LILABARI,2718.0
2024-02-01,LUCKNOW,447599.0
2024-02-01,LUDHIANA,32.0
2024-02-01,MADURAI,77440.0
2024-02-01,MALVAN,1671.0
2024-02-01,MANGALURU,125115.0
2024-02-01,MUMBAI,3268775.0
2024-02-01,MYSURU,7357.0
2024-02-01,NAGPUR,201876.0
2024-02-01,NASHIK,21846.0
2024-02-01,PANTNAGAR,8537.0
2024-02-01,PASIGHAT,323.0
2024-02-01,PATNA,280844.0
2024-02-01,PITHORAGARH,280.0
2024-02-01,PORT BLAIR,144940.0
2024-02-01,PRAYAGRAJ,48101.0
2024-02-01,PUDUCHERRY,7524.0
2024-02-01,PUNE,792925.0
2024-02-01,RAIPUR,189351.0
2024-02-01,RAJAHMUNDRY,33037.0
2024-02-01,RAJKOT,85241.0
2024-02-01,RANCHI,204619.0
2024-02-01,ROURKELA,1876.0
2024-02-01,SALEM,8443.0
2024-02-01,SHILLONG,15486.0
2024-02-01,SHIRDI,68628.0
2024-02-01,SHIVAMOGGA,7811.0
2024-02-01,SILCHAR,31154.0
2024-02-01,SIMLA,1532.0
2024-02-01,SRINAGAR,300430.0
2024-02-01,SURAT,112735.0
2024-02-01,TEZPUR,4324.0
2024-02-01,TEZU,32.0
2024-02-01,THIRUVANANTHAPURAM,199998.0
2024-02-01,TIRUCHIRAPPALLI,47738.0
2024-02-01,TIRUPATI,72815.0
2024-02-01,TUTICORIN,16055.0
2024-02-01,UDAIPUR,141389.0
2024-02-01,UTKELA,160.0
2024-02-01,VADODARA,99207.0
2024-02-01,VARANASI,240643.0
2024-02-01,VIDYANAGAR,4258.0
2024-02-01,VIJAYAWADA,73908.0
2024-02-01,VISAKHAPATNAM,191701.0
2024-02-01,ZIRO,22.0
2024-03-01,ADAMPUR,117.0
2024-03-01,AGARTALA,121008.0
2024-03-01,AGATTI ISLAND,4782.0
2024-03-01,AGRA,20459.0
2024-03-01,AHMEDABAD,863636.0
2024-03-01,AIZAWL,37375.0
2024-03-01,ALIGARH,86.0
2024-03-01,AMRITSAR,216715.0
2024-03-01,AURANGABAD,54372.0
2024-03-01,AYODHYA,98346.0
2024-03-01,AZAMGARH,80.0
2024-03-01,BAGDOGRA,266484.0
2024-03-01,BAREILLY,10762.0
2024-03-01,BELGAUM,28293.0
2024-03-01,BENGALURU,2811201.0
2024-03-01,BHATINDA,2071.0
2024-03-01,BHAVNAGAR,6772.0
2024-03-01,BHOPAL,122725.0
2024-03-01,BHUBANESWAR,384863.0
2024-03-01,BHUJ,11225.0
2024-03-01,BIKANER,586.0
2024-03-01,BILASPUR,2156.0
2024-03-01,CHANDIGARH,300209.0
2024-03-01,CHENNAI,1290240.0
2024-03-01,CHITRAKOOT,82.0
2024-03-01,COIMBATORE,211697.0
2024-03-01,COOCH BEHAR,520.0
2024-03-01,DARBHANGA,39228.0
2024-03-01,DEHRADUN,137210.0
2024-03-01,DELHI,4736290.0
2024-03-01,DEOGHAR,17513.0
2024-03-01,DHARAMSALA,17109.0
2024-03-01,DIBRUGARH,72329.0
2024-03-01,DIMAPUR,26179.0
2024-03-01,DIU,9532.0
2024-03-01,DURGAPUR,34201.0
2024-03-01,GAYA,19484.0
2024-03-01,GHAZIABAD,1331.0
2024-03-01,GOA,948249.0
2024-03-01,GONDIA,2559.0
2024-03-01,GORAKHPUR,48182.0
2024-03-01,GUWAHATI,501574.0
2024-03-01,GWALIOR,35320.0
2024-03-01,HUBLI,22650.0
2024-03-01,HYDERABAD,1860690.0
2024-03-01,IMPHAL,109634.0
2024-03-01,INDORE,317305.0
2024-03-01,ITANAGAR,13116.0
2024-03-01,JABALPUR,25589.0
2024-03-01,JAGDALPUR,4475.0
2024-03-01,JAIPUR,453083.0
2024-03-01,JAISALMER,10123.0
2024-03-01,JAMMU,140876.0
2024-03-01,JAMNAGAR,13301.0
2024-03-01,JAMSHEDPUR,907.0
2024-03-01,JEYPORE,1034.0
2024-03-01,JHARSUGUDA,25724.0
2024-03-01,JODHPUR,92996.0
2024-03-01,JORHAT,15168.0
2024-03-01,KADAPA,3217.0
2024-03-01,KALABURAGI,4851.0
2024-03-01,KANDLA,7961.0
2024-03-01,KANNUR,32358.0
2024-03-01,KANPUR,20099.0
2024-03-01,KESHOD,1341.0
2024-03-01,KHAJURAHO,4688.0
2024-03-01,KISHANGARH,8144.0
2024-03-01,KOCHI,430356.0
2024-03-01,KOLHAPUR,13484.0
2024-03-01,KOLKATA,1544862.0
2024-03-01,KOZHIKODE,56902.0
2024-03-01,KULLU,2184.0
2024-03-01,KURNOOL,2166.0
2024-03-01,LEH,56590.0
2024-03-01,LILABARI,4100.0
2024-03-01,LUCKNOW,488914.0
2024-03-01,LUDHIANA,67.0
2024-03-01,MADURAI,87361.0
2024-03-01,MALVAN,2022.0
2024-03-01,MANGALURU,129505.0
2024-03-01,MUMBAI,3240571.0
2024-03-01,MYSURU,7430.0
2024-03-01,NAGPUR,218899.0
2024-03-01,NANDED,432.0
2024-03-01,NASHIK,22066.0
2024-03-01,PAKYONG,141.0
2024-03-01,PANTNAGAR,10038.0
2024-03-01,PASIGHAT,603.0
2024-03-01,PATNA,324095.0
2024-03-01,PITHORAGARH,533.0
2024-03-01,PORT BLAIR,154219.0
2024-03-01,PRAYAGRAJ,50396.0
2024-03-01,PUDUCHERRY,6505.0
2024-03-01,PUNE,833101.0
2024-03-01,RAIPUR,199740.0
2024-03-01,RAJAHMUNDRY,35803.0
2024-03-01,RAJKOT,83334.0
2024-03-01,RANCHI,221842.0
2024-03-01,ROURKELA,3533.0
2024-03-01,SALEM,8498.0
2024-03-01,SHILLONG,17875.0
2024-03-01,SHIRDI,72734.0
2024-03-01,SHIVAMOGGA,6835.0
2024-03-01,SHRAVASTI,85.0
2024-03-01,SILCHAR,33862.0
2024-03-01,SIMLA,2492.0
2024-03-01,SRINAGAR,358168.0
2024-03-01,SURAT,119030.0
2024-03-01,TEZPUR,5644.0
2024-03-01,TEZU,61.0
2024-03-01,THIRUVANANTHAPURAM,203676.0
2024-03-01,TIRUCHIRAPPALLI,46614.0
2024-03-01,TIRUPATI,85562.0
2024-03-01,TUTICORIN,16018.0
2024-03-01,UDAIPUR,143909.0
2024-03-01,UTKELA,159.0
2024-03-01,VADODARA,104911.0
2024-03-01,VARANASI,280409.0
2024-03-01,VIDYANAGAR,4224.0
2024-03-01,VIJAYAWADA,77739.0
2024-03-01,VISAKHAPATNAM,212142.0
2024-03-01,ZIRO,13.0
2024-04-01,ADAMPUR,3283.0
2024-04-01,AGARTALA,101867.0
2024-04-01,AGATTI ISLAND,6308.0
2024-04-01,AGRA,11479.0
2024-04-01,AHMEDABAD,840058.0
2024-04-01,AIZAWL,39424.0
2024-04-01,ALIGARH,122.0
2024-04-01,AMRITSAR,189185.0
2024-04-01,AURANGABAD,50040.0
2024-04-01,AYODHYA,91363.0
2024-04-01,AZAMGARH,69.0
2024-04-01,BAGDOGRA,290906.0
2024-04-01,BAREILLY,9667.0
2024-04-01,BELGAUM,29422.0
2024-04-01,BENGALURU,2957001.0
2024-04-01,BHATINDA,1912.0
2024-04-01,BHAVNAGAR,6143.0
2024-04-01,BHOPAL,125768.0
2024-04-01,BHUBANESWAR,357230.0
2024-04-01,BHUJ,14107.0
2024-04-01,BIKANER,406.0
2024-04-01,BILASPUR,1255.0
2024-04-01,CHANDIGARH,309414.0
2024-04-01,CHENNAI,1274523.0
2024-04-01,CHITRAKOOT,59.0
2024-04-01,COIMBATORE,229718.0
2024-04-01,COOCH BEHAR,347.0
2024-04-01,DARBHANGA,44346.0
2024-04-01,DEHRADUN,144226.0
2024-04-01,DELHI,4600919.0
2024-04-01,DEOGHAR,16496.0
2024-04-01,DHARAMSALA,20565.0
2024-04-01,DIBRUGARH,72285.0
2024-04-01,DIMAPUR,24405.0
2024-04-01,DIU,7308.0
2024-04-01,DURGAPUR,33280.0
2024-04-01,GAYA,18975.0
2024-04-01,GHAZIABAD,8719.0
2024-04-01,GOA,857925.0
2024-04-01,GONDIA,3019.0
2024-04-01,GORAKHPUR,48399.0
2024-04-01,GUWAHATI,501892.0
2024-04-01,GWALIOR,36579.0
2024-04-01,HUBLI,23289.0
2024-04-01,HYDERABAD,1857541.0
2024-04-01,IMPHAL,105091.0
2024-04-01,INDORE,294205.0
2024-04-01,ITANAGAR,13787.0
2024-04-01,JABALPUR,24037.0
2024-04-01,JAGDALPUR,6993.0
2024-04-01,JAIPUR,413975.0
2024-04-01,JALGAON,1046.0
2024-04-01,JAMMU,137390.0
2024-04-01,JAMNAGAR,13218.0
2024-04-01,JAMSHEDPUR,607.0
2024-04-01,JEYPORE,940.0
2024-04-01,JHARSUGUDA,15106.0
2024-04-01,JODHPUR,75332.0
2024-04-01,JORHAT,10646.0
2024-04-01,KADAPA,3234.0
2024-04-01,KALABURAGI,2573.0
2024-04-01,KANDLA,4994.0
2024-04-01,KANNUR,33162.0
2024-04-01,KANPUR,22648.0
2024-04-01,KESHOD,1164.0
2024-04-01,KHAJURAHO,3386.0
2024-04-01,KISHANGARH,7166.0
2024-04-01,KOCHI,467381.0
2024-04-01,KOLHAPUR,13817.0
2024-04-01,KOLKATA,1532272.0
2024-04-01,KOZHIKODE,59105.0
2024-04-01,KULLU,2870.0
2024-04-01,KURNOOL,1188.0
2024-04-01,LEH,94569.0
2024-04-01,LILABARI,4244.0
2024-04-01,LUCKNOW,449948.0
2024-04-01,LUDHIANA,79.0
2024-04-01,MADURAI,84319.0
2024-04-01,MALVAN,2337.0
2024-04-01,MANGALURU,146518.0
2024-04-01,MUMBAI,3174494.0
2024-04-01,MYSURU,6408.0
2024-04-01,NAGPUR,204466.0
2024-04-01,NANDED,10269.0
2024-04-01,NASHIK,15649.0
2024-04-01,PAKYONG,5183.0
2024-04-01,PANTNAGAR,9853.0
2024-04-01,PASIGHAT,626.0
2024-04-01,PATNA,303923.0
2024-04-01,PITHORAGARH,718.0
2024-04-01,PORT BLAIR,133551.0
2024-04-01,PRAYAGRAJ,40815.0
2024-04-01,PUNE,826157.0
2024-04-01,RAIPUR,204961.0
2024-04-01,RAJAHMUNDRY,33269.0
2024-04-01,RAJKOT,79065.0
2024-04-01,RANCHI,204266.0
2024-04-01,ROURKELA,4618.0
2024-04-01,SALEM,10233.0
2024-04-01,SHILLONG,12432.0
2024-04-01,SHIRDI,60000.0
2024-04-01,SHIVAMOGGA,7705.0
2024-04-01,SHRAVASTI,43.0
2024-04-01,SILCHAR,32924.0
2024-04-01,SIMLA,2539.0
2024-04-01,SRINAGAR,434331.0
2024-04-01,SURAT,116804.0
2024-04-01,TEZPUR,5622.0
2024-04-01,TEZU,65.0
2024-04-01,THIRUVANANTHAPURAM,219662.0
2024-04-01,TIRUCHIRAPPALLI,45995.0
2024-04-01,TIRUPATI,72951.0
2024-04-01,TUTICORIN,19469.0
2024-04-01,UDAIPUR,113184.0
2024-04-01,UTKELA,149.0
2024-04-01,VADODARA,97570.0
2024-04-01,VARANASI,281013.0
2024-04-01,VIDYANAGAR,4472.0
2024-04-01,VIJAYAWADA,82037.0
2024-04-01,VISAKHAPATNAM,211974.0
2024-04-01,ZIRO,40.0
2024-06-01,ADAMPUR,3085.0
2024-06-01,AGARTALA,114037.0
2024-06-01,AGATTI ISLAND,4062.0
2024-06-01,AGRA,11640.0
2024-06-01,AHMEDABAD,836676.0
2024-06-01,AIZAWL,42277.0
2024-06-01,ALIGARH,191.0
2024-06-01,AMRITSAR,176444.0
2024-06-01,AURANGABAD,55557.0
2024-06-01,AYODHYA,100993.0
2024-06-01,AZAMGARH,157.0
2024-06-01,BAGDOGRA,298233.0
2024-06-01,BAREILLY,10269.0
2024-06-01,BELGAUM,28784.0
2024-06-01,BENGALURU,2858141.0
2024-06-01,BHATINDA,2630.0
2024-06-01,BHAVNAGAR,2866.0
2024-06-01,BHOPAL,128761.0
2024-06-01,BHUBANESWAR,357254.0
2024-06-01,BHUJ,13930.0
2024-06-01,BIKANER,408.0
2024-06-01,BILASPUR,3580.0
2024-06-01,CHANDIGARH,325283.0
2024-06-01,CHENNAI,1282101.0
2024-06-01,CHITRAKOOT,184.0
2024-06-01,COIMBATORE,248634.0
2024-06-01,COOCH BEHAR,422.0
2024-06-01,DARBHANGA,43710.0
2024-06-01,DEHRADUN,156458.0
2024-06-01,DELHI,4673502.0
2024-06-01,DEOGHAR,18611.0
2024-06-01,DHARAMSALA,19951.0
2024-06-01,DIBRUGARH,62987.0
2024-06-01,DIMAPUR,24247.0
2024-06-01,DIU,7209.0
2024-06-01,DURGAPUR,40878.0
2024-06-01,GAYA,18725.0
2024-06-01,GHAZIABAD,8569.0
2024-06-01,GOA,889626.0
2024-06-01,GONDIA,3325.0
2024-06-01,GORAKHPUR,64976.0
2024-06-01,GUWAHATI,503349.0
2024-06-01,GWALIOR,41240.0
2024-06-01,HUBLI,23288.0
2024-06-01,HYDERABAD,1840904.0
2024-06-01,IMPHAL,109765.0
2024-06-01,INDORE,296862.0
2024-06-01,ITANAGAR,13581.0
2024-06-01,JABALPUR,23569.0
2024-06-01,JAGDALPUR,6812.0
2024-06-01,JAIPUR,395267.0
2024-06-01,JALGAON,6024.0
2024-06-01,JAMMU,138205.0
2024-06-01,JAMNAGAR,13248.0
2024-06-01,JAMSHEDPUR,559.0
2024-06-01,JEYPORE,727.0
2024-06-01,JHARSUGUDA,25224.0
2024-06-01,JODHPUR,73092.0
2024-06-01,JORHAT,10235.0
2024-06-01,KADAPA,3740.0
2024-06-01,KALABURAGI,3902.0
2024-06-01,KANDLA,3370.0
2024-06-01,KANNUR,27757.0
2024-06-01,KANPUR,23313.0
2024-06-01,KESHOD,1143.0
2024-06-01,KHAJURAHO,1643.0
2024-06-01,KISHANGARH,5675.0
2024-06-01,KOCHI,436075.0
2024-06-01,KOLHAPUR,13040.0
2024-06-01,KOLKATA,1523440.0
2024-06-01,KOZHIKODE,57714.0
2024-06-01,KULLU,3902.0
2024-06-01,KURNOOL,1269.0
2024-06-01,LEH,119809.0
2024-06-01,LILABARI,3089.0
2024-06-01,LUCKNOW,456987.0
2024-06-01,LUDHIANA,307.0
2024-06-01,MADURAI,87054.0
2024-06-01,MALVAN,1421.0
2024-06-01,MANGALURU,125957.0
2024-06-01,MUMBAI,3096191.0
2024-06-01,MYSURU,7191.0
2024-06-01,NAGPUR,212240.0
2024-06-01,NANDED,10810.0
2024-06-01,NASHIK,25099.0
2024-06-01,PAKYONG,1879.0
2024-06-01,PANTNAGAR,9462.0
2024-06-01,PASIGHAT,243.0
2024-06-01,PATNA,292046.0
2024-06-01,PITHORAGARH,794.0
2024-06-01,PORT BLAIR,108676.0
2024-06-01,PRAYAGRAJ,50972.0
2024-06-01,PUNE,835670.0
2024-06-01,RAIPUR,202468.0
2024-06-01,RAJAHMUNDRY,36285.0
2024-06-01,RAJKOT,79401.0
2024-06-01,RANCHI,209509.0
2024-06-01,ROURKELA,4408.0
2024-06-01,SALEM,11154.0
2024-06-01,SHILLONG,13424.0
2024-06-01,SHIRDI,57827.0
2024-06-01,SHIVAMOGGA,6142.0
2024-06-01,SHRAVASTI,84.0
2024-06-01,SILCHAR,35573.0
2024-06-01,SIMLA,2425.0
2024-06-01,SRINAGAR,446645.0
2024-06-01,SURAT,130576.0
2024-06-01,TEZPUR,5742.0
2024-06-01,TEZU,17.0
2024-06-01,THIRUVANANTHAPURAM,203959.0
2024-06-01,TIRUCHIRAPPALLI,49374.0
2024-06-01,TIRUPATI,72044.0
2024-06-01,TUTICORIN,20212.0
2024-06-01,UDAIPUR,111639.0
2024-06-01,UTKELA,144.0
2024-06-01,VADODARA,93028.0
2024-06-01,VARANASI,286094.0
2024-06-01,VIDYANAGAR,4773.0
2024-06-01,VIJAYAWADA,94624.0
2024-06-01,VISAKHAPATNAM,220881.0
2024-07-01,ADAMPUR,2494.0
2024-07-01,AGARTALA,114250.0
2024-07-01,AGATTI ISLAND,3178.0
2024-07-01,AGRA,11605.0
2024-07-01,AHMEDABAD,832731.0
2024-07-01,AIZAWL,44266.0
2024-07-01,ALIGARH,171.0
2024-07-01,AMRITSAR,170124.0
2024-07-01,AURANGABAD,53069.0
2024-07-01,AYODHYA,85884.0
2024-07-01,AZAMGARH,105.0
2024-07-01,BAGDOGRA,256010.0
2024-07-01,BAREILLY,9603.0
2024-07-01,BELGAUM,25008.0
2024-07-01,BENGALURU,2816730.0
2024-07-01,BHATINDA,2596.0
2024-07-01,BHAVNAGAR,6496.0
2024-07-01,BHOPAL,123368.0
2024-07-01,BHUBANESWAR,337728.0
2024-07-01,BHUJ,13337.0
2024-07-01,BIKANER,641.0
2024-07-01,BILASPUR,3205.0
2024-07-01,CHANDIGARH,301615.0
2024-07-01,CHENNAI,1301642.0
2024-07-01,CHITRAKOOT,103.0
2024-07-01,COIMBATORE,244218.0
2024-07-01,COOCH BEHAR,338.0
2024-07-01,DARBHANGA,38287.0
2024-07-01,DEHRADUN,135923.0
2024-07-01,DELHI,4598946.0
2024-07-01,DEOGHAR,19799.0
2024-07-01,DHARAMSALA,16320.0
2024-07-01,DIBRUGARH,73453.0
2024-07-01,DIMAPUR,28144.0
2024-07-01,DIU,3016.0
2024-07-01,DURGAPUR,42705.0
2024-07-01,GAYA,18852.0
2024-07-01,GHAZIABAD,7250.0
2024-07-01,GOA,796884.0
2024-07-01,GONDIA,2417.0
2024-07-01,GORAKHPUR,63197.0
2024-07-01,GUWAHATI,517175.0
2024-07-01,GWALIOR,31764.0
2024-07-01,HUBLI,26647.0
2024-07-01,HYDERABAD,1851535.0
2024-07-01,IMPHAL,108973.0
2024-07-01,INDORE,299088.0
2024-07-01,ITANAGAR,13956.0
2024-07-01,JABALPUR,31291.0
2024-07-01,JAGDALPUR,5822.0
2024-07-01,JAIPUR,413252.0
2024-07-01,JALGAON,6660.0
2024-07-01,JAMMU,129030.0
2024-07-01,JAMNAGAR,12841.0
2024-07-01,JAMSHEDPUR,642.0
2024-07-01,JEYPORE,528.0
2024-07-01,JHARSUGUDA,24681.0
2024-07-01,JODHPUR,75119.0
2024-07-01,JORHAT,10559.0
2024-07-01,KADAPA,3545.0
2024-07-01,KALABURAGI,3806.0
2024-07-01,KANDLA,4944.0
2024-07-01,KANNUR,28387.0
2024-07-01,KANPUR,23691.0
2024-07-01,KESHOD,398.0
2024-07-01,KHAJURAHO,1416.0
2024-07-01,KISHANGARH,4782.0
2024-07-01,KOCHI,440196.0
2024-07-01,KOLHAPUR,11157.0
2024-07-01,KOLKATA,1515343.0
2024-07-01,KOZHIKODE,55732.0
2024-07-01,KULLU,1839.0
2024-07-01,KURNOOL,1223.0
2024-07-01,LEH,114252.0
2024-07-01,LILABARI,4460.0
2024-07-01,LUCKNOW,446034.0
2024-07-01,LUDHIANA,143.0
2024-07-01,MADURAI,89700.0
2024-07-01,MALVAN,743.0
2024-07-01,MANGALURU,131914.0
2024-07-01,MUMBAI,3054539.0
2024-07-01,MYSURU,7082.0
2024-07-01,NAGPUR,214608.0
2024-07-01,NANDED,11740.0
2024-07-01,NASHIK,21489.0
2024-07-01,PANTNAGAR,7380.0
2024-07-01,PASIGHAT,378.0
2024-07-01,PATNA,289612.0
2024-07-01,PITHORAGARH,285.0
2024-07-01,PORT BLAIR,79347.0
2024-07-01,PRAYAGRAJ,48193.0
2024-07-01,PUNE,852242.0
2024-07-01,RAIPUR,203472.0
2024-07-01,RAJAHMUNDRY,34481.0
2024-07-01,RAJKOT,75484.0
2024-07-01,RANCHI,209022.0
2024-07-01,ROURKELA,3915.0
2024-07-01,SALEM,10839.0
2024-07-01,SHILLONG,14214.0
2024-07-01,SHIRDI,64598.0
2024-07-01,SHIVAMOGGA,6198.0
2024-07-01,SHRAVASTI,86.0
2024-07-01,SILCHAR,40089.0
2024-07-01,SIMLA,295.0
2024-07-01,SRINAGAR,386730.0
2024-07-01,SURAT,129017.0
2024-07-01,TEZPUR,6557.0
2024-07-01,TEZU,37.0
2024-07-01,THIRUVANANTHAPURAM,193662.0
2024-07-01,TIRUCHIRAPPALLI,48471.0
2024-07-01,TIRUPATI,73114.0
2024-07-01,TUTICORIN,20398.0
2024-07-01,UDAIPUR,118840.0
2024-07-01,UTKELA,161.0
2024-07-01,VADODARA,91968.0
2024-07-01,VARANASI,284113.0
2024-07-01,VIDYANAGAR,4346.0
2024-07-01,VIJAYAWADA,99975.0
2024-07-01,VISAKHAPATNAM,216237.0
2024-07-01,ZIRO,20.0
2024-08-01,ADAMPUR,2039.0
2024-08-01,AGARTALA,107172.0
2024-08-01,AGATTI ISLAND,3869.0
2024-08-01,AGRA,11812.0
2024-08-01,AHMEDABAD,862760.0
2024-08-01,AIZAWL,36754.0
2024-08-01,ALIGARH,274.0
2024-08-01,AMRITSAR,171872.0
2024-08-01,AURANGABAD,58802.0
2024-08-01,AYODHYA,76478.0
2024-08-01,AZAMGARH,138.0
2024-08-01,BAGDOGRA,237603.0
2024-08-01,BAREILLY,10074.0
2024-08-01,BELGAUM,25522.0
2024-08-01,BENGALURU,2897294.0
2024-08-01,BHATINDA,2894.0
2024-08-01,BHAVNAGAR,6040.0
2024-08-01,BHOPAL,129179.0
2024-08-01,BHUBANESWAR,364857.0
2024-08-01,BHUJ,13845.0
2024-08-01,BIKANER,648.0
2024-08-01,BILASPUR,3584.0
2024-08-01,CHANDIGARH,290737.0
2024-08-01,CHENNAI,1346538.0
2024-08-01,CHITRAKOOT,187.0
2024-08-01,COIMBATORE,249614.0
2024-08-01,COOCH BEHAR,369.0
2024-08-01,DARBHANGA,35021.0
2024-08-01,DEHRADUN,132994.0
2024-08-01,DELHI,4575111.0
2024-08-01,DEOGHAR,19630.0
2024-08-01,DHARAMSALA,14120.0
2024-08-01,DIBRUGARH,61075.0
2024-08-01,DIMAPUR,25681.0
2024-08-01,DIU,7677.0
2024-08-01,DURGAPUR,37805.0
2024-08-01,GAYA,18172.0
2024-08-01,GHAZIABAD,6799.0
2024-08-01,GOA,865053.0
2024-08-01,GONDIA,2319.0
2024-08-01,GORAKHPUR,62898.0
2024-08-01,GUWAHATI,467915.0
2024-08-01,GWALIOR,31923.0
2024-08-01,HUBLI,29721.0
2024-08-01,HYDERABAD,1925507.0
2024-08-01,IMPHAL,103581.0
2024-08-01,INDORE,309164.0
2024-08-01,ITANAGAR,14155.0
2024-08-01,JABALPUR,30939.0
2024-08-01,JAGDALPUR,6877.0
2024-08-01,JAIPUR,417201.0
2024-08-01,JALGAON,7404.0
2024-08-01,JAMMU,118464.0
2024-08-01,JAMNAGAR,13309.0
2024-08-01,JAMSHEDPUR,815.0
2024-08-01,JEYPORE,785.0
2024-08-01,JHARSUGUDA,24409.0
2024-08-01,JODHPUR,76177.0
2024-08-01,JORHAT,9869.0
2024-08-01,KADAPA,3661.0
2024-08-01,KALABURAGI,3840.0
2024-08-01,KANDLA,3031.0
2024-08-01,KANNUR,29920.0
2024-08-01,KANPUR,22974.0
2024-08-01,KESHOD,855.0
2024-08-01,KHAJURAHO,792.0
2024-08-01,KISHANGARH,5469.0
2024-08-01,KOCHI,466839.0
2024-08-01,KOLHAPUR,11565.0
2024-08-01,KOLKATA,1459898.0
2024-08-01,KOZHIKODE,54651.0
2024-08-01,KULLU,1463.0
2024-08-01,KURNOOL,1579.0
2024-08-01,LEH,112613.0
2024-08-01,LILABARI,2370.0
2024-08-01,LUCKNOW,449787.0
2024-08-01,LUDHIANA,257.0
2024-08-01,MADURAI,87424.0
2024-08-01,MALVAN,1528.0
2024-08-01,MANGALURU,145725.0
2024-08-01,MORADABAD,186.0
2024-08-01,MUMBAI,3177785.0
2024-08-01,MYSURU,6727.0
2024-08-01,NAGPUR,219266.0
2024-08-01,NANDED,12864.0
2024-08-01,NASHIK,22187.0
2024-08-01,PANTNAGAR,8686.0
2024-08-01,PASIGHAT,529.0
2024-08-01,PATNA,290195.0
2024-08-01,PITHORAGARH,605.0
2024-08-01,PORT BLAIR,85407.0
2024-08-01,PRAYAGRAJ,48775.0
2024-08-01,PUNE,847590.0
2024-08-01,RAIPUR,208001.0
2024-08-01,RAJAHMUNDRY,36727.0
2024-08-01,RAJKOT,80331.0
2024-08-01,RANCHI,206811.0
2024-08-01,ROURKELA,4791.0
2024-08-01,SALEM,10798.0
2024-08-01,SHILLONG,10861.0
2024-08-01,SHIRDI,62150.0
2024-08-01,SHIVAMOGGA,3415.0
2024-08-01,SHRAVASTI,104.0
2024-08-01,SILCHAR,36368.0
2024-08-01,SIMLA,860.0
2024-08-01,SRINAGAR,294961.0
2024-08-01,SURAT,130251.0
2024-08-01,TEZPUR,4518.0
2024-08-01,TEZU,16.0
2024-08-01,THIRUVANANTHAPURAM,210250.0
2024-08-01,TIRUCHIRAPPALLI,51674.0
2024-08-01,TIRUPATI,74713.0
2024-08-01,TUTICORIN,18887.0
2024-08-01,UDAIPUR,126016.0
2024-08-01,UTKELA,174.0
2024-08-01,VADODARA,95938.0
2024-08-01,VARANASI,288786.0
2024-08-01,VIDYANAGAR,5004.0
2024-08-01,VIJAYAWADA,104718.0
2024-08-01,VISAKHAPATNAM,243190.0
2024-08-01,ZIRO,13.0
2024-09-01,ADAMPUR,1698.0
2024-09-01,AGARTALA,112900.0
2024-09-01,AGATTI ISLAND,10306.0
2024-09-01,AGRA,11456.0
2024-09-01,AHMEDABAD,850681.0
2024-09-01,AIZAWL,35902.0
2024-09-01,ALIGARH,159.0
2024-09-01,AMRITSAR,180860.0
2024-09-01,AURANGABAD,57425.0
2024-09-01,AYODHYA,84902.0
2024-09-01,AZAMGARH,162.0
2024-09-01,BAGDOGRA,236035.0
2024-09-01,BAREILLY,9483.0
2024-09-01,BELGAUM,24899.0
2024-09-01,BENGALURU,2901400.0
2024-09-01,BHATINDA,2549.0
2024-09-01,BHAVNAGAR,3852.0
2024-09-01,BHOPAL,119224.0
2024-09-01,BHUBANESWAR,357603.0
2024-09-01,BHUJ,13785.0
2024-09-01,BIKANER,824.0
2024-09-01,BILASPUR,3111.0
2024-09-01,CHANDIGARH,284646.0
2024-09-01,CHENNAI,1331438.0
2024-09-01,CHITRAKOOT,180.0
2024-09-01,COIMBATORE,249762.0
2024-09-01,COOCH BEHAR,412.0
2024-09-01,DARBHANGA,33593.0
2024-09-01,DEHRADUN,140509.0
2024-09-01,DELHI,4477266.0
2024-09-01,DEOGHAR,19851.0
2024-09-01,DHARAMSALA,15898.0
2024-09-01,DIBRUGARH,56733.0
2024-09-01,DIMAPUR,23875.0
2024-09-01,DIU,7024.0
2024-09-01,DURGAPUR,37118.0
2024-09-01,GAYA,18278.0
2024-09-01,GHAZIABAD,5343.0
2024-09-01,GOA,890742.0
2024-09-01,GONDIA,1538.0
2024-09-01,GORAKHPUR,64911.0
2024-09-01,GUWAHATI,487791.0
2024-09-01,GWALIOR,29335.0
2024-09-01,HUBLI,29524.0
2024-09-01,HYDERABAD,1895018.0
2024-09-01,IMPHAL,96052.0
2024-09-01,INDORE,305589.0
2024-09-01,ITANAGAR,14721.0
2024-09-01,JABALPUR,34267.0
2024-09-01,JAGDALPUR,6595.0
2024-09-01,JAIPUR,415054.0
2024-09-01,JALGAON,7045.0
2024-09-01,JAMMU,115432.0
2024-09-01,JAMNAGAR,11917.0
2024-09-01,JAMSHEDPUR,680.0
2024-09-01,JEYPORE,961.0
2024-09-01,JHARSUGUDA,23881.0
2024-09-01,JODHPUR,76196.0
2024-09-01,JORHAT,9189.0
2024-09-01,KADAPA,3160.0
2024-09-01,KALABURAGI,2917.0
2024-09-01,KANDLA,1960.0
2024-09-01,KANNUR,29711.0
2024-09-01,KANPUR,22425.0
2024-09-01,KESHOD,1150.0
2024-09-01,KISHANGARH,6097.0
2024-09-01,KOCHI,489579.0
2024-09-01,KOLHAPUR,11680.0
2024-09-01,KOLKATA,1474502.0
2024-09-01,KOZHIKODE,55544.0
2024-09-01,KULLU,2341.0
2024-09-01,KURNOOL,1438.0
2024-09-01,LEH,105983.0
2024-09-01,LILABARI,2455.0
2024-09-01,LUCKNOW,434209.0
2024-09-01,LUDHIANA,229.0
2024-09-01,MADURAI,85410.0
2024-09-01,MALVAN,3206.0
2024-09-01,MANGALURU,134623.0
2024-09-01,MORADABAD,165.0
2024-09-01,MUMBAI,3171640.0
2024-09-01,MYSURU,6393.0
2024-09-01,NAGPUR,221943.0
2024-09-01,NANDED,8515.0
2024-09-01,NASHIK,28964.0
2024-09-01,PANTNAGAR,8439.0
2024-09-01,PASIGHAT,950.0
2024-09-01,PATNA,282542.0
2024-09-01,PITHORAGARH,579.0
2024-09-01,PORT BLAIR,102659.0
2024-09-01,PRAYAGRAJ,43516.0
2024-09-01,PUNE,830291.0
2024-09-01,RAIPUR,202316.0
2024-09-01,RAJAHMUNDRY,32256.0
2024-09-01,RAJKOT,84997.0
2024-09-01,RANCHI,191251.0
2024-09-01,ROURKELA,3667.0
2024-09-01,SALEM,10394.0
2024-09-01,SHILLONG,9814.0
2024-09-01,SHIRDI,51153.0
2024-09-01,SHIVAMOGGA,6071.0
2024-09-01,SHRAVASTI,103.0
2024-09-01,SILCHAR,34715.0
2024-09-01,SIMLA,1148.0
2024-09-01,SRINAGAR,279094.0
2024-09-01,SURAT,129109.0
2024-09-01,TEZPUR,4126.0
2024-09-01,TEZU,16.0
2024-09-01,THIRUVANANTHAPURAM,221267.0
2024-09-01,TIRUCHIRAPPALLI,48360.0
2024-09-01,TIRUPATI,73393.0
2024-09-01,TUTICORIN,16572.0
2024-09-01,UDAIPUR,123087.0
2024-09-01,UTKELA,210.0
2024-09-01,VADODARA,97977.0
2024-09-01,VARANASI,298072.0
2024-09-01,VIDYANAGAR,4585.0
2024-09-01,VIJAYAWADA,100232.0
2024-09-01,VISAKHAPATNAM,217888.0
2024-09-01,ZIRO,4.0
2024-10-01,ADAMPUR,3139.0
2024-10-01,AGARTALA,122830.0
2024-10-01,AGATTI ISLAND,11917.0
2024-10-01,AGRA,13282.0
2024-10-01,AHMEDABAD,888016.0
2024-10-01,AIZAWL,40420.0
2024-10-01,ALIGARH,168.0
2024-10-01,AMRITSAR,193824.0
2024-10-01,AURANGABAD,61952.0
2024-10-01,AYODHYA,78741.0
2024-10-01,AZAMGARH,124.0
2024-10-01,BAGDOGRA,279361.0
2024-10-01,BAREILLY,9464.0
2024-10-01,BELGAUM,26566.0
2024-10-01,BENGALURU,3040368.0
2024-10-01,BHATINDA,2558.0
2024-10-01,BHAVNAGAR,5381.0
2024-10-01,BHOPAL,117750.0
2024-10-01,BHUBANESWAR,397380.0
2024-10-01,BHUJ,13645.0
2024-10-01,BIKANER,1002.0
2024-10-01,BILASPUR,4381.0
2024-10-01,CHANDIGARH,321459.0
2024-10-01,CHENNAI,1330187.0
2024-10-01,CHITRAKOOT,234.0
2024-10-01,COIMBATORE,239747.0
2024-10-01,COOCH BEHAR,368.0
2024-10-01,DARBHANGA,36572.0
2024-10-01,DEHRADUN,138417.0
2024-10-01,DELHI,4606612.0
2024-10-01,DEOGHAR,21086.0
2024-10-01,DHARAMSALA,19481.0
2024-10-01,DIBRUGARH,73057.0
2024-10-01,DIMAPUR,26384.0
2024-10-01,DIU,8432.0
2024-10-01,DURGAPUR,49131.0
2024-10-01,GAYA,17786.0
2024-10-01,GHAZIABAD,8695.0
2024-10-01,GOA,894937.0
2024-10-01,GONDIA,1884.0
2024-10-01,GORAKHPUR,68451.0
2024-10-01,GUWAHATI,555360.0
2024-10-01,GWALIOR,28540.0
2024-10-01,HUBLI,31144.0
2024-10-01,HYDERABAD,2079009.0
2024-10-01,IMPHAL,110817.0
2024-10-01,INDORE,300699.0
2024-10-01,ITANAGAR,16224.0
2024-10-01,JABALPUR,34424.0
2024-10-01,JAGDALPUR,7301.0
2024-10-01,JAIPUR,450917.0
2024-10-01,JAISALMER,14601.0
2024-10-01,JALGAON,8205.0
2024-10-01,JAMMU,122318.0
2024-10-01,JAMNAGAR,14228.0
2024-10-01,JAMSHEDPUR,692.0
2024-10-01,JEYPORE,829.0
2024-10-01,JHARSUGUDA,24967.0
2024-10-01,JODHPUR,80142.0
2024-10-01,JORHAT,10116.0
2024-10-01,KADAPA,3712.0
2024-10-01,KALABURAGI,2399.0
2024-10-01,KANDLA,3028.0
2024-10-01,KANNUR,24546.0
2024-10-01,KANPUR,26278.0
2024-10-01,KESHOD,1134.0
2024-10-01,KHAJURAHO,3209.0
2024-10-01,KISHANGARH,6500.0
2024-10-01,KOCHI,484345.0
2024-10-01,KOLHAPUR,12104.0
2024-10-01,KOLKATA,1687125.0
2024-10-01,KOZHIKODE,52501.0
2024-10-01,KULLU,3606.0
2024-10-01,KURNOOL,2006.0
2024-10-01,LEH,83210.0
2024-10-01,LILABARI,1797.0
2024-10-01,LUCKNOW,458527.0
2024-10-01,LUDHIANA,176.0
2024-10-01,MADURAI,79831.0
2024-10-01,MALVAN,1678.0
2024-10-01,MANGALURU,144335.0
2024-10-01,MORADABAD,152.0
2024-10-01,MUMBAI,3124405.0
2024-10-01,MYSURU,7123.0
2024-10-01,NAGPUR,230147.0
2024-10-01,NANDED,12139.0
2024-10-01,NASHIK,32788.0
2024-10-01,PANTNAGAR,9295.0
2024-10-01,PASIGHAT,577.0
2024-10-01,PATNA,301699.0
2024-10-01,PITHORAGARH,842.0
2024-10-01,PORT BLAIR,131776.0
2024-10-01,PRAYAGRAJ,48189.0
2024-10-01,PUNE,850630.0
2024-10-01,RAIPUR,215421.0
2024-10-01,RAJAHMUNDRY,35830.0
2024-10-01,RAJKOT,88918.0
2024-10-01,RANCHI,216520.0
2024-10-01,ROURKELA,3489.0
2024-10-01,RUPSI,887.0
2024-10-01,SALEM,10670.0
2024-10-01,SHILLONG,10965.0
2024-10-01,SHIRDI,56124.0
2024-10-01,SHIVAMOGGA,11647.0
2024-10-01,SHRAVASTI,109.0
2024-10-01,SILCHAR,43488.0
2024-10-01,SIMLA,2987.0
2024-10-01,SRINAGAR,321913.0
2024-10-01,SURAT,127572.0
2024-10-01,TEZU,425.0
2024-10-01,THIRUVANANTHAPURAM,214195.0
2024-10-01,TIRUCHIRAPPALLI,42799.0
2024-10-01,TIRUPATI,77101.0
2024-10-01,TUTICORIN,15433.0
2024-10-01,UDAIPUR,127314.0
2024-10-01,UTKELA,235.0
2024-10-01,VADODARA,99911.0
2024-10-01,VARANASI,315869.0
2024-10-01,VIDYANAGAR,3691.0
2024-10-01,VIJAYAWADA,115779.0
2024-10-01,VISAKHAPATNAM,257554.0
2024-10-01,ZIRO,9.0
2024-11-01,ADAMPUR,3198.0
2024-11-01,AGARTALA,118989.0
2024-11-01,AGATTI ISLAND,10618.0
2024-11-01,AGRA,14287.0
2024-11-01,AHMEDABAD,987076.0
2024-11-01,AIZAWL,40606.0
2024-11-01,ALIGARH,67.0
2024-11-01,AMRITSAR,197751.0
2024-11-01,AURANGABAD,64379.0
2024-11-01,AYODHYA,87876.0
2024-11-01,AZAMGARH,29.0
2024-11-01,BAGDOGRA,265862.0
2024-11-01,BAREILLY,10217.0
2024-11-01,BELGAUM,23456.0
2024-11-01,BENGALURU,3003688.0
2024-11-01,BHATINDA,2688.0
2024-11-01,BHAVNAGAR,7051.0
2024-11-01,BHOPAL,137414.0
2024-11-01,BHUBANESWAR,395370.0
2024-11-01,BHUJ,12752.0
2024-11-01,BIKANER,1905.0
2024-11-01,BILASPUR,4161.0
2024-11-01,CHANDIGARH,332829.0
2024-11-01,CHENNAI,1353263.0
2024-11-01,CHITRAKOOT,76.0
2024-11-01,COIMBATORE,248777.0
2024-11-01,COOCH BEHAR,496.0
2024-11-01,DARBHANGA,46492.0
2024-11-01,DEHRADUN,136378.0
2024-11-01,DELHI,4835683.0
2024-11-01,DEOGHAR,26805.0
2024-11-01,DHARAMSALA,16714.0
2024-11-01,DIBRUGARH,70360.0
2024-11-01,DIMAPUR,26650.0
2024-11-01,DIU,11035.0
2024-11-01,DURGAPUR,44805.0
2024-11-01,GAYA,19771.0
2024-11-01,GHAZIABAD,8721.0
2024-11-01,GOA,975091.0
2024-11-01,GONDIA,3237.0
2024-11-01,GORAKHPUR,74142.0
2024-11-01,GUWAHATI,540943.0
2024-11-01,GWALIOR,28386.0
2024-11-01,HUBLI,31504.0
2024-11-01,HYDERABAD,2110660.0
2024-11-01,IMPHAL,108133.0
2024-11-01,INDORE,322079.0
2024-11-01,ITANAGAR,13967.0
2024-11-01,JABALPUR,37189.0
2024-11-01,JAGDALPUR,5039.0
2024-11-01,JAIPUR,502295.0
2024-11-01,JAISALMER,19729.0
2024-11-01,JALGAON,11669.0
2024-11-01,JAMMU,130265.0
2024-11-01,JAMNAGAR,11175.0
2024-11-01,JAMSHEDPUR,780.0
2024-11-01,JEYPORE,1075.0
2024-11-01,JHARSUGUDA,25964.0
2024-11-01,JODHPUR,99794.0
2024-11-01,JORHAT,10314.0
2024-11-01,KADAPA,5207.0
2024-11-01,KALABURAGI,955.0
2024-11-01,KANDLA,4526.0
2024-11-01,KANNUR,26032.0
2024-11-01,KANPUR,30402.0
2024-11-01,KESHOD,3318.0
2024-11-01,KHAJURAHO,12180.0
2024-11-01,KISHANGARH,7962.0
2024-11-01,KOCHI,526327.0
2024-11-01,KOLHAPUR,13389.0
2024-11-01,KOLKATA,1664106.0
2024-11-01,KOZHIKODE,57210.0
2024-11-01,KULLU,2699.0
2024-11-01,KURNOOL,1791.0
2024-11-01,LEH,63456.0
2024-11-01,LILABARI,1236.0
2024-11-01,LUCKNOW,511586.0
2024-11-01,LUDHIANA,20.0
2024-11-01,MADURAI,89501.0
2024-11-01,MALVAN,621.0
2024-11-01,MANGALURU,139867.0
2024-11-01,MORADABAD,11.0
2024-11-01,MUMBAI,3335252.0
2024-11-01,MYSURU,7498.0
2024-11-01,NAGPUR,248402.0
2024-11-01,NANDED,13408.0
2024-11-01,NASHIK,32794.0
2024-11-01,PANTNAGAR,8460.0
2024-11-01,PASIGHAT,940.0
2024-11-01,PATNA,369039.0
2024-11-01,PITHORAGARH,1491.0
2024-11-01,PORT BLAIR,159583.0
2024-11-01,PRAYAGRAJ,55956.0
2024-11-01,PUNE,888571.0
2024-11-01,RAIPUR,232487.0
2024-11-01,RAJAHMUNDRY,35985.0
2024-11-01,RAJKOT,99805.0
2024-11-01,RANCHI,234144.0
2024-11-01,REWA,89.0
2024-11-01,ROURKELA,3032.0
2024-11-01,RUPSI,2247.0
2024-11-01,SALEM,10179.0
2024-11-01,SHILLONG,9745.0
2024-11-01,SHIRDI,67495.0
2024-11-01,SHIVAMOGGA,12209.0
2024-11-01,SHRAVASTI,14.0
2024-11-01,SILCHAR,43214.0
2024-11-01,SIMLA,2461.0
2024-11-01,SRINAGAR,303634.0
2024-11-01,SURAT,139785.0
2024-11-01,TEZU,1487.0
2024-11-01,THIRUVANANTHAPURAM,227961.0
2024-11-01,TIRUCHIRAPPALLI,45963.0
2024-11-01,TIRUPATI,83453.0
2024-11-01,TUTICORIN,16885.0
2024-11-01,UDAIPUR,154167.0
2024-11-01,UTKELA,256.0
2024-11-01,VADODARA,112846.0
2024-11-01,VARANASI,379959.0
2024-11-01,VIDYANAGAR,3225.0
2024-11-01,VIJAYAWADA,119081.0
2024-11-01,VISAKHAPATNAM,243193.0
2024-11-01,ZIRO,10.0
2024-12-01,ADAMPUR,3727.0
2024-12-01,AGARTALA,127843.0
2024-12-01,AGATTI ISLAND,12157.0
2024-12-01,AGRA,14462.0
2024-12-01,AHMEDABAD,1038976.0
2024-12-01,AIZAWL,45867.0
2024-12-01,ALIGARH,24.0
2024-12-01,AMBIKAPUR,109.0
2024-12-01,AMRITSAR,222864.0
2024-12-01,AURANGABAD,63645.0
2024-12-01,AYODHYA,95278.0
2024-12-01,BAGDOGRA,268263.0
2024-12-01,BAREILLY,10527.0
2024-12-01,BELGAUM,27085.0
2024-12-01,BENGALURU,3091130.0
2024-12-01,BHATINDA,2620.0
2024-12-01,BHAVNAGAR,7584.0
2024-12-01,BHOPAL,148266.0
2024-12-01,BHUBANESWAR,407758.0
2024-12-01,BHUJ,15684.0
2024-12-01,BIKANER,549.0
2024-12-01,BILASPUR,4410.0
2024-12-01,CHANDIGARH,354415.0
2024-12-01,CHENNAI,1510938.0
2024-12-01,CHITRAKOOT,16.0
2024-12-01,COIMBATORE,277843.0
2024-12-01,COOCH BEHAR,526.0
2024-12-01,DARBHANGA,58773.0
2024-12-01,DEHRADUN,136027.0
2024-12-01,DELHI,4947654.0
2024-12-01,DEOGHAR,32705.0
2024-12-01,DHARAMSALA,16074.0
2024-12-01,DIBRUGARH,68072.0
2024-12-01,DIMAPUR,31841.0
2024-12-01,DIU,10427.0
2024-12-01,DURGAPUR,49902.0
2024-12-01,GAYA,19976.0
2024-12-01,GHAZIABAD,9245.0
2024-12-01,GOA,1065873.0
2024-12-01,GONDIA,2676.0
2024-12-01,GORAKHPUR,86464.0
2024-12-01,GUWAHATI,582138.0
2024-12-01,GWALIOR,31974.0
2024-12-01,HUBLI,33542.0
2024-12-01,HYDERABAD,2252291.0
2024-12-01,IMPHAL,113025.0
2024-12-01,INDORE,348776.0
2024-12-01,ITANAGAR,14749.0
2024-12-01,JABALPUR,38484.0
2024-12-01,JAGDALPUR,5323.0
2024-12-01,JAIPUR,527600.0
2024-12-01,JAISALMER,24669.0
2024-12-01,JALGAON,12436.0
2024-12-01,JAMMU,135215.0
2024-12-01,JAMNAGAR,9485.0
2024-12-01,JAMSHEDPUR,936.0
2024-12-01,JEYPORE,1301.0
2024-12-01,JHARSUGUDA,26403.0
2024-12-01,JODHPUR,106673.0
2024-12-01,JORHAT,11431.0
2024-12-01,KADAPA,4569.0
2024-12-01,KALABURAGI,1604.0
2024-12-01,KANDLA,4718.0
2024-12-01,KANNUR,38292.0
2024-12-01,KANPUR,30639.0
2024-12-01,KESHOD,2264.0
2024-12-01,KHAJURAHO,10999.0
2024-12-01,KISHANGARH,7966.0
2024-12-01,KOCHI,549864.0
2024-12-01,KOLHAPUR,13341.0
2024-12-01,KOLKATA,1737662.0
2024-12-01,KOZHIKODE,62455.0
2024-12-01,KULLU,1602.0
2024-12-01,KURNOOL,1678.0
2024-12-01,LEH,63220.0
2024-12-01,LILABARI,1435.0
2024-12-01,LUCKNOW,509730.0
2024-12-01,MADURAI,98918.0
2024-12-01,MALVAN,637.0
2024-12-01,MANGALURU,146616.0
2024-12-01,MUMBAI,3449744.0
2024-12-01,MYSURU,7949.0
2024-12-01,NAGPUR,264892.0
2024-12-01,NANDED,14751.0
2024-12-01,NASHIK,31739.0
2024-12-01,PANTNAGAR,9001.0
2024-12-01,PASIGHAT,1288.0
2024-12-01,PATNA,318676.0
2024-12-01,PITHORAGARH,1114.0
2024-12-01,PORT BLAIR,195891.0
2024-12-01,PRAYAGRAJ,57142.0
2024-12-01,PUDUCHERRY,3255.0
2024-12-01,PUNE,938963.0
2024-12-01,RAIPUR,239097.0
2024-12-01,RAJAHMUNDRY,50732.0
2024-12-01,RAJKOT,103790.0
2024-12-01,RANCHI,241906.0
2024-12-01,REWA,224.0
2024-12-01,ROURKELA,3064.0
2024-12-01,RUPSI,1996.0
2024-12-01,SALEM,10361.0
2024-12-01,SHILLONG,10091.0
2024-12-01,SHIRDI,72024.0
2024-12-01,SHIVAMOGGA,14311.0
2024-12-01,SHRAVASTI,13.0
2024-12-01,SILCHAR,43598.0
2024-12-01,SIMLA,2077.0
2024-12-01,SRINAGAR,321326.0
2024-12-01,SURAT,148095.0
2024-12-01,TEZU,3870.0
2024-12-01,THIRUVANANTHAPURAM,248492.0
2024-12-01,TIRUCHIRAPPALLI,48811.0
2024-12-01,TIRUPATI,100476.0
2024-12-01,TUTICORIN,18451.0
2024-12-01,UDAIPUR,169366.0
2024-12-01,UTKELA,368.0
2024-12-01,VADODARA,116863.0
2024-12-01,VARANASI,329019.0
2024-12-01,VIDYANAGAR,4194.0
2024-12-01,VIJAYAWADA,135349.0
2024-12-01,VISAKHAPATNAM,267293.0
2024-12-01,ZIRO,107.0
2025-01-01,ADAMPUR,2748.0
2025-01-01,AGARTALA,118380.0
2025-01-01,AGATTI ISLAND,11829.0
2025-01-01,AGRA,16332.0
2025-01-01,AHMEDABAD,1072845.0
2025-01-01,AIZAWL,43376.0
2025-01-01,AMBIKAPUR,228.0
2025-01-01,AMRITSAR,206622.0
2025-01-01,AURANGABAD,56256.0
2025-01-01,AYODHYA,105571.0
2025-01-01,BAGDOGRA,252869.0
2025-01-01,BAREILLY,9825.0
2025-01-01,BELGAUM,26010.0
2025-01-01,BENGALURU,3075406.0
2025-01-01,BHATINDA,2465.0
2025-01-01,BHAVNAGAR,7195.0
2025-01-01,BHOPAL,144885.0
2025-01-01,BHUBANESWAR,431746.0
2025-01-01,BHUJ,15145.0
2025-01-01,BIKANER,185.0
2025-01-01,BILASPUR,3889.0
2025-01-01,CHANDIGARH,326109.0
2025-01-01,CHENNAI,1490770.0
2025-01-01,COIMBATORE,272401.0
2025-01-01,COOCH BEHAR,521.0
2025-01-01,DARBHANGA,31534.0
2025-01-01,DEHRADUN,123823.0
2025-01-01,DELHI,4731795.0
2025-01-01,DEOGHAR,31308.0
2025-01-01,DHARAMSALA,13014.0
2025-01-01,DIBRUGARH,63895.0
2025-01-01,DIMAPUR,34093.0
2025-01-01,DIU,10511.0
2025-01-01,DURGAPUR,47641.0
2025-01-01,GAYA,18157.0
2025-01-01,GHAZIABAD,7910.0
2025-01-01,GOA,1066735.0
2025-01-01,GONDIA,2004.0
2025-01-01,GORAKHPUR,93334.0
2025-01-01,GUWAHATI,555267.0
2025-01-01,GWALIOR,24477.0
2025-01-01,HUBLI,31630.0
2025-01-01,HYDERABAD,2187050.0
2025-01-01,IMPHAL,108532.0
2025-01-01,INDORE,354043.0
2025-01-01,ITANAGAR,14256.0
2025-01-01,JABALPUR,39015.0
2025-01-01,JAGDALPUR,4050.0
2025-01-01,JAIPUR,499103.0
2025-01-01,JAISALMER,24998.0
2025-01-01,JALGAON,10044.0
2025-01-01,JAMMU,118439.0
2025-01-01,JAMNAGAR,10318.0
2025-01-01,JAMSHEDPUR,644.0
2025-01-01,JEYPORE,1390.0
2025-01-01,JHARSUGUDA,29934.0
2025-01-01,JODHPUR,103429.0
2025-01-01,JORHAT,13421.0
2025-01-01,KADAPA,5826.0
2025-01-01,KALABURAGI,1444.0
2025-01-01,KANDLA,5594.0
2025-01-01,KANNUR,40438.0
2025-01-01,KANPUR,30401.0
2025-01-01,KESHOD,1826.0
2025-01-01,KHAJURAHO,10180.0
2025-01-01,KISHANGARH,9070.0
2025-01-01,KOCHI,543276.0
2025-01-01,KOLHAPUR,13124.0
2025-01-01,KOLKATA,1691732.0
2025-01-01,KOZHIKODE,63386.0
2025-01-01,KULLU,2003.0
2025-01-01,KURNOOL,1953.0
2025-01-01,LEH,56663.0
2025-01-01,LILABARI,1471.0
2025-01-01,LUCKNOW,500050.0
2025-01-01,MADURAI,106424.0
2025-01-01,MALVAN,368.0
2025-01-01,MANGALURU,151973.0
2025-01-01,MUMBAI,3416689.0
2025-01-01,MYSURU,8163.0
2025-01-01,NAGPUR,254600.0
2025-01-01,NANDED,13188.0
2025-01-01,NASHIK,31356.0
2025-01-01,PANTNAGAR,7009.0
2025-01-01,PASIGHAT,1109.0
2025-01-01,PATNA,301431.0
2025-01-01,PITHORAGARH,878.0
2025-01-01,PORT BLAIR,193494.0
2025-01-01,PRAYAGRAJ,122896.0
2025-01-01,PUDUCHERRY,8570.0
2025-01-01,PUNE,929581.0
2025-01-01,RAIPUR,228406.0
2025-01-01,RAJAHMUNDRY,52823.0
2025-01-01,RAJKOT,107435.0
2025-01-01,RANCHI,232301.0
2025-01-01,REWA,223.0
2025-01-01,ROURKELA,2442.0
2025-01-01,RUPSI,616.0
2025-01-01,SALEM,10925.0
2025-01-01,SHILLONG,9745.0
2025-01-01,SHIRDI,65610.0
2025-01-01,SHIVAMOGGA,14481.0
2025-01-01,SILCHAR,39971.0
2025-01-01,SIMLA,2231.0
2025-01-01,SRINAGAR,305197.0
2025-01-01,SURAT,149658.0
2025-01-01,TEZU,2214.0
2025-01-01,THIRUVANANTHAPURAM,212955.0
2025-01-01,TIRUCHIRAPPALLI,49810.0
2025-01-01,TIRUPATI,94180.0
2025-01-01,TUTICORIN,19776.0
2025-01-01,UDAIPUR,165986.0
2025-01-01,UTKELA,305.0
2025-01-01,VADODARA,118225.0
2025-01-01,VARANASI,317714.0
2025-01-01,VIDYANAGAR,3291.0
2025-01-01,VIJAYAWADA,126670.0
2025-01-01,VISAKHAPATNAM,260423.0
2025-01-01,ZIRO,103.0
2025-02-01,ADAMPUR,3339.0
2025-02-01,AGARTALA,109795.0
2025-02-01,AGATTI ISLAND,10494.0
2025-02-01,AGRA,15254.0
2025-02-01,AHMEDABAD,1001242.0
2025-02-01,AIZAWL,32350.0
2025-02-01,AMBIKAPUR,138.0
2025-02-01,AMRITSAR,216411.0
2025-02-01,AURANGABAD,52660.0
2025-02-01,AYODHYA,101125.0
2025-02-01,BAGDOGRA,240952.0
2025-02-01,BAREILLY,8956.0
2025-02-01,BELGAUM,25165.0
2025-02-01,BENGALURU,2753785.0
2025-02-01,BHATINDA,2275.0
2025-02-01,BHAVNAGAR,5730.0
2025-02-01,BHOPAL,144050.0
2025-02-01,BHUBANESWAR,414068.0
2025-02-01,BHUJ,20880.0
2025-02-01,BIKANER,2891.0
2025-02-01,BILASPUR,3970.0
2025-02-01,CHANDIGARH,329896.0
2025-02-01,CHENNAI,1379391.0
2025-02-01,COIMBATORE,251495.0
2025-02-01,COOCH BEHAR,461.0
2025-02-01,DARBHANGA,39925.0
2025-02-01,DEHRADUN,133757.0
2025-02-01,DELHI,4759853.0
2025-02-01,DEOGHAR,27466.0
2025-02-01,DHARAMSALA,11592.0
2025-02-01,DIBRUGARH,60850.0
2025-02-01,DIMAPUR,28107.0
2025-02-01,DIU,10101.0
2025-02-01,DURGAPUR,42212.0
2025-02-01,GAYA,18894.0
2025-02-01,GHAZIABAD,8566.0
2025-02-01,GOA,939540.0
2025-02-01,GONDIA,2264.0
2025-02-01,GORAKHPUR,87883.0
2025-02-01,GUWAHATI,532595.0
2025-02-01,GWALIOR,26880.0
2025-02-01,HUBLI,30505.0
2025-02-01,HYDERABAD,2130031.0
2025-02-01,IMPHAL,103990.0
2025-02-01,INDORE,346366.0
2025-02-01,ITANAGAR,11883.0
2025-02-01,JABALPUR,36503.0
2025-02-01,JAGDALPUR,3843.0
2025-02-01,JAIPUR,496533.0
2025-02-01,JAISALMER,23480.0
2025-02-01,JALGAON,7639.0
2025-02-01,JAMMU,122045.0
2025-02-01,JAMNAGAR,9895.0
2025-02-01,JAMSHEDPUR,721.0
2025-02-01,JEYPORE,1232.0
2025-02-01,JHARSUGUDA,27355.0
2025-02-01,JODHPUR,96021.0
2025-02-01,JORHAT,10855.0
2025-02-01,KADAPA,5304.0
2025-02-01,KALABURAGI,1236.0
2025-02-01,KANDLA,4181.0
2025-02-01,KANNUR,35235.0
2025-02-01,KANPUR,30894.0
2025-02-01,KESHOD,2251.0
2025-02-01,KHAJURAHO,9723.0
2025-02-01,KISHANGARH,8525.0
2025-02-01,KOCHI,458576.0
2025-02-01,KOLHAPUR,12244.0
2025-02-01,KOLKATA,1567866.0
2025-02-01,KOZHIKODE,60376.0
2025-02-01,KULLU,1400.0
2025-02-01,KURNOOL,1449.0
2025-02-01,LEH,51110.0
2025-02-01,LILABARI,1267.0
2025-02-01,LUCKNOW,514602.0
2025-02-01,MADURAI,91378.0
2025-02-01,MANGALURU,140654.0
2025-02-01,MUMBAI,3208087.0
2025-02-01,MYSURU,7324.0
2025-02-01,NAGPUR,240755.0
2025-02-01,NANDED,13485.0
2025-02-01,NASHIK,30288.0
2025-02-01,PANTNAGAR,7481.0
2025-02-01,PASIGHAT,578.0
2025-02-01,PATNA,333858.0
2025-02-01,PITHORAGARH,866.0
2025-02-01,PORT BLAIR,150043.0
2025-02-01,PRAYAGRAJ,463233.0
2025-02-01,PUDUCHERRY,7757.0
2025-02-01,PUNE,835743.0
2025-02-01,RAIPUR,224431.0
2025-02-01,RAJAHMUNDRY,45626.0
2025-02-01,RAJKOT,92382.0
2025-02-01,RANCHI,218377.0
2025-02-01,REWA,186.0
2025-02-01,ROURKELA,2461.0
2025-02-01,RUPSI,194.0
2025-02-01,SALEM,8876.0
2025-02-01,SHILLONG,7760.0
2025-02-01,SHIRDI,54774.0
2025-02-01,SHIVAMOGGA,11011.0
2025-02-01,SILCHAR,38266.0
2025-02-01,SIMLA,2234.0
2025-02-01,SRINAGAR,297498.0
2025-02-01,SURAT,131860.0
2025-02-01,TEZU,65.0
2025-02-01,THIRUVANANTHAPURAM,179778.0
2025-02-01,TIRUCHIRAPPALLI,45347.0
2025-02-01,TIRUPATI,92703.0
2025-02-01,TUTICORIN,17027.0
2025-02-01,UDAIPUR,153589.0
2025-02-01,UTKELA,307.0
2025-02-01,VADODARA,107783.0
2025-02-01,VARANASI,375751.0
2025-02-01,VIJAYAWADA,122404.0
2025-02-01,VISAKHAPATNAM,240595.0
2025-02-01,ZIRO,71.0
2025-03-01,ADAMPUR,3741.0
2025-03-01,AGARTALA,122144.0
2025-03-01,AGATTI ISLAND,11046.0
2025-03-01,AGRA,17786.0
2025-03-01,AHMEDABAD,1005258.0
2025-03-01,AIZAWL,40411.0
2025-03-01,AMBIKAPUR,147.0
2025-03-01,AMRITSAR,223526.0
2025-03-01,AURANGABAD,57110.0
2025-03-01,AYODHYA,121260.0
2025-03-01,BAGDOGRA,278753.0
2025-03-01,BAREILLY,10174.0
2025-03-01,BELGAUM,26042.0
2025-03-01,BENGALURU,3045069.0
2025-03-01,BHATINDA,2265.0
2025-03-01,BHAVNAGAR,6264.0
2025-03-01,BHOPAL,148094.0
2025-03-01,BHUBANESWAR,442689.0
2025-03-01,BHUJ,22865.0
2025-03-01,BIKANER,3303.0
2025-03-01,BILASPUR,4289.0
2025-03-01,CHANDIGARH,369839.0
2025-03-01,CHENNAI,1425035.0
2025-03-01,COIMBATORE,266020.0
2025-03-01,COOCH BEHAR,528.0
2025-03-01,DARBHANGA,69031.0
2025-03-01,DEHRADUN,155055.0
2025-03-01,DELHI,4898530.0
2025-03-01,DEOGHAR,28922.0
2025-03-01,DHARAMSALA,17272.0
2025-03-01,DIBRUGARH,69160.0
2025-03-01,DIMAPUR,32048.0
2025-03-01,DIU,9076.0
2025-03-01,DURGAPUR,47760.0
2025-03-01,GAYA,20401.0
2025-03-01,GHAZIABAD,49099.0
2025-03-01,GOA,984101.0
2025-03-01,GONDIA,2632.0
2025-03-01,GORAKHPUR,106523.0
2025-03-01,GUWAHATI,593791.0
2025-03-01,GWALIOR,27552.0
2025-03-01,HUBLI,31310.0
2025-03-01,HYDERABAD,2149920.0
2025-03-01,IMPHAL,121333.0
2025-03-01,INDORE,360531.0
2025-03-01,ITANAGAR,13673.0
2025-03-01,JABALPUR,40120.0
2025-03-01,JAGDALPUR,5083.0
2025-03-01,JAIPUR,474073.0
2025-03-01,JAISALMER,9225.0
2025-03-01,JALGAON,7239.0
2025-03-01,JAMMU,143673.0
2025-03-01,JAMNAGAR,10098.0
2025-03-01,JAMSHEDPUR,812.0
2025-03-01,JEYPORE,1363.0
2025-03-01,JHARSUGUDA,38176.0
2025-03-01,JODHPUR,95402.0
2025-03-01,JORHAT,12694.0
2025-03-01,KADAPA,5452.0
2025-03-01,KALABURAGI,1442.0
2025-03-01,KANDLA,3667.0
2025-03-01,KANNUR,32709.0
2025-03-01,KANPUR,31891.0
2025-03-01,KESHOD,1217.0
2025-03-01,KHAJURAHO,10399.0
2025-03-01,KISHANGARH,9859.0
2025-03-01,KOCHI,462206.0
2025-03-01,KOLHAPUR,13549.0
2025-03-01,KOLKATA,1695577.0
2025-03-01,KOZHIKODE,60000.0
2025-03-01,KULLU,2233.0
2025-03-01,KURNOOL,1653.0
2025-03-01,LEH,67129.0
2025-03-01,LILABARI,1558.0
2025-03-01,LUCKNOW,432749.0
2025-03-01,LUDHIANA,113.0
2025-03-01,MADURAI,97539.0
2025-03-01,MANGALURU,150089.0
2025-03-01,MUMBAI,3249384.0
2025-03-01,MYSURU,7491.0
2025-03-01,NAGPUR,236116.0
2025-03-01,NANDED,14768.0
2025-03-01,NASHIK,34080.0
2025-03-01,PANTNAGAR,8040.0
2025-03-01,PASIGHAT,69.0
2025-03-01,PATNA,378500.0
2025-03-01,PITHORAGARH,1182.0
2025-03-01,PORBANDAR,55.0
2025-03-01,PORT BLAIR,161143.0
2025-03-01,PRAYAGRAJ,56014.0
2025-03-01,PUDUCHERRY,8372.0
2025-03-01,PUNE,906256.0
2025-03-01,RAIPUR,234245.0
2025-03-01,RAJAHMUNDRY,48480.0
2025-03-01,RAJKOT,95018.0
2025-03-01,RANCHI,236815.0
2025-03-01,REWA,163.0
2025-03-01,ROURKELA,2435.0
2025-03-01,RUPSI,763.0
2025-03-01,SALEM,10721.0
2025-03-01,SHILLONG,8093.0
2025-03-01,SHIRDI,67493.0
2025-03-01,SHIVAMOGGA,12396.0
2025-03-01,SILCHAR,42055.0
2025-03-01,SIMLA,2481.0
2025-03-01,SRINAGAR,354177.0
2025-03-01,SURAT,138158.0
2025-03-01,TEZU,80.0
2025-03-01,THIRUVANANTHAPURAM,188896.0
2025-03-01,TIRUCHIRAPPALLI,53429.0
2025-03-01,TIRUPATI,108227.0
2025-03-01,TUTICORIN,19939.0
2025-03-01,UDAIPUR,147219.0
2025-03-01,UTKELA,289.0
2025-03-01,VADODARA,106497.0
2025-03-01,VARANASI,409759.0
2025-03-01,VIDYANAGAR,1857.0
2025-03-01,VIJAYAWADA,123161.0
2025-03-01,VISAKHAPATNAM,248649.0
2025-03-01,ZIRO,32.0
2025-04-01,ADAMPUR,3264.0
2025-04-01,AGARTALA,136590.0
2025-04-01,AGATTI ISLAND,11549.0
2025-04-01,AGRA,21685.0
2025-04-01,AHMEDABAD,983585.0
2025-04-01,AIZAWL,37279.0
2025-04-01,AMBIKAPUR,204.0
2025-04-01,AMRAVATI,544.0
2025-04-01,AMRITSAR,184709.0
2025-04-01,AURANGABAD,53330.0
2025-04-01,AYODHYA,108504.0
2025-04-01,BAGDOGRA,303463.0
2025-04-01,BAREILLY,10103.0
2025-04-01,BELGAUM,25536.0
2025-04-01,BENGALURU,3115810.0
2025-04-01,BHATINDA,1686.0
2025-04-01,BHAVNAGAR,6570.0
2025-04-01,BHOPAL,128927.0
2025-04-01,BHUBANESWAR,448002.0
2025-04-01,BHUJ,22929.0
2025-04-01,BIDAR,1402.0
2025-04-01,BIKANER,4183.0
2025-04-01,BILASPUR,3987.0
2025-04-01,CHANDIGARH,365978.0
2025-04-01,CHENNAI,1442338.0
2025-04-01,COIMBATORE,282452.0
2025-04-01,COOCH BEHAR,517.0
2025-04-01,DARBHANGA,59467.0
2025-04-01,DEHRADUN,185445.0
2025-04-01,DELHI,4680387.0
2025-04-01,DEOGHAR,36016.0
2025-04-01,DHARAMSALA,20553.0
2025-04-01,DIBRUGARH,68886.0
2025-04-01,DIMAPUR,32135.0
2025-04-01,DIU,8669.0
2025-04-01,DURGAPUR,46027.0
2025-04-01,GAYA,18839.0
2025-04-01,GHAZIABAD,64585.0
2025-04-01,GOA,865021.0
2025-04-01,GONDIA,3224.0
2025-04-01,GORAKHPUR,102867.0
2025-04-01,GUWAHATI,582561.0
2025-04-01,GWALIOR,29297.0
2025-04-01,HISSAR,716.0
2025-04-01,HUBLI,33295.0
2025-04-01,HYDERABAD,2203262.0
2025-04-01,IMPHAL,113594.0
2025-04-01,INDORE,354985.0
2025-04-01,ITANAGAR,15661.0
2025-04-01,JABALPUR,44712.0
2025-04-01,JAGDALPUR,5666.0
2025-04-01,JAIPUR,340301.0
2025-04-01,JALGAON,10785.0
2025-04-01,JAMMU,150219.0
2025-04-01,JAMNAGAR,9440.0
2025-04-01,JAMSHEDPUR,767.0
2025-04-01,JEYPORE,1262.0
2025-04-01,JHARSUGUDA,39852.0
2025-04-01,JODHPUR,75009.0
2025-04-01,JORHAT,10585.0
2025-04-01,KADAPA,5581.0
2025-04-01,KALABURAGI,2189.0
2025-04-01,KANDLA,2511.0
2025-04-01,KANNUR,43999.0
2025-04-01,KANPUR,35390.0
2025-04-01,KESHOD,610.0
2025-04-01,KISHANGARH,9500.0
2025-04-01,KOCHI,514878.0
2025-04-01,KOLHAPUR,12858.0
2025-04-01,KOLKATA,1611364.0
2025-04-01,KOZHIKODE,76282.0
2025-04-01,KULLU,2771.0
2025-04-01,KURNOOL,1674.0
2025-04-01,LEH,98804.0
2025-04-01,LILABARI,1281.0
2025-04-01,LUCKNOW,428446.0
2025-04-01,LUDHIANA,189.0
2025-04-01,MADURAI,95310.0
2025-04-01,MALVAN,906.0
2025-04-01,MANGALURU,156083.0
2025-04-01,MUMBAI,3193657.0
2025-04-01,MYSURU,7361.0
2025-04-01,NAGPUR,224441.0
2025-04-01,NANDED,14160.0
2025-04-01,NASHIK,36055.0
2025-04-01,PANTNAGAR,7061.0
2025-04-01,PASIGHAT,9.0
2025-04-01,PATNA,383466.0
2025-04-01,PITHORAGARH,1188.0
2025-04-01,PORBANDAR,752.0
2025-04-01,PORT BLAIR,131687.0
2025-04-01,PRAYAGRAJ,48824.0
2025-04-01,PUDUCHERRY,7872.0
2025-04-01,PUNE,911355.0
2025-04-01,RAIPUR,241221.0
2025-04-01,RAJAHMUNDRY,48569.0
2025-04-01,RAJKOT,93797.0
2025-04-01,RANCHI,241477.0
2025-04-01,REWA,185.0
2025-04-01,ROURKELA,3046.0
2025-04-01,RUPSI,361.0
2025-04-01,SALEM,10828.0
2025-04-01,SHILLONG,7521.0
2025-04-01,SHIRDI,63512.0
2025-04-01,SHIVAMOGGA,14111.0
2025-04-01,SILCHAR,37404.0
2025-04-01,SIMLA,2366.0
2025-04-01,SRINAGAR,442502.0
2025-04-01,SURAT,133647.0
2025-04-01,TEZU,953.0
2025-04-01,THIRUVANANTHAPURAM,209381.0
2025-04-01,TIRUCHIRAPPALLI,66307.0
2025-04-01,TIRUPATI,102731.0
2025-04-01,TUTICORIN,23598.0
2025-04-01,UDAIPUR,114591.0
2025-04-01,UTKELA,340.0
2025-04-01,VADODARA,102552.0
2025-04-01,VARANASI,337399.0
2025-04-01,VIDYANAGAR,1690.0
2025-04-01,VIJAYAWADA,103908.0
2025-04-01,VISAKHAPATNAM,237504.0
2025-04-01,ZIRO,71.0
2025-05-01,ADAMPUR,2401.0
2025-05-01,AGARTALA,137655.0
2025-05-01,AGATTI ISLAND,10504.0
2025-05-01,AGRA,22039.0
2025-05-01,AHMEDABAD,981920.0
2025-05-01,AIZAWL,36081.0
2025-05-01,AMBIKAPUR,485.0
2025-05-01,AMRAVATI,939.0
2025-05-01,AMRITSAR,94700.0
2025-05-01,AURANGABAD,52672.0
2025-05-01,AYODHYA,97392.0
2025-05-01,BAGDOGRA,349637.0
2025-05-01,BAREILLY,10493.0
2025-05-01,BELGAUM,27435.0
2025-05-01,BENGALURU,3187463.0
2025-05-01,BHATINDA,873.0
2025-05-01,BHAVNAGAR,5080.0
2025-05-01,BHOPAL,132165.0
2025-05-01,BHUBANESWAR,456829.0
2025-05-01,BHUJ,18113.0
2025-05-01,BIDAR,2343.0
2025-05-01,BIKANER,2786.0
2025-05-01,BILASPUR,3853.0
2025-05-01,CHANDIGARH,236189.0
2025-05-01,CHENNAI,1478388.0
2025-05-01,COIMBATORE,299871.0
2025-05-01,COOCH BEHAR,517.0
2025-05-01,DARBHANGA,66293.0
2025-05-01,DATIA,24.0
2025-05-01,DEHRADUN,198200.0
2025-05-01,DELHI,4384693.0
2025-05-01,DEOGHAR,36771.0
2025-05-01,DHARAMSALA,13495.0
2025-05-01,DIBRUGARH,65485.0
2025-05-01,DIMAPUR,31389.0
2025-05-01,DIU,9734.0
2025-05-01,DURGAPUR,50607.0
2025-05-01,GAYA,18666.0
2025-05-01,GHAZIABAD,48821.0
2025-05-01,GOA,914033.0
2025-05-01,GONDIA,3109.0
2025-05-01,GORAKHPUR,105304.0
2025-05-01,GUWAHATI,580077.0
2025-05-01,GWALIOR,24937.0
2025-05-01,HISSAR,642.0
2025-05-01,HUBLI,30985.0
2025-05-01,HYDERABAD,2317811.0
2025-05-01,IMPHAL,111089.0
2025-05-01,INDORE,354686.0
2025-05-01,ITANAGAR,15476.0
2025-05-01,JABALPUR,46718.0
2025-05-01,JAGDALPUR,5516.0
2025-05-01,JAIPUR,336746.0
2025-05-01,JALGAON,12146.0
2025-05-01,JAMMU,68561.0
2025-05-01,JAMNAGAR,6116.0
2025-05-01,JAMSHEDPUR,709.0
2025-05-01,JEYPORE,1255.0
2025-05-01,JHARSUGUDA,40498.0
2025-05-01,JODHPUR,53963.0
2025-05-01,JORHAT,10078.0
2025-05-01,KADAPA,6165.0
2025-05-01,KALABURAGI,3681.0
2025-05-01,KANDLA,1278.0
2025-05-01,KANNUR,46513.0
2025-05-01,KANPUR,34947.0
2025-05-01,KESHOD,315.0
2025-05-01,KHAJURAHO,14.0
2025-05-01,KISHANGARH,8398.0
2025-05-01,KOCHI,541501.0
2025-05-01,KOLHAPUR,15622.0
2025-05-01,KOLKATA,1564699.0
2025-05-01,KOZHIKODE,74209.0
2025-05-01,KULLU,1428.0
2025-05-01,KURNOOL,1946.0
2025-05-01,LEH,67961.0
2025-05-01,LILABARI,1086.0
2025-05-01,LUCKNOW,406883.0
2025-05-01,LUDHIANA,97.0
2025-05-01,MADURAI,101723.0
2025-05-01,MALVAN,1977.0
2025-05-01,MANGALURU,161646.0
2025-05-01,MUMBAI,3178186.0
2025-05-01,MYSURU,7437.0
2025-05-01,NAGPUR,240809.0
2025-05-01,NANDED,15190.0
2025-05-01,NASHIK,37536.0
2025-05-01,PANTNAGAR,7574.0
2025-05-01,PASIGHAT,19.0
2025-05-01,PATNA,401057.0
2025-05-01,PITHORAGARH,1518.0
2025-05-01,PORBANDAR,740.0
2025-05-01,PORT BLAIR,136925.0
2025-05-01,PRAYAGRAJ,55900.0
2025-05-01,PUDUCHERRY,8072.0
2025-05-01,PUNE,912397.0
2025-05-01,RAIPUR,260235.0
2025-05-01,RAJAHMUNDRY,54404.0
2025-05-01,RAJKOT,69716.0
2025-05-01,RANCHI,252263.0
2025-05-01,REWA,328.0
2025-05-01,ROURKELA,2190.0
2025-05-01,RUPSI,330.0
2025-05-01,SALEM,11610.0
2025-05-01,SHILLONG,7349.0
2025-05-01,SHIRDI,59458.0
2025-05-01,SHIVAMOGGA,14106.0
2025-05-01,SILCHAR,36461.0
2025-05-01,SIMLA,1415.0
2025-05-01,SRINAGAR,143404.0
2025-05-01,SURAT,144582.0
2025-05-01,TEZU,750.0
2025-05-01,THIRUVANANTHAPURAM,223913.0
2025-05-01,TIRUCHIRAPPALLI,74000.0
2025-05-01,TIRUPATI,104889.0
2025-05-01,TUTICORIN,28456.0
2025-05-01,UDAIPUR,104721.0
2025-05-01,UTKELA,466.0
2025-05-01,VADODARA,104538.0
2025-05-01,VARANASI,381704.0
2025-05-01,VIDYANAGAR,639.0
2025-05-01,VIJAYAWADA,106721.0
2025-05-01,VISAKHAPATNAM,262049.0
2025-05-01,ZIRO,46.0
2025-06-01,ADAMPUR,3038.0
2025-06-01,AGARTALA,127040.0
2025-06-01,AGATTI ISLAND,6103.0
2025-06-01,AGRA,20187.0
2025-06-01,AHMEDABAD,885053.0
2025-06-01,AIZAWL,34106.0
2025-06-01,AMBIKAPUR,139.0
2025-06-01,AMRAVATI,667.0
2025-06-01,AMRITSAR,144275.0
2025-06-01,AURANGABAD,52311.0
2025-06-01,AYODHYA,81140.0
2025-06-01,BAGDOGRA,309776.0
2025-06-01,BAREILLY,10030.0
2025-06-01,BELGAUM,22597.0
2025-06-01,BENGALURU,3031432.0
2025-06-01,BHATINDA,1791.0
2025-06-01,BHAVNAGAR,1779.0
2025-06-01,BHOPAL,129058.0
2025-06-01,BHUBANESWAR,419083.0
2025-06-01,BHUJ,21112.0
2025-06-01,BIDAR,2362.0
2025-06-01,BIKANER,3663.0
2025-06-01,BILASPUR,3858.0
2025-06-01,CHANDIGARH,345573.0
2025-06-01,CHENNAI,1403667.0
2025-06-01,COIMBATORE,275006.0
2025-06-01,COOCH BEHAR,478.0
2025-06-01,DARBHANGA,59215.0
2025-06-01,DATIA,227.0
2025-06-01,DEHRADUN,195542.0
2025-06-01,DELHI,4341903.0
2025-06-01,DEOGHAR,32544.0
2025-06-01,DHARAMSALA,15564.0
2025-06-01,DIBRUGARH,59179.0
2025-06-01,DIMAPUR,29618.0
2025-06-01,DIU,9309.0
2025-06-01,DURGAPUR,49212.0
2025-06-01,GAYA,17730.0
2025-06-01,GHAZIABAD,76806.0
2025-06-01,GOA,879964.0
2025-06-01,GONDIA,3101.0
2025-06-01,GORAKHPUR,99988.0
2025-06-01,GUWAHATI,550688.0
2025-06-01,GWALIOR,25117.0
2025-06-01,HISSAR,1396.0
2025-06-01,HUBLI,28278.0
2025-06-01,HYDERABAD,2169044.0
2025-06-01,IMPHAL,104345.0
2025-06-01,INDORE,359930.0
2025-06-01,ITANAGAR,13545.0
2025-06-01,JABALPUR,43208.0
2025-06-01,JAGDALPUR,4990.0
2025-06-01,JAIPUR,348713.0
2025-06-01,JALGAON,10040.0
2025-06-01,JAMMU,93283.0
2025-06-01,JAMNAGAR,6816.0
2025-06-01,JAMSHEDPUR,673.0
2025-06-01,JEYPORE,1233.0
2025-06-01,JHARSUGUDA,36637.0
2025-06-01,JODHPUR,69896.0
2025-06-01,JORHAT,9031.0
2025-06-01,KADAPA,5638.0
2025-06-01,KALABURAGI,2275.0
2025-06-01,KANDLA,1375.0
2025-06-01,KANNUR,37596.0
2025-06-01,KANPUR,33341.0
2025-06-01,KESHOD,339.0
2025-06-01,KHAJURAHO,75.0
2025-06-01,KISHANGARH,10378.0
2025-06-01,KOCHI,468583.0
2025-06-01,KOLHAPUR,15910.0
2025-06-01,KOLKATA,1520358.0
2025-06-01,KOZHIKODE,57302.0
2025-06-01,KULLU,2401.0
2025-06-01,KURNOOL,1613.0
2025-06-01,LEH,99474.0
2025-06-01,LILABARI,872.0
2025-06-01,LUCKNOW,405192.0
2025-06-01,LUDHIANA,96.0
2025-06-01,MADURAI,99509.0
2025-06-01,MALVAN,2568.0
2025-06-01,MANGALURU,139945.0
2025-06-01,MUMBAI,3094917.0
2025-06-01,MYSURU,7232.0
2025-06-01,NAGPUR,226254.0
2025-06-01,NANDED,13976.0
2025-06-01,NASHIK,31928.0
2025-06-01,PANTNAGAR,5549.0
2025-06-01,PASIGHAT,11.0
2025-06-01,PATNA,385688.0
2025-06-01,PITHORAGARH,939.0
2025-06-01,PORBANDAR,603.0
2025-06-01,PORT BLAIR,122480.0
2025-06-01,PRAYAGRAJ,52071.0
2025-06-01,PUDUCHERRY,7943.0
2025-06-01,PUNE,896146.0
2025-06-01,RAIPUR,242280.0
2025-06-01,RAJAHMUNDRY,47075.0
2025-06-01,RAJKOT,89542.0
2025-06-01,RANCHI,230219.0
2025-06-01,REWA,194.0
2025-06-01,ROURKELA,2355.0
2025-06-01,RUPSI,494.0
2025-06-01,SALEM,10697.0
2025-06-01,SHILLONG,7746.0
2025-06-01,SHIRDI,48424.0
2025-06-01,SHIVAMOGGA,11889.0
2025-06-01,SHOLAPUR,1027.0
2025-06-01,SILCHAR,31261.0
2025-06-01,SIMLA,1347.0
2025-06-01,SRINAGAR,218577.0
2025-06-01,SURAT,126744.0
2025-06-01,TEZU,773.0
2025-06-01,THIRUVANANTHAPURAM,177188.0
2025-06-01,TIRUCHIRAPPALLI,75822.0
2025-06-01,TIRUPATI,101210.0
2025-06-01,TUTICORIN,23948.0
2025-06-01,UDAIPUR,105885.0
2025-06-01,UTKELA,435.0
2025-06-01,VADODARA,98892.0
2025-06-01,VARANASI,369797.0
2025-06-01,VIDYANAGAR,688.0
2025-06-01,VIJAYAWADA,110988.0
2025-06-01,VISAKHAPATNAM,240394.0
2025-06-01,ZIRO,67.0
2025-07-01,ADAMPUR,7442.0
2025-07-01,AGARTALA,127737.0
2025-07-01,AGATTI ISLAND,4585.0
2025-07-01,AGRA,16717.0
2025-07-01,AHMEDABAD,801329.0
2025-07-01,AIZAWL,32643.0
2025-07-01,AMRAVATI,780.0
2025-07-01,AMRITSAR,136106.0
2025-07-01,AURANGABAD,47580.0
2025-07-01,AYODHYA,55929.0
2025-07-01,BAGDOGRA,236438.0
2025-07-01,BAREILLY,10033.0
2025-07-01,BELGAUM,18434.0
2025-07-01,BENGALURU,2820540.0
2025-07-01,BHATINDA,1497.0
2025-07-01,BHOPAL,110196.0
2025-07-01,BHUBANESWAR,350598.0
2025-07-01,BHUJ,16202.0
2025-07-01,BIDAR,2284.0
2025-07-01,BIKANER,3748.0
2025-07-01,BILASPUR,2797.0
2025-07-01,CHANDIGARH,285523.0
2025-07-01,CHENNAI,1335027.0
2025-07-01,COIMBATORE,246601.0
2025-07-01,COOCH BEHAR,337.0
2025-07-01,DARBHANGA,63892.0
2025-07-01,DATIA,165.0
2025-07-01,DEHRADUN,130843.0
2025-07-01,DELHI,4043459.0
2025-07-01,DEOGHAR,26620.0
2025-07-01,DHARAMSALA,9315.0
2025-07-01,DIBRUGARH,67869.0
2025-07-01,DIMAPUR,29914.0
2025-07-01,DIU,9011.0
2025-07-01,DURGAPUR,36689.0
2025-07-01,GAYA,15863.0
2025-07-01,GHAZIABAD,107797.0
2025-07-01,GOA,740991.0
2025-07-01,GONDIA,1332.0
2025-07-01,GORAKHPUR,90192.0
2025-07-01,GUWAHATI,543499.0
2025-07-01,GWALIOR,18850.0
2025-07-01,HISSAR,688.0
2025-07-01,HUBLI,24768.0
2025-07-01,HYDERABAD,1954248.0
2025-07-01,IMPHAL,100396.0
2025-07-01,INDORE,341492.0
2025-07-01,ITANAGAR,15608.0
2025-07-01,JABALPUR,34575.0
2025-07-01,JAGDALPUR,4444.0
2025-07-01,JAIPUR,364557.0
2025-07-01,JALGAON,8786.0
2025-07-01,JAMMU,112814.0
2025-07-01,JAMNAGAR,7613.0
2025-07-01,JAMSHEDPUR,565.0
2025-07-01,JEYPORE,1091.0
2025-07-01,JHARSUGUDA,26480.0
2025-07-01,JODHPUR,62320.0
2025-07-01,JORHAT,9878.0
2025-07-01,KADAPA,5694.0
2025-07-01,KALABURAGI,2108.0
2025-07-01,KANDLA,2240.0
2025-07-01,KANNUR,33443.0
2025-07-01,KANPUR,22590.0
2025-07-01,KHAJURAHO,50.0
2025-07-01,KISHANGARH,9466.0
2025-07-01,KOCHI,424774.0
2025-07-01,KOLHAPUR,15583.0
2025-07-01,KOLKATA,1422807.0
2025-07-01,KOZHIKODE,62066.0
2025-07-01,KULLU,957.0
2025-07-01,KURNOOL,1731.0
2025-07-01,LEH,98177.0
2025-07-01,LILABARI,695.0
2025-07-01,LUCKNOW,352121.0
2025-07-01,LUDHIANA,27.0
2025-07-01,MADURAI,90175.0
2025-07-01,MALVAN,4885.0
2025-07-01,MANGALURU,140310.0
2025-07-01,MUMBAI,3013423.0
2025-07-01,MYSURU,5558.0
2025-07-01,NAGPUR,207896.0
2025-07-01,NANDED,14839.0
2025-07-01,NASHIK,26823.0
2025-07-01,PANTNAGAR,3678.0
2025-07-01,PATNA,323927.0
2025-07-01,PITHORAGARH,778.0
2025-07-01,PORBANDAR,643.0
2025-07-01,PORT BLAIR,78957.0
2025-07-01,PRAYAGRAJ,40651.0
2025-07-01,PUDUCHERRY,8408.0
2025-07-01,PUNE,873229.0
2025-07-01,RAIPUR,202814.0
2025-07-01,RAJAHMUNDRY,43429.0
2025-07-01,RAJKOT,85310.0
2025-07-01,RANCHI,200308.0
2025-07-01,REWA,252.0
2025-07-01,ROURKELA,499.0
2025-07-01,RUPSI,758.0
2025-07-01,SALEM,8807.0
2025-07-01,SHILLONG,5545.0
2025-07-01,SHIRDI,52378.0
2025-07-01,SHIVAMOGGA,12641.0
2025-07-01,SHOLAPUR,1315.0
2025-07-01,SILCHAR,33033.0
2025-07-01,SIMLA,814.0
2025-07-01,SRINAGAR,277947.0
2025-07-01,SURAT,115129.0
2025-07-01,TEZU,418.0
2025-07-01,THIRUVANANTHAPURAM,169586.0
2025-07-01,TIRUCHIRAPPALLI,73972.0
2025-07-01,TIRUPATI,116527.0
2025-07-01,TUTICORIN,26314.0
2025-07-01,UDAIPUR,98827.0
2025-07-01,UTKELA,328.0
2025-07-01,VADODARA,86634.0
2025-07-01,VARANASI,308505.0
2025-07-01,VIDYANAGAR,581.0
2025-07-01,VIJAYAWADA,106026.0
2025-07-01,VISAKHAPATNAM,215442.0
2025-07-01,ZIRO,49.0
2025-08-01,ADAMPUR,7956.0
2025-08-01,AGARTALA,121467.0
2025-08-01,AGATTI ISLAND,7190.0
2025-08-01,AGRA,17065.0
2025-08-01,AHMEDABAD,857037.0
2025-08-01,AIZAWL,33510.0
2025-08-01,AMRAVATI,479.0
2025-08-01,AMRITSAR,138864.0
2025-08-01,AURANGABAD,49052.0
2025-08-01,AYODHYA,53471.0
2025-08-01,BAGDOGRA,244581.0
2025-08-01,BAREILLY,9824.0
2025-08-01,BELGAUM,18372.0
2025-08-01,BENGALURU,2880830.0
2025-08-01,BHATINDA,1036.0
2025-08-01,BHOPAL,111213.0
2025-08-01,BHUBANESWAR,372719.0
2025-08-01,BHUJ,17982.0
2025-08-01,BIDAR,2374.0
2025-08-01,BIKANER,4062.0
2025-08-01,BILASPUR,3492.0
2025-08-01,CHANDIGARH,288547.0
2025-08-01,CHENNAI,1344525.0
2025-08-01,COIMBATORE,241689.0
2025-08-01,COOCH BEHAR,425.0
2025-08-01,DARBHANGA,65610.0
2025-08-01,DATIA,298.0
2025-08-01,DEHRADUN,126140.0
2025-08-01,DELHI,4141640.0
2025-08-01,DEOGHAR,26792.0
2025-08-01,DHARAMSALA,7447.0
2025-08-01,DIBRUGARH,64328.0
2025-08-01,DIMAPUR,29049.0
2025-08-01,DIU,9437.0
2025-08-01,DURGAPUR,35957.0
2025-08-01,GAYA,16283.0
2025-08-01,GHAZIABAD,158506.0
2025-08-01,GOA,796944.0
2025-08-01,GONDIA,1300.0
2025-08-01,GORAKHPUR,92642.0
2025-08-01,GUWAHATI,505226.0
2025-08-01,GWALIOR,21797.0
2025-08-01,HISSAR,849.0
2025-08-01,HUBLI,25896.0
2025-08-01,HYDERABAD,1976604.0
2025-08-01,IMPHAL,101602.0
2025-08-01,INDORE,344638.0
2025-08-01,ITANAGAR,14706.0
2025-08-01,JABALPUR,38770.0
2025-08-01,JAGDALPUR,5431.0
2025-08-01,JAIPUR,380796.0
2025-08-01,JALGAON,10194.0
2025-08-01,JAMMU,104217.0
2025-08-01,JAMNAGAR,9555.0
2025-08-01,JAMSHEDPUR,670.0
2025-08-01,JEYPORE,1059.0
2025-08-01,JHARSUGUDA,29800.0
2025-08-01,JODHPUR,64008.0
2025-08-01,JORHAT,9373.0
2025-08-01,KADAPA,5682.0
2025-08-01,KALABURAGI,2113.0
2025-08-01,KANDLA,2252.0
2025-08-01,KANNUR,37874.0
2025-08-01,KANPUR,21842.0
2025-08-01,KHAJURAHO,158.0
2025-08-01,KISHANGARH,11150.0
2025-08-01,KOCHI,470482.0
2025-08-01,KOLHAPUR,13404.0
2025-08-01,KOLKATA,1405521.0
2025-08-01,KOZHIKODE,68917.0
2025-08-01,KULLU,363.0
2025-08-01,KURNOOL,1768.0
2025-08-01,LEH,88687.0
2025-08-01,LILABARI,337.0
2025-08-01,LUCKNOW,375097.0
2025-08-01,LUDHIANA,65.0
2025-08-01,MADURAI,92123.0
2025-08-01,MALVAN,5529.0
2025-08-01,MANGALURU,152618.0
2025-08-01,MUMBAI,3147410.0
2025-08-01,MYSURU,5363.0
2025-08-01,NAGPUR,222168.0
2025-08-01,NANDED,9942.0
2025-08-01,NASHIK,25727.0
2025-08-01,PANTNAGAR,3489.0
2025-08-01,PATNA,327378.0
2025-08-01,PITHORAGARH,571.0
2025-08-01,PORBANDAR,623.0
2025-08-01,PORT BLAIR,91753.0
2025-08-01,PRAYAGRAJ,39600.0
2025-08-01,PUDUCHERRY,7777.0
2025-08-01,PUNE,896826.0
2025-08-01,RAIPUR,212374.0
2025-08-01,RAJAHMUNDRY,45042.0
2025-08-01,RAJKOT,89327.0
2025-08-01,RANCHI,206918.0
2025-08-01,REWA,278.0
2025-08-01,RUPSI,301.0
2025-08-01,SALEM,8848.0
2025-08-01,SHILLONG,6010.0
2025-08-01,SHIRDI,50750.0
2025-08-01,SHIVAMOGGA,14410.0
2025-08-01,SHOLAPUR,1549.0
2025-08-01,SILCHAR,30206.0
2025-08-01,SIMLA,282.0
2025-08-01,SRINAGAR,239120.0
2025-08-01,SURAT,129697.0
2025-08-01,TEZU,172.0
2025-08-01,THIRUVANANTHAPURAM,186039.0
2025-08-01,TIRUCHIRAPPALLI,77002.0
2025-08-01,TIRUPATI,116144.0
2025-08-01,TUTICORIN,29240.0
2025-08-01,UDAIPUR,104956.0
2025-08-01,UTKELA,365.0
2025-08-01,VADODARA,94508.0
2025-08-01,VARANASI,318902.0
2025-08-01,VIDYANAGAR,409.0
2025-08-01,VIJAYAWADA,112488.0
2025-08-01,VISAKHAPATNAM,241930.0
2025-08-01,ZIRO,72.0
2025-09-01,ADAMPUR,7554.0
2025-09-01,AGARTALA,116107.0
2025-09-01,AGATTI ISLAND,10128.0
2025-09-01,AGRA,13787.0
2025-09-01,AHMEDABAD,821644.0
2025-09-01,AIZAWL,31105.0
2025-09-01,AMRAVATI,623.0
2025-09-01,AMRITSAR,129069.0
2025-09-01,AURANGABAD,46822.0
2025-09-01,AYODHYA,55724.0
2025-09-01,BAGDOGRA,253059.0
2025-09-01,BAREILLY,9104.0
2025-09-01,BELGAUM,20654.0
2025-09-01,BENGALURU,2822088.0
2025-09-01,BHATINDA,960.0
2025-09-01,BHOPAL,102365.0
2025-09-01,BHUBANESWAR,363770.0
2025-09-01,BHUJ,17788.0
2025-09-01,BIDAR,2807.0
2025-09-01,BIKANER,4329.0
2025-09-01,BILASPUR,2732.0
2025-09-01,CHANDIGARH,280467.0
2025-09-01,CHENNAI,1294264.0
2025-09-01,COIMBATORE,242741.0
2025-09-01,COOCH BEHAR,418.0
2025-09-01,DARBHANGA,64245.0
2025-09-01,DATIA,101.0
2025-09-01,DEHRADUN,116283.0
2025-09-01,DELHI,4105310.0
2025-09-01,DEOGHAR,25874.0
2025-09-01,DHARAMSALA,14633.0
2025-09-01,DIBRUGARH,60765.0
2025-09-01,DIMAPUR,27446.0
2025-09-01,DIU,8599.0
2025-09-01,DURGAPUR,35613.0
2025-09-01,GAYA,23767.0
2025-09-01,GHAZIABAD,138745.0
2025-09-01,GOA,827509.0
2025-09-01,GONDIA,2238.0
2025-09-01,GORAKHPUR,86175.0
2025-09-01,GUWAHATI,506895.0
2025-09-01,GWALIOR,17661.0
2025-09-01,HISSAR,582.0
2025-09-01,HUBLI,27336.0
2025-09-01,HYDERABAD,1908756.0
2025-09-01,IMPHAL,94637.0
2025-09-01,INDORE,304792.0
2025-09-01,ITANAGAR,15505.0
2025-09-01,JABALPUR,35429.0
2025-09-01,JAGDALPUR,4735.0
2025-09-01,JAIPUR,344997.0
2025-09-01,JALGAON,9144.0
2025-09-01,JAMMU,117843.0
2025-09-01,JAMNAGAR,10216.0
2025-09-01,JAMSHEDPUR,744.0
2025-09-01,JEYPORE,1222.0
2025-09-01,JHARSUGUDA,34008.0
2025-09-01,JODHPUR,65233.0
2025-09-01,JORHAT,9502.0
2025-09-01,KADAPA,5199.0
2025-09-01,KALABURAGI,2179.0
2025-09-01,KANDLA,2829.0
2025-09-01,KANNUR,34950.0
2025-09-01,KANPUR,19384.0
2025-09-01,KHAJURAHO,22.0
2025-09-01,KISHANGARH,10017.0
2025-09-01,KOCHI,485032.0
2025-09-01,KOLHAPUR,12213.0
2025-09-01,KOLKATA,1393960.0
2025-09-01,KOZHIKODE,80238.0
2025-09-01,KULLU,462.0
2025-09-01,KURNOOL,1350.0
2025-09-01,LEH,87224.0
2025-09-01,LILABARI,533.0
2025-09-01,LUCKNOW,372202.0
2025-09-01,LUDHIANA,44.0
2025-09-01,MADURAI,91273.0
2025-09-01,MALVAN,6235.0
2025-09-01,MANGALURU,144818.0
2025-09-01,MUMBAI,3077577.0
2025-09-01,MYSURU,6327.0
2025-09-01,NAGPUR,206754.0
2025-09-01,NANDED,7034.0
2025-09-01,NASHIK,26100.0
2025-09-01,PANTNAGAR,4758.0
2025-09-01,PATNA,310260.0
2025-09-01,PITHORAGARH,661.0
2025-09-01,PORBANDAR,728.0
2025-09-01,PORT BLAIR,113553.0
2025-09-01,PRAYAGRAJ,36200.0
2025-09-01,PUDUCHERRY,7894.0
2025-09-01,PUNE,843029.0
2025-09-01,PURNIA,2730.0
2025-09-01,RAIPUR,198147.0
2025-09-01,RAJAHMUNDRY,44044.0
2025-09-01,RAJKOT,91055.0
2025-09-01,RANCHI,193752.0
2025-09-01,REWA,255.0
2025-09-01,RUPSI,424.0
2025-09-01,SALEM,9520.0
2025-09-01,SHILLONG,6045.0
2025-09-01,SHIRDI,43692.0
2025-09-01,SHIVAMOGGA,15407.0
2025-09-01,SHOLAPUR,1109.0
2025-09-01,SILCHAR,29308.0
2025-09-01,SIMLA,318.0
2025-09-01,SRINAGAR,253912.0
2025-09-01,SURAT,119515.0
2025-09-01,TEZU,331.0
2025-09-01,THIRUVANANTHAPURAM,176376.0
2025-09-01,TIRUCHIRAPPALLI,70301.0
2025-09-01,TIRUPATI,103331.0
2025-09-01,TUTICORIN,25512.0
2025-09-01,UDAIPUR,107163.0
2025-09-01,UTKELA,369.0
2025-09-01,VADODARA,91220.0
2025-09-01,VARANASI,288859.0
2025-09-01,VIJAYAWADA,104141.0
2025-09-01,VISAKHAPATNAM,222455.0
2025-09-01,ZIRO,103.0
2025-10-01,ADAMPUR,12497.0
2025-10-01,AGARTALA,135507.0
2025-10-01,AGATTI ISLAND,10739.0
2025-10-01,AGRA,18953.0
2025-10-01,AHMEDABAD,973642.0
2025-10-01,AIZAWL,31408.0
2025-10-01,AMBIKAPUR,15.0
2025-10-01,AMRAVATI,551.0
2025-10-01,AMRITSAR,160298.0
2025-10-01,AURANGABAD,52665.0
2025-10-01,AYODHYA,82875.0
2025-10-01,BAGDOGRA,313739.0
2025-10-01,BAREILLY,10443.0
2025-10-01,BELGAUM,26878.0
2025-10-01,BENGALURU,3058384.0
2025-10-01,BHATINDA,407.0
2025-10-01,BHOPAL,128396.0
2025-10-01,BHUBANESWAR,405348.0
2025-10-01,BHUJ,21799.0
2025-10-01,BIDAR,3013.0
2025-10-01,BIKANER,4052.0
2025-10-01,BILASPUR,1576.0
2025-10-01,CHANDIGARH,277771.0
2025-10-01,CHENNAI,1373554.0
2025-10-01,COIMBATORE,248749.0
2025-10-01,COOCH BEHAR,511.0
2025-10-01,DARBHANGA,76919.0
2025-10-01,DATIA,10.0
2025-10-01,DEHRADUN,145483.0
2025-10-01,DELHI,4624095.0
2025-10-01,DEOGHAR,32730.0
2025-10-01,DHARAMSALA,12940.0
2025-10-01,DIBRUGARH,74548.0
2025-10-01,DIMAPUR,30941.0
2025-10-01,DIU,7649.0
2025-10-01,DURGAPUR,51172.0
2025-10-01,GAYA,23007.0
2025-10-01,GHAZIABAD,129800.0
2025-10-01,GOA,921597.0
2025-10-01,GONDIA,3923.0
2025-10-01,GORAKHPUR,96329.0
2025-10-01,GUWAHATI,577990.0
2025-10-01,GWALIOR,25729.0
2025-10-01,HISSAR,413.0
2025-10-01,HUBLI,32812.0
2025-10-01,HYDERABAD,2110872.0
2025-10-01,IMPHAL,95669.0
2025-10-01,INDORE,338977.0
2025-10-01,ITANAGAR,18316.0
2025-10-01,JABALPUR,41529.0
2025-10-01,JAGDALPUR,4704.0
2025-10-01,JAIPUR,413595.0
2025-10-01,JAISALMER,13785.0
2025-10-01,JALGAON,11835.0
2025-10-01,JAMMU,123287.0
2025-10-01,JAMNAGAR,13656.0
2025-10-01,JAMSHEDPUR,861.0
2025-10-01,JEYPORE,1051.0
2025-10-01,JHARSUGUDA,41838.0
2025-10-01,JODHPUR,82079.0
2025-10-01,JORHAT,13547.0
2025-10-01,KADAPA,5639.0
2025-10-01,KALABURAGI,241.0
2025-10-01,KANDLA,3032.0
2025-10-01,KANNUR,38736.0
2025-10-01,KANPUR,32819.0
2025-10-01,KESHOD,121.0
2025-10-01,KHAJURAHO,1920.0
2025-10-01,KISHANGARH,12564.0
2025-10-01,KOCHI,471849.0
2025-10-01,KOLHAPUR,12584.0
2025-10-01,KOLKATA,1615855.0
2025-10-01,KOZHIKODE,86462.0
2025-10-01,KULLU,485.0
2025-10-01,KURNOOL,1530.0
2025-10-01,LEH,70923.0
2025-10-01,LILABARI,442.0
2025-10-01,LUCKNOW,438401.0
2025-10-01,MADURAI,106399.0
2025-10-01,MALVAN,7217.0
2025-10-01,MANGALURU,162525.0
2025-10-01,MUMBAI,3164032.0
2025-10-01,MYSURU,7741.0
2025-10-01,NAGPUR,225746.0
2025-10-01,NANDED,12989.0
2025-10-01,NASHIK,34574.0
2025-10-01,PANTNAGAR,7063.0
2025-10-01,PASIGHAT,71.0
2025-10-01,PATNA,390047.0
2025-10-01,PITHORAGARH,292.0
2025-10-01,PORBANDAR,711.0
2025-10-01,PORT BLAIR,159918.0
2025-10-01,PRAYAGRAJ,45959.0
2025-10-01,PUDUCHERRY,7999.0
2025-10-01,PUNE,889546.0
2025-10-01,PURNIA,12407.0
2025-10-01,RAIPUR,236439.0
2025-10-01,RAJAHMUNDRY,51402.0
2025-10-01,RAJKOT,104468.0
2025-10-01,RANCHI,227703.0
2025-10-01,REWA,250.0
2025-10-01,RUPSI,607.0
2025-10-01,SALEM,9148.0
2025-10-01,SHILLONG,8421.0
2025-10-01,SHIRDI,48145.0
2025-10-01,SHIVAMOGGA,15466.0
2025-10-01,SHOLAPUR,2660.0
2025-10-01,SILCHAR,35808.0
2025-10-01,SIMLA,271.0
2025-10-01,SRINAGAR,267621.0
2025-10-01,SURAT,135903.0
2025-10-01,TEZU,628.0
2025-10-01,THIRUVANANTHAPURAM,174711.0
2025-10-01,TIRUCHIRAPPALLI,69288.0
2025-10-01,TIRUPATI,112316.0
2025-10-01,TUTICORIN,25662.0
2025-10-01,UDAIPUR,120928.0
2025-10-01,UTKELA,279.0
2025-10-01,VADODARA,103499.0
2025-10-01,VARANASI,365766.0
2025-10-01,VIJAYAWADA,112800.0
2025-10-01,VISAKHAPATNAM,249679.0
2025-10-01,ZIRO,23.0
2025-11-01,ADAMPUR,13434.0
2025-11-01,AGARTALA,132687.0
2025-11-01,AGATTI ISLAND,11689.0
2025-11-01,AGRA,25603.0
2025-11-01,AHMEDABAD,1045862.0
2025-11-01,AIZAWL,34366.0
2025-11-01,AMRAVATI,1915.0
2025-11-01,AMRITSAR,198836.0
2025-11-01,AURANGABAD,60073.0
2025-11-01,AYODHYA,101117.0
2025-11-01,BAGDOGRA,319135.0
2025-11-01,BAREILLY,12132.0
2025-11-01,BELGAUM,30184.0
2025-11-01,BENGALURU,3230944.0
2025-11-01,BHATINDA,1109.0
2025-11-01,BHOPAL,151403.0
2025-11-01,BHUBANESWAR,438446.0
2025-11-01,BHUJ,27087.0
2025-11-01,BIDAR,2791.0
2025-11-01,BIKANER,4527.0
2025-11-01,BILASPUR,2332.0
2025-11-01,CHANDIGARH,289197.0
2025-11-01,CHENNAI,1511776.0
2025-11-01,COIMBATORE,267375.0
2025-11-01,COOCH BEHAR,494.0
2025-11-01,DARBHANGA,68477.0
2025-11-01,DEHRADUN,154343.0
2025-11-01,DELHI,5272083.0
2025-11-01,DEOGHAR,34458.0
2025-11-01,DHARAMSALA,11578.0
2025-11-01,DIBRUGARH,72686.0
2025-11-01,DIMAPUR,33164.0
2025-11-01,DIU,11575.0
2025-11-01,DURGAPUR,45368.0
2025-11-01,GAYA,27547.0
2025-11-01,GHAZIABAD,125870.0
2025-11-01,GOA,986695.0
2025-11-01,GONDIA,4477.0
2025-11-01,GORAKHPUR,98507.0
2025-11-01,GUWAHATI,589121.0
2025-11-01,GWALIOR,26604.0
2025-11-01,HISSAR,716.0
2025-11-01,HUBLI,34170.0
2025-11-01,HYDERABAD,2236286.0
2025-11-01,IMPHAL,95917.0
2025-11-01,INDORE,384779.0
2025-11-01,ITANAGAR,18664.0
2025-11-01,JABALPUR,47193.0
2025-11-01,JAGDALPUR,5520.0
2025-11-01,JAIPUR,521303.0
2025-11-01,JAISALMER,43265.0
2025-11-01,JALGAON,14776.0
2025-11-01,JAMMU,127142.0
2025-11-01,JAMNAGAR,13542.0
2025-11-01,JAMSHEDPUR,838.0
2025-11-01,JEYPORE,1280.0
2025-11-01,JHARSUGUDA,41497.0
2025-11-01,JODHPUR,129234.0
2025-11-01,JORHAT,16546.0
2025-11-01,KADAPA,6254.0
2025-11-01,KANDLA,2905.0
2025-11-01,KANNUR,35349.0
2025-11-01,KANPUR,31469.0
2025-11-01,KESHOD,564.0
2025-11-01,KHAJURAHO,10284.0
2025-11-01,KISHANGARH,10955.0
2025-11-01,KOCHI,510207.0
2025-11-01,KOLHAPUR,14365.0
2025-11-01,KOLKATA,1662963.0
2025-11-01,KOZHIKODE,77344.0
2025-11-01,KULLU,1697.0
2025-11-01,KURNOOL,1774.0
2025-11-01,LEH,62161.0
2025-11-01,LILABARI,954.0
2025-11-01,LUCKNOW,448425.0
2025-11-01,MADURAI,99356.0
2025-11-01,MALVAN,8428.0
2025-11-01,MANGALURU,156177.0
2025-11-01,MUMBAI,3377984.0
2025-11-01,MYSURU,8102.0
2025-11-01,NAGPUR,269412.0
2025-11-01,NANDED,15321.0
2025-11-01,NASHIK,43341.0
2025-11-01,PANTNAGAR,7561.0
2025-11-01,PASIGHAT,1046.0
2025-11-01,PATNA,424459.0
2025-11-01,PITHORAGARH,649.0
2025-11-01,PORBANDAR,798.0
2025-11-01,PORT BLAIR,192996.0
2025-11-01,PRAYAGRAJ,42894.0
2025-11-01,PUDUCHERRY,7574.0
2025-11-01,PUNE,962652.0
2025-11-01,PURNIA,32067.0
2025-11-01,RAIPUR,257344.0
2025-11-01,RAJAHMUNDRY,47164.0
2025-11-01,RAJKOT,121212.0
2025-11-01,RANCHI,234990.0
2025-11-01,REWA,877.0
2025-11-01,RUPSI,1067.0
2025-11-01,SALEM,9815.0
2025-11-01,SHILLONG,9371.0
2025-11-01,SHIRDI,55484.0
2025-11-01,SHIVAMOGGA,15856.0
2025-11-01,SHOLAPUR,3772.0
2025-11-01,SILCHAR,38366.0
2025-11-01,SIMLA,66.0
2025-11-01,SRINAGAR,258623.0
2025-11-01,SURAT,150035.0
2025-11-01,TEZU,2238.0
2025-11-01,THIRUVANANTHAPURAM,196528.0
2025-11-01,TIRUCHIRAPPALLI,65295.0
2025-11-01,TIRUPATI,108229.0
2025-11-01,TUTICORIN,20329.0
2025-11-01,UDAIPUR,203142.0
2025-11-01,UTKELA,458.0
2025-11-01,VADODARA,119415.0
2025-11-01,VARANASI,431186.0
2025-11-01,VIDYANAGAR,1798.0
2025-11-01,VIJAYAWADA,117275.0
2025-11-01,VISAKHAPATNAM,265082.0
2025-11-01,ZIRO,53.0
2025-12-01,ADAMPUR,12156.0
2025-12-01,AGARTALA,130304.0
2025-12-01,AGATTI ISLAND,11258.0
2025-12-01,AGRA,25423.0
2025-12-01,AHMEDABAD,947027.0
2025-12-01,AIZAWL,29831.0
2025-12-01,AMRAVATI,454.0
2025-12-01,AMRITSAR,166102.0
2025-12-01,AURANGABAD,50849.0
2025-12-01,AYODHYA,88096.0
2025-12-01,BAGDOGRA,337682.0
2025-12-01,BAREILLY,9176.0
2025-12-01,BELGAUM,31059.0
2025-12-01,BENGALURU,3073094.0
2025-12-01,BHATINDA,1100.0
2025-12-01,BHOPAL,146029.0
2025-12-01,BHUBANESWAR,430615.0
2025-12-01,BHUJ,30229.0
2025-12-01,BIDAR,3005.0
2025-12-01,BIKANER,3237.0
2025-12-01,BILASPUR,3003.0
2025-12-01,CHANDIGARH,332733.0
2025-12-01,CHENNAI,1377465.0
2025-12-01,COIMBATORE,240536.0
2025-12-01,COOCH BEHAR,416.0
2025-12-01,DARBHANGA,54650.0
2025-12-01,DEHRADUN,134857.0
2025-12-01,DELHI,4913809.0
2025-12-01,DEOGHAR,31883.0
2025-12-01,DHARAMSALA,13087.0
2025-12-01,DIBRUGARH,68273.0
2025-12-01,DIMAPUR,35150.0
2025-12-01,DIU,12588.0
2025-12-01,DURGAPUR,47469.0
2025-12-01,GAYA,22223.0
2025-12-01,GHAZIABAD,80685.0
2025-12-01,GOA,994402.0
2025-12-01,GONDIA,3246.0
2025-12-01,GORAKHPUR,92501.0
2025-12-01,GUWAHATI,566056.0
2025-12-01,GWALIOR,23634.0
2025-12-01,HISSAR,406.0
2025-12-01,HUBLI,32745.0
2025-12-01,HYDERABAD,2012748.0
2025-12-01,IMPHAL,103982.0
2025-12-01,INDORE,350937.0
2025-12-01,ITANAGAR,15884.0
2025-12-01,JABALPUR,42508.0
2025-12-01,JAGDALPUR,4863.0
2025-12-01,JAIPUR,502803.0
2025-12-01,JAISALMER,47766.0
2025-12-01,JALGAON,13938.0
2025-12-01,JAMMU,105686.0
2025-12-01,JAMNAGAR,14628.0
2025-12-01,JAMSHEDPUR,724.0
2025-12-01,JEYPORE,1378.0
2025-12-01,JHARSUGUDA,42966.0
2025-12-01,JODHPUR,125062.0
2025-12-01,JORHAT,17380.0
2025-12-01,KADAPA,5954.0
2025-12-01,KANDLA,3045.0
2025-12-01,KANNUR,38794.0
2025-12-01,KANPUR,30716.0
2025-12-01,KESHOD,161.0
2025-12-01,KHAJURAHO,8389.0
2025-12-01,KISHANGARH,12605.0
2025-12-01,KOCHI,510609.0
2025-12-01,KOLHAPUR,13378.0
2025-12-01,KOLKATA,1547392.0
2025-12-01,KOZHIKODE,80244.0
2025-12-01,KULLU,2033.0
2025-12-01,KURNOOL,1252.0
2025-12-01,LEH,59333.0
2025-12-01,LILABARI,1650.0
2025-12-01,LUCKNOW,407295.0
2025-12-01,MADURAI,92865.0
2025-12-01,MALVAN,10716.0
2025-12-01,MANGALURU,155628.0
2025-12-01,MUMBAI,3262346.0
2025-12-01,MYSURU,7757.0
2025-12-01,NAGPUR,250453.0
2025-12-01,NANDED,18770.0
2025-12-01,NASHIK,43334.0
2025-12-01,PANTNAGAR,3940.0
2025-12-01,PASIGHAT,1347.0
2025-12-01,PATNA,327691.0
2025-12-01,PITHORAGARH,749.0
2025-12-01,PORBANDAR,1033.0
2025-12-01,PORT BLAIR,226731.0
2025-12-01,PRAYAGRAJ,43807.0
2025-12-01,PUDUCHERRY,8085.0
2025-12-01,PUNE,867692.0
2025-12-01,PURNEA,29543.0
2025-12-01,RAIPUR,237693.0
2025-12-01,RAJAHMUNDRY,42263.0
2025-12-01,RAJKOT,114469.0
2025-12-01,RANCHI,221557.0
2025-12-01,REWA,2437.0
2025-12-01,ROURKELA,274.0
2025-12-01,RUPSI,999.0
2025-12-01,SALEM,8945.0
2025-12-01,SHILLONG,9201.0
2025-12-01,SHIRDI,46509.0
2025-12-01,SHIVAMOGGA,20107.0
2025-12-01,SHOLAPUR,4726.0
2025-12-01,SILCHAR,30812.0
2025-12-01,SRINAGAR,257553.0
2025-12-01,SURAT,136925.0
2025-12-01,TEZU,2811.0
2025-12-01,THIRUVANANTHAPURAM,196988.0
2025-12-01,TIRUCHIRAPPALLI,63521.0
2025-12-01,TIRUPATI,92575.0
2025-12-01,TUTICORIN,19865.0
2025-12-01,UDAIPUR,220976.0
2025-12-01,UTKELA,516.0
2025-12-01,VADODARA,110047.0
2025-12-01,VARANASI,335791.0
2025-12-01,VIDYANAGAR,2813.0
2025-12-01,VIJAYAWADA,110133.0
2025-12-01,VISAKHAPATNAM,235279.0
2025-12-01,ZIRO,48.0
2026-01-01,ADAMPUR,13889.0
2026-01-01,AGARTALA,139225.0
2026-01-01,AGATTI ISLAND,12473.0
2026-01-01,AGRA,24152.0
2026-01-01,AHMEDABAD,1052361.0
2026-01-01,AIZAWL,34907.0
2026-01-01,ALLAHABAD (PRAYAGRAJ),44209.0
2026-01-01,AMRAVATI,1577.0
2026-01-01,AMRITSAR,178399.0
2026-01-01,AURANGABAD,57497.0
2026-01-01,AYODHYA,68120.0
2026-01-01,BAGDOGRA,346925.0
2026-01-01,BAREILLY,11128.0
2026-01-01,BATHINDA,983.0
2026-01-01,BELGAUM,24102.0
2026-01-01,BENGALURU,3276207.0
2026-01-01,BHOPAL,146669.0
2026-01-01,BHUBANESWAR,434267.0
2026-01-01,BHUJ,29520.0
2026-01-01,BIDAR,3124.0
2026-01-01,BIKANER,2767.0
2026-01-01,BILASPUR,2323.0
2026-01-01,CHANDIGARH,357949.0
2026-01-01,CHENNAI,1504709.0
2026-01-01,COIMBATORE,280533.0
2026-01-01,COOCH BEHAR,10.0
2026-01-01,CUDDAPAH (KADAPA),6867.0
2026-01-01,DARBHANGA,62181.0
2026-01-01,DEHRADUN,144358.0
2026-01-01,DELHI,5053426.0
2026-01-01,DEOGHAR,31549.0
2026-01-01,DHARAMSALA,8359.0
2026-01-01,DIBRUGARH,73689.0
2026-01-01,DIMAPUR,37630.0
2026-01-01,DIU,12139.0
2026-01-01,DURGAPUR,51939.0
2026-01-01,GAYA,23866.0
2026-01-01,GHAZIABAD,74706.0
2026-01-01,GOA,1081568.0
2026-01-01,GONDIA,3120.0
2026-01-01,GORAKHPUR,103160.0
2026-01-01,GUWAHATI,592310.0
2026-01-01,GWALIOR,26347.0
2026-01-01,HISAR,433.0
2026-01-01,HUBLI,36328.0
2026-01-01,HYDERABAD,2144614.0
2026-01-01,IMPHAL,113748.0
2026-01-01,INDORE,383345.0
2026-01-01,ITANAGAR,19136.0
2026-01-01,JABALPUR,42358.0
2026-01-01,JAGDALPUR,5481.0
2026-01-01,JAIPUR,503269.0
2026-01-01,JAISALMER,50396.0
2026-01-01,JALGAON,13354.0
2026-01-01,JAMMU,117094.0
2026-01-01,JAMNAGAR,15810.0
2026-01-01,JAMSHEDPUR,177.0
2026-01-01,JEYPORE,979.0
2026-01-01,JHARSUGUDA,42978.0
2026-01-01,JODHPUR,125050.0
2026-01-01,JORHAT,16477.0
2026-01-01,KANDLA,2765.0
2026-01-01,KANNUR,42147.0
2026-01-01,KANPUR,32999.0
2026-01-01,KESHOD,501.0
2026-01-01,KHAJURAHO,10078.0
2026-01-01,KISHANGARH,11742.0
2026-01-01,KOCHI,566023.0
2026-01-01,KOLHAPUR,14599.0
2026-01-01,KOLKATA,1678459.0
2026-01-01,KOZHIKODE,93091.0
2026-01-01,KULLU,1794.0
2026-01-01,KURNOOL,1919.0
2026-01-01,LEH,57849.0
2026-01-01,LILABARI,1609.0
2026-01-01,LUCKNOW,438670.0
2026-01-01,MADURAI,107439.0
2026-01-01,MALVAN,9139.0
2026-01-01,MANGALURU,171468.0
2026-01-01,MUMBAI,3628465.0
2026-01-01,MYSURU,8537.0
2026-01-01,NAGPUR,276326.0
2026-01-01,NANDED,17304.0
2026-01-01,NASHIK,42195.0
2026-01-01,PANTNAGAR,4532.0
2026-01-01,PASIGHAT,1361.0
2026-01-01,PATNA,337989.0
2026-01-01,PITHORAGARH,721.0
2026-01-01,PONDICHERRY (PUDUCHERRY),8965.0
2026-01-01,PORBANDAR,1217.0
2026-01-01,PORT BLAIR,229571.0
2026-01-01,PUNE,933856.0
2026-01-01,PURNEA,27854.0
2026-01-01,RAIPUR,249793.0
2026-01-01,RAJAHMUNDRY,47589.0
2026-01-01,RAJKOT,137242.0
2026-01-01,RANCHI,224200.0
2026-01-01,REWA,4465.0
2026-01-01,ROURKELA,146.0
2026-01-01,RUPSI,298.0
2026-01-01,SALEM,12086.0
2026-01-01,SHILLONG,10281.0
2026-01-01,SHIRDI,47148.0
2026-01-01,SHIVAMOGGA,19789.0
2026-01-01,SILCHAR,34174.0
2026-01-01,SOLAPUR,4152.0
2026-01-01,SRINAGAR,279164.0
2026-01-01,SURAT,149527.0
2026-01-01,TEZU,2660.0
2026-01-01,THIRUVANANTHAPURAM,218241.0
2026-01-01,TIRUCHIRAPPALLI,72594.0
2026-01-01,TIRUPATI,101024.0
2026-01-01,TUTICORIN,22267.0
2026-01-01,UDAIPUR,195791.0
2026-01-01,UTKELA,261.0
2026-01-01,VADODARA,130314.0
2026-01-01,VARANASI,318220.0
2026-01-01,VIDYANAGAR,2488.0
2026-01-01,VIJAYAWADA,121042.0
2026-01-01,VISAKHAPATNAM,261970.0
2026-02-01,ADAMPUR,13844.0
2026-02-01,AGARTALA,112997.0
2026-02-01,AGATTI ISLAND,11693.0
2026-02-01,AGRA,22456.0
2026-02-01,AHMEDABAD,933010.0
2026-02-01,AIZAWL,30241.0
2026-02-01,ALLAHABAD (PRAYAGRAJ),40244.0
2026-02-01,AMRAVATI,1629.0
2026-02-01,AMRITSAR,173266.0
2026-02-01,AURANGABAD,52906.0
2026-02-01,AYODHYA,56838.0
2026-02-01,BAGDOGRA,320686.0
2026-02-01,BAREILLY,10626.0
2026-02-01,BATHINDA,811.0
2026-02-01,BELGAUM,26155.0
2026-02-01,BENGALURU,2999208.0
2026-02-01,BHOPAL,142563.0
2026-02-01,BHUBANESWAR,385156.0
2026-02-01,BHUJ,26235.0
2026-02-01,BIDAR,2516.0
2026-02-01,BIKANER,4180.0
2026-02-01,BILASPUR,2347.0
2026-02-01,CHANDIGARH,336393.0
2026-02-01,CHENNAI,1350419.0
2026-02-01,COIMBATORE,234801.0
2026-02-01,COOCH BEHAR,9.0
2026-02-01,CUDDAPAH (KADAPA),5594.0
2026-02-01,DARBHANGA,57091.0
2026-02-01,DEHRADUN,138687.0
2026-02-01,DELHI,5002117.0
2026-02-01,DEOGHAR,31919.0
2026-02-01,DHARAMSALA,12857.0
2026-02-01,DIBRUGARH,70616.0
2026-02-01,DIMAPUR,29806.0
2026-02-01,DIU,12877.0
2026-02-01,DURGAPUR,45631.0
2026-02-01,GAYA,26278.0
2026-02-01,GHAZIABAD,93729.0
2026-02-01,GOA,888112.0
2026-02-01,GONDIA,2888.0
2026-02-01,GORAKHPUR,93507.0
2026-02-01,GUWAHATI,526295.0
2026-02-01,GWALIOR,26424.0
2026-02-01,HISAR,608.0
2026-02-01,HUBLI,33660.0
2026-02-01,HYDERABAD,1886252.0
2026-02-01,IMPHAL,101698.0
2026-02-01,INDORE,358938.0
2026-02-01,ITANAGAR,16994.0
2026-02-01,JABALPUR,43961.0
2026-02-01,JAGDALPUR,5117.0
2026-02-01,JAIPUR,459598.0
2026-02-01,JAISALMER,48559.0
2026-02-01,JALGAON,11519.0
2026-02-01,JAMMU,113338.0
2026-02-01,JAMNAGAR,13132.0
2026-02-01,JAMSHEDPUR,155.0
2026-02-01,JEYPORE,1038.0
2026-02-01,JHARSUGUDA,34550.0
2026-02-01,JODHPUR,121221.0
2026-02-01,JORHAT,16067.0
2026-02-01,KANDLA,3020.0
2026-02-01,KANNUR,34959.0
2026-02-01,KANPUR,29802.0
2026-02-01,KESHOD,484.0
2026-02-01,KHAJURAHO,12152.0
2026-02-01,KISHANGARH,8910.0
2026-02-01,KOCHI,466881.0
2026-02-01,KOLHAPUR,13700.0
2026-02-01,KOLKATA,1511346.0
2026-02-01,KOZHIKODE,75197.0
2026-02-01,KULLU,1832.0
2026-02-01,KURNOOL,1601.0
2026-02-01,LEH,57379.0
2026-02-01,LILABARI,1290.0
2026-02-01,LUCKNOW,409557.0
2026-02-01,MADURAI,89296.0
2026-02-01,MALVAN,7336.0
2026-02-01,MANGALURU,151583.0
2026-02-01,MUMBAI,3349451.0
2026-02-01,MYSURU,7776.0
2026-02-01,NAGPUR,272780.0
2026-02-01,NANDED,16672.0
2026-02-01,NASHIK,40769.0
2026-02-01,PANTNAGAR,7325.0
2026-02-01,PASIGHAT,1126.0
2026-02-01,PATNA,346982.0
2026-02-01,PITHORAGARH,586.0
2026-02-01,PONDICHERRY (PUDUCHERRY),8227.0
2026-02-01,PORBANDAR,1209.0
2026-02-01,PORT BLAIR,174135.0
2026-02-01,PUNE,891884.0
2026-02-01,PURNEA,28964.0
2026-02-01,RAIPUR,234582.0
2026-02-01,RAJAHMUNDRY,41182.0
2026-02-01,RAJKOT,124005.0
2026-02-01,RANCHI,211753.0
2026-02-01,REWA,4925.0
2026-02-01,ROURKELA,32.0
2026-02-01,RUPSI,387.0
2026-02-01,SALEM,10986.0
2026-02-01,SHILLONG,8738.0
2026-02-01,SHIRDI,40551.0
2026-02-01,SHIVAMOGGA,15487.0
2026-02-01,SILCHAR,38462.0
2026-02-01,SOLAPUR,2873.0
2026-02-01,SRINAGAR,252767.0
2026-02-01,SURAT,137627.0
2026-02-01,TEZU,1866.0
2026-02-01,THIRUVANANTHAPURAM,179168.0
2026-02-01,TIRUCHIRAPPALLI,61048.0
2026-02-01,TIRUPATI,83705.0
2026-02-01,TUTICORIN,20315.0
2026-02-01,UDAIPUR,198554.0
2026-02-01,UTKELA,357.0
2026-02-01,VADODARA,125768.0
2026-02-01,VARANASI,355177.0
2026-02-01,VIDYANAGAR,2565.0
2026-02-01,VIJAYAWADA,106114.0
2026-02-01,VISAKHAPATNAM,224119.0
2026-03-01,ADAMPUR,14018.0
2026-03-01,AGARTALA,125718.0
2026-03-01,AGATTI ISLAND,13245.0
2026-03-01,AGRA,21308.0
2026-03-01,AHMEDABAD,957785.0
2026-03-01,AIZAWL,35566.0
2026-03-01,ALLAHABAD (PRAYAGRAJ),43712.0
2026-03-01,AMBIKAPUR,72.0
2026-03-01,AMRAVATI,1202.0
2026-03-01,AMRITSAR,181652.0
2026-03-01,AURANGABAD,51627.0
2026-03-01,AYODHYA,60856.0
2026-03-01,BAGDOGRA,328697.0
2026-03-01,BAREILLY,11749.0
2026-03-01,BATHINDA,810.0
2026-03-01,BELGAUM,24246.0
2026-03-01,BENGALURU,3077156.0
2026-03-01,BHAVNAGAR,441.0
2026-03-01,BHOPAL,140219.0
2026-03-01,BHUBANESWAR,398908.0
2026-03-01,BHUJ,26227.0
2026-03-01,BIDAR,2392.0
2026-03-01,BIKANER,4114.0
2026-03-01,BILASPUR,2130.0
2026-03-01,CHANDIGARH,364826.0
2026-03-01,CHENNAI,1361265.0
2026-03-01,COIMBATORE,246322.0
2026-03-01,COOCH BEHAR,37.0
2026-03-01,CUDDAPAH (KADAPA),4975.0
2026-03-01,DARBHANGA,61671.0
2026-03-01,DEHRADUN,154037.0
2026-03-01,DELHI,5087802.0
2026-03-01,DEOGHAR,34629.0
2026-03-01,DHARAMSALA,14951.0
2026-03-01,DIBRUGARH,74883.0
2026-03-01,DIMAPUR,31266.0
2026-03-01,DIU,12651.0
2026-03-01,DURGAPUR,47205.0
2026-03-01,GAYA,27279.0
2026-03-01,GHAZIABAD,84010.0
2026-03-01,GOA,934367.0
2026-03-01,GONDIA,2858.0
2026-03-01,GORAKHPUR,87227.0
2026-03-01,GUWAHATI,548660.0
2026-03-01,GWALIOR,25025.0
2026-03-01,HISAR,966.0
2026-03-01,HUBLI,30911.0
2026-03-01,HYDERABAD,1960531.0
2026-03-01,IMPHAL,112258.0
2026-03-01,INDORE,372069.0
2026-03-01,ITANAGAR,18954.0
2026-03-01,JABALPUR,43924.0
2026-03-01,JAGDALPUR,5226.0
2026-03-01,JAIPUR,440111.0
2026-03-01,JAISALMER,35065.0
2026-03-01,JALGAON,11807.0
2026-03-01,JAMMU,120041.0
2026-03-01,JAMNAGAR,12573.0
2026-03-01,JAMSHEDPUR,196.0
2026-03-01,JEYPORE,1056.0
2026-03-01,JHARSUGUDA,38584.0
2026-03-01,JODHPUR,106275.0
2026-03-01,JORHAT,18336.0
2026-03-01,KANDLA,2148.0
2026-03-01,KANNUR,33858.0
2026-03-01,KANPUR,30801.0
2026-03-01,KESHOD,73.0
2026-03-01,KHAJURAHO,9843.0
2026-03-01,KISHANGARH,9166.0
2026-03-01,KOCHI,476317.0
2026-03-01,KOLHAPUR,14120.0
2026-03-01,KOLKATA,1594864.0
2026-03-01,KOZHIKODE,77389.0
2026-03-01,KULLU,2051.0
2026-03-01,KURNOOL,1500.0
2026-03-01,LEH,56780.0
2026-03-01,LILABARI,1298.0
2026-03-01,LUCKNOW,431406.0
2026-03-01,MADURAI,97464.0
2026-03-01,MALVAN,8620.0
2026-03-01,MANGALURU,154006.0
2026-03-01,MUMBAI,3348462.0
2026-03-01,MYSURU,7793.0
2026-03-01,NAGPUR,259747.0
2026-03-01,NANDED,17476.0
2026-03-01,NASHIK,39757.0
2026-03-01,PANTNAGAR,8753.0
2026-03-01,PASIGHAT,122.0
2026-03-01,PATNA,352428.0
2026-03-01,PITHORAGARH,613.0
2026-03-01,PONDICHERRY (PUDUCHERRY),8406.0
2026-03-01,PORBANDAR,923.0
2026-03-01,PORT BLAIR,165974.0
2026-03-01,PUNE,919369.0
2026-03-01,PURNEA,30460.0
2026-03-01,RAIPUR,239360.0
2026-03-01,RAJAHMUNDRY,40793.0
2026-03-01,RAJKOT,114528.0
2026-03-01,RANCHI,220140.0
2026-03-01,REWA,5020.0
2026-03-01,ROURKELA,92.0
2026-03-01,RUPSI,700.0
2026-03-01,SALEM,9456.0
2026-03-01,SHILLONG,9378.0
2026-03-01,SHIRDI,46258.0
2026-03-01,SHIVAMOGGA,17021.0
2026-03-01,SILCHAR,37346.0
2026-03-01,SOLAPUR,2810.0
2026-03-01,SRINAGAR,261710.0
2026-03-01,SURAT,131182.0
2026-03-01,TEZU,834.0
2026-03-01,THIRUVANANTHAPURAM,184711.0
2026-03-01,TIRUCHIRAPPALLI,57165.0
2026-03-01,TIRUPATI,85695.0
2026-03-01,TUTICORIN,20461.0
2026-03-01,UDAIPUR,193966.0
2026-03-01,UTKELA,369.0
2026-03-01,VADODARA,115639.0
2026-03-01,VARANASI,372537.0
2026-03-01,VIDYANAGAR,2098.0
2026-03-01,VIJAYAWADA,105887.0
2026-03-01,VISAKHAPATNAM,243838.0
2026-04-01,ADAMPUR,11952.0
2026-04-01,AGARTALA,129122.0
2026-04-01,AGATTI ISLAND,14739.0
2026-04-01,AGRA,18809.0
2026-04-01,AHMEDABAD,912515.0
2026-04-01,AIZAWL,30510.0
2026-04-01,ALLAHABAD (PRAYAGRAJ),39935.0
2026-04-01,AMBIKAPUR,1312.0
2026-04-01,AMRAVATI,1209.0
2026-04-01,AMRITSAR,152981.0
2026-04-01,AURANGABAD,48378.0
2026-04-01,AYODHYA,66337.0
2026-04-01,BAGDOGRA,358553.0
2026-04-01,BAREILLY,9412.0
2026-04-01,BATHINDA,554.0
2026-04-01,BELGAUM,27117.0
2026-04-01,BENGALURU,3123900.0
2026-04-01,BHAVNAGAR,4505.0
2026-04-01,BHOPAL,135163.0
2026-04-01,BHUBANESWAR,366382.0
2026-04-01,BHUJ,26267.0
2026-04-01,BIDAR,1236.0
2026-04-01,BIKANER,4228.0
2026-04-01,BILASPUR,1977.0
2026-04-01,CHANDIGARH,347471.0
2026-04-01,CHENNAI,1284394.0
2026-04-01,COIMBATORE,249040.0
2026-04-01,COOCH BEHAR,31.0
2026-04-01,CUDDAPAH (KADAPA),4563.0
2026-04-01,DARBHANGA,72908.0
2026-04-01,DEHRADUN,156128.0
2026-04-01,DELHI,4809136.0
2026-04-01,DEOGHAR,33723.0
2026-04-01,DHARAMSALA,12146.0
2026-04-01,DIBRUGARH,79484.0
2026-04-01,DIMAPUR,29111.0
2026-04-01,DIU,11178.0
2026-04-01,DURGAPUR,41490.0
2026-04-01,GAYA,15370.0
2026-04-01,GHAZIABAD,47891.0
2026-04-01,GOA,838172.0
2026-04-01,GONDIA,1879.0
2026-04-01,GORAKHPUR,102740.0
2026-04-01,GUWAHATI,527981.0
2026-04-01,GWALIOR,17010.0
2026-04-01,HISAR,701.0
2026-04-01,HUBLI,29055.0
2026-04-01,HYDERABAD,1908929.0
2026-04-01,IMPHAL,94721.0
2026-04-01,INDORE,333217.0
2026-04-01,ITANAGAR,19732.0
2026-04-01,JABALPUR,42479.0
2026-04-01,JAGDALPUR,5229.0
2026-04-01,JAIPUR,408235.0
2026-04-01,JALGAON,11332.0
2026-04-01,JAMMU,119115.0
2026-04-01,JAMNAGAR,15672.0
2026-04-01,JAMSHEDPUR,167.0
2026-04-01,JEYPORE,1036.0
2026-04-01,JHARSUGUDA,35330.0
2026-04-01,JODHPUR,5869.0
2026-04-01,JORHAT,16940.0
2026-04-01,KANDLA,1024.0
2026-04-01,KANNUR,43558.0
2026-04-01,KANPUR,29576.0
2026-04-01,KESHOD,218.0
2026-04-01,KHAJURAHO,876.0
2026-04-01,KISHANGARH,9453.0
2026-04-01,KOCHI,483843.0
2026-04-01,KOLHAPUR,19365.0
2026-04-01,KOLKATA,1528663.0
2026-04-01,KOZHIKODE,82248.0
2026-04-01,KULLU,1941.0
2026-04-01,KURNOOL,1269.0
2026-04-01,LEH,102295.0
2026-04-01,LILABARI,1291.0
2026-04-01,LUCKNOW,454489.0
2026-04-01,MADURAI,83088.0
2026-04-01,MALVAN,7956.0
2026-04-01,MANGALURU,154069.0
2026-04-01,MUMBAI,3364476.0
2026-04-01,MYSURU,7313.0
2026-04-01,NAGPUR,248170.0
2026-04-01,NANDED,22234.0
2026-04-01,NASHIK,30882.0
2026-04-01,PANTNAGAR,7000.0
2026-04-01,PASIGHAT,232.0
2026-04-01,PATNA,348832.0
2026-04-01,PITHORAGARH,1332.0
2026-04-01,PONDICHERRY (PUDUCHERRY),7378.0
2026-04-01,PORBANDAR,369.0
2026-04-01,PORT BLAIR,117858.0
2026-04-01,PUNE,879680.0
2026-04-01,PURNEA,27968.0
2026-04-01,RAIPUR,235528.0
2026-04-01,RAJAHMUNDRY,40646.0
2026-04-01,RAJKOT,95225.0
2026-04-01,RANCHI,200426.0
2026-04-01,REWA,4887.0
2026-04-01,ROURKELA,92.0
2026-04-01,RUPSI,1000.0
2026-04-01,SALEM,10480.0
2026-04-01,SHILLONG,7591.0
2026-04-01,SHIRDI,44369.0
2026-04-01,SHIVAMOGGA,17668.0
2026-04-01,SILCHAR,34048.0
2026-04-01,SOLAPUR,3075.0
2026-04-01,SRINAGAR,299451.0
2026-04-01,SURAT,133157.0
2026-04-01,TEZU,1092.0
2026-04-01,THIRUVANANTHAPURAM,182943.0
2026-04-01,TIRUCHIRAPPALLI,55589.0
2026-04-01,TIRUPATI,64768.0
2026-04-01,TUTICORIN,20498.0
2026-04-01,UDAIPUR,127350.0
2026-04-01,UTKELA,361.0
2026-04-01,VADODARA,95956.0
2026-04-01,VARANASI,338198.0
2026-04-01,VIDYANAGAR,1926.0
2026-04-01,VIJAYAWADA,101762.0
2026-04-01,VISAKHAPATNAM,225902.0
2026-05-01,ADAMPUR,12655.0
2026-05-01,AGARTALA,141841.0
2026-05-01,AGATTI ISLAND,14984.0
2026-05-01,AGRA,21032.0
2026-05-01,AHMEDABAD,1048402.0
2026-05-01,AIZAWL,31315.0
2026-05-01,ALLAHABAD (PRAYAGRAJ),43670.0
2026-05-01,AMBIKAPUR,1268.0
2026-05-01,AMRAVATI,1699.0
2026-05-01,AMRITSAR,170805.0
2026-05-01,AURANGABAD,54445.0
2026-05-01,AYODHYA,69048.0
2026-05-01,BAGDOGRA,430862.0
2026-05-01,BAREILLY,10523.0
2026-05-01,BATHINDA,550.0
2026-05-01,BELGAUM,27519.0
2026-05-01,BENGALURU,3380948.0
2026-05-01,BHAVNAGAR,4930.0
2026-05-01,BHOPAL,151539.0
2026-05-01,BHUBANESWAR,389382.0
2026-05-01,BHUJ,26640.0
2026-05-01,BIKANER,3872.0
2026-05-01,BILASPUR,2075.0
2026-05-01,CHANDIGARH,397496.0
2026-05-01,CHENNAI,1390754.0
2026-05-01,COIMBATORE,302196.0
2026-05-01,COOCH BEHAR,19.0
2026-05-01,CUDDAPAH (KADAPA),5297.0
2026-05-01,DARBHANGA,76594.0
2026-05-01,DEHRADUN,201990.0
2026-05-01,DELHI,5263929.0
2026-05-01,DEOGHAR,35334.0
2026-05-01,DHARAMSALA,17218.0
2026-05-01,DIBRUGARH,77593.0
2026-05-01,DIMAPUR,29446.0
2026-05-01,DIU,14791.0
2026-05-01,DURGAPUR,48577.0
2026-05-01,GAYA,15888.0
2026-05-01,GHAZIABAD,46197.0
2026-05-01,GOA,930760.0
2026-05-01,GORAKHPUR,115689.0
2026-05-01,GUWAHATI,584712.0
2026-05-01,GWALIOR,18611.0
2026-05-01,HISAR,677.0
2026-05-01,HUBLI,37125.0
2026-05-01,HYDERABAD,2142835.0
2026-05-01,IMPHAL,103432.0
2026-05-01,INDORE,346407.0
2026-05-01,ITANAGAR,19907.0
2026-05-01,JABALPUR,47655.0
2026-05-01,JAGDALPUR,5348.0
2026-05-01,JAIPUR,399082.0
2026-05-01,JAISALMER,190.0
2026-05-01,JALGAON,13188.0
2026-05-01,JAMMU,125288.0
2026-05-01,JAMNAGAR,19963.0
2026-05-01,JAMSHEDPUR,138.0
2026-05-01,JEYPORE,1120.0
2026-05-01,JHARSUGUDA,40210.0
2026-05-01,JODHPUR,67456.0
2026-05-01,JORHAT,15067.0
2026-05-01,KANNUR,41800.0
2026-05-01,KANPUR,32885.0
2026-05-01,KESHOD,263.0
2026-05-01,KHAJURAHO,2636.0
2026-05-01,KISHANGARH,11943.0
2026-05-01,KOCHI,522668.0
2026-05-01,KOLHAPUR,20296.0
2026-05-01,KOLKATA,1636952.0
2026-05-01,KOZHIKODE,79617.0
2026-05-01,KULLU,1342.0
2026-05-01,KURNOOL,1804.0
2026-05-01,LEH,121796.0
2026-05-01,LILABARI,1395.0
2026-05-01,LUCKNOW,519834.0
2026-05-01,LUDHIANA,3604.0
2026-05-01,MADURAI,107997.0
2026-05-01,MALVAN,10327.0
2026-05-01,MANGALURU,181277.0
2026-05-01,MUMBAI,3890487.0
2026-05-01,MYSURU,11310.0
2026-05-01,NAGPUR,285487.0
2026-05-01,NANDED,24306.0
2026-05-01,NASHIK,35637.0
2026-05-01,PANTNAGAR,8084.0
2026-05-01,PASIGHAT,78.0
2026-05-01,PATNA,397160.0
2026-05-01,PITHORAGARH,1179.0
2026-05-01,PONDICHERRY (PUDUCHERRY),11116.0
2026-05-01,PORT BLAIR,143878.0
2026-05-01,PUNE,1005782.0
2026-05-01,PURNEA,31909.0
2026-05-01,RAIPUR,253401.0
2026-05-01,RAJAHMUNDRY,50137.0
2026-05-01,RAJKOT,120173.0
2026-05-01,RANCHI,244910.0
2026-05-01,REWA,5238.0
2026-05-01,ROURKELA,123.0
2026-05-01,RUPSI,725.0
2026-05-01,SALEM,12775.0
2026-05-01,SHILLONG,8294.0
2026-05-01,SHIMLA,750.0
2026-05-01,SHIRDI,49875.0
2026-05-01,SHIVAMOGGA,18175.0
2026-05-01,SILCHAR,33836.0
2026-05-01,SOLAPUR,5121.0
2026-05-01,SRINAGAR,335420.0
2026-05-01,SURAT,159215.0
2026-05-01,TEZU,1133.0
2026-05-01,THIRUVANANTHAPURAM,212944.0
2026-05-01,TIRUCHIRAPPALLI,59304.0
2026-05-01,TIRUPATI,72045.0
2026-05-01,TUTICORIN,22689.0
2026-05-01,UDAIPUR,120294.0
2026-05-01,UTKELA,435.0
2026-05-01,VADODARA,111620.0
2026-05-01,VARANASI,368389.0
2026-05-01,VIDYANAGAR,2369.0
2026-05-01,VIJAYAWADA,115872.0
2026-05-01,VISAKHAPATNAM,250862.0
2026-06-01,ADAMPUR,12097.0
2026-06-01,AGARTALA,132906.0
2026-06-01,AGATTI ISLAND,11515.0
2026-06-01,AGRA,16986.0
2026-06-01,AHMEDABAD,863381.0
2026-06-01,AIZAWL,30762.0
2026-06-01,ALLAHABAD (PRAYAGRAJ),41852.0
2026-06-01,AMBIKAPUR,1102.0
2026-06-01,AMRAVATI,1784.0
2026-06-01,AMRITSAR,148675.0
2026-06-01,AURANGABAD,46897.0
2026-06-01,AYODHYA,44801.0
2026-06-01,BAGDOGRA,363115.0
2026-06-01,BAREILLY,9074.0
2026-06-01,BATHINDA,1033.0
2026-06-01,BELGAUM,23496.0
2026-06-01,BENGALURU,2926307.0
2026-06-01,BHAVNAGAR,4295.0
2026-06-01,BHOPAL,131073.0
2026-06-01,BHUBANESWAR,352133.0
2026-06-01,BHUJ,24636.0
2026-06-01,BIDAR,2112.0
2026-06-01,BIKANER,3785.0
2026-06-01,BILASPUR,1686.0
2026-06-01,CHANDIGARH,359032.0
2026-06-01,CHENNAI,1197823.0
2026-06-01,COIMBATORE,256357.0
2026-06-01,CUDDAPAH (KADAPA),3754.0
2026-06-01,DARBHANGA,71048.0
2026-06-01,DEHRADUN,163827.0
2026-06-01,DELHI,4721821.0
2026-06-01,DEOGHAR,32336.0
2026-06-01,DHARAMSALA,18217.0
2026-06-01,DIBRUGARH,74474.0
2026-06-01,DIMAPUR,28917.0
2026-06-01,DIU,14372.0
2026-06-01,DURGAPUR,44480.0
2026-06-01,GAUTAM BUDDHA NAGAR,20058.0
2026-06-01,GAYA,16406.0
2026-06-01,GHAZIABAD,43641.0
2026-06-01,GOA,795078.0
2026-06-01,GORAKHPUR,107744.0
2026-06-01,GULBARGA,1993.0
2026-06-01,GUWAHATI,532748.0
2026-06-01,GWALIOR,18702.0
2026-06-01,HISAR,804.0
2026-06-01,HUBLI,33660.0
2026-06-01,HYDERABAD,1851456.0
2026-06-01,IMPHAL,96521.0
2026-06-01,INDORE,328050.0
2026-06-01,ITANAGAR,16851.0
2026-06-01,JABALPUR,40485.0
2026-06-01,JAGDALPUR,5260.0
2026-06-01,JAIPUR,333806.0
2026-06-01,JAISALMER,52.0
2026-06-01,JALGAON,12561.0
2026-06-01,JAMMU,117533.0
2026-06-01,JAMNAGAR,21075.0
2026-06-01,JAMSHEDPUR,64.0
2026-06-01,JEYPORE,1087.0
2026-06-01,JHARSUGUDA,36758.0
2026-06-01,JODHPUR,62773.0
2026-06-01,JORHAT,13565.0
2026-06-01,KANNUR,35078.0
2026-06-01,KANPUR,29735.0
2026-06-01,KESHOD,406.0
2026-06-01,KHAJURAHO,3025.0
2026-06-01,KISHANGARH,10107.0
2026-06-01,KOCHI,427556.0
2026-06-01,KOLHAPUR,18011.0
2026-06-01,KOLKATA,1400267.0
2026-06-01,KOZHIKODE,68516.0
2026-06-01,KULLU,1729.0
2026-06-01,KURNOOL,1656.0
2026-06-01,LEH,111339.0
2026-06-01,LILABARI,699.0
2026-06-01,LUCKNOW,437552.0
2026-06-01,LUDHIANA,11493.0
2026-06-01,MADURAI,102694.0
2026-06-01,MALVAN,9121.0
2026-06-01,MANGALURU,127390.0
2026-06-01,MUMBAI,3350565.0
2026-06-01,MUNDRA,1942.0
2026-06-01,MYSURU,6749.0
2026-06-01,NAGPUR,244718.0
2026-06-01,NANDED,23354.0
2026-06-01,NASHIK,31502.0
2026-06-01,PANTNAGAR,7604.0
2026-06-01,PASIGHAT,32.0
2026-06-01,PATNA,346702.0
2026-06-01,PITHORAGARH,1224.0
2026-06-01,PONDICHERRY (PUDUCHERRY),8274.0
2026-06-01,PORBANDAR,78.0
2026-06-01,PORT BLAIR,116736.0
2026-06-01,PUNE,917554.0
2026-06-01,PURNEA,30890.0
2026-06-01,RAIPUR,229965.0
2026-06-01,RAJAHMUNDRY,46905.0
2026-06-01,RAJKOT,93670.0
2026-06-01,RANCHI,233419.0
2026-06-01,REWA,4654.0
2026-06-01,ROURKELA,133.0
2026-06-01,RUPSI,420.0
2026-06-01,SALEM,11508.0
2026-06-01,SHILLONG,7458.0
2026-06-01,SHIMLA,1526.0
2026-06-01,SHIRDI,47519.0
2026-06-01,SHIVAMOGGA,9084.0
2026-06-01,SILCHAR,32955.0
2026-06-01,SOLAPUR,3491.0
2026-06-01,SRINAGAR,325958.0
2026-06-01,SURAT,133367.0
2026-06-01,TEZU,1229.0
2026-06-01,THIRUVANANTHAPURAM,165050.0
2026-06-01,TIRUCHIRAPPALLI,58629.0
2026-06-01,TIRUPATI,65643.0
2026-06-01,TUTICORIN,20317.0
2026-06-01,UDAIPUR,110710.0
2026-06-01,UTKELA,518.0
2026-06-01,VADODARA,99528.0
2026-06-01,VARANASI,312409.0
2026-06-01,VIDYANAGAR,2525.0
2026-06-01,VIJAYAWADA,107862.0
2026-06-01,VISAKHAPATNAM,216522.0
2026-06-01,ZIRO,0.0
2026-07-01,ADAMPUR,10922.0
2026-07-01,AGARTALA,120349.0
2026-07-01,AGATTI ISLAND,12827.0
2026-07-01,AGRA,12097.0
2026-07-01,AHMEDABAD,726739.0
2026-07-01,AIZAWL,29036.0
2026-07-01,ALLAHABAD (PRAYAGRAJ),27795.0
2026-07-01,AMBIKAPUR,857.0
2026-07-01,AMRAVATI,1885.0
2026-07-01,AMRITSAR,121148.0
2026-07-01,AURANGABAD,40328.0
2026-07-01,AYODHYA,30261.0
2026-07-01,BAGDOGRA,275069.0
2026-07-01,BAREILLY,10029.0
2026-07-01,BATHINDA,1310.0
2026-07-01,BELGAUM,15849.0
2026-07-01,BENGALURU,2677391.0
2026-07-01,BHAVNAGAR,4241.0
2026-07-01,BHOPAL,104774.0
2026-07-01,BHUBANESWAR,299077.0
2026-07-01,BHUJ,24485.0
2026-07-01,BIDAR,1769.0
2026-07-01,BIKANER,4395.0
2026-07-01,BILASPUR,1492.0
2026-07-01,CHANDIGARH,266267.0
2026-07-01,CHENNAI,1161145.0
2026-07-01,COIMBATORE,238009.0
2026-07-01,CUDDAPAH (KADAPA),2855.0
2026-07-01,DAMAN,166.0
2026-07-01,DARBHANGA,52465.0
2026-07-01,DEHRADUN,128358.0
2026-07-01,DELHI,4210264.0
2026-07-01,DEOGHAR,20625.0
2026-07-01,DHARAMSALA,13814.0
2026-07-01,DIBRUGARH,89066.0
2026-07-01,DIMAPUR,32396.0
2026-07-01,DIU,10874.0
2026-07-01,DURGAPUR,35896.0
2026-07-01,GAUTAM BUDDHA NAGAR,67959.0
2026-07-01,GAYA,11816.0
2026-07-01,GHAZIABAD,32893.0
2026-07-01,GOA,665448.0
2026-07-01,GORAKHPUR,85757.0
2026-07-01,GULBARGA,2946.0
2026-07-01,GUWAHATI,517882.0
2026-07-01,GWALIOR,15039.0
2026-07-01,HISAR,560.0
2026-07-01,HUBLI,29370.0
2026-07-01,HYDERABAD,1727204.0
2026-07-01,IMPHAL,95656.0
2026-07-01,INDORE,303470.0
2026-07-01,ITANAGAR,15614.0
2026-07-01,JABALPUR,29525.0
2026-07-01,JAGDALPUR,4342.0
2026-07-01,JAIPUR,317850.0
2026-07-01,JALGAON,13151.0
2026-07-01,JAMMU,98817.0
2026-07-01,JAMNAGAR,22224.0
2026-07-01,JAMSHEDPUR,103.0
2026-07-01,JEYPORE,797.0
2026-07-01,JHARSUGUDA,27090.0
2026-07-01,JODHPUR,66180.0
2026-07-01,JORHAT,14964.0
2026-07-01,KANNUR,30158.0
2026-07-01,KANPUR,24590.0
2026-07-01,KESHOD,291.0
2026-07-01,KISHANGARH,8886.0
2026-07-01,KOCHI,418424.0
2026-07-01,KOLHAPUR,17879.0
2026-07-01,KOLKATA,1243796.0
2026-07-01,KOZHIKODE,62831.0
2026-07-01,KULLU,404.0
2026-07-01,KURNOOL,1310.0
2026-07-01,LEH,106766.0
2026-07-01,LILABARI,1028.0
2026-07-01,LUCKNOW,352656.0
2026-07-01,LUDHIANA,11756.0
2026-07-01,MADURAI,89971.0
2026-07-01,MALVAN,9383.0
2026-07-01,MANGALURU,125617.0
2026-07-01,MUMBAI,2925023.0
2026-07-01,MUNDRA,6225.0
2026-07-01,MYSURU,6377.0
2026-07-01,NAGPUR,204064.0
2026-07-01,NANDED,22233.0
2026-07-01,NASHIK,26159.0
2026-07-01,PANTNAGAR,4993.0
2026-07-01,PASIGHAT,133.0
2026-07-01,PATNA,274126.0
2026-07-01,PITHORAGARH,330.0
2026-07-01,PONDICHERRY (PUDUCHERRY),7456.0
2026-07-01,PORBANDAR,787.0
2026-07-01,PORT BLAIR,67007.0
2026-07-01,PUNE,918156.0
2026-07-01,PURNEA,26292.0
2026-07-01,RAIPUR,201584.0
2026-07-01,RAJAHMUNDRY,44389.0
2026-07-01,RAJKOT,85574.0
2026-07-01,RANCHI,185923.0
2026-07-01,REWA,4159.0
2026-07-01,ROURKELA,139.0
2026-07-01,RUPSI,552.0
2026-07-01,SALEM,11263.0
2026-07-01,SHILLONG,6363.0
2026-07-01,SHIMLA,95.0
2026-07-01,SHIRDI,46340.0
2026-07-01,SHIVAMOGGA,7014.0
2026-07-01,SILCHAR,38374.0
2026-07-01,SRINAGAR,240007.0
2026-07-01,SURAT,111671.0
2026-07-01,TEZU,1138.0
2026-07-01,THIRUVANANTHAPURAM,153138.0
2026-07-01,TIRUCHIRAPPALLI,58117.0
2026-07-01,TIRUPATI,62270.0
2026-07-01,TUTICORIN,21205.0
2026-07-01,UDAIPUR,100956.0
2026-07-01,UTKELA,347.0
2026-07-01,VADODARA,85201.0
2026-07-01,VARANASI,236650.0
2026-07-01,VIDYANAGAR,2340.0
2026-07-01,VIJAYAWADA,105678.0
2026-07-01,VISAKHAPATNAM,210212.0
