date,market,pax,a,b,is_imputed,is_covid,pax_a_to_b,pax_b_to_a
2015-04-01,DELHI – MUMBAI,487258.0,DELHI,MUMBAI,False,False,231679.0,255579.0
2015-04-01,BENGALURU – DELHI,239513.0,BENGALURU,DELHI,False,False,125123.0,114390.0
2015-04-01,BENGALURU – MUMBAI,278625.0,BENGALURU,MUMBAI,False,False,143226.0,135399.0
2015-04-01,DELHI – HYDERABAD,144210.0,DELHI,HYDERABAD,False,False,67637.0,76573.0
2015-04-01,DELHI – KOLKATA,148170.0,DELHI,KOLKATA,False,False,77153.0,71017.0
2015-04-01,DELHI – PUNE,141147.0,DELHI,PUNE,False,False,67005.0,74142.0
2015-04-01,AHMEDABAD – DELHI,105869.0,AHMEDABAD,DELHI,False,False,55343.0,50526.0
2015-04-01,CHENNAI – MUMBAI,160105.0,CHENNAI,MUMBAI,False,False,82273.0,77832.0
2015-04-01,KOLKATA – MUMBAI,125578.0,KOLKATA,MUMBAI,False,False,57219.0,68359.0
2015-04-01,HYDERABAD – MUMBAI,149596.0,HYDERABAD,MUMBAI,False,False,77376.0,72220.0
2015-04-01,CHENNAI – DELHI,152659.0,CHENNAI,DELHI,False,False,79083.0,73576.0
2015-04-01,BENGALURU – HYDERABAD,85772.0,BENGALURU,HYDERABAD,False,False,42464.0,43308.0
2015-04-01,BENGALURU – KOLKATA,61315.0,BENGALURU,KOLKATA,False,False,32560.0,28755.0
2015-04-01,AHMEDABAD – MUMBAI,172946.0,AHMEDABAD,MUMBAI,False,False,85411.0,87535.0
2015-04-01,DELHI – SRINAGAR,102214.0,DELHI,SRINAGAR,False,False,47322.0,54892.0
2015-04-01,BENGALURU – PUNE,94919.0,BENGALURU,PUNE,False,False,46977.0,47942.0
2015-04-01,DELHI – GUWAHATI,59338.0,DELHI,GUWAHATI,False,False,30573.0,28765.0
2015-04-01,DELHI – PATNA,78155.0,DELHI,PATNA,False,False,42363.0,35792.0
2015-04-01,BENGALURU – CHENNAI,77490.0,BENGALURU,CHENNAI,False,False,39124.0,38366.0
2015-04-01,DELHI – LUCKNOW,102514.0,DELHI,LUCKNOW,False,False,53557.0,48957.0
2015-04-01,CHENNAI – HYDERABAD,78792.0,CHENNAI,HYDERABAD,False,False,38200.0,40592.0
2015-04-01,BENGALURU – KOCHI,55586.0,BENGALURU,KOCHI,False,False,27946.0,27640.0
2015-04-01,KOCHI – MUMBAI,84290.0,KOCHI,MUMBAI,False,False,41232.0,43058.0
2015-04-01,BAGDOGRA – DELHI,45121.0,BAGDOGRA,DELHI,False,False,23575.0,21546.0
2015-04-01,BHUBANESWAR – DELHI,48058.0,BHUBANESWAR,DELHI,False,False,23076.0,24982.0
2015-04-01,AHMEDABAD – BENGALURU,24823.0,AHMEDABAD,BENGALURU,False,False,11614.0,13209.0
2015-04-01,JAIPUR – MUMBAI,58118.0,JAIPUR,MUMBAI,False,False,27754.0,30364.0
2015-04-01,CHENNAI – KOLKATA,50568.0,CHENNAI,KOLKATA,False,False,27144.0,23424.0
2015-04-01,DELHI – INDORE,39204.0,DELHI,INDORE,False,False,18609.0,20595.0
2015-04-01,AMRITSAR – DELHI,59772.0,AMRITSAR,DELHI,False,False,33676.0,26096.0
2015-04-01,HYDERABAD – VISAKHAPATNAM,47746.0,HYDERABAD,VISAKHAPATNAM,False,False,25110.0,22636.0
2015-04-01,HYDERABAD – KOLKATA,29626.0,HYDERABAD,KOLKATA,False,False,15795.0,13831.0
2015-04-01,DELHI – VARANASI,48966.0,DELHI,VARANASI,False,False,25494.0,23472.0
2015-04-01,GUWAHATI – KOLKATA,70104.0,GUWAHATI,KOLKATA,False,False,35316.0,34788.0
2015-04-01,LUCKNOW – MUMBAI,54356.0,LUCKNOW,MUMBAI,False,False,24317.0,30039.0
2015-04-01,DELHI – KOCHI,39227.0,DELHI,KOCHI,False,False,19179.0,20048.0
2015-04-01,MUMBAI – VARANASI,17645.0,MUMBAI,VARANASI,False,False,10111.0,7534.0
2015-04-01,DELHI – RANCHI,31497.0,DELHI,RANCHI,False,False,16183.0,15314.0
2015-04-01,CHANDIGARH – DELHI,33233.0,CHANDIGARH,DELHI,False,False,17279.0,15954.0
2015-04-01,CHENNAI – COIMBATORE,55287.0,CHENNAI,COIMBATORE,False,False,27606.0,27681.0
2015-04-01,DELHI – RAIPUR,27997.0,DELHI,RAIPUR,False,False,13521.0,14476.0
2015-04-01,AGARTALA – KOLKATA,45558.0,AGARTALA,KOLKATA,False,False,23468.0,22090.0
2015-04-01,BENGALURU – MANGALURU,22506.0,BENGALURU,MANGALURU,False,False,11062.0,11444.0
2015-04-01,DELHI – LEH,26036.0,DELHI,LEH,False,False,14700.0,11336.0
2015-04-01,BENGALURU – BHUBANESWAR,11689.0,BENGALURU,BHUBANESWAR,False,False,6196.0,5493.0
2015-04-01,BENGALURU – VARANASI,5070.0,BENGALURU,VARANASI,False,False,2769.0,2301.0
2015-04-01,BENGALURU – LUCKNOW,10422.0,BENGALURU,LUCKNOW,False,False,5876.0,4546.0
2015-04-01,CHENNAI – PUNE,56960.0,CHENNAI,PUNE,False,False,28257.0,28703.0
2015-04-01,MUMBAI – NAGPUR,54999.0,MUMBAI,NAGPUR,False,False,27508.0,27491.0
2015-04-01,INDORE – MUMBAI,67489.0,INDORE,MUMBAI,False,False,34265.0,33224.0
2015-04-01,DELHI – NAGPUR,21456.0,DELHI,NAGPUR,False,False,9873.0,11583.0
2015-04-01,BENGALURU – GUWAHATI,11251.0,BENGALURU,GUWAHATI,False,False,6016.0,5235.0
2015-04-01,HYDERABAD – KOCHI,24676.0,HYDERABAD,KOCHI,False,False,12952.0,11724.0
2015-04-01,BENGALURU – JAIPUR,40068.0,BENGALURU,JAIPUR,False,False,22084.0,17984.0
2015-04-01,HYDERABAD – PUNE,18996.0,HYDERABAD,PUNE,False,False,10013.0,8983.0
2015-04-01,BENGALURU – THIRUVANANTHAPURAM,24238.0,BENGALURU,THIRUVANANTHAPURAM,False,False,12087.0,12151.0
2015-04-01,DELHI – UDAIPUR,15639.0,DELHI,UDAIPUR,False,False,7663.0,7976.0
2015-04-01,DELHI – JAMMU,50741.0,DELHI,JAMMU,False,False,27750.0,22991.0
2015-04-01,CHENNAI – KOCHI,36529.0,CHENNAI,KOCHI,False,False,18633.0,17896.0
2015-04-01,HYDERABAD – TIRUPATI,21031.0,HYDERABAD,TIRUPATI,False,False,10866.0,10165.0
2015-05-01,DELHI – MUMBAI,535644.0,DELHI,MUMBAI,False,False,270727.0,264917.0
2015-05-01,BENGALURU – DELHI,258444.0,BENGALURU,DELHI,False,False,118191.0,140253.0
2015-05-01,BENGALURU – MUMBAI,282705.0,BENGALURU,MUMBAI,False,False,137305.0,145400.0
2015-05-01,DELHI – HYDERABAD,158866.0,DELHI,HYDERABAD,False,False,80779.0,78087.0
2015-05-01,DELHI – KOLKATA,168150.0,DELHI,KOLKATA,False,False,88056.0,80094.0
2015-05-01,DELHI – PUNE,150810.0,DELHI,PUNE,False,False,75884.0,74926.0
2015-05-01,AHMEDABAD – DELHI,115583.0,AHMEDABAD,DELHI,False,False,59949.0,55634.0
2015-05-01,CHENNAI – MUMBAI,168061.0,CHENNAI,MUMBAI,False,False,81427.0,86634.0
2015-05-01,KOLKATA – MUMBAI,141259.0,KOLKATA,MUMBAI,False,False,69072.0,72187.0
2015-05-01,HYDERABAD – MUMBAI,160665.0,HYDERABAD,MUMBAI,False,False,79627.0,81038.0
2015-05-01,CHENNAI – DELHI,169714.0,CHENNAI,DELHI,False,False,80141.0,89573.0
2015-05-01,BENGALURU – HYDERABAD,93576.0,BENGALURU,HYDERABAD,False,False,44472.0,49104.0
2015-05-01,BENGALURU – KOLKATA,73824.0,BENGALURU,KOLKATA,False,False,35652.0,38172.0
2015-05-01,AHMEDABAD – MUMBAI,185979.0,AHMEDABAD,MUMBAI,False,False,97812.0,88167.0
2015-05-01,DELHI – SRINAGAR,139852.0,DELHI,SRINAGAR,False,False,69023.0,70829.0
2015-05-01,BENGALURU – PUNE,98013.0,BENGALURU,PUNE,False,False,47382.0,50631.0
2015-05-01,DELHI – GUWAHATI,61668.0,DELHI,GUWAHATI,False,False,33126.0,28542.0
2015-05-01,DELHI – PATNA,85983.0,DELHI,PATNA,False,False,45567.0,40416.0
2015-05-01,BENGALURU – CHENNAI,77772.0,BENGALURU,CHENNAI,False,False,38020.0,39752.0
2015-05-01,DELHI – LUCKNOW,113975.0,DELHI,LUCKNOW,False,False,60568.0,53407.0
2015-05-01,CHENNAI – HYDERABAD,85572.0,CHENNAI,HYDERABAD,False,False,41778.0,43794.0
2015-05-01,BENGALURU – KOCHI,55660.0,BENGALURU,KOCHI,False,False,28309.0,27351.0
2015-05-01,KOCHI – MUMBAI,94761.0,KOCHI,MUMBAI,False,False,44199.0,50562.0
2015-05-01,BAGDOGRA – DELHI,51869.0,BAGDOGRA,DELHI,False,False,26710.0,25159.0
2015-05-01,BHUBANESWAR – DELHI,47073.0,BHUBANESWAR,DELHI,False,False,23026.0,24047.0
2015-05-01,AHMEDABAD – BENGALURU,28958.0,AHMEDABAD,BENGALURU,False,False,15846.0,13112.0
2015-05-01,JAIPUR – MUMBAI,61087.0,JAIPUR,MUMBAI,False,False,32722.0,28365.0
2015-05-01,CHENNAI – KOLKATA,54591.0,CHENNAI,KOLKATA,False,False,27124.0,27467.0
2015-05-01,DELHI – INDORE,40116.0,DELHI,INDORE,False,False,19250.0,20866.0
2015-05-01,AMRITSAR – DELHI,52038.0,AMRITSAR,DELHI,False,False,29954.0,22084.0
2015-05-01,HYDERABAD – VISAKHAPATNAM,58071.0,HYDERABAD,VISAKHAPATNAM,False,False,28926.0,29145.0
2015-05-01,HYDERABAD – KOLKATA,33912.0,HYDERABAD,KOLKATA,False,False,16845.0,17067.0
2015-05-01,DELHI – VARANASI,55644.0,DELHI,VARANASI,False,False,29132.0,26512.0
2015-05-01,GUWAHATI – KOLKATA,66142.0,GUWAHATI,KOLKATA,False,False,32291.0,33851.0
2015-05-01,LUCKNOW – MUMBAI,58998.0,LUCKNOW,MUMBAI,False,False,28173.0,30825.0
2015-05-01,DELHI – KOCHI,39819.0,DELHI,KOCHI,False,False,22701.0,17118.0
2015-05-01,MUMBAI – VARANASI,21937.0,MUMBAI,VARANASI,False,False,11564.0,10373.0
2015-05-01,DELHI – RANCHI,33167.0,DELHI,RANCHI,False,False,16805.0,16362.0
2015-05-01,CHANDIGARH – DELHI,37950.0,CHANDIGARH,DELHI,False,False,19578.0,18372.0
2015-05-01,CHENNAI – COIMBATORE,57540.0,CHENNAI,COIMBATORE,False,False,29375.0,28165.0
2015-05-01,DELHI – RAIPUR,33304.0,DELHI,RAIPUR,False,False,16396.0,16908.0
2015-05-01,AGARTALA – KOLKATA,50222.0,AGARTALA,KOLKATA,False,False,26034.0,24188.0
2015-05-01,BENGALURU – MANGALURU,23233.0,BENGALURU,MANGALURU,False,False,11028.0,12205.0
2015-05-01,DELHI – LEH,37657.0,DELHI,LEH,False,False,19635.0,18022.0
2015-05-01,BENGALURU – BHUBANESWAR,14862.0,BENGALURU,BHUBANESWAR,False,False,6993.0,7869.0
2015-05-01,BENGALURU – VARANASI,5149.0,BENGALURU,VARANASI,False,False,2486.0,2663.0
2015-05-01,BENGALURU – LUCKNOW,14171.0,BENGALURU,LUCKNOW,False,False,6514.0,7657.0
2015-05-01,CHENNAI – PUNE,61729.0,CHENNAI,PUNE,False,False,29606.0,32123.0
2015-05-01,MUMBAI – NAGPUR,56377.0,MUMBAI,NAGPUR,False,False,27213.0,29164.0
2015-05-01,INDORE – MUMBAI,62798.0,INDORE,MUMBAI,False,False,33713.0,29085.0
2015-05-01,DELHI – NAGPUR,28407.0,DELHI,NAGPUR,False,False,13946.0,14461.0
2015-05-01,BENGALURU – GUWAHATI,10674.0,BENGALURU,GUWAHATI,False,False,5264.0,5410.0
2015-05-01,HYDERABAD – KOCHI,25912.0,HYDERABAD,KOCHI,False,False,13143.0,12769.0
2015-05-01,BENGALURU – JAIPUR,44249.0,BENGALURU,JAIPUR,False,False,20381.0,23868.0
2015-05-01,HYDERABAD – PUNE,21362.0,HYDERABAD,PUNE,False,False,11062.0,10300.0
2015-05-01,BENGALURU – THIRUVANANTHAPURAM,29911.0,BENGALURU,THIRUVANANTHAPURAM,False,False,14528.0,15383.0
2015-05-01,DELHI – UDAIPUR,15087.0,DELHI,UDAIPUR,False,False,7441.0,7646.0
2015-05-01,DELHI – JAMMU,57192.0,DELHI,JAMMU,False,False,32751.0,24441.0
2015-05-01,CHENNAI – KOCHI,38559.0,CHENNAI,KOCHI,False,False,20061.0,18498.0
2015-05-01,HYDERABAD – TIRUPATI,20438.0,HYDERABAD,TIRUPATI,False,False,10703.0,9735.0
2015-06-01,DELHI – MUMBAI,462561.0,DELHI,MUMBAI,False,False,248419.0,214142.0
2015-06-01,BENGALURU – DELHI,266141.0,BENGALURU,DELHI,False,False,130835.0,135306.0
2015-06-01,BENGALURU – MUMBAI,243475.0,BENGALURU,MUMBAI,False,False,125043.0,118432.0
2015-06-01,DELHI – HYDERABAD,156898.0,DELHI,HYDERABAD,False,False,81092.0,75806.0
2015-06-01,DELHI – KOLKATA,161609.0,DELHI,KOLKATA,False,False,82389.0,79220.0
2015-06-01,DELHI – PUNE,140234.0,DELHI,PUNE,False,False,72794.0,67440.0
2015-06-01,AHMEDABAD – DELHI,97369.0,AHMEDABAD,DELHI,False,False,44645.0,52724.0
2015-06-01,CHENNAI – MUMBAI,152664.0,CHENNAI,MUMBAI,False,False,74824.0,77840.0
2015-06-01,KOLKATA – MUMBAI,125544.0,KOLKATA,MUMBAI,False,False,66193.0,59351.0
2015-06-01,HYDERABAD – MUMBAI,149105.0,HYDERABAD,MUMBAI,False,False,72458.0,76647.0
2015-06-01,CHENNAI – DELHI,157566.0,CHENNAI,DELHI,False,False,74883.0,82683.0
2015-06-01,BENGALURU – HYDERABAD,83532.0,BENGALURU,HYDERABAD,False,False,41908.0,41624.0
2015-06-01,BENGALURU – KOLKATA,67322.0,BENGALURU,KOLKATA,False,False,33345.0,33977.0
2015-06-01,AHMEDABAD – MUMBAI,158963.0,AHMEDABAD,MUMBAI,False,False,81105.0,77858.0
2015-06-01,DELHI – SRINAGAR,145721.0,DELHI,SRINAGAR,False,False,68668.0,77053.0
2015-06-01,BENGALURU – PUNE,90753.0,BENGALURU,PUNE,False,False,45411.0,45342.0
2015-06-01,DELHI – GUWAHATI,66712.0,DELHI,GUWAHATI,False,False,34229.0,32483.0
2015-06-01,DELHI – PATNA,80299.0,DELHI,PATNA,False,False,38357.0,41942.0
2015-06-01,BENGALURU – CHENNAI,62628.0,BENGALURU,CHENNAI,False,False,31719.0,30909.0
2015-06-01,DELHI – LUCKNOW,131477.0,DELHI,LUCKNOW,False,False,64164.0,67313.0
2015-06-01,CHENNAI – HYDERABAD,73620.0,CHENNAI,HYDERABAD,False,False,36561.0,37059.0
2015-06-01,BENGALURU – KOCHI,49944.0,BENGALURU,KOCHI,False,False,25247.0,24697.0
2015-06-01,KOCHI – MUMBAI,73894.0,KOCHI,MUMBAI,False,False,37923.0,35971.0
2015-06-01,BAGDOGRA – DELHI,51123.0,BAGDOGRA,DELHI,False,False,27584.0,23539.0
2015-06-01,BHUBANESWAR – DELHI,47435.0,BHUBANESWAR,DELHI,False,False,23017.0,24418.0
2015-06-01,AHMEDABAD – BENGALURU,25177.0,AHMEDABAD,BENGALURU,False,False,13007.0,12170.0
2015-06-01,JAIPUR – MUMBAI,53312.0,JAIPUR,MUMBAI,False,False,27031.0,26281.0
2015-06-01,CHENNAI – KOLKATA,51210.0,CHENNAI,KOLKATA,False,False,24552.0,26658.0
2015-06-01,DELHI – INDORE,38085.0,DELHI,INDORE,False,False,19377.0,18708.0
2015-06-01,AMRITSAR – DELHI,47177.0,AMRITSAR,DELHI,False,False,26157.0,21020.0
2015-06-01,HYDERABAD – VISAKHAPATNAM,47223.0,HYDERABAD,VISAKHAPATNAM,False,False,23864.0,23359.0
2015-06-01,HYDERABAD – KOLKATA,30471.0,HYDERABAD,KOLKATA,False,False,14459.0,16012.0
2015-06-01,DELHI – VARANASI,54744.0,DELHI,VARANASI,False,False,26145.0,28599.0
2015-06-01,GUWAHATI – KOLKATA,66585.0,GUWAHATI,KOLKATA,False,False,34754.0,31831.0
2015-06-01,LUCKNOW – MUMBAI,57378.0,LUCKNOW,MUMBAI,False,False,30128.0,27250.0
2015-06-01,DELHI – KOCHI,42331.0,DELHI,KOCHI,False,False,21430.0,20901.0
2015-06-01,MUMBAI – VARANASI,18368.0,MUMBAI,VARANASI,False,False,7764.0,10604.0
2015-06-01,DELHI – RANCHI,34842.0,DELHI,RANCHI,False,False,18155.0,16687.0
2015-06-01,CHANDIGARH – DELHI,38320.0,CHANDIGARH,DELHI,False,False,19748.0,18572.0
2015-06-01,CHENNAI – COIMBATORE,51673.0,CHENNAI,COIMBATORE,False,False,25716.0,25957.0
2015-06-01,DELHI – RAIPUR,29297.0,DELHI,RAIPUR,False,False,15073.0,14224.0
2015-06-01,AGARTALA – KOLKATA,45910.0,AGARTALA,KOLKATA,False,False,22566.0,23344.0
2015-06-01,BENGALURU – MANGALURU,21185.0,BENGALURU,MANGALURU,False,False,9953.0,11232.0
2015-06-01,DELHI – LEH,35507.0,DELHI,LEH,False,False,17307.0,18200.0
2015-06-01,BENGALURU – BHUBANESWAR,12958.0,BENGALURU,BHUBANESWAR,False,False,6385.0,6573.0
2015-06-01,BENGALURU – VARANASI,4024.0,BENGALURU,VARANASI,False,False,1908.0,2116.0
2015-06-01,BENGALURU – LUCKNOW,11206.0,BENGALURU,LUCKNOW,False,False,5017.0,6189.0
2015-06-01,CHENNAI – PUNE,54656.0,CHENNAI,PUNE,False,False,27042.0,27614.0
2015-06-01,MUMBAI – NAGPUR,53600.0,MUMBAI,NAGPUR,False,False,26135.0,27465.0
2015-06-01,INDORE – MUMBAI,58973.0,INDORE,MUMBAI,False,False,31148.0,27825.0
2015-06-01,DELHI – NAGPUR,28090.0,DELHI,NAGPUR,False,False,15204.0,12886.0
2015-06-01,BENGALURU – GUWAHATI,9231.0,BENGALURU,GUWAHATI,False,False,4322.0,4909.0
2015-06-01,HYDERABAD – KOCHI,21626.0,HYDERABAD,KOCHI,False,False,10125.0,11501.0
2015-06-01,BENGALURU – JAIPUR,40825.0,BENGALURU,JAIPUR,False,False,19709.0,21116.0
2015-06-01,HYDERABAD – PUNE,19940.0,HYDERABAD,PUNE,False,False,10232.0,9708.0
2015-06-01,BENGALURU – THIRUVANANTHAPURAM,28554.0,BENGALURU,THIRUVANANTHAPURAM,False,False,13755.0,14799.0
2015-06-01,DELHI – UDAIPUR,14524.0,DELHI,UDAIPUR,False,False,7600.0,6924.0
2015-06-01,DELHI – JAMMU,53610.0,DELHI,JAMMU,False,False,31471.0,22139.0
2015-06-01,CHENNAI – KOCHI,34047.0,CHENNAI,KOCHI,False,False,16619.0,17428.0
2015-06-01,HYDERABAD – TIRUPATI,21295.0,HYDERABAD,TIRUPATI,False,False,10940.0,10355.0
2015-07-01,DELHI – MUMBAI,470102.0,DELHI,MUMBAI,False,False,234464.0,235638.0
2015-07-01,BENGALURU – DELHI,281767.0,BENGALURU,DELHI,False,False,140822.0,140945.0
2015-07-01,BENGALURU – MUMBAI,260069.0,BENGALURU,MUMBAI,False,False,129383.0,130686.0
2015-07-01,DELHI – HYDERABAD,174234.0,DELHI,HYDERABAD,False,False,87482.0,86752.0
2015-07-01,DELHI – KOLKATA,154597.0,DELHI,KOLKATA,False,False,78585.0,76012.0
2015-07-01,DELHI – PUNE,147241.0,DELHI,PUNE,False,False,72835.0,74406.0
2015-07-01,AHMEDABAD – DELHI,94778.0,AHMEDABAD,DELHI,False,False,46875.0,47903.0
2015-07-01,CHENNAI – MUMBAI,170592.0,CHENNAI,MUMBAI,False,False,83907.0,86685.0
2015-07-01,KOLKATA – MUMBAI,121919.0,KOLKATA,MUMBAI,False,False,59607.0,62312.0
2015-07-01,HYDERABAD – MUMBAI,158657.0,HYDERABAD,MUMBAI,False,False,75183.0,83474.0
2015-07-01,CHENNAI – DELHI,171268.0,CHENNAI,DELHI,False,False,82873.0,88395.0
2015-07-01,BENGALURU – HYDERABAD,88754.0,BENGALURU,HYDERABAD,False,False,44190.0,44564.0
2015-07-01,BENGALURU – KOLKATA,71761.0,BENGALURU,KOLKATA,False,False,36917.0,34844.0
2015-07-01,AHMEDABAD – MUMBAI,153627.0,AHMEDABAD,MUMBAI,False,False,77364.0,76263.0
2015-07-01,DELHI – SRINAGAR,132304.0,DELHI,SRINAGAR,False,False,62591.0,69713.0
2015-07-01,BENGALURU – PUNE,101835.0,BENGALURU,PUNE,False,False,50316.0,51519.0
2015-07-01,DELHI – GUWAHATI,69262.0,DELHI,GUWAHATI,False,False,35136.0,34126.0
2015-07-01,DELHI – PATNA,80703.0,DELHI,PATNA,False,False,40231.0,40472.0
2015-07-01,BENGALURU – CHENNAI,65999.0,BENGALURU,CHENNAI,False,False,32863.0,33136.0
2015-07-01,DELHI – LUCKNOW,120269.0,DELHI,LUCKNOW,False,False,58925.0,61344.0
2015-07-01,CHENNAI – HYDERABAD,70771.0,CHENNAI,HYDERABAD,False,False,35120.0,35651.0
2015-07-01,BENGALURU – KOCHI,66924.0,BENGALURU,KOCHI,False,False,34274.0,32650.0
2015-07-01,KOCHI – MUMBAI,83927.0,KOCHI,MUMBAI,False,False,39097.0,44830.0
2015-07-01,BAGDOGRA – DELHI,43636.0,BAGDOGRA,DELHI,False,False,24167.0,19469.0
2015-07-01,BHUBANESWAR – DELHI,47540.0,BHUBANESWAR,DELHI,False,False,23238.0,24302.0
2015-07-01,AHMEDABAD – BENGALURU,25557.0,AHMEDABAD,BENGALURU,False,False,12967.0,12590.0
2015-07-01,JAIPUR – MUMBAI,53555.0,JAIPUR,MUMBAI,False,False,25939.0,27616.0
2015-07-01,CHENNAI – KOLKATA,54782.0,CHENNAI,KOLKATA,False,False,26495.0,28287.0
2015-07-01,DELHI – INDORE,37359.0,DELHI,INDORE,False,False,18483.0,18876.0
2015-07-01,AMRITSAR – DELHI,53597.0,AMRITSAR,DELHI,False,False,26176.0,27421.0
2015-07-01,HYDERABAD – VISAKHAPATNAM,53051.0,HYDERABAD,VISAKHAPATNAM,False,False,26993.0,26058.0
2015-07-01,HYDERABAD – KOLKATA,33403.0,HYDERABAD,KOLKATA,False,False,16789.0,16614.0
2015-07-01,DELHI – VARANASI,51643.0,DELHI,VARANASI,False,False,25095.0,26548.0
2015-07-01,GUWAHATI – KOLKATA,73529.0,GUWAHATI,KOLKATA,False,False,37251.0,36278.0
2015-07-01,LUCKNOW – MUMBAI,54929.0,LUCKNOW,MUMBAI,False,False,27081.0,27848.0
2015-07-01,DELHI – KOCHI,34815.0,DELHI,KOCHI,False,False,18400.0,16415.0
2015-07-01,MUMBAI – VARANASI,15701.0,MUMBAI,VARANASI,False,False,7714.0,7987.0
2015-07-01,DELHI – RANCHI,32744.0,DELHI,RANCHI,False,False,16583.0,16161.0
2015-07-01,CHANDIGARH – DELHI,40413.0,CHANDIGARH,DELHI,False,False,20414.0,19999.0
2015-07-01,CHENNAI – COIMBATORE,51268.0,CHENNAI,COIMBATORE,False,False,26055.0,25213.0
2015-07-01,DELHI – RAIPUR,27682.0,DELHI,RAIPUR,False,False,13543.0,14139.0
2015-07-01,AGARTALA – KOLKATA,46533.0,AGARTALA,KOLKATA,False,False,24332.0,22201.0
2015-07-01,BENGALURU – MANGALURU,25137.0,BENGALURU,MANGALURU,False,False,12679.0,12458.0
2015-07-01,DELHI – LEH,32242.0,DELHI,LEH,False,False,15936.0,16306.0
2015-07-01,BENGALURU – BHUBANESWAR,11499.0,BENGALURU,BHUBANESWAR,False,False,5816.0,5683.0
2015-07-01,BENGALURU – VARANASI,3286.0,BENGALURU,VARANASI,False,False,1604.0,1682.0
2015-07-01,BENGALURU – LUCKNOW,11549.0,BENGALURU,LUCKNOW,False,False,5773.0,5776.0
2015-07-01,CHENNAI – PUNE,62491.0,CHENNAI,PUNE,False,False,30981.0,31510.0
2015-07-01,MUMBAI – NAGPUR,52715.0,MUMBAI,NAGPUR,False,False,25985.0,26730.0
2015-07-01,INDORE – MUMBAI,50704.0,INDORE,MUMBAI,False,False,25530.0,25174.0
2015-07-01,DELHI – NAGPUR,22975.0,DELHI,NAGPUR,False,False,11753.0,11222.0
2015-07-01,BENGALURU – GUWAHATI,10949.0,BENGALURU,GUWAHATI,False,False,5309.0,5640.0
2015-07-01,HYDERABAD – KOCHI,15366.0,HYDERABAD,KOCHI,False,False,7874.0,7492.0
2015-07-01,BENGALURU – JAIPUR,40092.0,BENGALURU,JAIPUR,False,False,20774.0,19318.0
2015-07-01,HYDERABAD – PUNE,20778.0,HYDERABAD,PUNE,False,False,10385.0,10393.0
2015-07-01,BENGALURU – THIRUVANANTHAPURAM,30306.0,BENGALURU,THIRUVANANTHAPURAM,False,False,15308.0,14998.0
2015-07-01,DELHI – UDAIPUR,17393.0,DELHI,UDAIPUR,False,False,8970.0,8423.0
2015-07-01,DELHI – JAMMU,52588.0,DELHI,JAMMU,False,False,29707.0,22881.0
2015-07-01,CHENNAI – KOCHI,33895.0,CHENNAI,KOCHI,False,False,17384.0,16511.0
2015-07-01,HYDERABAD – TIRUPATI,26047.0,HYDERABAD,TIRUPATI,False,False,13125.0,12922.0
2015-08-01,DELHI – MUMBAI,472005.0,DELHI,MUMBAI,False,False,236913.0,235092.0
2015-08-01,BENGALURU – DELHI,278022.0,BENGALURU,DELHI,False,False,139728.0,138294.0
2015-08-01,BENGALURU – MUMBAI,270434.0,BENGALURU,MUMBAI,False,False,139388.0,131046.0
2015-08-01,DELHI – HYDERABAD,171440.0,DELHI,HYDERABAD,False,False,79969.0,91471.0
2015-08-01,DELHI – KOLKATA,147849.0,DELHI,KOLKATA,False,False,74669.0,73180.0
2015-08-01,DELHI – PUNE,143210.0,DELHI,PUNE,False,False,71363.0,71847.0
2015-08-01,AHMEDABAD – DELHI,93741.0,AHMEDABAD,DELHI,False,False,47109.0,46632.0
2015-08-01,CHENNAI – MUMBAI,175651.0,CHENNAI,MUMBAI,False,False,89985.0,85666.0
2015-08-01,KOLKATA – MUMBAI,125163.0,KOLKATA,MUMBAI,False,False,63001.0,62162.0
2015-08-01,HYDERABAD – MUMBAI,160689.0,HYDERABAD,MUMBAI,False,False,86903.0,73786.0
2015-08-01,CHENNAI – DELHI,167391.0,CHENNAI,DELHI,False,False,86899.0,80492.0
2015-08-01,BENGALURU – HYDERABAD,87064.0,BENGALURU,HYDERABAD,False,False,43192.0,43872.0
2015-08-01,BENGALURU – KOLKATA,73300.0,BENGALURU,KOLKATA,False,False,36160.0,37140.0
2015-08-01,AHMEDABAD – MUMBAI,164310.0,AHMEDABAD,MUMBAI,False,False,84453.0,79857.0
2015-08-01,DELHI – SRINAGAR,112314.0,DELHI,SRINAGAR,False,False,47899.0,64415.0
2015-08-01,BENGALURU – PUNE,100642.0,BENGALURU,PUNE,False,False,49822.0,50820.0
2015-08-01,DELHI – GUWAHATI,61551.0,DELHI,GUWAHATI,False,False,31032.0,30519.0
2015-08-01,DELHI – PATNA,75133.0,DELHI,PATNA,False,False,36871.0,38262.0
2015-08-01,BENGALURU – CHENNAI,66660.0,BENGALURU,CHENNAI,False,False,33361.0,33299.0
2015-08-01,DELHI – LUCKNOW,122609.0,DELHI,LUCKNOW,False,False,60524.0,62085.0
2015-08-01,CHENNAI – HYDERABAD,70489.0,CHENNAI,HYDERABAD,False,False,35218.0,35271.0
2015-08-01,BENGALURU – KOCHI,67954.0,BENGALURU,KOCHI,False,False,33845.0,34109.0
2015-08-01,KOCHI – MUMBAI,91327.0,KOCHI,MUMBAI,False,False,47311.0,44016.0
2015-08-01,BAGDOGRA – DELHI,43071.0,BAGDOGRA,DELHI,False,False,23221.0,19850.0
2015-08-01,BHUBANESWAR – DELHI,47632.0,BHUBANESWAR,DELHI,False,False,23904.0,23728.0
2015-08-01,AHMEDABAD – BENGALURU,24105.0,AHMEDABAD,BENGALURU,False,False,12375.0,11730.0
2015-08-01,JAIPUR – MUMBAI,59973.0,JAIPUR,MUMBAI,False,False,30204.0,29769.0
2015-08-01,CHENNAI – KOLKATA,50081.0,CHENNAI,KOLKATA,False,False,24349.0,25732.0
2015-08-01,DELHI – INDORE,39096.0,DELHI,INDORE,False,False,18947.0,20149.0
2015-08-01,AMRITSAR – DELHI,53381.0,AMRITSAR,DELHI,False,False,26095.0,27286.0
2015-08-01,HYDERABAD – VISAKHAPATNAM,53314.0,HYDERABAD,VISAKHAPATNAM,False,False,26817.0,26497.0
2015-08-01,HYDERABAD – KOLKATA,32341.0,HYDERABAD,KOLKATA,False,False,16065.0,16276.0
2015-08-01,DELHI – VARANASI,53690.0,DELHI,VARANASI,False,False,25830.0,27860.0
2015-08-01,GUWAHATI – KOLKATA,63641.0,GUWAHATI,KOLKATA,False,False,31786.0,31855.0
2015-08-01,LUCKNOW – MUMBAI,54510.0,LUCKNOW,MUMBAI,False,False,26312.0,28198.0
2015-08-01,DELHI – KOCHI,41400.0,DELHI,KOCHI,False,False,20962.0,20438.0
2015-08-01,MUMBAI – VARANASI,15152.0,MUMBAI,VARANASI,False,False,7518.0,7634.0
2015-08-01,DELHI – RANCHI,28180.0,DELHI,RANCHI,False,False,14115.0,14065.0
2015-08-01,CHANDIGARH – DELHI,39449.0,CHANDIGARH,DELHI,False,False,20156.0,19293.0
2015-08-01,CHENNAI – COIMBATORE,51840.0,CHENNAI,COIMBATORE,False,False,25973.0,25867.0
2015-08-01,DELHI – RAIPUR,26001.0,DELHI,RAIPUR,False,False,12675.0,13326.0
2015-08-01,AGARTALA – KOLKATA,47313.0,AGARTALA,KOLKATA,False,False,25325.0,21988.0
2015-08-01,BENGALURU – MANGALURU,26295.0,BENGALURU,MANGALURU,False,False,12701.0,13594.0
2015-08-01,DELHI – LEH,32685.0,DELHI,LEH,False,False,15528.0,17157.0
2015-08-01,BENGALURU – BHUBANESWAR,11512.0,BENGALURU,BHUBANESWAR,False,False,5654.0,5858.0
2015-08-01,BENGALURU – VARANASI,2889.0,BENGALURU,VARANASI,False,False,1445.0,1444.0
2015-08-01,BENGALURU – LUCKNOW,10610.0,BENGALURU,LUCKNOW,False,False,5186.0,5424.0
2015-08-01,CHENNAI – PUNE,59261.0,CHENNAI,PUNE,False,False,29465.0,29796.0
2015-08-01,MUMBAI – NAGPUR,53281.0,MUMBAI,NAGPUR,False,False,25883.0,27398.0
2015-08-01,INDORE – MUMBAI,61957.0,INDORE,MUMBAI,False,False,31455.0,30502.0
2015-08-01,DELHI – NAGPUR,21076.0,DELHI,NAGPUR,False,False,10401.0,10675.0
2015-08-01,BENGALURU – GUWAHATI,7666.0,BENGALURU,GUWAHATI,False,False,3563.0,4103.0
2015-08-01,HYDERABAD – KOCHI,16239.0,HYDERABAD,KOCHI,False,False,8233.0,8006.0
2015-08-01,BENGALURU – JAIPUR,40256.0,BENGALURU,JAIPUR,False,False,20609.0,19647.0
2015-08-01,HYDERABAD – PUNE,20240.0,HYDERABAD,PUNE,False,False,10564.0,9676.0
2015-08-01,BENGALURU – THIRUVANANTHAPURAM,34795.0,BENGALURU,THIRUVANANTHAPURAM,False,False,17156.0,17639.0
2015-08-01,DELHI – UDAIPUR,18811.0,DELHI,UDAIPUR,False,False,9388.0,9423.0
2015-08-01,DELHI – JAMMU,47478.0,DELHI,JAMMU,False,False,26479.0,20999.0
2015-08-01,CHENNAI – KOCHI,35144.0,CHENNAI,KOCHI,False,False,18011.0,17133.0
2015-08-01,HYDERABAD – TIRUPATI,30809.0,HYDERABAD,TIRUPATI,False,False,15627.0,15182.0
2015-09-01,DELHI – MUMBAI,470654.0,DELHI,MUMBAI,False,False,233553.0,237101.0
2015-09-01,BENGALURU – DELHI,255652.0,BENGALURU,DELHI,False,False,129897.0,125755.0
2015-09-01,BENGALURU – MUMBAI,258318.0,BENGALURU,MUMBAI,False,False,132153.0,126165.0
2015-09-01,DELHI – HYDERABAD,157638.0,DELHI,HYDERABAD,False,False,75312.0,82326.0
2015-09-01,DELHI – KOLKATA,147897.0,DELHI,KOLKATA,False,False,76785.0,71112.0
2015-09-01,DELHI – PUNE,144093.0,DELHI,PUNE,False,False,71409.0,72684.0
2015-09-01,AHMEDABAD – DELHI,99893.0,AHMEDABAD,DELHI,False,False,50416.0,49477.0
2015-09-01,CHENNAI – MUMBAI,170100.0,CHENNAI,MUMBAI,False,False,88600.0,81500.0
2015-09-01,KOLKATA – MUMBAI,122584.0,KOLKATA,MUMBAI,False,False,57655.0,64929.0
2015-09-01,HYDERABAD – MUMBAI,147014.0,HYDERABAD,MUMBAI,False,False,76488.0,70526.0
2015-09-01,CHENNAI – DELHI,162596.0,CHENNAI,DELHI,False,False,85367.0,77229.0
2015-09-01,BENGALURU – HYDERABAD,83742.0,BENGALURU,HYDERABAD,False,False,41374.0,42368.0
2015-09-01,BENGALURU – KOLKATA,72547.0,BENGALURU,KOLKATA,False,False,38274.0,34273.0
2015-09-01,AHMEDABAD – MUMBAI,166336.0,AHMEDABAD,MUMBAI,False,False,84257.0,82079.0
2015-09-01,DELHI – SRINAGAR,111018.0,DELHI,SRINAGAR,False,False,53219.0,57799.0
2015-09-01,BENGALURU – PUNE,92431.0,BENGALURU,PUNE,False,False,45736.0,46695.0
2015-09-01,DELHI – GUWAHATI,61688.0,DELHI,GUWAHATI,False,False,32127.0,29561.0
2015-09-01,DELHI – PATNA,73087.0,DELHI,PATNA,False,False,40070.0,33017.0
2015-09-01,BENGALURU – CHENNAI,63663.0,BENGALURU,CHENNAI,False,False,31655.0,32008.0
2015-09-01,DELHI – LUCKNOW,119367.0,DELHI,LUCKNOW,False,False,62224.0,57143.0
2015-09-01,CHENNAI – HYDERABAD,66801.0,CHENNAI,HYDERABAD,False,False,33364.0,33437.0
2015-09-01,BENGALURU – KOCHI,42602.0,BENGALURU,KOCHI,False,False,20928.0,21674.0
2015-09-01,KOCHI – MUMBAI,60480.0,KOCHI,MUMBAI,False,False,32646.0,27834.0
2015-09-01,BAGDOGRA – DELHI,45176.0,BAGDOGRA,DELHI,False,False,22519.0,22657.0
2015-09-01,BHUBANESWAR – DELHI,46787.0,BHUBANESWAR,DELHI,False,False,22920.0,23867.0
2015-09-01,AHMEDABAD – BENGALURU,23956.0,AHMEDABAD,BENGALURU,False,False,12162.0,11794.0
2015-09-01,JAIPUR – MUMBAI,64481.0,JAIPUR,MUMBAI,False,False,32220.0,32261.0
2015-09-01,CHENNAI – KOLKATA,49937.0,CHENNAI,KOLKATA,False,False,26123.0,23814.0
2015-09-01,DELHI – INDORE,37135.0,DELHI,INDORE,False,False,17624.0,19511.0
2015-09-01,AMRITSAR – DELHI,56977.0,AMRITSAR,DELHI,False,False,27768.0,29209.0
2015-09-01,HYDERABAD – VISAKHAPATNAM,50607.0,HYDERABAD,VISAKHAPATNAM,False,False,25642.0,24965.0
2015-09-01,HYDERABAD – KOLKATA,31857.0,HYDERABAD,KOLKATA,False,False,16490.0,15367.0
2015-09-01,DELHI – VARANASI,49226.0,DELHI,VARANASI,False,False,25066.0,24160.0
2015-09-01,GUWAHATI – KOLKATA,65144.0,GUWAHATI,KOLKATA,False,False,32507.0,32637.0
2015-09-01,LUCKNOW – MUMBAI,50437.0,LUCKNOW,MUMBAI,False,False,23105.0,27332.0
2015-09-01,DELHI – KOCHI,37052.0,DELHI,KOCHI,False,False,17591.0,19461.0
2015-09-01,MUMBAI – VARANASI,20232.0,MUMBAI,VARANASI,False,False,10880.0,9352.0
2015-09-01,DELHI – RANCHI,29865.0,DELHI,RANCHI,False,False,15394.0,14471.0
2015-09-01,CHANDIGARH – DELHI,39258.0,CHANDIGARH,DELHI,False,False,19894.0,19364.0
2015-09-01,CHENNAI – COIMBATORE,49869.0,CHENNAI,COIMBATORE,False,False,24800.0,25069.0
2015-09-01,DELHI – RAIPUR,26032.0,DELHI,RAIPUR,False,False,12658.0,13374.0
2015-09-01,AGARTALA – KOLKATA,44007.0,AGARTALA,KOLKATA,False,False,21933.0,22074.0
2015-09-01,BENGALURU – MANGALURU,24898.0,BENGALURU,MANGALURU,False,False,11738.0,13160.0
2015-09-01,DELHI – LEH,32245.0,DELHI,LEH,False,False,14440.0,17805.0
2015-09-01,BENGALURU – BHUBANESWAR,11539.0,BENGALURU,BHUBANESWAR,False,False,5833.0,5706.0
2015-09-01,BENGALURU – VARANASI,4901.0,BENGALURU,VARANASI,False,False,2597.0,2304.0
2015-09-01,BENGALURU – LUCKNOW,9293.0,BENGALURU,LUCKNOW,False,False,4828.0,4465.0
2015-09-01,CHENNAI – PUNE,57506.0,CHENNAI,PUNE,False,False,28823.0,28683.0
2015-09-01,MUMBAI – NAGPUR,51145.0,MUMBAI,NAGPUR,False,False,24704.0,26441.0
2015-09-01,INDORE – MUMBAI,62824.0,INDORE,MUMBAI,False,False,33165.0,29659.0
2015-09-01,DELHI – NAGPUR,21405.0,DELHI,NAGPUR,False,False,10442.0,10963.0
2015-09-01,BENGALURU – GUWAHATI,6521.0,BENGALURU,GUWAHATI,False,False,3437.0,3084.0
2015-09-01,HYDERABAD – KOCHI,14646.0,HYDERABAD,KOCHI,False,False,7364.0,7282.0
2015-09-01,BENGALURU – JAIPUR,39669.0,BENGALURU,JAIPUR,False,False,20451.0,19218.0
2015-09-01,HYDERABAD – PUNE,19469.0,HYDERABAD,PUNE,False,False,10022.0,9447.0
2015-09-01,BENGALURU – THIRUVANANTHAPURAM,31830.0,BENGALURU,THIRUVANANTHAPURAM,False,False,15187.0,16643.0
2015-09-01,DELHI – UDAIPUR,17718.0,DELHI,UDAIPUR,False,False,9097.0,8621.0
2015-09-01,DELHI – JAMMU,56374.0,DELHI,JAMMU,False,False,31445.0,24929.0
2015-09-01,CHENNAI – KOCHI,32254.0,CHENNAI,KOCHI,False,False,16380.0,15874.0
2015-09-01,HYDERABAD – TIRUPATI,27696.0,HYDERABAD,TIRUPATI,False,False,14289.0,13407.0
2015-10-01,DELHI – MUMBAI,395774.0,DELHI,MUMBAI,False,False,192797.0,202977.0
2015-10-01,BENGALURU – DELHI,248851.0,BENGALURU,DELHI,False,False,129563.0,119288.0
2015-10-01,BENGALURU – MUMBAI,244790.0,BENGALURU,MUMBAI,False,False,123526.0,121264.0
2015-10-01,DELHI – HYDERABAD,135594.0,DELHI,HYDERABAD,False,False,65093.0,70501.0
2015-10-01,DELHI – KOLKATA,135306.0,DELHI,KOLKATA,False,False,70016.0,65290.0
2015-10-01,DELHI – PUNE,127068.0,DELHI,PUNE,False,False,61617.0,65451.0
2015-10-01,AHMEDABAD – DELHI,82977.0,AHMEDABAD,DELHI,False,False,42997.0,39980.0
2015-10-01,CHENNAI – MUMBAI,155171.0,CHENNAI,MUMBAI,False,False,81255.0,73916.0
2015-10-01,KOLKATA – MUMBAI,133348.0,KOLKATA,MUMBAI,False,False,62072.0,71276.0
2015-10-01,HYDERABAD – MUMBAI,132984.0,HYDERABAD,MUMBAI,False,False,66484.0,66500.0
2015-10-01,CHENNAI – DELHI,133131.0,CHENNAI,DELHI,False,False,67601.0,65530.0
2015-10-01,BENGALURU – HYDERABAD,93737.0,BENGALURU,HYDERABAD,False,False,44428.0,49309.0
2015-10-01,BENGALURU – KOLKATA,89897.0,BENGALURU,KOLKATA,False,False,49052.0,40845.0
2015-10-01,AHMEDABAD – MUMBAI,148274.0,AHMEDABAD,MUMBAI,False,False,72612.0,75662.0
2015-10-01,DELHI – SRINAGAR,114269.0,DELHI,SRINAGAR,False,False,50723.0,63546.0
2015-10-01,BENGALURU – PUNE,110233.0,BENGALURU,PUNE,False,False,59209.0,51024.0
2015-10-01,DELHI – GUWAHATI,62974.0,DELHI,GUWAHATI,False,False,32310.0,30664.0
2015-10-01,DELHI – PATNA,66863.0,DELHI,PATNA,False,False,37690.0,29173.0
2015-10-01,BENGALURU – CHENNAI,67348.0,BENGALURU,CHENNAI,False,False,33744.0,33604.0
2015-10-01,DELHI – LUCKNOW,107354.0,DELHI,LUCKNOW,False,False,56111.0,51243.0
2015-10-01,CHENNAI – HYDERABAD,76372.0,CHENNAI,HYDERABAD,False,False,29357.0,47015.0
2015-10-01,BENGALURU – KOCHI,43644.0,BENGALURU,KOCHI,False,False,22107.0,21537.0
2015-10-01,KOCHI – MUMBAI,60267.0,KOCHI,MUMBAI,False,False,26624.0,33643.0
2015-10-01,BAGDOGRA – DELHI,44555.0,BAGDOGRA,DELHI,False,False,23985.0,20570.0
2015-10-01,BHUBANESWAR – DELHI,42507.0,BHUBANESWAR,DELHI,False,False,22727.0,19780.0
2015-10-01,AHMEDABAD – BENGALURU,27813.0,AHMEDABAD,BENGALURU,False,False,13819.0,13994.0
2015-10-01,JAIPUR – MUMBAI,63669.0,JAIPUR,MUMBAI,False,False,30807.0,32862.0
2015-10-01,CHENNAI – KOLKATA,56859.0,CHENNAI,KOLKATA,False,False,27761.0,29098.0
2015-10-01,DELHI – INDORE,49349.0,DELHI,INDORE,False,False,18369.0,30980.0
2015-10-01,AMRITSAR – DELHI,40440.0,AMRITSAR,DELHI,False,False,19197.0,21243.0
2015-10-01,HYDERABAD – VISAKHAPATNAM,55656.0,HYDERABAD,VISAKHAPATNAM,False,False,28224.0,27432.0
2015-10-01,HYDERABAD – KOLKATA,32775.0,HYDERABAD,KOLKATA,False,False,16805.0,15970.0
2015-10-01,DELHI – VARANASI,55034.0,DELHI,VARANASI,False,False,27864.0,27170.0
2015-10-01,GUWAHATI – KOLKATA,70893.0,GUWAHATI,KOLKATA,False,False,34183.0,36710.0
2015-10-01,LUCKNOW – MUMBAI,50810.0,LUCKNOW,MUMBAI,False,False,22538.0,28272.0
2015-10-01,DELHI – KOCHI,30914.0,DELHI,KOCHI,False,False,16774.0,14140.0
2015-10-01,MUMBAI – VARANASI,27825.0,MUMBAI,VARANASI,False,False,14860.0,12965.0
2015-10-01,DELHI – RANCHI,26639.0,DELHI,RANCHI,False,False,15179.0,11460.0
2015-10-01,CHANDIGARH – DELHI,34880.0,CHANDIGARH,DELHI,False,False,16779.0,18101.0
2015-10-01,CHENNAI – COIMBATORE,48944.0,CHENNAI,COIMBATORE,False,False,24682.0,24262.0
2015-10-01,DELHI – RAIPUR,32486.0,DELHI,RAIPUR,False,False,19212.0,13274.0
2015-10-01,AGARTALA – KOLKATA,50718.0,AGARTALA,KOLKATA,False,False,25981.0,24737.0
2015-10-01,BENGALURU – MANGALURU,27668.0,BENGALURU,MANGALURU,False,False,13663.0,14005.0
2015-10-01,DELHI – LEH,16518.0,DELHI,LEH,False,False,7057.0,9461.0
2015-10-01,BENGALURU – BHUBANESWAR,13743.0,BENGALURU,BHUBANESWAR,False,False,6962.0,6781.0
2015-10-01,BENGALURU – VARANASI,6612.0,BENGALURU,VARANASI,False,False,3401.0,3211.0
2015-10-01,BENGALURU – LUCKNOW,11153.0,BENGALURU,LUCKNOW,False,False,5871.0,5282.0
2015-10-01,CHENNAI – PUNE,57891.0,CHENNAI,PUNE,False,False,28495.0,29396.0
2015-10-01,MUMBAI – NAGPUR,45645.0,MUMBAI,NAGPUR,False,False,23069.0,22576.0
2015-10-01,INDORE – MUMBAI,62160.0,INDORE,MUMBAI,False,False,34285.0,27875.0
2015-10-01,DELHI – NAGPUR,31133.0,DELHI,NAGPUR,False,False,14018.0,17115.0
2015-10-01,BENGALURU – GUWAHATI,8462.0,BENGALURU,GUWAHATI,False,False,4455.0,4007.0
2015-10-01,HYDERABAD – KOCHI,17537.0,HYDERABAD,KOCHI,False,False,8874.0,8663.0
2015-10-01,BENGALURU – JAIPUR,45681.0,BENGALURU,JAIPUR,False,False,23815.0,21866.0
2015-10-01,HYDERABAD – PUNE,22830.0,HYDERABAD,PUNE,False,False,11888.0,10942.0
2015-10-01,BENGALURU – THIRUVANANTHAPURAM,33316.0,BENGALURU,THIRUVANANTHAPURAM,False,False,16142.0,17174.0
2015-10-01,DELHI – UDAIPUR,17041.0,DELHI,UDAIPUR,False,False,7949.0,9092.0
2015-10-01,DELHI – JAMMU,63323.0,DELHI,JAMMU,False,False,31508.0,31815.0
2015-10-01,CHENNAI – KOCHI,32012.0,CHENNAI,KOCHI,False,False,16088.0,15924.0
2015-10-01,HYDERABAD – TIRUPATI,28832.0,HYDERABAD,TIRUPATI,False,False,14814.0,14018.0
2015-11-01,DELHI – MUMBAI,533967.0,DELHI,MUMBAI,False,False,262826.0,271141.0
2015-11-01,BENGALURU – DELHI,292300.0,BENGALURU,DELHI,False,False,145466.0,146834.0
2015-11-01,BENGALURU – MUMBAI,271784.0,BENGALURU,MUMBAI,False,False,136605.0,135179.0
2015-11-01,DELHI – HYDERABAD,173626.0,DELHI,HYDERABAD,False,False,87322.0,86304.0
2015-11-01,DELHI – KOLKATA,183313.0,DELHI,KOLKATA,False,False,97634.0,85679.0
2015-11-01,DELHI – PUNE,149872.0,DELHI,PUNE,False,False,74437.0,75435.0
2015-11-01,AHMEDABAD – DELHI,126015.0,AHMEDABAD,DELHI,False,False,65040.0,60975.0
2015-11-01,CHENNAI – MUMBAI,164426.0,CHENNAI,MUMBAI,False,False,83339.0,81087.0
2015-11-01,KOLKATA – MUMBAI,135288.0,KOLKATA,MUMBAI,False,False,64672.0,70616.0
2015-11-01,HYDERABAD – MUMBAI,157147.0,HYDERABAD,MUMBAI,False,False,78839.0,78308.0
2015-11-01,CHENNAI – DELHI,165280.0,CHENNAI,DELHI,False,False,83538.0,81742.0
2015-11-01,BENGALURU – HYDERABAD,96482.0,BENGALURU,HYDERABAD,False,False,47492.0,48990.0
2015-11-01,BENGALURU – KOLKATA,90851.0,BENGALURU,KOLKATA,False,False,46541.0,44310.0
2015-11-01,AHMEDABAD – MUMBAI,182303.0,AHMEDABAD,MUMBAI,False,False,89493.0,92810.0
2015-11-01,DELHI – SRINAGAR,79149.0,DELHI,SRINAGAR,False,False,36649.0,42500.0
2015-11-01,BENGALURU – PUNE,91280.0,BENGALURU,PUNE,False,False,45292.0,45988.0
2015-11-01,DELHI – GUWAHATI,67352.0,DELHI,GUWAHATI,False,False,35451.0,31901.0
2015-11-01,DELHI – PATNA,87893.0,DELHI,PATNA,False,False,47242.0,40651.0
2015-11-01,BENGALURU – CHENNAI,59872.0,BENGALURU,CHENNAI,False,False,29793.0,30079.0
2015-11-01,DELHI – LUCKNOW,135398.0,DELHI,LUCKNOW,False,False,71058.0,64340.0
2015-11-01,CHENNAI – HYDERABAD,62368.0,CHENNAI,HYDERABAD,False,False,30889.0,31479.0
2015-11-01,BENGALURU – KOCHI,43042.0,BENGALURU,KOCHI,False,False,21754.0,21288.0
2015-11-01,KOCHI – MUMBAI,70814.0,KOCHI,MUMBAI,False,False,35839.0,34975.0
2015-11-01,BAGDOGRA – DELHI,49563.0,BAGDOGRA,DELHI,False,False,26083.0,23480.0
2015-11-01,BHUBANESWAR – DELHI,62114.0,BHUBANESWAR,DELHI,False,False,29275.0,32839.0
2015-11-01,AHMEDABAD – BENGALURU,28108.0,AHMEDABAD,BENGALURU,False,False,14184.0,13924.0
2015-11-01,JAIPUR – MUMBAI,76424.0,JAIPUR,MUMBAI,False,False,36963.0,39461.0
2015-11-01,CHENNAI – KOLKATA,67426.0,CHENNAI,KOLKATA,False,False,35914.0,31512.0
2015-11-01,DELHI – INDORE,41000.0,DELHI,INDORE,False,False,20077.0,20923.0
2015-11-01,AMRITSAR – DELHI,61666.0,AMRITSAR,DELHI,False,False,29968.0,31698.0
2015-11-01,HYDERABAD – VISAKHAPATNAM,52906.0,HYDERABAD,VISAKHAPATNAM,False,False,26555.0,26351.0
2015-11-01,HYDERABAD – KOLKATA,41157.0,HYDERABAD,KOLKATA,False,False,21012.0,20145.0
2015-11-01,DELHI – VARANASI,71469.0,DELHI,VARANASI,False,False,37487.0,33982.0
2015-11-01,GUWAHATI – KOLKATA,65680.0,GUWAHATI,KOLKATA,False,False,33505.0,32175.0
2015-11-01,LUCKNOW – MUMBAI,53328.0,LUCKNOW,MUMBAI,False,False,24108.0,29220.0
2015-11-01,DELHI – KOCHI,38972.0,DELHI,KOCHI,False,False,20535.0,18437.0
2015-11-01,MUMBAI – VARANASI,35522.0,MUMBAI,VARANASI,False,False,20028.0,15494.0
2015-11-01,DELHI – RANCHI,33047.0,DELHI,RANCHI,False,False,17321.0,15726.0
2015-11-01,CHANDIGARH – DELHI,41053.0,CHANDIGARH,DELHI,False,False,20306.0,20747.0
2015-11-01,CHENNAI – COIMBATORE,49698.0,CHENNAI,COIMBATORE,False,False,24957.0,24741.0
2015-11-01,DELHI – RAIPUR,33801.0,DELHI,RAIPUR,False,False,16735.0,17066.0
2015-11-01,AGARTALA – KOLKATA,53652.0,AGARTALA,KOLKATA,False,False,29151.0,24501.0
2015-11-01,BENGALURU – MANGALURU,29020.0,BENGALURU,MANGALURU,False,False,14429.0,14591.0
2015-11-01,DELHI – LEH,16754.0,DELHI,LEH,False,False,4549.0,12205.0
2015-11-01,BENGALURU – BHUBANESWAR,14273.0,BENGALURU,BHUBANESWAR,False,False,7191.0,7082.0
2015-11-01,BENGALURU – VARANASI,9128.0,BENGALURU,VARANASI,False,False,4776.0,4352.0
2015-11-01,BENGALURU – LUCKNOW,12320.0,BENGALURU,LUCKNOW,False,False,6198.0,6122.0
2015-11-01,CHENNAI – PUNE,55603.0,CHENNAI,PUNE,False,False,27889.0,27714.0
2015-11-01,MUMBAI – NAGPUR,56777.0,MUMBAI,NAGPUR,False,False,28608.0,28169.0
2015-11-01,INDORE – MUMBAI,54709.0,INDORE,MUMBAI,False,False,27421.0,27288.0
2015-11-01,DELHI – NAGPUR,28533.0,DELHI,NAGPUR,False,False,13996.0,14537.0
2015-11-01,BENGALURU – GUWAHATI,9021.0,BENGALURU,GUWAHATI,False,False,4591.0,4430.0
2015-11-01,HYDERABAD – KOCHI,22264.0,HYDERABAD,KOCHI,False,False,11730.0,10534.0
2015-11-01,BENGALURU – JAIPUR,45675.0,BENGALURU,JAIPUR,False,False,23878.0,21797.0
2015-11-01,HYDERABAD – PUNE,19748.0,HYDERABAD,PUNE,False,False,9904.0,9844.0
2015-11-01,BENGALURU – THIRUVANANTHAPURAM,28483.0,BENGALURU,THIRUVANANTHAPURAM,False,False,14255.0,14228.0
2015-11-01,DELHI – UDAIPUR,36574.0,DELHI,UDAIPUR,False,False,18426.0,18148.0
2015-11-01,DELHI – JAMMU,52727.0,DELHI,JAMMU,False,False,27405.0,25322.0
2015-11-01,CHENNAI – KOCHI,32988.0,CHENNAI,KOCHI,False,False,17167.0,15821.0
2015-11-01,HYDERABAD – TIRUPATI,31314.0,HYDERABAD,TIRUPATI,False,False,15785.0,15529.0
2015-12-01,DELHI – MUMBAI,573004.0,DELHI,MUMBAI,False,False,304904.0,268100.0
2015-12-01,BENGALURU – DELHI,319985.0,BENGALURU,DELHI,False,False,156196.0,163789.0
2015-12-01,BENGALURU – MUMBAI,304981.0,BENGALURU,MUMBAI,False,False,153489.0,151492.0
2015-12-01,DELHI – HYDERABAD,199677.0,DELHI,HYDERABAD,False,False,105732.0,93945.0
2015-12-01,DELHI – KOLKATA,191104.0,DELHI,KOLKATA,False,False,99971.0,91133.0
2015-12-01,DELHI – PUNE,163906.0,DELHI,PUNE,False,False,85545.0,78361.0
2015-12-01,AHMEDABAD – DELHI,136080.0,AHMEDABAD,DELHI,False,False,63558.0,72522.0
2015-12-01,CHENNAI – MUMBAI,132125.0,CHENNAI,MUMBAI,False,False,64387.0,67738.0
2015-12-01,KOLKATA – MUMBAI,145720.0,KOLKATA,MUMBAI,False,False,73071.0,72649.0
2015-12-01,HYDERABAD – MUMBAI,176458.0,HYDERABAD,MUMBAI,False,False,86979.0,89479.0
2015-12-01,CHENNAI – DELHI,134281.0,CHENNAI,DELHI,False,False,60310.0,73971.0
2015-12-01,BENGALURU – HYDERABAD,112448.0,BENGALURU,HYDERABAD,False,False,56157.0,56291.0
2015-12-01,BENGALURU – KOLKATA,100404.0,BENGALURU,KOLKATA,False,False,51741.0,48663.0
2015-12-01,AHMEDABAD – MUMBAI,201143.0,AHMEDABAD,MUMBAI,False,False,100086.0,101057.0
2015-12-01,DELHI – SRINAGAR,83165.0,DELHI,SRINAGAR,False,False,37862.0,45303.0
2015-12-01,BENGALURU – PUNE,99063.0,BENGALURU,PUNE,False,False,49311.0,49752.0
2015-12-01,DELHI – GUWAHATI,77158.0,DELHI,GUWAHATI,False,False,40263.0,36895.0
2015-12-01,DELHI – PATNA,82541.0,DELHI,PATNA,False,False,41031.0,41510.0
2015-12-01,BENGALURU – CHENNAI,49421.0,BENGALURU,CHENNAI,False,False,25164.0,24257.0
2015-12-01,DELHI – LUCKNOW,127170.0,DELHI,LUCKNOW,False,False,63160.0,64010.0
2015-12-01,CHENNAI – HYDERABAD,57102.0,CHENNAI,HYDERABAD,False,False,28420.0,28682.0
2015-12-01,BENGALURU – KOCHI,43444.0,BENGALURU,KOCHI,False,False,30408.0,13036.0
2015-12-01,KOCHI – MUMBAI,94252.0,KOCHI,MUMBAI,False,False,38451.0,55801.0
2015-12-01,BAGDOGRA – DELHI,51246.0,BAGDOGRA,DELHI,False,False,24860.0,26386.0
2015-12-01,BHUBANESWAR – DELHI,69474.0,BHUBANESWAR,DELHI,False,False,32723.0,36751.0
2015-12-01,AHMEDABAD – BENGALURU,29976.0,AHMEDABAD,BENGALURU,False,False,15192.0,14784.0
2015-12-01,JAIPUR – MUMBAI,84218.0,JAIPUR,MUMBAI,False,False,43190.0,41028.0
2015-12-01,CHENNAI – KOLKATA,54318.0,CHENNAI,KOLKATA,False,False,26261.0,28057.0
2015-12-01,DELHI – INDORE,45123.0,DELHI,INDORE,False,False,22517.0,22606.0
2015-12-01,AMRITSAR – DELHI,65230.0,AMRITSAR,DELHI,False,False,32171.0,33059.0
2015-12-01,HYDERABAD – VISAKHAPATNAM,58824.0,HYDERABAD,VISAKHAPATNAM,False,False,29290.0,29534.0
2015-12-01,HYDERABAD – KOLKATA,44331.0,HYDERABAD,KOLKATA,False,False,22401.0,21930.0
2015-12-01,DELHI – VARANASI,69426.0,DELHI,VARANASI,False,False,34450.0,34976.0
2015-12-01,GUWAHATI – KOLKATA,73653.0,GUWAHATI,KOLKATA,False,False,36801.0,36852.0
2015-12-01,LUCKNOW – MUMBAI,57508.0,LUCKNOW,MUMBAI,False,False,30401.0,27107.0
2015-12-01,DELHI – KOCHI,49164.0,DELHI,KOCHI,False,False,27138.0,22026.0
2015-12-01,MUMBAI – VARANASI,33509.0,MUMBAI,VARANASI,False,False,16012.0,17497.0
2015-12-01,DELHI – RANCHI,41968.0,DELHI,RANCHI,False,False,22206.0,19762.0
2015-12-01,CHANDIGARH – DELHI,32509.0,CHANDIGARH,DELHI,False,False,16116.0,16393.0
2015-12-01,CHENNAI – COIMBATORE,37971.0,CHENNAI,COIMBATORE,False,False,18980.0,18991.0
2015-12-01,DELHI – RAIPUR,37215.0,DELHI,RAIPUR,False,False,18514.0,18701.0
2015-12-01,AGARTALA – KOLKATA,60008.0,AGARTALA,KOLKATA,False,False,30852.0,29156.0
2015-12-01,BENGALURU – MANGALURU,34536.0,BENGALURU,MANGALURU,False,False,17938.0,16598.0
2015-12-01,DELHI – LEH,12967.0,DELHI,LEH,False,False,4819.0,8148.0
2015-12-01,BENGALURU – BHUBANESWAR,15859.0,BENGALURU,BHUBANESWAR,False,False,8008.0,7851.0
2015-12-01,BENGALURU – VARANASI,7487.0,BENGALURU,VARANASI,False,False,3415.0,4072.0
2015-12-01,BENGALURU – LUCKNOW,14231.0,BENGALURU,LUCKNOW,False,False,7089.0,7142.0
2015-12-01,CHENNAI – PUNE,47972.0,CHENNAI,PUNE,False,False,23235.0,24737.0
2015-12-01,MUMBAI – NAGPUR,63505.0,MUMBAI,NAGPUR,False,False,31441.0,32064.0
2015-12-01,INDORE – MUMBAI,65182.0,INDORE,MUMBAI,False,False,33381.0,31801.0
2015-12-01,DELHI – NAGPUR,31371.0,DELHI,NAGPUR,False,False,16298.0,15073.0
2015-12-01,BENGALURU – GUWAHATI,11097.0,BENGALURU,GUWAHATI,False,False,6020.0,5077.0
2015-12-01,HYDERABAD – KOCHI,26803.0,HYDERABAD,KOCHI,False,False,13599.0,13204.0
2015-12-01,BENGALURU – JAIPUR,48734.0,BENGALURU,JAIPUR,False,False,24189.0,24545.0
2015-12-01,HYDERABAD – PUNE,20548.0,HYDERABAD,PUNE,False,False,10328.0,10220.0
2015-12-01,BENGALURU – THIRUVANANTHAPURAM,29513.0,BENGALURU,THIRUVANANTHAPURAM,False,False,14922.0,14591.0
2015-12-01,DELHI – UDAIPUR,39942.0,DELHI,UDAIPUR,False,False,20739.0,19203.0
2015-12-01,DELHI – JAMMU,50548.0,DELHI,JAMMU,False,False,26105.0,24443.0
2015-12-01,CHENNAI – KOCHI,29831.0,CHENNAI,KOCHI,False,False,15273.0,14558.0
2015-12-01,HYDERABAD – TIRUPATI,32622.0,HYDERABAD,TIRUPATI,False,False,16239.0,16383.0
2016-01-01,DELHI – MUMBAI,537365.0,DELHI,MUMBAI,False,False,260425.0,276940.0
2016-01-01,BENGALURU – DELHI,289394.0,BENGALURU,DELHI,False,False,147684.0,141710.0
2016-01-01,BENGALURU – MUMBAI,280672.0,BENGALURU,MUMBAI,False,False,139605.0,141067.0
2016-01-01,DELHI – HYDERABAD,184538.0,DELHI,HYDERABAD,False,False,89577.0,94961.0
2016-01-01,DELHI – KOLKATA,184420.0,DELHI,KOLKATA,False,False,93021.0,91399.0
2016-01-01,DELHI – PUNE,151756.0,DELHI,PUNE,False,False,73349.0,78407.0
2016-01-01,AHMEDABAD – DELHI,139572.0,AHMEDABAD,DELHI,False,False,71759.0,67813.0
2016-01-01,CHENNAI – MUMBAI,186521.0,CHENNAI,MUMBAI,False,False,90998.0,95523.0
2016-01-01,KOLKATA – MUMBAI,137879.0,KOLKATA,MUMBAI,False,False,68028.0,69851.0
2016-01-01,HYDERABAD – MUMBAI,164579.0,HYDERABAD,MUMBAI,False,False,83613.0,80966.0
2016-01-01,CHENNAI – DELHI,176467.0,CHENNAI,DELHI,False,False,89440.0,87027.0
2016-01-01,BENGALURU – HYDERABAD,98671.0,BENGALURU,HYDERABAD,False,False,48510.0,50161.0
2016-01-01,BENGALURU – KOLKATA,98619.0,BENGALURU,KOLKATA,False,False,49150.0,49469.0
2016-01-01,AHMEDABAD – MUMBAI,201243.0,AHMEDABAD,MUMBAI,False,False,100470.0,100773.0
2016-01-01,DELHI – SRINAGAR,83027.0,DELHI,SRINAGAR,False,False,36579.0,46448.0
2016-01-01,BENGALURU – PUNE,98623.0,BENGALURU,PUNE,False,False,48389.0,50234.0
2016-01-01,DELHI – GUWAHATI,75508.0,DELHI,GUWAHATI,False,False,35903.0,39605.0
2016-01-01,DELHI – PATNA,77865.0,DELHI,PATNA,False,False,38746.0,39119.0
2016-01-01,BENGALURU – CHENNAI,66163.0,BENGALURU,CHENNAI,False,False,33680.0,32483.0
2016-01-01,DELHI – LUCKNOW,114131.0,DELHI,LUCKNOW,False,False,56728.0,57403.0
2016-01-01,CHENNAI – HYDERABAD,78805.0,CHENNAI,HYDERABAD,False,False,38721.0,40084.0
2016-01-01,BENGALURU – KOCHI,49898.0,BENGALURU,KOCHI,False,False,28323.0,21575.0
2016-01-01,KOCHI – MUMBAI,89850.0,KOCHI,MUMBAI,False,False,39938.0,49912.0
2016-01-01,BAGDOGRA – DELHI,45416.0,BAGDOGRA,DELHI,False,False,21918.0,23498.0
2016-01-01,BHUBANESWAR – DELHI,64904.0,BHUBANESWAR,DELHI,False,False,33497.0,31407.0
2016-01-01,AHMEDABAD – BENGALURU,32909.0,AHMEDABAD,BENGALURU,False,False,16902.0,16007.0
2016-01-01,JAIPUR – MUMBAI,78127.0,JAIPUR,MUMBAI,False,False,38786.0,39341.0
2016-01-01,CHENNAI – KOLKATA,68393.0,CHENNAI,KOLKATA,False,False,33738.0,34655.0
2016-01-01,DELHI – INDORE,43303.0,DELHI,INDORE,False,False,20592.0,22711.0
2016-01-01,AMRITSAR – DELHI,62295.0,AMRITSAR,DELHI,False,False,29428.0,32867.0
2016-01-01,HYDERABAD – VISAKHAPATNAM,58805.0,HYDERABAD,VISAKHAPATNAM,False,False,28462.0,30343.0
2016-01-01,HYDERABAD – KOLKATA,42558.0,HYDERABAD,KOLKATA,False,False,21345.0,21213.0
2016-01-01,DELHI – VARANASI,67941.0,DELHI,VARANASI,False,False,33551.0,34390.0
2016-01-01,GUWAHATI – KOLKATA,72813.0,GUWAHATI,KOLKATA,False,False,36742.0,36071.0
2016-01-01,LUCKNOW – MUMBAI,55620.0,LUCKNOW,MUMBAI,False,False,27325.0,28295.0
2016-01-01,DELHI – KOCHI,50944.0,DELHI,KOCHI,False,False,25325.0,25619.0
2016-01-01,MUMBAI – VARANASI,26719.0,MUMBAI,VARANASI,False,False,14116.0,12603.0
2016-01-01,DELHI – RANCHI,38401.0,DELHI,RANCHI,False,False,19692.0,18709.0
2016-01-01,CHANDIGARH – DELHI,27174.0,CHANDIGARH,DELHI,False,False,13429.0,13745.0
2016-01-01,CHENNAI – COIMBATORE,51939.0,CHENNAI,COIMBATORE,False,False,25378.0,26561.0
2016-01-01,DELHI – RAIPUR,35053.0,DELHI,RAIPUR,False,False,16835.0,18218.0
2016-01-01,AGARTALA – KOLKATA,55760.0,AGARTALA,KOLKATA,False,False,27135.0,28625.0
2016-01-01,BENGALURU – MANGALURU,35280.0,BENGALURU,MANGALURU,False,False,17159.0,18121.0
2016-01-01,DELHI – LEH,14130.0,DELHI,LEH,False,False,6234.0,7896.0
2016-01-01,BENGALURU – BHUBANESWAR,18871.0,BENGALURU,BHUBANESWAR,False,False,9296.0,9575.0
2016-01-01,BENGALURU – VARANASI,4879.0,BENGALURU,VARANASI,False,False,2723.0,2156.0
2016-01-01,BENGALURU – LUCKNOW,12198.0,BENGALURU,LUCKNOW,False,False,6352.0,5846.0
2016-01-01,CHENNAI – PUNE,63382.0,CHENNAI,PUNE,False,False,31056.0,32326.0
2016-01-01,MUMBAI – NAGPUR,61749.0,MUMBAI,NAGPUR,False,False,29901.0,31848.0
2016-01-01,INDORE – MUMBAI,63198.0,INDORE,MUMBAI,False,False,32555.0,30643.0
2016-01-01,DELHI – NAGPUR,26139.0,DELHI,NAGPUR,False,False,12632.0,13507.0
2016-01-01,BENGALURU – GUWAHATI,10317.0,BENGALURU,GUWAHATI,False,False,5145.0,5172.0
2016-01-01,HYDERABAD – KOCHI,26193.0,HYDERABAD,KOCHI,False,False,13199.0,12994.0
2016-01-01,BENGALURU – JAIPUR,41060.0,BENGALURU,JAIPUR,False,False,20903.0,20157.0
2016-01-01,HYDERABAD – PUNE,20053.0,HYDERABAD,PUNE,False,False,10031.0,10022.0
2016-01-01,BENGALURU – THIRUVANANTHAPURAM,30189.0,BENGALURU,THIRUVANANTHAPURAM,False,False,14934.0,15255.0
2016-01-01,DELHI – UDAIPUR,37456.0,DELHI,UDAIPUR,False,False,17810.0,19646.0
2016-01-01,DELHI – JAMMU,45600.0,DELHI,JAMMU,False,False,23624.0,21976.0
2016-01-01,CHENNAI – KOCHI,39348.0,CHENNAI,KOCHI,False,False,19674.0,19674.0
2016-01-01,HYDERABAD – TIRUPATI,31291.0,HYDERABAD,TIRUPATI,False,False,15398.0,15893.0
2016-02-01,DELHI – MUMBAI,538873.0,DELHI,MUMBAI,False,False,268047.0,270826.0
2016-02-01,BENGALURU – DELHI,297736.0,BENGALURU,DELHI,False,False,150014.0,147722.0
2016-02-01,BENGALURU – MUMBAI,268361.0,BENGALURU,MUMBAI,False,False,134564.0,133797.0
2016-02-01,DELHI – HYDERABAD,175729.0,DELHI,HYDERABAD,False,False,86844.0,88885.0
2016-02-01,DELHI – KOLKATA,177187.0,DELHI,KOLKATA,False,False,89409.0,87778.0
2016-02-01,DELHI – PUNE,151941.0,DELHI,PUNE,False,False,75028.0,76913.0
2016-02-01,AHMEDABAD – DELHI,134511.0,AHMEDABAD,DELHI,False,False,69296.0,65215.0
2016-02-01,CHENNAI – MUMBAI,180657.0,CHENNAI,MUMBAI,False,False,90740.0,89917.0
2016-02-01,KOLKATA – MUMBAI,127233.0,KOLKATA,MUMBAI,False,False,62769.0,64464.0
2016-02-01,HYDERABAD – MUMBAI,152533.0,HYDERABAD,MUMBAI,False,False,76189.0,76344.0
2016-02-01,CHENNAI – DELHI,180317.0,CHENNAI,DELHI,False,False,92938.0,87379.0
2016-02-01,BENGALURU – HYDERABAD,97466.0,BENGALURU,HYDERABAD,False,False,48620.0,48846.0
2016-02-01,BENGALURU – KOLKATA,88758.0,BENGALURU,KOLKATA,False,False,45247.0,43511.0
2016-02-01,AHMEDABAD – MUMBAI,187596.0,AHMEDABAD,MUMBAI,False,False,96229.0,91367.0
2016-02-01,DELHI – SRINAGAR,88609.0,DELHI,SRINAGAR,False,False,45120.0,43489.0
2016-02-01,BENGALURU – PUNE,100460.0,BENGALURU,PUNE,False,False,49848.0,50612.0
2016-02-01,DELHI – GUWAHATI,79784.0,DELHI,GUWAHATI,False,False,39622.0,40162.0
2016-02-01,DELHI – PATNA,80937.0,DELHI,PATNA,False,False,41251.0,39686.0
2016-02-01,BENGALURU – CHENNAI,64532.0,BENGALURU,CHENNAI,False,False,32419.0,32113.0
2016-02-01,DELHI – LUCKNOW,136792.0,DELHI,LUCKNOW,False,False,69447.0,67345.0
2016-02-01,CHENNAI – HYDERABAD,78223.0,CHENNAI,HYDERABAD,False,False,39598.0,38625.0
2016-02-01,BENGALURU – KOCHI,53805.0,BENGALURU,KOCHI,False,False,26814.0,26991.0
2016-02-01,KOCHI – MUMBAI,89834.0,KOCHI,MUMBAI,False,False,45689.0,44145.0
2016-02-01,BAGDOGRA – DELHI,50244.0,BAGDOGRA,DELHI,False,False,24842.0,25402.0
2016-02-01,BHUBANESWAR – DELHI,59973.0,BHUBANESWAR,DELHI,False,False,30420.0,29553.0
2016-02-01,AHMEDABAD – BENGALURU,32912.0,AHMEDABAD,BENGALURU,False,False,16919.0,15993.0
2016-02-01,JAIPUR – MUMBAI,76507.0,JAIPUR,MUMBAI,False,False,38496.0,38011.0
2016-02-01,CHENNAI – KOLKATA,67339.0,CHENNAI,KOLKATA,False,False,34826.0,32513.0
2016-02-01,DELHI – INDORE,41377.0,DELHI,INDORE,False,False,20050.0,21327.0
2016-02-01,AMRITSAR – DELHI,68596.0,AMRITSAR,DELHI,False,False,33351.0,35245.0
2016-02-01,HYDERABAD – VISAKHAPATNAM,59209.0,HYDERABAD,VISAKHAPATNAM,False,False,28960.0,30249.0
2016-02-01,HYDERABAD – KOLKATA,38986.0,HYDERABAD,KOLKATA,False,False,19656.0,19330.0
2016-02-01,DELHI – VARANASI,71717.0,DELHI,VARANASI,False,False,35622.0,36095.0
2016-02-01,GUWAHATI – KOLKATA,68333.0,GUWAHATI,KOLKATA,False,False,33343.0,34990.0
2016-02-01,LUCKNOW – MUMBAI,51541.0,LUCKNOW,MUMBAI,False,False,24548.0,26993.0
2016-02-01,DELHI – KOCHI,48751.0,DELHI,KOCHI,False,False,24468.0,24283.0
2016-02-01,MUMBAI – VARANASI,29543.0,MUMBAI,VARANASI,False,False,15613.0,13930.0
2016-02-01,DELHI – RANCHI,32173.0,DELHI,RANCHI,False,False,16617.0,15556.0
2016-02-01,CHANDIGARH – DELHI,45703.0,CHANDIGARH,DELHI,False,False,22786.0,22917.0
2016-02-01,CHENNAI – COIMBATORE,48563.0,CHENNAI,COIMBATORE,False,False,24043.0,24520.0
2016-02-01,DELHI – RAIPUR,33613.0,DELHI,RAIPUR,False,False,16397.0,17216.0
2016-02-01,AGARTALA – KOLKATA,51480.0,AGARTALA,KOLKATA,False,False,26343.0,25137.0
2016-02-01,BENGALURU – MANGALURU,31753.0,BENGALURU,MANGALURU,False,False,15485.0,16268.0
2016-02-01,DELHI – LEH,17608.0,DELHI,LEH,False,False,10026.0,7582.0
2016-02-01,BENGALURU – BHUBANESWAR,17384.0,BENGALURU,BHUBANESWAR,False,False,8579.0,8805.0
2016-02-01,BENGALURU – VARANASI,7151.0,BENGALURU,VARANASI,False,False,3715.0,3436.0
2016-02-01,BENGALURU – LUCKNOW,10459.0,BENGALURU,LUCKNOW,False,False,5355.0,5104.0
2016-02-01,CHENNAI – PUNE,60298.0,CHENNAI,PUNE,False,False,30011.0,30287.0
2016-02-01,MUMBAI – NAGPUR,56107.0,MUMBAI,NAGPUR,False,False,27221.0,28886.0
2016-02-01,INDORE – MUMBAI,61956.0,INDORE,MUMBAI,False,False,32028.0,29928.0
2016-02-01,DELHI – NAGPUR,25873.0,DELHI,NAGPUR,False,False,12633.0,13240.0
2016-02-01,BENGALURU – GUWAHATI,9267.0,BENGALURU,GUWAHATI,False,False,4575.0,4692.0
2016-02-01,HYDERABAD – KOCHI,18991.0,HYDERABAD,KOCHI,False,False,9294.0,9697.0
2016-02-01,BENGALURU – JAIPUR,36166.0,BENGALURU,JAIPUR,False,False,18080.0,18086.0
2016-02-01,HYDERABAD – PUNE,19169.0,HYDERABAD,PUNE,False,False,9670.0,9499.0
2016-02-01,BENGALURU – THIRUVANANTHAPURAM,28962.0,BENGALURU,THIRUVANANTHAPURAM,False,False,14175.0,14787.0
2016-02-01,DELHI – UDAIPUR,38874.0,DELHI,UDAIPUR,False,False,19071.0,19803.0
2016-02-01,DELHI – JAMMU,50437.0,DELHI,JAMMU,False,False,26733.0,23704.0
2016-02-01,CHENNAI – KOCHI,37519.0,CHENNAI,KOCHI,False,False,18892.0,18627.0
2016-02-01,HYDERABAD – TIRUPATI,30603.0,HYDERABAD,TIRUPATI,False,False,15076.0,15527.0
2016-03-01,DELHI – MUMBAI,561336.0,DELHI,MUMBAI,False,False,281229.0,280107.0
2016-03-01,BENGALURU – DELHI,299362.0,BENGALURU,DELHI,False,False,153796.0,145566.0
2016-03-01,BENGALURU – MUMBAI,267019.0,BENGALURU,MUMBAI,False,False,135692.0,131327.0
2016-03-01,DELHI – HYDERABAD,183744.0,DELHI,HYDERABAD,False,False,90742.0,93002.0
2016-03-01,DELHI – KOLKATA,205425.0,DELHI,KOLKATA,False,False,105622.0,99803.0
2016-03-01,DELHI – PUNE,162456.0,DELHI,PUNE,False,False,80121.0,82335.0
2016-03-01,AHMEDABAD – DELHI,137407.0,AHMEDABAD,DELHI,False,False,70121.0,67286.0
2016-03-01,CHENNAI – MUMBAI,177689.0,CHENNAI,MUMBAI,False,False,89902.0,87787.0
2016-03-01,KOLKATA – MUMBAI,130638.0,KOLKATA,MUMBAI,False,False,63629.0,67009.0
2016-03-01,HYDERABAD – MUMBAI,154844.0,HYDERABAD,MUMBAI,False,False,77254.0,77590.0
2016-03-01,CHENNAI – DELHI,199680.0,CHENNAI,DELHI,False,False,101624.0,98056.0
2016-03-01,BENGALURU – HYDERABAD,96731.0,BENGALURU,HYDERABAD,False,False,48430.0,48301.0
2016-03-01,BENGALURU – KOLKATA,95992.0,BENGALURU,KOLKATA,False,False,50227.0,45765.0
2016-03-01,AHMEDABAD – MUMBAI,186062.0,AHMEDABAD,MUMBAI,False,False,97949.0,88113.0
2016-03-01,DELHI – SRINAGAR,103287.0,DELHI,SRINAGAR,False,False,53754.0,49533.0
2016-03-01,BENGALURU – PUNE,108586.0,BENGALURU,PUNE,False,False,51155.0,57431.0
2016-03-01,DELHI – GUWAHATI,78434.0,DELHI,GUWAHATI,False,False,39218.0,39216.0
2016-03-01,DELHI – PATNA,93391.0,DELHI,PATNA,False,False,49322.0,44069.0
2016-03-01,BENGALURU – CHENNAI,74127.0,BENGALURU,CHENNAI,False,False,37094.0,37033.0
2016-03-01,DELHI – LUCKNOW,147000.0,DELHI,LUCKNOW,False,False,74670.0,72330.0
2016-03-01,CHENNAI – HYDERABAD,85208.0,CHENNAI,HYDERABAD,False,False,43305.0,41903.0
2016-03-01,BENGALURU – KOCHI,50893.0,BENGALURU,KOCHI,False,False,27487.0,23406.0
2016-03-01,KOCHI – MUMBAI,91906.0,KOCHI,MUMBAI,False,False,45906.0,46000.0
2016-03-01,BAGDOGRA – DELHI,54804.0,BAGDOGRA,DELHI,False,False,28877.0,25927.0
2016-03-01,BHUBANESWAR – DELHI,65204.0,BHUBANESWAR,DELHI,False,False,32006.0,33198.0
2016-03-01,AHMEDABAD – BENGALURU,31887.0,AHMEDABAD,BENGALURU,False,False,16159.0,15728.0
2016-03-01,JAIPUR – MUMBAI,79881.0,JAIPUR,MUMBAI,False,False,40021.0,39860.0
2016-03-01,CHENNAI – KOLKATA,75895.0,CHENNAI,KOLKATA,False,False,40313.0,35582.0
2016-03-01,DELHI – INDORE,41627.0,DELHI,INDORE,False,False,20538.0,21089.0
2016-03-01,AMRITSAR – DELHI,69702.0,AMRITSAR,DELHI,False,False,35319.0,34383.0
2016-03-01,HYDERABAD – VISAKHAPATNAM,61898.0,HYDERABAD,VISAKHAPATNAM,False,False,30703.0,31195.0
2016-03-01,HYDERABAD – KOLKATA,40815.0,HYDERABAD,KOLKATA,False,False,20736.0,20079.0
2016-03-01,DELHI – VARANASI,79852.0,DELHI,VARANASI,False,False,39743.0,40109.0
2016-03-01,GUWAHATI – KOLKATA,77099.0,GUWAHATI,KOLKATA,False,False,37497.0,39602.0
2016-03-01,LUCKNOW – MUMBAI,56158.0,LUCKNOW,MUMBAI,False,False,25980.0,30178.0
2016-03-01,DELHI – KOCHI,53554.0,DELHI,KOCHI,False,False,27721.0,25833.0
2016-03-01,MUMBAI – VARANASI,31825.0,MUMBAI,VARANASI,False,False,16829.0,14996.0
2016-03-01,DELHI – RANCHI,32911.0,DELHI,RANCHI,False,False,16935.0,15976.0
2016-03-01,CHANDIGARH – DELHI,49553.0,CHANDIGARH,DELHI,False,False,25325.0,24228.0
2016-03-01,CHENNAI – COIMBATORE,52591.0,CHENNAI,COIMBATORE,False,False,26213.0,26378.0
2016-03-01,DELHI – RAIPUR,34839.0,DELHI,RAIPUR,False,False,17113.0,17726.0
2016-03-01,AGARTALA – KOLKATA,57325.0,AGARTALA,KOLKATA,False,False,29697.0,27628.0
2016-03-01,BENGALURU – MANGALURU,30078.0,BENGALURU,MANGALURU,False,False,14841.0,15237.0
2016-03-01,DELHI – LEH,20369.0,DELHI,LEH,False,False,13013.0,7356.0
2016-03-01,BENGALURU – BHUBANESWAR,17559.0,BENGALURU,BHUBANESWAR,False,False,8921.0,8638.0
2016-03-01,BENGALURU – VARANASI,8141.0,BENGALURU,VARANASI,False,False,4235.0,3906.0
2016-03-01,BENGALURU – LUCKNOW,9201.0,BENGALURU,LUCKNOW,False,False,4480.0,4721.0
2016-03-01,CHENNAI – PUNE,63501.0,CHENNAI,PUNE,False,False,31424.0,32077.0
2016-03-01,MUMBAI – NAGPUR,57890.0,MUMBAI,NAGPUR,False,False,28337.0,29553.0
2016-03-01,INDORE – MUMBAI,61051.0,INDORE,MUMBAI,False,False,31576.0,29475.0
2016-03-01,DELHI – NAGPUR,29538.0,DELHI,NAGPUR,False,False,14691.0,14847.0
2016-03-01,BENGALURU – GUWAHATI,8436.0,BENGALURU,GUWAHATI,False,False,3994.0,4442.0
2016-03-01,HYDERABAD – KOCHI,19997.0,HYDERABAD,KOCHI,False,False,10021.0,9976.0
2016-03-01,BENGALURU – JAIPUR,37034.0,BENGALURU,JAIPUR,False,False,19557.0,17477.0
2016-03-01,HYDERABAD – PUNE,19826.0,HYDERABAD,PUNE,False,False,10048.0,9778.0
2016-03-01,BENGALURU – THIRUVANANTHAPURAM,35687.0,BENGALURU,THIRUVANANTHAPURAM,False,False,17358.0,18329.0
2016-03-01,DELHI – UDAIPUR,39300.0,DELHI,UDAIPUR,False,False,19405.0,19895.0
2016-03-01,DELHI – JAMMU,50440.0,DELHI,JAMMU,False,False,26455.0,23985.0
2016-03-01,CHENNAI – KOCHI,38354.0,CHENNAI,KOCHI,False,False,19587.0,18767.0
2016-03-01,HYDERABAD – TIRUPATI,33136.0,HYDERABAD,TIRUPATI,False,False,15988.0,17148.0
2016-04-01,DELHI – MUMBAI,539410.0,DELHI,MUMBAI,False,False,257481.0,281929.0
2016-04-01,BENGALURU – DELHI,328214.0,BENGALURU,DELHI,False,False,170267.0,157947.0
2016-04-01,BENGALURU – MUMBAI,282453.0,BENGALURU,MUMBAI,False,False,143493.0,138960.0
2016-04-01,DELHI – HYDERABAD,186366.0,DELHI,HYDERABAD,False,False,88647.0,97719.0
2016-04-01,DELHI – KOLKATA,193060.0,DELHI,KOLKATA,False,False,102325.0,90735.0
2016-04-01,DELHI – PUNE,173583.0,DELHI,PUNE,False,False,82407.0,91176.0
2016-04-01,AHMEDABAD – DELHI,139740.0,AHMEDABAD,DELHI,False,False,74176.0,65564.0
2016-04-01,CHENNAI – MUMBAI,170690.0,CHENNAI,MUMBAI,False,False,86825.0,83865.0
2016-04-01,KOLKATA – MUMBAI,133556.0,KOLKATA,MUMBAI,False,False,61352.0,72204.0
2016-04-01,HYDERABAD – MUMBAI,159383.0,HYDERABAD,MUMBAI,False,False,79902.0,79481.0
2016-04-01,CHENNAI – DELHI,188074.0,CHENNAI,DELHI,False,False,98763.0,89311.0
2016-04-01,BENGALURU – HYDERABAD,101231.0,BENGALURU,HYDERABAD,False,False,50661.0,50570.0
2016-04-01,BENGALURU – KOLKATA,98816.0,BENGALURU,KOLKATA,False,False,53265.0,45551.0
2016-04-01,AHMEDABAD – MUMBAI,175086.0,AHMEDABAD,MUMBAI,False,False,88155.0,86931.0
2016-04-01,DELHI – SRINAGAR,142144.0,DELHI,SRINAGAR,False,False,70903.0,71241.0
2016-04-01,BENGALURU – PUNE,109468.0,BENGALURU,PUNE,False,False,55270.0,54198.0
2016-04-01,DELHI – GUWAHATI,86758.0,DELHI,GUWAHATI,False,False,45854.0,40904.0
2016-04-01,DELHI – PATNA,101086.0,DELHI,PATNA,False,False,53241.0,47845.0
2016-04-01,BENGALURU – CHENNAI,87896.0,BENGALURU,CHENNAI,False,False,43499.0,44397.0
2016-04-01,DELHI – LUCKNOW,146045.0,DELHI,LUCKNOW,False,False,75786.0,70259.0
2016-04-01,CHENNAI – HYDERABAD,87306.0,CHENNAI,HYDERABAD,False,False,44253.0,43053.0
2016-04-01,BENGALURU – KOCHI,49589.0,BENGALURU,KOCHI,False,False,25755.0,23834.0
2016-04-01,KOCHI – MUMBAI,101825.0,KOCHI,MUMBAI,False,False,51298.0,50527.0
2016-04-01,BAGDOGRA – DELHI,53560.0,BAGDOGRA,DELHI,False,False,28183.0,25377.0
2016-04-01,BHUBANESWAR – DELHI,58698.0,BHUBANESWAR,DELHI,False,False,28422.0,30276.0
2016-04-01,AHMEDABAD – BENGALURU,30760.0,AHMEDABAD,BENGALURU,False,False,15132.0,15628.0
2016-04-01,JAIPUR – MUMBAI,78375.0,JAIPUR,MUMBAI,False,False,37745.0,40630.0
2016-04-01,CHENNAI – KOLKATA,72393.0,CHENNAI,KOLKATA,False,False,39567.0,32826.0
2016-04-01,DELHI – INDORE,46419.0,DELHI,INDORE,False,False,22981.0,23438.0
2016-04-01,AMRITSAR – DELHI,66533.0,AMRITSAR,DELHI,False,False,37088.0,29445.0
2016-04-01,HYDERABAD – VISAKHAPATNAM,63362.0,HYDERABAD,VISAKHAPATNAM,False,False,32069.0,31293.0
2016-04-01,HYDERABAD – KOLKATA,41057.0,HYDERABAD,KOLKATA,False,False,21388.0,19669.0
2016-04-01,DELHI – VARANASI,77107.0,DELHI,VARANASI,False,False,40347.0,36760.0
2016-04-01,GUWAHATI – KOLKATA,73826.0,GUWAHATI,KOLKATA,False,False,36040.0,37786.0
2016-04-01,LUCKNOW – MUMBAI,52213.0,LUCKNOW,MUMBAI,False,False,24439.0,27774.0
2016-04-01,DELHI – KOCHI,56568.0,DELHI,KOCHI,False,False,28924.0,27644.0
2016-04-01,MUMBAI – VARANASI,34271.0,MUMBAI,VARANASI,False,False,19744.0,14527.0
2016-04-01,DELHI – RANCHI,33669.0,DELHI,RANCHI,False,False,17083.0,16586.0
2016-04-01,CHANDIGARH – DELHI,38688.0,CHANDIGARH,DELHI,False,False,19384.0,19304.0
2016-04-01,CHENNAI – COIMBATORE,48541.0,CHENNAI,COIMBATORE,False,False,23706.0,24835.0
2016-04-01,DELHI – RAIPUR,39160.0,DELHI,RAIPUR,False,False,19122.0,20038.0
2016-04-01,AGARTALA – KOLKATA,55554.0,AGARTALA,KOLKATA,False,False,29050.0,26504.0
2016-04-01,BENGALURU – MANGALURU,31611.0,BENGALURU,MANGALURU,False,False,16970.0,14641.0
2016-04-01,DELHI – LEH,31695.0,DELHI,LEH,False,False,18137.0,13558.0
2016-04-01,BENGALURU – BHUBANESWAR,17282.0,BENGALURU,BHUBANESWAR,False,False,9224.0,8058.0
2016-04-01,BENGALURU – VARANASI,7236.0,BENGALURU,VARANASI,False,False,3635.0,3601.0
2016-04-01,BENGALURU – LUCKNOW,13990.0,BENGALURU,LUCKNOW,False,False,7337.0,6653.0
2016-04-01,CHENNAI – PUNE,62139.0,CHENNAI,PUNE,False,False,30544.0,31595.0
2016-04-01,MUMBAI – NAGPUR,56971.0,MUMBAI,NAGPUR,False,False,28456.0,28515.0
2016-04-01,INDORE – MUMBAI,55421.0,INDORE,MUMBAI,False,False,27900.0,27521.0
2016-04-01,DELHI – NAGPUR,30997.0,DELHI,NAGPUR,False,False,14847.0,16150.0
2016-04-01,BENGALURU – GUWAHATI,14689.0,BENGALURU,GUWAHATI,False,False,7860.0,6829.0
2016-04-01,HYDERABAD – KOCHI,22649.0,HYDERABAD,KOCHI,False,False,11515.0,11134.0
2016-04-01,BENGALURU – JAIPUR,38315.0,BENGALURU,JAIPUR,False,False,20395.0,17920.0
2016-04-01,HYDERABAD – PUNE,22035.0,HYDERABAD,PUNE,False,False,10609.0,11426.0
2016-04-01,BENGALURU – THIRUVANANTHAPURAM,41686.0,BENGALURU,THIRUVANANTHAPURAM,False,False,21038.0,20648.0
2016-04-01,DELHI – UDAIPUR,30183.0,DELHI,UDAIPUR,False,False,14615.0,15568.0
2016-04-01,DELHI – JAMMU,46154.0,DELHI,JAMMU,False,False,25176.0,20978.0
2016-04-01,CHENNAI – KOCHI,40138.0,CHENNAI,KOCHI,False,False,20453.0,19685.0
2016-04-01,HYDERABAD – TIRUPATI,33307.0,HYDERABAD,TIRUPATI,False,False,16213.0,17094.0
2016-05-01,DELHI – MUMBAI,583764.0,DELHI,MUMBAI,False,False,298834.0,284930.0
2016-05-01,BENGALURU – DELHI,336639.0,BENGALURU,DELHI,False,False,157554.0,179085.0
2016-05-01,BENGALURU – MUMBAI,301397.0,BENGALURU,MUMBAI,False,False,146979.0,154418.0
2016-05-01,DELHI – HYDERABAD,204936.0,DELHI,HYDERABAD,False,False,103696.0,101240.0
2016-05-01,DELHI – KOLKATA,200527.0,DELHI,KOLKATA,False,False,103524.0,97003.0
2016-05-01,DELHI – PUNE,195883.0,DELHI,PUNE,False,False,98298.0,97585.0
2016-05-01,AHMEDABAD – DELHI,159599.0,AHMEDABAD,DELHI,False,False,80500.0,79099.0
2016-05-01,CHENNAI – MUMBAI,186803.0,CHENNAI,MUMBAI,False,False,89975.0,96828.0
2016-05-01,KOLKATA – MUMBAI,146687.0,KOLKATA,MUMBAI,False,False,72659.0,74028.0
2016-05-01,HYDERABAD – MUMBAI,168036.0,HYDERABAD,MUMBAI,False,False,82543.0,85493.0
2016-05-01,CHENNAI – DELHI,215606.0,CHENNAI,DELHI,False,False,104047.0,111559.0
2016-05-01,BENGALURU – HYDERABAD,110316.0,BENGALURU,HYDERABAD,False,False,54355.0,55961.0
2016-05-01,BENGALURU – KOLKATA,109661.0,BENGALURU,KOLKATA,False,False,51292.0,58369.0
2016-05-01,AHMEDABAD – MUMBAI,180811.0,AHMEDABAD,MUMBAI,False,False,94026.0,86785.0
2016-05-01,DELHI – SRINAGAR,181809.0,DELHI,SRINAGAR,False,False,92411.0,89398.0
2016-05-01,BENGALURU – PUNE,129238.0,BENGALURU,PUNE,False,False,60803.0,68435.0
2016-05-01,DELHI – GUWAHATI,80182.0,DELHI,GUWAHATI,False,False,42444.0,37738.0
2016-05-01,DELHI – PATNA,98139.0,DELHI,PATNA,False,False,50634.0,47505.0
2016-05-01,BENGALURU – CHENNAI,98881.0,BENGALURU,CHENNAI,False,False,47426.0,51455.0
2016-05-01,DELHI – LUCKNOW,149360.0,DELHI,LUCKNOW,False,False,73333.0,76027.0
2016-05-01,CHENNAI – HYDERABAD,90358.0,CHENNAI,HYDERABAD,False,False,44726.0,45632.0
2016-05-01,BENGALURU – KOCHI,51168.0,BENGALURU,KOCHI,False,False,28383.0,22785.0
2016-05-01,KOCHI – MUMBAI,117446.0,KOCHI,MUMBAI,False,False,56852.0,60594.0
2016-05-01,BAGDOGRA – DELHI,71433.0,BAGDOGRA,DELHI,False,False,37195.0,34238.0
2016-05-01,BHUBANESWAR – DELHI,63732.0,BHUBANESWAR,DELHI,False,False,31346.0,32386.0
2016-05-01,AHMEDABAD – BENGALURU,37792.0,AHMEDABAD,BENGALURU,False,False,20381.0,17411.0
2016-05-01,JAIPUR – MUMBAI,83637.0,JAIPUR,MUMBAI,False,False,44559.0,39078.0
2016-05-01,CHENNAI – KOLKATA,82721.0,CHENNAI,KOLKATA,False,False,40489.0,42232.0
2016-05-01,DELHI – INDORE,59974.0,DELHI,INDORE,False,False,29715.0,30259.0
2016-05-01,AMRITSAR – DELHI,61771.0,AMRITSAR,DELHI,False,False,33355.0,28416.0
2016-05-01,HYDERABAD – VISAKHAPATNAM,60606.0,HYDERABAD,VISAKHAPATNAM,False,False,29520.0,31086.0
2016-05-01,HYDERABAD – KOLKATA,51093.0,HYDERABAD,KOLKATA,False,False,24650.0,26443.0
2016-05-01,DELHI – VARANASI,72058.0,DELHI,VARANASI,False,False,35395.0,36663.0
2016-05-01,GUWAHATI – KOLKATA,81194.0,GUWAHATI,KOLKATA,False,False,38435.0,42759.0
2016-05-01,LUCKNOW – MUMBAI,55070.0,LUCKNOW,MUMBAI,False,False,27358.0,27712.0
2016-05-01,DELHI – KOCHI,57255.0,DELHI,KOCHI,False,False,32749.0,24506.0
2016-05-01,MUMBAI – VARANASI,35960.0,MUMBAI,VARANASI,False,False,17672.0,18288.0
2016-05-01,DELHI – RANCHI,40868.0,DELHI,RANCHI,False,False,20969.0,19899.0
2016-05-01,CHANDIGARH – DELHI,50522.0,CHANDIGARH,DELHI,False,False,25608.0,24914.0
2016-05-01,CHENNAI – COIMBATORE,51709.0,CHENNAI,COIMBATORE,False,False,25601.0,26108.0
2016-05-01,DELHI – RAIPUR,45682.0,DELHI,RAIPUR,False,False,22529.0,23153.0
2016-05-01,AGARTALA – KOLKATA,62462.0,AGARTALA,KOLKATA,False,False,31828.0,30634.0
2016-05-01,BENGALURU – MANGALURU,33752.0,BENGALURU,MANGALURU,False,False,16916.0,16836.0
2016-05-01,DELHI – LEH,45672.0,DELHI,LEH,False,False,23255.0,22417.0
2016-05-01,BENGALURU – BHUBANESWAR,19024.0,BENGALURU,BHUBANESWAR,False,False,8652.0,10372.0
2016-05-01,BENGALURU – VARANASI,8081.0,BENGALURU,VARANASI,False,False,3532.0,4549.0
2016-05-01,BENGALURU – LUCKNOW,16977.0,BENGALURU,LUCKNOW,False,False,7656.0,9321.0
2016-05-01,CHENNAI – PUNE,66669.0,CHENNAI,PUNE,False,False,32560.0,34109.0
2016-05-01,MUMBAI – NAGPUR,60675.0,MUMBAI,NAGPUR,False,False,29422.0,31253.0
2016-05-01,INDORE – MUMBAI,56972.0,INDORE,MUMBAI,False,False,29559.0,27413.0
2016-05-01,DELHI – NAGPUR,36680.0,DELHI,NAGPUR,False,False,18010.0,18670.0
2016-05-01,BENGALURU – GUWAHATI,17223.0,BENGALURU,GUWAHATI,False,False,8310.0,8913.0
2016-05-01,HYDERABAD – KOCHI,25955.0,HYDERABAD,KOCHI,False,False,12936.0,13019.0
2016-05-01,BENGALURU – JAIPUR,46337.0,BENGALURU,JAIPUR,False,False,21327.0,25010.0
2016-05-01,HYDERABAD – PUNE,26189.0,HYDERABAD,PUNE,False,False,12654.0,13535.0
2016-05-01,BENGALURU – THIRUVANANTHAPURAM,46638.0,BENGALURU,THIRUVANANTHAPURAM,False,False,23304.0,23334.0
2016-05-01,DELHI – UDAIPUR,32157.0,DELHI,UDAIPUR,False,False,16390.0,15767.0
2016-05-01,DELHI – JAMMU,44423.0,DELHI,JAMMU,False,False,24908.0,19515.0
2016-05-01,CHENNAI – KOCHI,50373.0,CHENNAI,KOCHI,False,False,26045.0,24328.0
2016-05-01,HYDERABAD – TIRUPATI,36832.0,HYDERABAD,TIRUPATI,False,False,18279.0,18553.0
2016-06-01,DELHI – MUMBAI,504403.0,DELHI,MUMBAI,False,False,270782.0,233621.0
2016-06-01,BENGALURU – DELHI,331578.0,BENGALURU,DELHI,False,False,161308.0,170270.0
2016-06-01,BENGALURU – MUMBAI,262637.0,BENGALURU,MUMBAI,False,False,134582.0,128055.0
2016-06-01,DELHI – HYDERABAD,176152.0,DELHI,HYDERABAD,False,False,94332.0,81820.0
2016-06-01,DELHI – KOLKATA,206578.0,DELHI,KOLKATA,False,False,111451.0,95127.0
2016-06-01,DELHI – PUNE,178988.0,DELHI,PUNE,False,False,94447.0,84541.0
2016-06-01,AHMEDABAD – DELHI,146793.0,AHMEDABAD,DELHI,False,False,65813.0,80980.0
2016-06-01,CHENNAI – MUMBAI,174731.0,CHENNAI,MUMBAI,False,False,85413.0,89318.0
2016-06-01,KOLKATA – MUMBAI,128951.0,KOLKATA,MUMBAI,False,False,66492.0,62459.0
2016-06-01,HYDERABAD – MUMBAI,157082.0,HYDERABAD,MUMBAI,False,False,73758.0,83324.0
2016-06-01,CHENNAI – DELHI,190305.0,CHENNAI,DELHI,False,False,91541.0,98764.0
2016-06-01,BENGALURU – HYDERABAD,103234.0,BENGALURU,HYDERABAD,False,False,53215.0,50019.0
2016-06-01,BENGALURU – KOLKATA,100658.0,BENGALURU,KOLKATA,False,False,52063.0,48595.0
2016-06-01,AHMEDABAD – MUMBAI,161849.0,AHMEDABAD,MUMBAI,False,False,80183.0,81666.0
2016-06-01,DELHI – SRINAGAR,178128.0,DELHI,SRINAGAR,False,False,86095.0,92033.0
2016-06-01,BENGALURU – PUNE,109115.0,BENGALURU,PUNE,False,False,55209.0,53906.0
2016-06-01,DELHI – GUWAHATI,90268.0,DELHI,GUWAHATI,False,False,46661.0,43607.0
2016-06-01,DELHI – PATNA,97867.0,DELHI,PATNA,False,False,51099.0,46768.0
2016-06-01,BENGALURU – CHENNAI,88014.0,BENGALURU,CHENNAI,False,False,43157.0,44857.0
2016-06-01,DELHI – LUCKNOW,148049.0,DELHI,LUCKNOW,False,False,75855.0,72194.0
2016-06-01,CHENNAI – HYDERABAD,82509.0,CHENNAI,HYDERABAD,False,False,42093.0,40416.0
2016-06-01,BENGALURU – KOCHI,51064.0,BENGALURU,KOCHI,False,False,26333.0,24731.0
2016-06-01,KOCHI – MUMBAI,93693.0,KOCHI,MUMBAI,False,False,47789.0,45904.0
2016-06-01,BAGDOGRA – DELHI,72687.0,BAGDOGRA,DELHI,False,False,39028.0,33659.0
2016-06-01,BHUBANESWAR – DELHI,59854.0,BHUBANESWAR,DELHI,False,False,28072.0,31782.0
2016-06-01,AHMEDABAD – BENGALURU,30737.0,AHMEDABAD,BENGALURU,False,False,15121.0,15616.0
2016-06-01,JAIPUR – MUMBAI,81307.0,JAIPUR,MUMBAI,False,False,41749.0,39558.0
2016-06-01,CHENNAI – KOLKATA,74757.0,CHENNAI,KOLKATA,False,False,38294.0,36463.0
2016-06-01,DELHI – INDORE,46518.0,DELHI,INDORE,False,False,24110.0,22408.0
2016-06-01,AMRITSAR – DELHI,59082.0,AMRITSAR,DELHI,False,False,30825.0,28257.0
2016-06-01,HYDERABAD – VISAKHAPATNAM,53145.0,HYDERABAD,VISAKHAPATNAM,False,False,26297.0,26848.0
2016-06-01,HYDERABAD – KOLKATA,47159.0,HYDERABAD,KOLKATA,False,False,22140.0,25019.0
2016-06-01,DELHI – VARANASI,67325.0,DELHI,VARANASI,False,False,34922.0,32403.0
2016-06-01,GUWAHATI – KOLKATA,78342.0,GUWAHATI,KOLKATA,False,False,40730.0,37612.0
2016-06-01,LUCKNOW – MUMBAI,50831.0,LUCKNOW,MUMBAI,False,False,25121.0,25710.0
2016-06-01,DELHI – KOCHI,61440.0,DELHI,KOCHI,False,False,30849.0,30591.0
2016-06-01,MUMBAI – VARANASI,32420.0,MUMBAI,VARANASI,False,False,15563.0,16857.0
2016-06-01,DELHI – RANCHI,40558.0,DELHI,RANCHI,False,False,21858.0,18700.0
2016-06-01,CHANDIGARH – DELHI,56037.0,CHANDIGARH,DELHI,False,False,29095.0,26942.0
2016-06-01,CHENNAI – COIMBATORE,50257.0,CHENNAI,COIMBATORE,False,False,24887.0,25370.0
2016-06-01,DELHI – RAIPUR,44069.0,DELHI,RAIPUR,False,False,22713.0,21356.0
2016-06-01,AGARTALA – KOLKATA,58704.0,AGARTALA,KOLKATA,False,False,29560.0,29144.0
2016-06-01,BENGALURU – MANGALURU,29290.0,BENGALURU,MANGALURU,False,False,15339.0,13951.0
2016-06-01,DELHI – LEH,49885.0,DELHI,LEH,False,False,24469.0,25416.0
2016-06-01,BENGALURU – BHUBANESWAR,17035.0,BENGALURU,BHUBANESWAR,False,False,9149.0,7886.0
2016-06-01,BENGALURU – VARANASI,6979.0,BENGALURU,VARANASI,False,False,3259.0,3720.0
2016-06-01,BENGALURU – LUCKNOW,15355.0,BENGALURU,LUCKNOW,False,False,7669.0,7686.0
2016-06-01,CHENNAI – PUNE,66825.0,CHENNAI,PUNE,False,False,33530.0,33295.0
2016-06-01,MUMBAI – NAGPUR,56664.0,MUMBAI,NAGPUR,False,False,28113.0,28551.0
2016-06-01,INDORE – MUMBAI,47312.0,INDORE,MUMBAI,False,False,23976.0,23336.0
2016-06-01,DELHI – NAGPUR,32276.0,DELHI,NAGPUR,False,False,17145.0,15131.0
2016-06-01,BENGALURU – GUWAHATI,17394.0,BENGALURU,GUWAHATI,False,False,8426.0,8968.0
2016-06-01,HYDERABAD – KOCHI,21537.0,HYDERABAD,KOCHI,False,False,9900.0,11637.0
2016-06-01,BENGALURU – JAIPUR,40277.0,BENGALURU,JAIPUR,False,False,20720.0,19557.0
2016-06-01,HYDERABAD – PUNE,25440.0,HYDERABAD,PUNE,False,False,12132.0,13308.0
2016-06-01,BENGALURU – THIRUVANANTHAPURAM,37281.0,BENGALURU,THIRUVANANTHAPURAM,False,False,17870.0,19411.0
2016-06-01,DELHI – UDAIPUR,32594.0,DELHI,UDAIPUR,False,False,17853.0,14741.0
2016-06-01,DELHI – JAMMU,40617.0,DELHI,JAMMU,False,False,23357.0,17260.0
2016-06-01,CHENNAI – KOCHI,41735.0,CHENNAI,KOCHI,False,False,20191.0,21544.0
2016-06-01,HYDERABAD – TIRUPATI,37260.0,HYDERABAD,TIRUPATI,False,False,18439.0,18821.0
2016-07-01,DELHI – MUMBAI,547244.0,DELHI,MUMBAI,False,False,274486.0,272758.0
2016-07-01,BENGALURU – DELHI,361640.0,BENGALURU,DELHI,False,False,178709.0,182931.0
2016-07-01,BENGALURU – MUMBAI,293814.0,BENGALURU,MUMBAI,False,False,145777.0,148037.0
2016-07-01,DELHI – HYDERABAD,192303.0,DELHI,HYDERABAD,False,False,97757.0,94546.0
2016-07-01,DELHI – KOLKATA,240659.0,DELHI,KOLKATA,False,False,122390.0,118269.0
2016-07-01,DELHI – PUNE,188089.0,DELHI,PUNE,False,False,93491.0,94598.0
2016-07-01,AHMEDABAD – DELHI,148912.0,AHMEDABAD,DELHI,False,False,73488.0,75424.0
2016-07-01,CHENNAI – MUMBAI,194918.0,CHENNAI,MUMBAI,False,False,95145.0,99773.0
2016-07-01,KOLKATA – MUMBAI,134095.0,KOLKATA,MUMBAI,False,False,66492.0,67603.0
2016-07-01,HYDERABAD – MUMBAI,183668.0,HYDERABAD,MUMBAI,False,False,85863.0,97805.0
2016-07-01,CHENNAI – DELHI,215108.0,CHENNAI,DELHI,False,False,105260.0,109848.0
2016-07-01,BENGALURU – HYDERABAD,116890.0,BENGALURU,HYDERABAD,False,False,59060.0,57830.0
2016-07-01,BENGALURU – KOLKATA,111447.0,BENGALURU,KOLKATA,False,False,55635.0,55812.0
2016-07-01,AHMEDABAD – MUMBAI,181633.0,AHMEDABAD,MUMBAI,False,False,91377.0,90256.0
2016-07-01,DELHI – SRINAGAR,132699.0,DELHI,SRINAGAR,False,False,56887.0,75812.0
2016-07-01,BENGALURU – PUNE,123155.0,BENGALURU,PUNE,False,False,61033.0,62122.0
2016-07-01,DELHI – GUWAHATI,106648.0,DELHI,GUWAHATI,False,False,54103.0,52545.0
2016-07-01,DELHI – PATNA,106771.0,DELHI,PATNA,False,False,52296.0,54475.0
2016-07-01,BENGALURU – CHENNAI,97327.0,BENGALURU,CHENNAI,False,False,47765.0,49562.0
2016-07-01,DELHI – LUCKNOW,164491.0,DELHI,LUCKNOW,False,False,83161.0,81330.0
2016-07-01,CHENNAI – HYDERABAD,99850.0,CHENNAI,HYDERABAD,False,False,49733.0,50117.0
2016-07-01,BENGALURU – KOCHI,59489.0,BENGALURU,KOCHI,False,False,30486.0,29003.0
2016-07-01,KOCHI – MUMBAI,111372.0,KOCHI,MUMBAI,False,False,52184.0,59188.0
2016-07-01,BAGDOGRA – DELHI,56423.0,BAGDOGRA,DELHI,False,False,30474.0,25949.0
2016-07-01,BHUBANESWAR – DELHI,59176.0,BHUBANESWAR,DELHI,False,False,29134.0,30042.0
2016-07-01,AHMEDABAD – BENGALURU,35705.0,AHMEDABAD,BENGALURU,False,False,18138.0,17567.0
2016-07-01,JAIPUR – MUMBAI,95784.0,JAIPUR,MUMBAI,False,False,47743.0,48041.0
2016-07-01,CHENNAI – KOLKATA,86201.0,CHENNAI,KOLKATA,False,False,43385.0,42816.0
2016-07-01,DELHI – INDORE,48971.0,DELHI,INDORE,False,False,24355.0,24616.0
2016-07-01,AMRITSAR – DELHI,62670.0,AMRITSAR,DELHI,False,False,30468.0,32202.0
2016-07-01,HYDERABAD – VISAKHAPATNAM,59288.0,HYDERABAD,VISAKHAPATNAM,False,False,29414.0,29874.0
2016-07-01,HYDERABAD – KOLKATA,53057.0,HYDERABAD,KOLKATA,False,False,25825.0,27232.0
2016-07-01,DELHI – VARANASI,74339.0,DELHI,VARANASI,False,False,37559.0,36780.0
2016-07-01,GUWAHATI – KOLKATA,82687.0,GUWAHATI,KOLKATA,False,False,41256.0,41431.0
2016-07-01,LUCKNOW – MUMBAI,52325.0,LUCKNOW,MUMBAI,False,False,25513.0,26812.0
2016-07-01,DELHI – KOCHI,59787.0,DELHI,KOCHI,False,False,30834.0,28953.0
2016-07-01,MUMBAI – VARANASI,32927.0,MUMBAI,VARANASI,False,False,17045.0,15882.0
2016-07-01,DELHI – RANCHI,44356.0,DELHI,RANCHI,False,False,22408.0,21948.0
2016-07-01,CHANDIGARH – DELHI,52312.0,CHANDIGARH,DELHI,False,False,25953.0,26359.0
2016-07-01,CHENNAI – COIMBATORE,55932.0,CHENNAI,COIMBATORE,False,False,27701.0,28231.0
2016-07-01,DELHI – RAIPUR,42839.0,DELHI,RAIPUR,False,False,21090.0,21749.0
2016-07-01,AGARTALA – KOLKATA,64697.0,AGARTALA,KOLKATA,False,False,33411.0,31286.0
2016-07-01,BENGALURU – MANGALURU,33188.0,BENGALURU,MANGALURU,False,False,17386.0,15802.0
2016-07-01,DELHI – LEH,45420.0,DELHI,LEH,False,False,22283.0,23137.0
2016-07-01,BENGALURU – BHUBANESWAR,17547.0,BENGALURU,BHUBANESWAR,False,False,8828.0,8719.0
2016-07-01,BENGALURU – VARANASI,7837.0,BENGALURU,VARANASI,False,False,3823.0,4014.0
2016-07-01,BENGALURU – LUCKNOW,18012.0,BENGALURU,LUCKNOW,False,False,8999.0,9013.0
2016-07-01,CHENNAI – PUNE,76184.0,CHENNAI,PUNE,False,False,37233.0,38951.0
2016-07-01,MUMBAI – NAGPUR,57772.0,MUMBAI,NAGPUR,False,False,28585.0,29187.0
2016-07-01,INDORE – MUMBAI,50192.0,INDORE,MUMBAI,False,False,25775.0,24417.0
2016-07-01,DELHI – NAGPUR,32064.0,DELHI,NAGPUR,False,False,15598.0,16466.0
2016-07-01,BENGALURU – GUWAHATI,19510.0,BENGALURU,GUWAHATI,False,False,9666.0,9844.0
2016-07-01,HYDERABAD – KOCHI,26991.0,HYDERABAD,KOCHI,False,False,13820.0,13171.0
2016-07-01,BENGALURU – JAIPUR,43205.0,BENGALURU,JAIPUR,False,False,22224.0,20981.0
2016-07-01,HYDERABAD – PUNE,26506.0,HYDERABAD,PUNE,False,False,12726.0,13780.0
2016-07-01,BENGALURU – THIRUVANANTHAPURAM,42787.0,BENGALURU,THIRUVANANTHAPURAM,False,False,21260.0,21527.0
2016-07-01,DELHI – UDAIPUR,34117.0,DELHI,UDAIPUR,False,False,17717.0,16400.0
2016-07-01,DELHI – JAMMU,42569.0,DELHI,JAMMU,False,False,22640.0,19929.0
2016-07-01,CHENNAI – KOCHI,49246.0,CHENNAI,KOCHI,False,False,24633.0,24613.0
2016-07-01,HYDERABAD – TIRUPATI,37956.0,HYDERABAD,TIRUPATI,False,False,18983.0,18973.0
2016-08-01,DELHI – MUMBAI,545236.0,DELHI,MUMBAI,False,False,275326.0,269910.0
2016-08-01,BENGALURU – DELHI,344531.0,BENGALURU,DELHI,False,False,171584.0,172947.0
2016-08-01,BENGALURU – MUMBAI,300559.0,BENGALURU,MUMBAI,False,False,153249.0,147310.0
2016-08-01,DELHI – HYDERABAD,188023.0,DELHI,HYDERABAD,False,False,92403.0,95620.0
2016-08-01,DELHI – KOLKATA,233140.0,DELHI,KOLKATA,False,False,118783.0,114357.0
2016-08-01,DELHI – PUNE,180759.0,DELHI,PUNE,False,False,89659.0,91100.0
2016-08-01,AHMEDABAD – DELHI,149858.0,AHMEDABAD,DELHI,False,False,74196.0,75662.0
2016-08-01,CHENNAI – MUMBAI,194433.0,CHENNAI,MUMBAI,False,False,99814.0,94619.0
2016-08-01,KOLKATA – MUMBAI,131045.0,KOLKATA,MUMBAI,False,False,64301.0,66744.0
2016-08-01,HYDERABAD – MUMBAI,192792.0,HYDERABAD,MUMBAI,False,False,98847.0,93945.0
2016-08-01,CHENNAI – DELHI,201980.0,CHENNAI,DELHI,False,False,105062.0,96918.0
2016-08-01,BENGALURU – HYDERABAD,125512.0,BENGALURU,HYDERABAD,False,False,63234.0,62278.0
2016-08-01,BENGALURU – KOLKATA,110330.0,BENGALURU,KOLKATA,False,False,55219.0,55111.0
2016-08-01,AHMEDABAD – MUMBAI,181028.0,AHMEDABAD,MUMBAI,False,False,91865.0,89163.0
2016-08-01,DELHI – SRINAGAR,82368.0,DELHI,SRINAGAR,False,False,30074.0,52294.0
2016-08-01,BENGALURU – PUNE,120239.0,BENGALURU,PUNE,False,False,59584.0,60655.0
2016-08-01,DELHI – GUWAHATI,100767.0,DELHI,GUWAHATI,False,False,50391.0,50376.0
2016-08-01,DELHI – PATNA,104135.0,DELHI,PATNA,False,False,52000.0,52135.0
2016-08-01,BENGALURU – CHENNAI,97331.0,BENGALURU,CHENNAI,False,False,47427.0,49904.0
2016-08-01,DELHI – LUCKNOW,164249.0,DELHI,LUCKNOW,False,False,82721.0,81528.0
2016-08-01,CHENNAI – HYDERABAD,97406.0,CHENNAI,HYDERABAD,False,False,49070.0,48336.0
2016-08-01,BENGALURU – KOCHI,56368.0,BENGALURU,KOCHI,False,False,27769.0,28599.0
2016-08-01,KOCHI – MUMBAI,116665.0,KOCHI,MUMBAI,False,False,59623.0,57042.0
2016-08-01,BAGDOGRA – DELHI,51256.0,BAGDOGRA,DELHI,False,False,26855.0,24401.0
2016-08-01,BHUBANESWAR – DELHI,57611.0,BHUBANESWAR,DELHI,False,False,28957.0,28654.0
2016-08-01,AHMEDABAD – BENGALURU,37327.0,AHMEDABAD,BENGALURU,False,False,18536.0,18791.0
2016-08-01,JAIPUR – MUMBAI,95253.0,JAIPUR,MUMBAI,False,False,48121.0,47132.0
2016-08-01,CHENNAI – KOLKATA,80680.0,CHENNAI,KOLKATA,False,False,41963.0,38717.0
2016-08-01,DELHI – INDORE,49712.0,DELHI,INDORE,False,False,24201.0,25511.0
2016-08-01,AMRITSAR – DELHI,63782.0,AMRITSAR,DELHI,False,False,30803.0,32979.0
2016-08-01,HYDERABAD – VISAKHAPATNAM,73351.0,HYDERABAD,VISAKHAPATNAM,False,False,35995.0,37356.0
2016-08-01,HYDERABAD – KOLKATA,50062.0,HYDERABAD,KOLKATA,False,False,24765.0,25297.0
2016-08-01,DELHI – VARANASI,73761.0,DELHI,VARANASI,False,False,36811.0,36950.0
2016-08-01,GUWAHATI – KOLKATA,74128.0,GUWAHATI,KOLKATA,False,False,36780.0,37348.0
2016-08-01,LUCKNOW – MUMBAI,53137.0,LUCKNOW,MUMBAI,False,False,25346.0,27791.0
2016-08-01,DELHI – KOCHI,65000.0,DELHI,KOCHI,False,False,32768.0,32232.0
2016-08-01,MUMBAI – VARANASI,33408.0,MUMBAI,VARANASI,False,False,17183.0,16225.0
2016-08-01,DELHI – RANCHI,42838.0,DELHI,RANCHI,False,False,21470.0,21368.0
2016-08-01,CHANDIGARH – DELHI,50178.0,CHANDIGARH,DELHI,False,False,25199.0,24979.0
2016-08-01,CHENNAI – COIMBATORE,62813.0,CHENNAI,COIMBATORE,False,False,30754.0,32059.0
2016-08-01,DELHI – RAIPUR,39874.0,DELHI,RAIPUR,False,False,19853.0,20021.0
2016-08-01,AGARTALA – KOLKATA,66548.0,AGARTALA,KOLKATA,False,False,35067.0,31481.0
2016-08-01,BENGALURU – MANGALURU,29947.0,BENGALURU,MANGALURU,False,False,15158.0,14789.0
2016-08-01,DELHI – LEH,43838.0,DELHI,LEH,False,False,21106.0,22732.0
2016-08-01,BENGALURU – BHUBANESWAR,15563.0,BENGALURU,BHUBANESWAR,False,False,7794.0,7769.0
2016-08-01,BENGALURU – VARANASI,6394.0,BENGALURU,VARANASI,False,False,3009.0,3385.0
2016-08-01,BENGALURU – LUCKNOW,19342.0,BENGALURU,LUCKNOW,False,False,9870.0,9472.0
2016-08-01,CHENNAI – PUNE,76166.0,CHENNAI,PUNE,False,False,37309.0,38857.0
2016-08-01,MUMBAI – NAGPUR,57909.0,MUMBAI,NAGPUR,False,False,28487.0,29422.0
2016-08-01,INDORE – MUMBAI,49976.0,INDORE,MUMBAI,False,False,26098.0,23878.0
2016-08-01,DELHI – NAGPUR,31251.0,DELHI,NAGPUR,False,False,15121.0,16130.0
2016-08-01,BENGALURU – GUWAHATI,15358.0,BENGALURU,GUWAHATI,False,False,7670.0,7688.0
2016-08-01,HYDERABAD – KOCHI,30256.0,HYDERABAD,KOCHI,False,False,14816.0,15440.0
2016-08-01,BENGALURU – JAIPUR,41709.0,BENGALURU,JAIPUR,False,False,21521.0,20188.0
2016-08-01,HYDERABAD – PUNE,27411.0,HYDERABAD,PUNE,False,False,13496.0,13915.0
2016-08-01,BENGALURU – THIRUVANANTHAPURAM,41162.0,BENGALURU,THIRUVANANTHAPURAM,False,False,20170.0,20992.0
2016-08-01,DELHI – UDAIPUR,34484.0,DELHI,UDAIPUR,False,False,17411.0,17073.0
2016-08-01,DELHI – JAMMU,45315.0,DELHI,JAMMU,False,False,24197.0,21118.0
2016-08-01,CHENNAI – KOCHI,50294.0,CHENNAI,KOCHI,False,False,24907.0,25387.0
2016-08-01,HYDERABAD – TIRUPATI,36733.0,HYDERABAD,TIRUPATI,False,False,18439.0,18294.0
2016-09-01,DELHI – MUMBAI,544621.0,DELHI,MUMBAI,False,False,272187.0,272434.0
2016-09-01,BENGALURU – DELHI,327058.0,BENGALURU,DELHI,False,False,168280.0,158778.0
2016-09-01,BENGALURU – MUMBAI,278792.0,BENGALURU,MUMBAI,False,False,142448.0,136344.0
2016-09-01,DELHI – HYDERABAD,178663.0,DELHI,HYDERABAD,False,False,86342.0,92321.0
2016-09-01,DELHI – KOLKATA,238146.0,DELHI,KOLKATA,False,False,124022.0,114124.0
2016-09-01,DELHI – PUNE,183923.0,DELHI,PUNE,False,False,90116.0,93807.0
2016-09-01,AHMEDABAD – DELHI,143761.0,AHMEDABAD,DELHI,False,False,71470.0,72291.0
2016-09-01,CHENNAI – MUMBAI,190975.0,CHENNAI,MUMBAI,False,False,99265.0,91710.0
2016-09-01,KOLKATA – MUMBAI,132984.0,KOLKATA,MUMBAI,False,False,62334.0,70650.0
2016-09-01,HYDERABAD – MUMBAI,177258.0,HYDERABAD,MUMBAI,False,False,93361.0,83897.0
2016-09-01,CHENNAI – DELHI,199540.0,CHENNAI,DELHI,False,False,107010.0,92530.0
2016-09-01,BENGALURU – HYDERABAD,118061.0,BENGALURU,HYDERABAD,False,False,60359.0,57702.0
2016-09-01,BENGALURU – KOLKATA,109728.0,BENGALURU,KOLKATA,False,False,61266.0,48462.0
2016-09-01,AHMEDABAD – MUMBAI,172808.0,AHMEDABAD,MUMBAI,False,False,87216.0,85592.0
2016-09-01,DELHI – SRINAGAR,77745.0,DELHI,SRINAGAR,False,False,33816.0,43929.0
2016-09-01,BENGALURU – PUNE,113748.0,BENGALURU,PUNE,False,False,57058.0,56690.0
2016-09-01,DELHI – GUWAHATI,116532.0,DELHI,GUWAHATI,False,False,60299.0,56233.0
2016-09-01,DELHI – PATNA,103339.0,DELHI,PATNA,False,False,53410.0,49929.0
2016-09-01,BENGALURU – CHENNAI,100558.0,BENGALURU,CHENNAI,False,False,48448.0,52110.0
2016-09-01,DELHI – LUCKNOW,163980.0,DELHI,LUCKNOW,False,False,84336.0,79644.0
2016-09-01,CHENNAI – HYDERABAD,90371.0,CHENNAI,HYDERABAD,False,False,45566.0,44805.0
2016-09-01,BENGALURU – KOCHI,54026.0,BENGALURU,KOCHI,False,False,26666.0,27360.0
2016-09-01,KOCHI – MUMBAI,112821.0,KOCHI,MUMBAI,False,False,58542.0,54279.0
2016-09-01,BAGDOGRA – DELHI,53615.0,BAGDOGRA,DELHI,False,False,27899.0,25716.0
2016-09-01,BHUBANESWAR – DELHI,59666.0,BHUBANESWAR,DELHI,False,False,29778.0,29888.0
2016-09-01,AHMEDABAD – BENGALURU,35287.0,AHMEDABAD,BENGALURU,False,False,16998.0,18289.0
2016-09-01,JAIPUR – MUMBAI,90669.0,JAIPUR,MUMBAI,False,False,45509.0,45160.0
2016-09-01,CHENNAI – KOLKATA,85860.0,CHENNAI,KOLKATA,False,False,46004.0,39856.0
2016-09-01,DELHI – INDORE,45511.0,DELHI,INDORE,False,False,22488.0,23023.0
2016-09-01,AMRITSAR – DELHI,66577.0,AMRITSAR,DELHI,False,False,32141.0,34436.0
2016-09-01,HYDERABAD – VISAKHAPATNAM,57753.0,HYDERABAD,VISAKHAPATNAM,False,False,28494.0,29259.0
2016-09-01,HYDERABAD – KOLKATA,53641.0,HYDERABAD,KOLKATA,False,False,28766.0,24875.0
2016-09-01,DELHI – VARANASI,69782.0,DELHI,VARANASI,False,False,36187.0,33595.0
2016-09-01,GUWAHATI – KOLKATA,80023.0,GUWAHATI,KOLKATA,False,False,39256.0,40767.0
2016-09-01,LUCKNOW – MUMBAI,53552.0,LUCKNOW,MUMBAI,False,False,25629.0,27923.0
2016-09-01,DELHI – KOCHI,67934.0,DELHI,KOCHI,False,False,33474.0,34460.0
2016-09-01,MUMBAI – VARANASI,34672.0,MUMBAI,VARANASI,False,False,18041.0,16631.0
2016-09-01,DELHI – RANCHI,42505.0,DELHI,RANCHI,False,False,22057.0,20448.0
2016-09-01,CHANDIGARH – DELHI,51638.0,CHANDIGARH,DELHI,False,False,26142.0,25496.0
2016-09-01,CHENNAI – COIMBATORE,63695.0,CHENNAI,COIMBATORE,False,False,31629.0,32066.0
2016-09-01,DELHI – RAIPUR,38248.0,DELHI,RAIPUR,False,False,18716.0,19532.0
2016-09-01,AGARTALA – KOLKATA,70338.0,AGARTALA,KOLKATA,False,False,34617.0,35721.0
2016-09-01,BENGALURU – MANGALURU,26328.0,BENGALURU,MANGALURU,False,False,13007.0,13321.0
2016-09-01,DELHI – LEH,41664.0,DELHI,LEH,False,False,19266.0,22398.0
2016-09-01,BENGALURU – BHUBANESWAR,14139.0,BENGALURU,BHUBANESWAR,False,False,7298.0,6841.0
2016-09-01,BENGALURU – VARANASI,6265.0,BENGALURU,VARANASI,False,False,2950.0,3315.0
2016-09-01,BENGALURU – LUCKNOW,19531.0,BENGALURU,LUCKNOW,False,False,10498.0,9033.0
2016-09-01,CHENNAI – PUNE,74122.0,CHENNAI,PUNE,False,False,36700.0,37422.0
2016-09-01,MUMBAI – NAGPUR,55338.0,MUMBAI,NAGPUR,False,False,26874.0,28464.0
2016-09-01,INDORE – MUMBAI,46896.0,INDORE,MUMBAI,False,False,24276.0,22620.0
2016-09-01,DELHI – NAGPUR,30854.0,DELHI,NAGPUR,False,False,14847.0,16007.0
2016-09-01,BENGALURU – GUWAHATI,17994.0,BENGALURU,GUWAHATI,False,False,9839.0,8155.0
2016-09-01,HYDERABAD – KOCHI,31247.0,HYDERABAD,KOCHI,False,False,15588.0,15659.0
2016-09-01,BENGALURU – JAIPUR,40625.0,BENGALURU,JAIPUR,False,False,21465.0,19160.0
2016-09-01,HYDERABAD – PUNE,23428.0,HYDERABAD,PUNE,False,False,11274.0,12154.0
2016-09-01,BENGALURU – THIRUVANANTHAPURAM,40258.0,BENGALURU,THIRUVANANTHAPURAM,False,False,19863.0,20395.0
2016-09-01,DELHI – UDAIPUR,38247.0,DELHI,UDAIPUR,False,False,18783.0,19464.0
2016-09-01,DELHI – JAMMU,53715.0,DELHI,JAMMU,False,False,29805.0,23910.0
2016-09-01,CHENNAI – KOCHI,48001.0,CHENNAI,KOCHI,False,False,24216.0,23785.0
2016-09-01,HYDERABAD – TIRUPATI,34684.0,HYDERABAD,TIRUPATI,False,False,17269.0,17415.0
2016-10-01,DELHI – MUMBAI,537163.0,DELHI,MUMBAI,False,False,249092.0,288071.0
2016-10-01,BENGALURU – DELHI,348003.0,BENGALURU,DELHI,False,False,185858.0,162145.0
2016-10-01,BENGALURU – MUMBAI,284162.0,BENGALURU,MUMBAI,False,False,141348.0,142814.0
2016-10-01,DELHI – HYDERABAD,181759.0,DELHI,HYDERABAD,False,False,90014.0,91745.0
2016-10-01,DELHI – KOLKATA,253925.0,DELHI,KOLKATA,False,False,133492.0,120433.0
2016-10-01,DELHI – PUNE,180337.0,DELHI,PUNE,False,False,81734.0,98603.0
2016-10-01,AHMEDABAD – DELHI,143762.0,AHMEDABAD,DELHI,False,False,77542.0,66220.0
2016-10-01,CHENNAI – MUMBAI,179393.0,CHENNAI,MUMBAI,False,False,86267.0,93126.0
2016-10-01,KOLKATA – MUMBAI,140662.0,KOLKATA,MUMBAI,False,False,63421.0,77241.0
2016-10-01,HYDERABAD – MUMBAI,169062.0,HYDERABAD,MUMBAI,False,False,78596.0,90466.0
2016-10-01,CHENNAI – DELHI,185139.0,CHENNAI,DELHI,False,False,93916.0,91223.0
2016-10-01,BENGALURU – HYDERABAD,147909.0,BENGALURU,HYDERABAD,False,False,76304.0,71605.0
2016-10-01,BENGALURU – KOLKATA,139812.0,BENGALURU,KOLKATA,False,False,75994.0,63818.0
2016-10-01,AHMEDABAD – MUMBAI,163070.0,AHMEDABAD,MUMBAI,False,False,81746.0,81324.0
2016-10-01,DELHI – SRINAGAR,78910.0,DELHI,SRINAGAR,False,False,31330.0,47580.0
2016-10-01,BENGALURU – PUNE,119549.0,BENGALURU,PUNE,False,False,58632.0,60917.0
2016-10-01,DELHI – GUWAHATI,111849.0,DELHI,GUWAHATI,False,False,54299.0,57550.0
2016-10-01,DELHI – PATNA,120460.0,DELHI,PATNA,False,False,67079.0,53381.0
2016-10-01,BENGALURU – CHENNAI,97072.0,BENGALURU,CHENNAI,False,False,48933.0,48139.0
2016-10-01,DELHI – LUCKNOW,165618.0,DELHI,LUCKNOW,False,False,92899.0,72719.0
2016-10-01,CHENNAI – HYDERABAD,98428.0,CHENNAI,HYDERABAD,False,False,48521.0,49907.0
2016-10-01,BENGALURU – KOCHI,67135.0,BENGALURU,KOCHI,False,False,34463.0,32672.0
2016-10-01,KOCHI – MUMBAI,100893.0,KOCHI,MUMBAI,False,False,48232.0,52661.0
2016-10-01,BAGDOGRA – DELHI,67309.0,BAGDOGRA,DELHI,False,False,30259.0,37050.0
2016-10-01,BHUBANESWAR – DELHI,70836.0,BHUBANESWAR,DELHI,False,False,33729.0,37107.0
2016-10-01,AHMEDABAD – BENGALURU,43160.0,AHMEDABAD,BENGALURU,False,False,21873.0,21287.0
2016-10-01,JAIPUR – MUMBAI,83158.0,JAIPUR,MUMBAI,False,False,39306.0,43852.0
2016-10-01,CHENNAI – KOLKATA,100339.0,CHENNAI,KOLKATA,False,False,52009.0,48330.0
2016-10-01,DELHI – INDORE,43405.0,DELHI,INDORE,False,False,21331.0,22074.0
2016-10-01,AMRITSAR – DELHI,70406.0,AMRITSAR,DELHI,False,False,30596.0,39810.0
2016-10-01,HYDERABAD – VISAKHAPATNAM,62992.0,HYDERABAD,VISAKHAPATNAM,False,False,31691.0,31301.0
2016-10-01,HYDERABAD – KOLKATA,60414.0,HYDERABAD,KOLKATA,False,False,31987.0,28427.0
2016-10-01,DELHI – VARANASI,76406.0,DELHI,VARANASI,False,False,41217.0,35189.0
2016-10-01,GUWAHATI – KOLKATA,93680.0,GUWAHATI,KOLKATA,False,False,47099.0,46581.0
2016-10-01,LUCKNOW – MUMBAI,52236.0,LUCKNOW,MUMBAI,False,False,23932.0,28304.0
2016-10-01,DELHI – KOCHI,63366.0,DELHI,KOCHI,False,False,31699.0,31667.0
2016-10-01,MUMBAI – VARANASI,35406.0,MUMBAI,VARANASI,False,False,19122.0,16284.0
2016-10-01,DELHI – RANCHI,56809.0,DELHI,RANCHI,False,False,31885.0,24924.0
2016-10-01,CHANDIGARH – DELHI,57880.0,CHANDIGARH,DELHI,False,False,27813.0,30067.0
2016-10-01,CHENNAI – COIMBATORE,63248.0,CHENNAI,COIMBATORE,False,False,31561.0,31687.0
2016-10-01,DELHI – RAIPUR,41226.0,DELHI,RAIPUR,False,False,20566.0,20660.0
2016-10-01,AGARTALA – KOLKATA,71457.0,AGARTALA,KOLKATA,False,False,37389.0,34068.0
2016-10-01,BENGALURU – MANGALURU,27355.0,BENGALURU,MANGALURU,False,False,14307.0,13048.0
2016-10-01,DELHI – LEH,30903.0,DELHI,LEH,False,False,10679.0,20224.0
2016-10-01,BENGALURU – BHUBANESWAR,26847.0,BENGALURU,BHUBANESWAR,False,False,14917.0,11930.0
2016-10-01,BENGALURU – VARANASI,8397.0,BENGALURU,VARANASI,False,False,5250.0,3147.0
2016-10-01,BENGALURU – LUCKNOW,26744.0,BENGALURU,LUCKNOW,False,False,15118.0,11626.0
2016-10-01,CHENNAI – PUNE,69023.0,CHENNAI,PUNE,False,False,31513.0,37510.0
2016-10-01,MUMBAI – NAGPUR,54652.0,MUMBAI,NAGPUR,False,False,28410.0,26242.0
2016-10-01,INDORE – MUMBAI,47251.0,INDORE,MUMBAI,False,False,21885.0,25366.0
2016-10-01,DELHI – NAGPUR,36948.0,DELHI,NAGPUR,False,False,18063.0,18885.0
2016-10-01,BENGALURU – GUWAHATI,26048.0,BENGALURU,GUWAHATI,False,False,14023.0,12025.0
2016-10-01,HYDERABAD – KOCHI,42870.0,HYDERABAD,KOCHI,False,False,21588.0,21282.0
2016-10-01,BENGALURU – JAIPUR,43118.0,BENGALURU,JAIPUR,False,False,23992.0,19126.0
2016-10-01,HYDERABAD – PUNE,25120.0,HYDERABAD,PUNE,False,False,11932.0,13188.0
2016-10-01,BENGALURU – THIRUVANANTHAPURAM,42327.0,BENGALURU,THIRUVANANTHAPURAM,False,False,21440.0,20887.0
2016-10-01,DELHI – UDAIPUR,39734.0,DELHI,UDAIPUR,False,False,19369.0,20365.0
2016-10-01,DELHI – JAMMU,57129.0,DELHI,JAMMU,False,False,32415.0,24714.0
2016-10-01,CHENNAI – KOCHI,47524.0,CHENNAI,KOCHI,False,False,23682.0,23842.0
2016-10-01,HYDERABAD – TIRUPATI,32687.0,HYDERABAD,TIRUPATI,False,False,16206.0,16481.0
2016-11-01,DELHI – MUMBAI,575766.0,DELHI,MUMBAI,False,False,305551.0,270215.0
2016-11-01,BENGALURU – DELHI,337973.0,BENGALURU,DELHI,False,False,161657.0,176316.0
2016-11-01,BENGALURU – MUMBAI,274836.0,BENGALURU,MUMBAI,False,False,139660.0,135176.0
2016-11-01,DELHI – HYDERABAD,189026.0,DELHI,HYDERABAD,False,False,98905.0,90121.0
2016-11-01,DELHI – KOLKATA,243648.0,DELHI,KOLKATA,False,False,124011.0,119637.0
2016-11-01,DELHI – PUNE,198266.0,DELHI,PUNE,False,False,104019.0,94247.0
2016-11-01,AHMEDABAD – DELHI,166971.0,AHMEDABAD,DELHI,False,False,78241.0,88730.0
2016-11-01,CHENNAI – MUMBAI,173599.0,CHENNAI,MUMBAI,False,False,90769.0,82830.0
2016-11-01,KOLKATA – MUMBAI,141907.0,KOLKATA,MUMBAI,False,False,72046.0,69861.0
2016-11-01,HYDERABAD – MUMBAI,167461.0,HYDERABAD,MUMBAI,False,False,87558.0,79903.0
2016-11-01,CHENNAI – DELHI,187645.0,CHENNAI,DELHI,False,False,94414.0,93231.0
2016-11-01,BENGALURU – HYDERABAD,155483.0,BENGALURU,HYDERABAD,False,False,77078.0,78405.0
2016-11-01,BENGALURU – KOLKATA,123757.0,BENGALURU,KOLKATA,False,False,58779.0,64978.0
2016-11-01,AHMEDABAD – MUMBAI,171114.0,AHMEDABAD,MUMBAI,False,False,83805.0,87309.0
2016-11-01,DELHI – SRINAGAR,51228.0,DELHI,SRINAGAR,False,False,24791.0,26437.0
2016-11-01,BENGALURU – PUNE,118579.0,BENGALURU,PUNE,False,False,59394.0,59185.0
2016-11-01,DELHI – GUWAHATI,107109.0,DELHI,GUWAHATI,False,False,51769.0,55340.0
2016-11-01,DELHI – PATNA,132371.0,DELHI,PATNA,False,False,64992.0,67379.0
2016-11-01,BENGALURU – CHENNAI,91454.0,BENGALURU,CHENNAI,False,False,43703.0,47751.0
2016-11-01,DELHI – LUCKNOW,185200.0,DELHI,LUCKNOW,False,False,92883.0,92317.0
2016-11-01,CHENNAI – HYDERABAD,92667.0,CHENNAI,HYDERABAD,False,False,47647.0,45020.0
2016-11-01,BENGALURU – KOCHI,73205.0,BENGALURU,KOCHI,False,False,34850.0,38355.0
2016-11-01,KOCHI – MUMBAI,99711.0,KOCHI,MUMBAI,False,False,51839.0,47872.0
2016-11-01,BAGDOGRA – DELHI,65840.0,BAGDOGRA,DELHI,False,False,33418.0,32422.0
2016-11-01,BHUBANESWAR – DELHI,71697.0,BHUBANESWAR,DELHI,False,False,35116.0,36581.0
2016-11-01,AHMEDABAD – BENGALURU,52930.0,AHMEDABAD,BENGALURU,False,False,26929.0,26001.0
2016-11-01,JAIPUR – MUMBAI,86168.0,JAIPUR,MUMBAI,False,False,43265.0,42903.0
2016-11-01,CHENNAI – KOLKATA,96787.0,CHENNAI,KOLKATA,False,False,48417.0,48370.0
2016-11-01,DELHI – INDORE,51886.0,DELHI,INDORE,False,False,26315.0,25571.0
2016-11-01,AMRITSAR – DELHI,73322.0,AMRITSAR,DELHI,False,False,36834.0,36488.0
2016-11-01,HYDERABAD – VISAKHAPATNAM,64691.0,HYDERABAD,VISAKHAPATNAM,False,False,30191.0,34500.0
2016-11-01,HYDERABAD – KOLKATA,59063.0,HYDERABAD,KOLKATA,False,False,27387.0,31676.0
2016-11-01,DELHI – VARANASI,90636.0,DELHI,VARANASI,False,False,45293.0,45343.0
2016-11-01,GUWAHATI – KOLKATA,90031.0,GUWAHATI,KOLKATA,False,False,45656.0,44375.0
2016-11-01,LUCKNOW – MUMBAI,51250.0,LUCKNOW,MUMBAI,False,False,26233.0,25017.0
2016-11-01,DELHI – KOCHI,67754.0,DELHI,KOCHI,False,False,36088.0,31666.0
2016-11-01,MUMBAI – VARANASI,34293.0,MUMBAI,VARANASI,False,False,17793.0,16500.0
2016-11-01,DELHI – RANCHI,63137.0,DELHI,RANCHI,False,False,31576.0,31561.0
2016-11-01,CHANDIGARH – DELHI,66862.0,CHANDIGARH,DELHI,False,False,34062.0,32800.0
2016-11-01,CHENNAI – COIMBATORE,65843.0,CHENNAI,COIMBATORE,False,False,32062.0,33781.0
2016-11-01,DELHI – RAIPUR,42720.0,DELHI,RAIPUR,False,False,20920.0,21800.0
2016-11-01,AGARTALA – KOLKATA,69216.0,AGARTALA,KOLKATA,False,False,36802.0,32414.0
2016-11-01,BENGALURU – MANGALURU,26515.0,BENGALURU,MANGALURU,False,False,13622.0,12893.0
2016-11-01,DELHI – LEH,16023.0,DELHI,LEH,False,False,5696.0,10327.0
2016-11-01,BENGALURU – BHUBANESWAR,30264.0,BENGALURU,BHUBANESWAR,False,False,14451.0,15813.0
2016-11-01,BENGALURU – VARANASI,15462.0,BENGALURU,VARANASI,False,False,6973.0,8489.0
2016-11-01,BENGALURU – LUCKNOW,28382.0,BENGALURU,LUCKNOW,False,False,13494.0,14888.0
2016-11-01,CHENNAI – PUNE,74844.0,CHENNAI,PUNE,False,False,37615.0,37229.0
2016-11-01,MUMBAI – NAGPUR,63348.0,MUMBAI,NAGPUR,False,False,29760.0,33588.0
2016-11-01,INDORE – MUMBAI,49278.0,INDORE,MUMBAI,False,False,26369.0,22909.0
2016-11-01,DELHI – NAGPUR,45916.0,DELHI,NAGPUR,False,False,22362.0,23554.0
2016-11-01,BENGALURU – GUWAHATI,30008.0,BENGALURU,GUWAHATI,False,False,14819.0,15189.0
2016-11-01,HYDERABAD – KOCHI,49514.0,HYDERABAD,KOCHI,False,False,25256.0,24258.0
2016-11-01,BENGALURU – JAIPUR,48705.0,BENGALURU,JAIPUR,False,False,24315.0,24390.0
2016-11-01,HYDERABAD – PUNE,26607.0,HYDERABAD,PUNE,False,False,13148.0,13459.0
2016-11-01,BENGALURU – THIRUVANANTHAPURAM,42266.0,BENGALURU,THIRUVANANTHAPURAM,False,False,18666.0,23600.0
2016-11-01,DELHI – UDAIPUR,44709.0,DELHI,UDAIPUR,False,False,23069.0,21640.0
2016-11-01,DELHI – JAMMU,62009.0,DELHI,JAMMU,False,False,31139.0,30870.0
2016-11-01,CHENNAI – KOCHI,49556.0,CHENNAI,KOCHI,False,False,25775.0,23781.0
2016-11-01,HYDERABAD – TIRUPATI,35785.0,HYDERABAD,TIRUPATI,False,False,17817.0,17968.0
2016-12-01,DELHI – MUMBAI,614287.0,DELHI,MUMBAI,False,False,324571.0,289716.0
2016-12-01,BENGALURU – DELHI,352983.0,BENGALURU,DELHI,False,False,172364.0,180619.0
2016-12-01,BENGALURU – MUMBAI,305812.0,BENGALURU,MUMBAI,False,False,151171.0,154641.0
2016-12-01,DELHI – HYDERABAD,202030.0,DELHI,HYDERABAD,False,False,108758.0,93272.0
2016-12-01,DELHI – KOLKATA,271574.0,DELHI,KOLKATA,False,False,143613.0,127961.0
2016-12-01,DELHI – PUNE,204548.0,DELHI,PUNE,False,False,105384.0,99164.0
2016-12-01,AHMEDABAD – DELHI,163484.0,AHMEDABAD,DELHI,False,False,76938.0,86546.0
2016-12-01,CHENNAI – MUMBAI,181981.0,CHENNAI,MUMBAI,False,False,90058.0,91923.0
2016-12-01,KOLKATA – MUMBAI,154038.0,KOLKATA,MUMBAI,False,False,76442.0,77596.0
2016-12-01,HYDERABAD – MUMBAI,186501.0,HYDERABAD,MUMBAI,False,False,91599.0,94902.0
2016-12-01,CHENNAI – DELHI,186497.0,CHENNAI,DELHI,False,False,88122.0,98375.0
2016-12-01,BENGALURU – HYDERABAD,161303.0,BENGALURU,HYDERABAD,False,False,81027.0,80276.0
2016-12-01,BENGALURU – KOLKATA,147258.0,BENGALURU,KOLKATA,False,False,75616.0,71642.0
2016-12-01,AHMEDABAD – MUMBAI,176972.0,AHMEDABAD,MUMBAI,False,False,88857.0,88115.0
2016-12-01,DELHI – SRINAGAR,69425.0,DELHI,SRINAGAR,False,False,33976.0,35449.0
2016-12-01,BENGALURU – PUNE,127241.0,BENGALURU,PUNE,False,False,63048.0,64193.0
2016-12-01,DELHI – GUWAHATI,124465.0,DELHI,GUWAHATI,False,False,60647.0,63818.0
2016-12-01,DELHI – PATNA,105784.0,DELHI,PATNA,False,False,50557.0,55227.0
2016-12-01,BENGALURU – CHENNAI,84729.0,BENGALURU,CHENNAI,False,False,43067.0,41662.0
2016-12-01,DELHI – LUCKNOW,158254.0,DELHI,LUCKNOW,False,False,81121.0,77133.0
2016-12-01,CHENNAI – HYDERABAD,99596.0,CHENNAI,HYDERABAD,False,False,50429.0,49167.0
2016-12-01,BENGALURU – KOCHI,70294.0,BENGALURU,KOCHI,False,False,35585.0,34709.0
2016-12-01,KOCHI – MUMBAI,117646.0,KOCHI,MUMBAI,False,False,57056.0,60590.0
2016-12-01,BAGDOGRA – DELHI,72294.0,BAGDOGRA,DELHI,False,False,31489.0,40805.0
2016-12-01,BHUBANESWAR – DELHI,90730.0,BHUBANESWAR,DELHI,False,False,42914.0,47816.0
2016-12-01,AHMEDABAD – BENGALURU,56364.0,AHMEDABAD,BENGALURU,False,False,28613.0,27751.0
2016-12-01,JAIPUR – MUMBAI,97296.0,JAIPUR,MUMBAI,False,False,49618.0,47678.0
2016-12-01,CHENNAI – KOLKATA,107830.0,CHENNAI,KOLKATA,False,False,53756.0,54074.0
2016-12-01,DELHI – INDORE,55866.0,DELHI,INDORE,False,False,28751.0,27115.0
2016-12-01,AMRITSAR – DELHI,73314.0,AMRITSAR,DELHI,False,False,35667.0,37647.0
2016-12-01,HYDERABAD – VISAKHAPATNAM,72212.0,HYDERABAD,VISAKHAPATNAM,False,False,35535.0,36677.0
2016-12-01,HYDERABAD – KOLKATA,61966.0,HYDERABAD,KOLKATA,False,False,31157.0,30809.0
2016-12-01,DELHI – VARANASI,78328.0,DELHI,VARANASI,False,False,38839.0,39489.0
2016-12-01,GUWAHATI – KOLKATA,105847.0,GUWAHATI,KOLKATA,False,False,53686.0,52161.0
2016-12-01,LUCKNOW – MUMBAI,61781.0,LUCKNOW,MUMBAI,False,False,30747.0,31034.0
2016-12-01,DELHI – KOCHI,72690.0,DELHI,KOCHI,False,False,38632.0,34058.0
2016-12-01,MUMBAI – VARANASI,33758.0,MUMBAI,VARANASI,False,False,14830.0,18928.0
2016-12-01,DELHI – RANCHI,70017.0,DELHI,RANCHI,False,False,37063.0,32954.0
2016-12-01,CHANDIGARH – DELHI,47055.0,CHANDIGARH,DELHI,False,False,23509.0,23546.0
2016-12-01,CHENNAI – COIMBATORE,68053.0,CHENNAI,COIMBATORE,False,False,33848.0,34205.0
2016-12-01,DELHI – RAIPUR,43057.0,DELHI,RAIPUR,False,False,22029.0,21028.0
2016-12-01,AGARTALA – KOLKATA,81443.0,AGARTALA,KOLKATA,False,False,42283.0,39160.0
2016-12-01,BENGALURU – MANGALURU,27922.0,BENGALURU,MANGALURU,False,False,14787.0,13135.0
2016-12-01,DELHI – LEH,17039.0,DELHI,LEH,False,False,5113.0,11926.0
2016-12-01,BENGALURU – BHUBANESWAR,33122.0,BENGALURU,BHUBANESWAR,False,False,16444.0,16678.0
2016-12-01,BENGALURU – VARANASI,11879.0,BENGALURU,VARANASI,False,False,6111.0,5768.0
2016-12-01,BENGALURU – LUCKNOW,21674.0,BENGALURU,LUCKNOW,False,False,9832.0,11842.0
2016-12-01,CHENNAI – PUNE,74245.0,CHENNAI,PUNE,False,False,36788.0,37457.0
2016-12-01,MUMBAI – NAGPUR,72092.0,MUMBAI,NAGPUR,False,False,35598.0,36494.0
2016-12-01,INDORE – MUMBAI,58730.0,INDORE,MUMBAI,False,False,30078.0,28652.0
2016-12-01,DELHI – NAGPUR,45994.0,DELHI,NAGPUR,False,False,23550.0,22444.0
2016-12-01,BENGALURU – GUWAHATI,37024.0,BENGALURU,GUWAHATI,False,False,19338.0,17686.0
2016-12-01,HYDERABAD – KOCHI,55880.0,HYDERABAD,KOCHI,False,False,28351.0,27529.0
2016-12-01,BENGALURU – JAIPUR,48186.0,BENGALURU,JAIPUR,False,False,23707.0,24479.0
2016-12-01,HYDERABAD – PUNE,26118.0,HYDERABAD,PUNE,False,False,12549.0,13569.0
2016-12-01,BENGALURU – THIRUVANANTHAPURAM,46870.0,BENGALURU,THIRUVANANTHAPURAM,False,False,23815.0,23055.0
2016-12-01,DELHI – UDAIPUR,51041.0,DELHI,UDAIPUR,False,False,26183.0,24858.0
2016-12-01,DELHI – JAMMU,59046.0,DELHI,JAMMU,False,False,30558.0,28488.0
2016-12-01,CHENNAI – KOCHI,51085.0,CHENNAI,KOCHI,False,False,26670.0,24415.0
2016-12-01,HYDERABAD – TIRUPATI,35845.0,HYDERABAD,TIRUPATI,False,False,18006.0,17839.0
2017-01-01,DELHI – MUMBAI,608438.0,DELHI,MUMBAI,False,False,299965.0,308473.0
2017-01-01,BENGALURU – DELHI,346875.0,BENGALURU,DELHI,False,False,176753.0,170122.0
2017-01-01,BENGALURU – MUMBAI,305896.0,BENGALURU,MUMBAI,False,False,151185.0,154711.0
2017-01-01,DELHI – HYDERABAD,196953.0,DELHI,HYDERABAD,False,False,95390.0,101563.0
2017-01-01,DELHI – KOLKATA,270095.0,DELHI,KOLKATA,False,False,134211.0,135884.0
2017-01-01,DELHI – PUNE,207486.0,DELHI,PUNE,False,False,101614.0,105872.0
2017-01-01,AHMEDABAD – DELHI,163755.0,AHMEDABAD,DELHI,False,False,81989.0,81766.0
2017-01-01,CHENNAI – MUMBAI,198041.0,CHENNAI,MUMBAI,False,False,97004.0,101037.0
2017-01-01,KOLKATA – MUMBAI,157710.0,KOLKATA,MUMBAI,False,False,77717.0,79993.0
2017-01-01,HYDERABAD – MUMBAI,179657.0,HYDERABAD,MUMBAI,False,False,89739.0,89918.0
2017-01-01,CHENNAI – DELHI,200466.0,CHENNAI,DELHI,False,False,102190.0,98276.0
2017-01-01,BENGALURU – HYDERABAD,148704.0,BENGALURU,HYDERABAD,False,False,74669.0,74035.0
2017-01-01,BENGALURU – KOLKATA,143451.0,BENGALURU,KOLKATA,False,False,71657.0,71794.0
2017-01-01,AHMEDABAD – MUMBAI,179278.0,AHMEDABAD,MUMBAI,False,False,89553.0,89725.0
2017-01-01,DELHI – SRINAGAR,58573.0,DELHI,SRINAGAR,False,False,28403.0,30170.0
2017-01-01,BENGALURU – PUNE,132719.0,BENGALURU,PUNE,False,False,65330.0,67389.0
2017-01-01,DELHI – GUWAHATI,124162.0,DELHI,GUWAHATI,False,False,57394.0,66768.0
2017-01-01,DELHI – PATNA,106608.0,DELHI,PATNA,False,False,51387.0,55221.0
2017-01-01,BENGALURU – CHENNAI,86766.0,BENGALURU,CHENNAI,False,False,43761.0,43005.0
2017-01-01,DELHI – LUCKNOW,161230.0,DELHI,LUCKNOW,False,False,81535.0,79695.0
2017-01-01,CHENNAI – HYDERABAD,108123.0,CHENNAI,HYDERABAD,False,False,52542.0,55581.0
2017-01-01,BENGALURU – KOCHI,70870.0,BENGALURU,KOCHI,False,False,34222.0,36648.0
2017-01-01,KOCHI – MUMBAI,119534.0,KOCHI,MUMBAI,False,False,59920.0,59614.0
2017-01-01,BAGDOGRA – DELHI,68332.0,BAGDOGRA,DELHI,False,False,32046.0,36286.0
2017-01-01,BHUBANESWAR – DELHI,86961.0,BHUBANESWAR,DELHI,False,False,43968.0,42993.0
2017-01-01,AHMEDABAD – BENGALURU,55474.0,AHMEDABAD,BENGALURU,False,False,28184.0,27290.0
2017-01-01,JAIPUR – MUMBAI,98624.0,JAIPUR,MUMBAI,False,False,49253.0,49371.0
2017-01-01,CHENNAI – KOLKATA,110100.0,CHENNAI,KOLKATA,False,False,53275.0,56825.0
2017-01-01,DELHI – INDORE,51185.0,DELHI,INDORE,False,False,24744.0,26441.0
2017-01-01,AMRITSAR – DELHI,79062.0,AMRITSAR,DELHI,False,False,37514.0,41548.0
2017-01-01,HYDERABAD – VISAKHAPATNAM,70831.0,HYDERABAD,VISAKHAPATNAM,False,False,34376.0,36455.0
2017-01-01,HYDERABAD – KOLKATA,61993.0,HYDERABAD,KOLKATA,False,False,31391.0,30602.0
2017-01-01,DELHI – VARANASI,87330.0,DELHI,VARANASI,False,False,43187.0,44143.0
2017-01-01,GUWAHATI – KOLKATA,102043.0,GUWAHATI,KOLKATA,False,False,51162.0,50881.0
2017-01-01,LUCKNOW – MUMBAI,57964.0,LUCKNOW,MUMBAI,False,False,27197.0,30767.0
2017-01-01,DELHI – KOCHI,75094.0,DELHI,KOCHI,False,False,35703.0,39391.0
2017-01-01,MUMBAI – VARANASI,33805.0,MUMBAI,VARANASI,False,False,15663.0,18142.0
2017-01-01,DELHI – RANCHI,65204.0,DELHI,RANCHI,False,False,33795.0,31409.0
2017-01-01,CHANDIGARH – DELHI,42205.0,CHANDIGARH,DELHI,False,False,20866.0,21339.0
2017-01-01,CHENNAI – COIMBATORE,70641.0,CHENNAI,COIMBATORE,False,False,33912.0,36729.0
2017-01-01,DELHI – RAIPUR,39244.0,DELHI,RAIPUR,False,False,19378.0,19866.0
2017-01-01,AGARTALA – KOLKATA,78128.0,AGARTALA,KOLKATA,False,False,37964.0,40164.0
2017-01-01,BENGALURU – MANGALURU,28441.0,BENGALURU,MANGALURU,False,False,14412.0,14029.0
2017-01-01,DELHI – LEH,16404.0,DELHI,LEH,False,False,6613.0,9791.0
2017-01-01,BENGALURU – BHUBANESWAR,29212.0,BENGALURU,BHUBANESWAR,False,False,14174.0,15038.0
2017-01-01,BENGALURU – VARANASI,11846.0,BENGALURU,VARANASI,False,False,6372.0,5474.0
2017-01-01,BENGALURU – LUCKNOW,20681.0,BENGALURU,LUCKNOW,False,False,10199.0,10482.0
2017-01-01,CHENNAI – PUNE,79113.0,CHENNAI,PUNE,False,False,39168.0,39945.0
2017-01-01,MUMBAI – NAGPUR,69325.0,MUMBAI,NAGPUR,False,False,33459.0,35866.0
2017-01-01,INDORE – MUMBAI,57926.0,INDORE,MUMBAI,False,False,29646.0,28280.0
2017-01-01,DELHI – NAGPUR,43051.0,DELHI,NAGPUR,False,False,20778.0,22273.0
2017-01-01,BENGALURU – GUWAHATI,38081.0,BENGALURU,GUWAHATI,False,False,19382.0,18699.0
2017-01-01,HYDERABAD – KOCHI,50925.0,HYDERABAD,KOCHI,False,False,24962.0,25963.0
2017-01-01,BENGALURU – JAIPUR,48082.0,BENGALURU,JAIPUR,False,False,24597.0,23485.0
2017-01-01,HYDERABAD – PUNE,26458.0,HYDERABAD,PUNE,False,False,12821.0,13637.0
2017-01-01,BENGALURU – THIRUVANANTHAPURAM,48470.0,BENGALURU,THIRUVANANTHAPURAM,False,False,21449.0,27021.0
2017-01-01,DELHI – UDAIPUR,48422.0,DELHI,UDAIPUR,False,False,23984.0,24438.0
2017-01-01,DELHI – JAMMU,54053.0,DELHI,JAMMU,False,False,27765.0,26288.0
2017-01-01,CHENNAI – KOCHI,56811.0,CHENNAI,KOCHI,False,False,27587.0,29224.0
2017-01-01,HYDERABAD – TIRUPATI,36120.0,HYDERABAD,TIRUPATI,False,False,18123.0,17997.0
2017-02-01,DELHI – MUMBAI,553621.0,DELHI,MUMBAI,False,False,273722.0,279899.0
2017-02-01,BENGALURU – DELHI,307344.0,BENGALURU,DELHI,False,False,158477.0,148867.0
2017-02-01,BENGALURU – MUMBAI,241186.0,BENGALURU,MUMBAI,False,False,117086.0,124100.0
2017-02-01,DELHI – HYDERABAD,184631.0,DELHI,HYDERABAD,False,False,90576.0,94055.0
2017-02-01,DELHI – KOLKATA,236559.0,DELHI,KOLKATA,False,False,117494.0,119065.0
2017-02-01,DELHI – PUNE,191176.0,DELHI,PUNE,False,False,94669.0,96507.0
2017-02-01,AHMEDABAD – DELHI,146690.0,AHMEDABAD,DELHI,False,False,76304.0,70386.0
2017-02-01,CHENNAI – MUMBAI,179460.0,CHENNAI,MUMBAI,False,False,90731.0,88729.0
2017-02-01,KOLKATA – MUMBAI,139134.0,KOLKATA,MUMBAI,False,False,68933.0,70201.0
2017-02-01,HYDERABAD – MUMBAI,156271.0,HYDERABAD,MUMBAI,False,False,77278.0,78993.0
2017-02-01,CHENNAI – DELHI,180411.0,CHENNAI,DELHI,False,False,93092.0,87319.0
2017-02-01,BENGALURU – HYDERABAD,129315.0,BENGALURU,HYDERABAD,False,False,64554.0,64761.0
2017-02-01,BENGALURU – KOLKATA,113710.0,BENGALURU,KOLKATA,False,False,56784.0,56926.0
2017-02-01,AHMEDABAD – MUMBAI,156171.0,AHMEDABAD,MUMBAI,False,False,85360.0,70811.0
2017-02-01,DELHI – SRINAGAR,78583.0,DELHI,SRINAGAR,False,False,39312.0,39271.0
2017-02-01,BENGALURU – PUNE,106959.0,BENGALURU,PUNE,False,False,53540.0,53419.0
2017-02-01,DELHI – GUWAHATI,100070.0,DELHI,GUWAHATI,False,False,47913.0,52157.0
2017-02-01,DELHI – PATNA,112728.0,DELHI,PATNA,False,False,57002.0,55726.0
2017-02-01,BENGALURU – CHENNAI,75631.0,BENGALURU,CHENNAI,False,False,37827.0,37804.0
2017-02-01,DELHI – LUCKNOW,159354.0,DELHI,LUCKNOW,False,False,82328.0,77026.0
2017-02-01,CHENNAI – HYDERABAD,98075.0,CHENNAI,HYDERABAD,False,False,49419.0,48656.0
2017-02-01,BENGALURU – KOCHI,54669.0,BENGALURU,KOCHI,False,False,27465.0,27204.0
2017-02-01,KOCHI – MUMBAI,98903.0,KOCHI,MUMBAI,False,False,50469.0,48434.0
2017-02-01,BAGDOGRA – DELHI,66402.0,BAGDOGRA,DELHI,False,False,30894.0,35508.0
2017-02-01,BHUBANESWAR – DELHI,73381.0,BHUBANESWAR,DELHI,False,False,36636.0,36745.0
2017-02-01,AHMEDABAD – BENGALURU,52310.0,AHMEDABAD,BENGALURU,False,False,24138.0,28172.0
2017-02-01,JAIPUR – MUMBAI,79168.0,JAIPUR,MUMBAI,False,False,39662.0,39506.0
2017-02-01,CHENNAI – KOLKATA,97356.0,CHENNAI,KOLKATA,False,False,48953.0,48403.0
2017-02-01,DELHI – INDORE,48411.0,DELHI,INDORE,False,False,23695.0,24716.0
2017-02-01,AMRITSAR – DELHI,74975.0,AMRITSAR,DELHI,False,False,36865.0,38110.0
2017-02-01,HYDERABAD – VISAKHAPATNAM,66773.0,HYDERABAD,VISAKHAPATNAM,False,False,31830.0,34943.0
2017-02-01,HYDERABAD – KOLKATA,55888.0,HYDERABAD,KOLKATA,False,False,28588.0,27300.0
2017-02-01,DELHI – VARANASI,87228.0,DELHI,VARANASI,False,False,43976.0,43252.0
2017-02-01,GUWAHATI – KOLKATA,88162.0,GUWAHATI,KOLKATA,False,False,43462.0,44700.0
2017-02-01,LUCKNOW – MUMBAI,51929.0,LUCKNOW,MUMBAI,False,False,24655.0,27274.0
2017-02-01,DELHI – KOCHI,69142.0,DELHI,KOCHI,False,False,33605.0,35537.0
2017-02-01,MUMBAI – VARANASI,31742.0,MUMBAI,VARANASI,False,False,15501.0,16241.0
2017-02-01,DELHI – RANCHI,58550.0,DELHI,RANCHI,False,False,30243.0,28307.0
2017-02-01,CHANDIGARH – DELHI,53835.0,CHANDIGARH,DELHI,False,False,27188.0,26647.0
2017-02-01,CHENNAI – COIMBATORE,66385.0,CHENNAI,COIMBATORE,False,False,32556.0,33829.0
2017-02-01,DELHI – RAIPUR,38837.0,DELHI,RAIPUR,False,False,19281.0,19556.0
2017-02-01,AGARTALA – KOLKATA,63088.0,AGARTALA,KOLKATA,False,False,33132.0,29956.0
2017-02-01,BENGALURU – MANGALURU,22153.0,BENGALURU,MANGALURU,False,False,11187.0,10966.0
2017-02-01,DELHI – LEH,20974.0,DELHI,LEH,False,False,13085.0,7889.0
2017-02-01,BENGALURU – BHUBANESWAR,20279.0,BENGALURU,BHUBANESWAR,False,False,9546.0,10733.0
2017-02-01,BENGALURU – VARANASI,12195.0,BENGALURU,VARANASI,False,False,6778.0,5417.0
2017-02-01,BENGALURU – LUCKNOW,18427.0,BENGALURU,LUCKNOW,False,False,9071.0,9356.0
2017-02-01,CHENNAI – PUNE,70283.0,CHENNAI,PUNE,False,False,34580.0,35703.0
2017-02-01,MUMBAI – NAGPUR,58685.0,MUMBAI,NAGPUR,False,False,28356.0,30329.0
2017-02-01,INDORE – MUMBAI,51559.0,INDORE,MUMBAI,False,False,26530.0,25029.0
2017-02-01,DELHI – NAGPUR,37040.0,DELHI,NAGPUR,False,False,18729.0,18311.0
2017-02-01,BENGALURU – GUWAHATI,30804.0,BENGALURU,GUWAHATI,False,False,15704.0,15100.0
2017-02-01,HYDERABAD – KOCHI,41173.0,HYDERABAD,KOCHI,False,False,20159.0,21014.0
2017-02-01,BENGALURU – JAIPUR,41098.0,BENGALURU,JAIPUR,False,False,20797.0,20301.0
2017-02-01,HYDERABAD – PUNE,31398.0,HYDERABAD,PUNE,False,False,15531.0,15867.0
2017-02-01,BENGALURU – THIRUVANANTHAPURAM,39179.0,BENGALURU,THIRUVANANTHAPURAM,False,False,18125.0,21054.0
2017-02-01,DELHI – UDAIPUR,43798.0,DELHI,UDAIPUR,False,False,21961.0,21837.0
2017-02-01,DELHI – JAMMU,52570.0,DELHI,JAMMU,False,False,26525.0,26045.0
2017-02-01,CHENNAI – KOCHI,51104.0,CHENNAI,KOCHI,False,False,25575.0,25529.0
2017-02-01,HYDERABAD – TIRUPATI,35657.0,HYDERABAD,TIRUPATI,False,False,17864.0,17793.0
2017-03-01,DELHI – MUMBAI,579307.0,DELHI,MUMBAI,False,False,292065.0,287242.0
2017-03-01,BENGALURU – DELHI,309377.0,BENGALURU,DELHI,False,False,156713.0,152664.0
2017-03-01,BENGALURU – MUMBAI,242436.0,BENGALURU,MUMBAI,False,False,119166.0,123270.0
2017-03-01,DELHI – HYDERABAD,191647.0,DELHI,HYDERABAD,False,False,95820.0,95827.0
2017-03-01,DELHI – KOLKATA,249673.0,DELHI,KOLKATA,False,False,126247.0,123426.0
2017-03-01,DELHI – PUNE,210427.0,DELHI,PUNE,False,False,105364.0,105063.0
2017-03-01,AHMEDABAD – DELHI,155106.0,AHMEDABAD,DELHI,False,False,77122.0,77984.0
2017-03-01,CHENNAI – MUMBAI,177396.0,CHENNAI,MUMBAI,False,False,89692.0,87704.0
2017-03-01,KOLKATA – MUMBAI,141701.0,KOLKATA,MUMBAI,False,False,70767.0,70934.0
2017-03-01,HYDERABAD – MUMBAI,154185.0,HYDERABAD,MUMBAI,False,False,77499.0,76686.0
2017-03-01,CHENNAI – DELHI,195144.0,CHENNAI,DELHI,False,False,98680.0,96464.0
2017-03-01,BENGALURU – HYDERABAD,129495.0,BENGALURU,HYDERABAD,False,False,64847.0,64648.0
2017-03-01,BENGALURU – KOLKATA,113936.0,BENGALURU,KOLKATA,False,False,57849.0,56087.0
2017-03-01,AHMEDABAD – MUMBAI,152784.0,AHMEDABAD,MUMBAI,False,False,83349.0,69435.0
2017-03-01,DELHI – SRINAGAR,111612.0,DELHI,SRINAGAR,False,False,59765.0,51847.0
2017-03-01,BENGALURU – PUNE,98562.0,BENGALURU,PUNE,False,False,48724.0,49838.0
2017-03-01,DELHI – GUWAHATI,104907.0,DELHI,GUWAHATI,False,False,51584.0,53323.0
2017-03-01,DELHI – PATNA,129839.0,DELHI,PATNA,False,False,64972.0,64867.0
2017-03-01,BENGALURU – CHENNAI,72707.0,BENGALURU,CHENNAI,False,False,36392.0,36315.0
2017-03-01,DELHI – LUCKNOW,162855.0,DELHI,LUCKNOW,False,False,83314.0,79541.0
2017-03-01,CHENNAI – HYDERABAD,103207.0,CHENNAI,HYDERABAD,False,False,52474.0,50733.0
2017-03-01,BENGALURU – KOCHI,43298.0,BENGALURU,KOCHI,False,False,22640.0,20658.0
2017-03-01,KOCHI – MUMBAI,88308.0,KOCHI,MUMBAI,False,False,45273.0,43035.0
2017-03-01,BAGDOGRA – DELHI,90201.0,BAGDOGRA,DELHI,False,False,43216.0,46985.0
2017-03-01,BHUBANESWAR – DELHI,76318.0,BHUBANESWAR,DELHI,False,False,37793.0,38525.0
2017-03-01,AHMEDABAD – BENGALURU,49059.0,AHMEDABAD,BENGALURU,False,False,21654.0,27405.0
2017-03-01,JAIPUR – MUMBAI,82089.0,JAIPUR,MUMBAI,False,False,42135.0,39954.0
2017-03-01,CHENNAI – KOLKATA,108551.0,CHENNAI,KOLKATA,False,False,55303.0,53248.0
2017-03-01,DELHI – INDORE,51819.0,DELHI,INDORE,False,False,25753.0,26066.0
2017-03-01,AMRITSAR – DELHI,92941.0,AMRITSAR,DELHI,False,False,47411.0,45530.0
2017-03-01,HYDERABAD – VISAKHAPATNAM,66938.0,HYDERABAD,VISAKHAPATNAM,False,False,31979.0,34959.0
2017-03-01,HYDERABAD – KOLKATA,53596.0,HYDERABAD,KOLKATA,False,False,28398.0,25198.0
2017-03-01,DELHI – VARANASI,71572.0,DELHI,VARANASI,False,False,35245.0,36327.0
2017-03-01,GUWAHATI – KOLKATA,104199.0,GUWAHATI,KOLKATA,False,False,51810.0,52389.0
2017-03-01,LUCKNOW – MUMBAI,55818.0,LUCKNOW,MUMBAI,False,False,27788.0,28030.0
2017-03-01,DELHI – KOCHI,71402.0,DELHI,KOCHI,False,False,35531.0,35871.0
2017-03-01,MUMBAI – VARANASI,30118.0,MUMBAI,VARANASI,False,False,15271.0,14847.0
2017-03-01,DELHI – RANCHI,65042.0,DELHI,RANCHI,False,False,33951.0,31091.0
2017-03-01,CHANDIGARH – DELHI,67175.0,CHANDIGARH,DELHI,False,False,34230.0,32945.0
2017-03-01,CHENNAI – COIMBATORE,67214.0,CHENNAI,COIMBATORE,False,False,33135.0,34079.0
2017-03-01,DELHI – RAIPUR,40688.0,DELHI,RAIPUR,False,False,20036.0,20652.0
2017-03-01,AGARTALA – KOLKATA,66837.0,AGARTALA,KOLKATA,False,False,34578.0,32259.0
2017-03-01,BENGALURU – MANGALURU,19186.0,BENGALURU,MANGALURU,False,False,9554.0,9632.0
2017-03-01,DELHI – LEH,23963.0,DELHI,LEH,False,False,16790.0,7173.0
2017-03-01,BENGALURU – BHUBANESWAR,21461.0,BENGALURU,BHUBANESWAR,False,False,9709.0,11752.0
2017-03-01,BENGALURU – VARANASI,12883.0,BENGALURU,VARANASI,False,False,7113.0,5770.0
2017-03-01,BENGALURU – LUCKNOW,18279.0,BENGALURU,LUCKNOW,False,False,9288.0,8991.0
2017-03-01,CHENNAI – PUNE,74204.0,CHENNAI,PUNE,False,False,35631.0,38573.0
2017-03-01,MUMBAI – NAGPUR,62854.0,MUMBAI,NAGPUR,False,False,30671.0,32183.0
2017-03-01,INDORE – MUMBAI,56407.0,INDORE,MUMBAI,False,False,28902.0,27505.0
2017-03-01,DELHI – NAGPUR,36688.0,DELHI,NAGPUR,False,False,18769.0,17919.0
2017-03-01,BENGALURU – GUWAHATI,28226.0,BENGALURU,GUWAHATI,False,False,13806.0,14420.0
2017-03-01,HYDERABAD – KOCHI,41422.0,HYDERABAD,KOCHI,False,False,19280.0,22142.0
2017-03-01,BENGALURU – JAIPUR,32353.0,BENGALURU,JAIPUR,False,False,16395.0,15958.0
2017-03-01,HYDERABAD – PUNE,33419.0,HYDERABAD,PUNE,False,False,16354.0,17065.0
2017-03-01,BENGALURU – THIRUVANANTHAPURAM,35840.0,BENGALURU,THIRUVANANTHAPURAM,False,False,17439.0,18401.0
2017-03-01,DELHI – UDAIPUR,40968.0,DELHI,UDAIPUR,False,False,19799.0,21169.0
2017-03-01,DELHI – JAMMU,61495.0,DELHI,JAMMU,False,False,30395.0,31100.0
2017-03-01,CHENNAI – KOCHI,49528.0,CHENNAI,KOCHI,False,False,24459.0,25069.0
2017-03-01,HYDERABAD – TIRUPATI,35740.0,HYDERABAD,TIRUPATI,False,False,17882.0,17858.0
2017-04-01,DELHI – MUMBAI,559420.0,DELHI,MUMBAI,False,False,263738.0,295682.0
2017-04-01,BENGALURU – DELHI,318153.0,BENGALURU,DELHI,False,False,167233.0,150920.0
2017-04-01,BENGALURU – MUMBAI,238537.0,BENGALURU,MUMBAI,False,False,117104.0,121433.0
2017-04-01,DELHI – HYDERABAD,200541.0,DELHI,HYDERABAD,False,False,93808.0,106733.0
2017-04-01,DELHI – KOLKATA,237290.0,DELHI,KOLKATA,False,False,124007.0,113283.0
2017-04-01,DELHI – PUNE,209489.0,DELHI,PUNE,False,False,100121.0,109368.0
2017-04-01,AHMEDABAD – DELHI,155859.0,AHMEDABAD,DELHI,False,False,81527.0,74332.0
2017-04-01,CHENNAI – MUMBAI,176030.0,CHENNAI,MUMBAI,False,False,89037.0,86993.0
2017-04-01,KOLKATA – MUMBAI,141020.0,KOLKATA,MUMBAI,False,False,66091.0,74929.0
2017-04-01,HYDERABAD – MUMBAI,169210.0,HYDERABAD,MUMBAI,False,False,84667.0,84543.0
2017-04-01,CHENNAI – DELHI,181411.0,CHENNAI,DELHI,False,False,96198.0,85213.0
2017-04-01,BENGALURU – HYDERABAD,137154.0,BENGALURU,HYDERABAD,False,False,69564.0,67590.0
2017-04-01,BENGALURU – KOLKATA,118058.0,BENGALURU,KOLKATA,False,False,62306.0,55752.0
2017-04-01,AHMEDABAD – MUMBAI,156365.0,AHMEDABAD,MUMBAI,False,False,80822.0,75543.0
2017-04-01,DELHI – SRINAGAR,138674.0,DELHI,SRINAGAR,False,False,72837.0,65837.0
2017-04-01,BENGALURU – PUNE,100589.0,BENGALURU,PUNE,False,False,50617.0,49972.0
2017-04-01,DELHI – GUWAHATI,110068.0,DELHI,GUWAHATI,False,False,56895.0,53173.0
2017-04-01,DELHI – PATNA,139460.0,DELHI,PATNA,False,False,74477.0,64983.0
2017-04-01,BENGALURU – CHENNAI,70895.0,BENGALURU,CHENNAI,False,False,36239.0,34656.0
2017-04-01,DELHI – LUCKNOW,154267.0,DELHI,LUCKNOW,False,False,84544.0,69723.0
2017-04-01,CHENNAI – HYDERABAD,98017.0,CHENNAI,HYDERABAD,False,False,49131.0,48886.0
2017-04-01,BENGALURU – KOCHI,46493.0,BENGALURU,KOCHI,False,False,25435.0,21058.0
2017-04-01,KOCHI – MUMBAI,95474.0,KOCHI,MUMBAI,False,False,45794.0,49680.0
2017-04-01,BAGDOGRA – DELHI,86138.0,BAGDOGRA,DELHI,False,False,43194.0,42944.0
2017-04-01,BHUBANESWAR – DELHI,75981.0,BHUBANESWAR,DELHI,False,False,37619.0,38362.0
2017-04-01,AHMEDABAD – BENGALURU,58991.0,AHMEDABAD,BENGALURU,False,False,24988.0,34003.0
2017-04-01,JAIPUR – MUMBAI,83469.0,JAIPUR,MUMBAI,False,False,40231.0,43238.0
2017-04-01,CHENNAI – KOLKATA,108938.0,CHENNAI,KOLKATA,False,False,57683.0,51255.0
2017-04-01,DELHI – INDORE,54818.0,DELHI,INDORE,False,False,26098.0,28720.0
2017-04-01,AMRITSAR – DELHI,82299.0,AMRITSAR,DELHI,False,False,45008.0,37291.0
2017-04-01,HYDERABAD – VISAKHAPATNAM,64727.0,HYDERABAD,VISAKHAPATNAM,False,False,32179.0,32548.0
2017-04-01,HYDERABAD – KOLKATA,49545.0,HYDERABAD,KOLKATA,False,False,27579.0,21966.0
2017-04-01,DELHI – VARANASI,56021.0,DELHI,VARANASI,False,False,27093.0,28928.0
2017-04-01,GUWAHATI – KOLKATA,111454.0,GUWAHATI,KOLKATA,False,False,54154.0,57300.0
2017-04-01,LUCKNOW – MUMBAI,56940.0,LUCKNOW,MUMBAI,False,False,26245.0,30695.0
2017-04-01,DELHI – KOCHI,76696.0,DELHI,KOCHI,False,False,38003.0,38693.0
2017-04-01,MUMBAI – VARANASI,27278.0,MUMBAI,VARANASI,False,False,14403.0,12875.0
2017-04-01,DELHI – RANCHI,64689.0,DELHI,RANCHI,False,False,34796.0,29893.0
2017-04-01,CHANDIGARH – DELHI,65763.0,CHANDIGARH,DELHI,False,False,32897.0,32866.0
2017-04-01,CHENNAI – COIMBATORE,65821.0,CHENNAI,COIMBATORE,False,False,32581.0,33240.0
2017-04-01,DELHI – RAIPUR,27744.0,DELHI,RAIPUR,False,False,13909.0,13835.0
2017-04-01,AGARTALA – KOLKATA,70483.0,AGARTALA,KOLKATA,False,False,37735.0,32748.0
2017-04-01,BENGALURU – MANGALURU,19309.0,BENGALURU,MANGALURU,False,False,9996.0,9313.0
2017-04-01,DELHI – LEH,29229.0,DELHI,LEH,False,False,17180.0,12049.0
2017-04-01,BENGALURU – BHUBANESWAR,25107.0,BENGALURU,BHUBANESWAR,False,False,11850.0,13257.0
2017-04-01,BENGALURU – VARANASI,13115.0,BENGALURU,VARANASI,False,False,7220.0,5895.0
2017-04-01,BENGALURU – LUCKNOW,20235.0,BENGALURU,LUCKNOW,False,False,10888.0,9347.0
2017-04-01,CHENNAI – PUNE,77389.0,CHENNAI,PUNE,False,False,36839.0,40550.0
2017-04-01,MUMBAI – NAGPUR,60015.0,MUMBAI,NAGPUR,False,False,29859.0,30156.0
2017-04-01,INDORE – MUMBAI,55348.0,INDORE,MUMBAI,False,False,27882.0,27466.0
2017-04-01,DELHI – NAGPUR,36311.0,DELHI,NAGPUR,False,False,17762.0,18549.0
2017-04-01,BENGALURU – GUWAHATI,30447.0,BENGALURU,GUWAHATI,False,False,15545.0,14902.0
2017-04-01,HYDERABAD – KOCHI,54420.0,HYDERABAD,KOCHI,False,False,26646.0,27774.0
2017-04-01,BENGALURU – JAIPUR,33133.0,BENGALURU,JAIPUR,False,False,17323.0,15810.0
2017-04-01,HYDERABAD – PUNE,29754.0,HYDERABAD,PUNE,False,False,14430.0,15324.0
2017-04-01,BENGALURU – THIRUVANANTHAPURAM,38028.0,BENGALURU,THIRUVANANTHAPURAM,False,False,19842.0,18186.0
2017-04-01,DELHI – UDAIPUR,30663.0,DELHI,UDAIPUR,False,False,15169.0,15494.0
2017-04-01,DELHI – JAMMU,61937.0,DELHI,JAMMU,False,False,30332.0,31605.0
2017-04-01,CHENNAI – KOCHI,50306.0,CHENNAI,KOCHI,False,False,26090.0,24216.0
2017-04-01,HYDERABAD – TIRUPATI,36005.0,HYDERABAD,TIRUPATI,False,False,18072.0,17933.0
2017-05-01,DELHI – MUMBAI,634734.0,DELHI,MUMBAI,False,False,325674.0,309060.0
2017-05-01,BENGALURU – DELHI,358214.0,BENGALURU,DELHI,False,False,167769.0,190445.0
2017-05-01,BENGALURU – MUMBAI,305414.0,BENGALURU,MUMBAI,False,False,146212.0,159202.0
2017-05-01,DELHI – HYDERABAD,220412.0,DELHI,HYDERABAD,False,False,114562.0,105850.0
2017-05-01,DELHI – KOLKATA,246689.0,DELHI,KOLKATA,False,False,129792.0,116897.0
2017-05-01,DELHI – PUNE,231935.0,DELHI,PUNE,False,False,117171.0,114764.0
2017-05-01,AHMEDABAD – DELHI,187184.0,AHMEDABAD,DELHI,False,False,95277.0,91907.0
2017-05-01,CHENNAI – MUMBAI,193376.0,CHENNAI,MUMBAI,False,False,91517.0,101859.0
2017-05-01,KOLKATA – MUMBAI,164288.0,KOLKATA,MUMBAI,False,False,82374.0,81914.0
2017-05-01,HYDERABAD – MUMBAI,187920.0,HYDERABAD,MUMBAI,False,False,90864.0,97056.0
2017-05-01,CHENNAI – DELHI,213385.0,CHENNAI,DELHI,False,False,101505.0,111880.0
2017-05-01,BENGALURU – HYDERABAD,151024.0,BENGALURU,HYDERABAD,False,False,72935.0,78089.0
2017-05-01,BENGALURU – KOLKATA,143922.0,BENGALURU,KOLKATA,False,False,68158.0,75764.0
2017-05-01,AHMEDABAD – MUMBAI,180515.0,AHMEDABAD,MUMBAI,False,False,98873.0,81642.0
2017-05-01,DELHI – SRINAGAR,156069.0,DELHI,SRINAGAR,False,False,82236.0,73833.0
2017-05-01,BENGALURU – PUNE,127356.0,BENGALURU,PUNE,False,False,61343.0,66013.0
2017-05-01,DELHI – GUWAHATI,107264.0,DELHI,GUWAHATI,False,False,55706.0,51558.0
2017-05-01,DELHI – PATNA,152998.0,DELHI,PATNA,False,False,78071.0,74927.0
2017-05-01,BENGALURU – CHENNAI,83969.0,BENGALURU,CHENNAI,False,False,40658.0,43311.0
2017-05-01,DELHI – LUCKNOW,166711.0,DELHI,LUCKNOW,False,False,87979.0,78732.0
2017-05-01,CHENNAI – HYDERABAD,106193.0,CHENNAI,HYDERABAD,False,False,52327.0,53866.0
2017-05-01,BENGALURU – KOCHI,76615.0,BENGALURU,KOCHI,False,False,37372.0,39243.0
2017-05-01,KOCHI – MUMBAI,107853.0,KOCHI,MUMBAI,False,False,50708.0,57145.0
2017-05-01,BAGDOGRA – DELHI,100523.0,BAGDOGRA,DELHI,False,False,50493.0,50030.0
2017-05-01,BHUBANESWAR – DELHI,87415.0,BHUBANESWAR,DELHI,False,False,43257.0,44158.0
2017-05-01,AHMEDABAD – BENGALURU,65063.0,AHMEDABAD,BENGALURU,False,False,34072.0,30991.0
2017-05-01,JAIPUR – MUMBAI,86815.0,JAIPUR,MUMBAI,False,False,46211.0,40604.0
2017-05-01,CHENNAI – KOLKATA,111651.0,CHENNAI,KOLKATA,False,False,55453.0,56198.0
2017-05-01,DELHI – INDORE,59989.0,DELHI,INDORE,False,False,29081.0,30908.0
2017-05-01,AMRITSAR – DELHI,75060.0,AMRITSAR,DELHI,False,False,41107.0,33953.0
2017-05-01,HYDERABAD – VISAKHAPATNAM,80073.0,HYDERABAD,VISAKHAPATNAM,False,False,38235.0,41838.0
2017-05-01,HYDERABAD – KOLKATA,60197.0,HYDERABAD,KOLKATA,False,False,29909.0,30288.0
2017-05-01,DELHI – VARANASI,53216.0,DELHI,VARANASI,False,False,26239.0,26977.0
2017-05-01,GUWAHATI – KOLKATA,119657.0,GUWAHATI,KOLKATA,False,False,57312.0,62345.0
2017-05-01,LUCKNOW – MUMBAI,59069.0,LUCKNOW,MUMBAI,False,False,29141.0,29928.0
2017-05-01,DELHI – KOCHI,75939.0,DELHI,KOCHI,False,False,42287.0,33652.0
2017-05-01,MUMBAI – VARANASI,30217.0,MUMBAI,VARANASI,False,False,15609.0,14608.0
2017-05-01,DELHI – RANCHI,83284.0,DELHI,RANCHI,False,False,43675.0,39609.0
2017-05-01,CHANDIGARH – DELHI,73194.0,CHANDIGARH,DELHI,False,False,37236.0,35958.0
2017-05-01,CHENNAI – COIMBATORE,71289.0,CHENNAI,COIMBATORE,False,False,35824.0,35465.0
2017-05-01,DELHI – RAIPUR,29861.0,DELHI,RAIPUR,False,False,14893.0,14968.0
2017-05-01,AGARTALA – KOLKATA,86701.0,AGARTALA,KOLKATA,False,False,43152.0,43549.0
2017-05-01,BENGALURU – MANGALURU,43235.0,BENGALURU,MANGALURU,False,False,20459.0,22776.0
2017-05-01,DELHI – LEH,54241.0,DELHI,LEH,False,False,27961.0,26280.0
2017-05-01,BENGALURU – BHUBANESWAR,25078.0,BENGALURU,BHUBANESWAR,False,False,11922.0,13156.0
2017-05-01,BENGALURU – VARANASI,15087.0,BENGALURU,VARANASI,False,False,7544.0,7543.0
2017-05-01,BENGALURU – LUCKNOW,24098.0,BENGALURU,LUCKNOW,False,False,11098.0,13000.0
2017-05-01,CHENNAI – PUNE,83178.0,CHENNAI,PUNE,False,False,39695.0,43483.0
2017-05-01,MUMBAI – NAGPUR,65286.0,MUMBAI,NAGPUR,False,False,32276.0,33010.0
2017-05-01,INDORE – MUMBAI,58243.0,INDORE,MUMBAI,False,False,30526.0,27717.0
2017-05-01,DELHI – NAGPUR,48164.0,DELHI,NAGPUR,False,False,23218.0,24946.0
2017-05-01,BENGALURU – GUWAHATI,39016.0,BENGALURU,GUWAHATI,False,False,19261.0,19755.0
2017-05-01,HYDERABAD – KOCHI,55700.0,HYDERABAD,KOCHI,False,False,28549.0,27151.0
2017-05-01,BENGALURU – JAIPUR,43370.0,BENGALURU,JAIPUR,False,False,21237.0,22133.0
2017-05-01,HYDERABAD – PUNE,30892.0,HYDERABAD,PUNE,False,False,14993.0,15899.0
2017-05-01,BENGALURU – THIRUVANANTHAPURAM,45031.0,BENGALURU,THIRUVANANTHAPURAM,False,False,22240.0,22791.0
2017-05-01,DELHI – UDAIPUR,29175.0,DELHI,UDAIPUR,False,False,14663.0,14512.0
2017-05-01,DELHI – JAMMU,60033.0,DELHI,JAMMU,False,False,30326.0,29707.0
2017-05-01,CHENNAI – KOCHI,48410.0,CHENNAI,KOCHI,False,False,24837.0,23573.0
2017-05-01,HYDERABAD – TIRUPATI,36395.0,HYDERABAD,TIRUPATI,False,False,18373.0,18022.0
2017-06-01,DELHI – MUMBAI,557717.0,DELHI,MUMBAI,False,False,291750.0,265967.0
2017-06-01,BENGALURU – DELHI,347133.0,BENGALURU,DELHI,False,False,171411.0,175722.0
2017-06-01,BENGALURU – MUMBAI,286624.0,BENGALURU,MUMBAI,False,False,146059.0,140565.0
2017-06-01,DELHI – HYDERABAD,203624.0,DELHI,HYDERABAD,False,False,107113.0,96511.0
2017-06-01,DELHI – KOLKATA,240472.0,DELHI,KOLKATA,False,False,128197.0,112275.0
2017-06-01,DELHI – PUNE,214792.0,DELHI,PUNE,False,False,111457.0,103335.0
2017-06-01,AHMEDABAD – DELHI,162424.0,AHMEDABAD,DELHI,False,False,74345.0,88079.0
2017-06-01,CHENNAI – MUMBAI,183803.0,CHENNAI,MUMBAI,False,False,89788.0,94015.0
2017-06-01,KOLKATA – MUMBAI,149561.0,KOLKATA,MUMBAI,False,False,76319.0,73242.0
2017-06-01,HYDERABAD – MUMBAI,177456.0,HYDERABAD,MUMBAI,False,False,84031.0,93425.0
2017-06-01,CHENNAI – DELHI,196870.0,CHENNAI,DELHI,False,False,94156.0,102714.0
2017-06-01,BENGALURU – HYDERABAD,153620.0,BENGALURU,HYDERABAD,False,False,79310.0,74310.0
2017-06-01,BENGALURU – KOLKATA,132641.0,BENGALURU,KOLKATA,False,False,67341.0,65300.0
2017-06-01,AHMEDABAD – MUMBAI,166996.0,AHMEDABAD,MUMBAI,False,False,81883.0,85113.0
2017-06-01,DELHI – SRINAGAR,137202.0,DELHI,SRINAGAR,False,False,73173.0,64029.0
2017-06-01,BENGALURU – PUNE,122330.0,BENGALURU,PUNE,False,False,61735.0,60595.0
2017-06-01,DELHI – GUWAHATI,102652.0,DELHI,GUWAHATI,False,False,52606.0,50046.0
2017-06-01,DELHI – PATNA,147060.0,DELHI,PATNA,False,False,72838.0,74222.0
2017-06-01,BENGALURU – CHENNAI,82779.0,BENGALURU,CHENNAI,False,False,41868.0,40911.0
2017-06-01,DELHI – LUCKNOW,166469.0,DELHI,LUCKNOW,False,False,86713.0,79756.0
2017-06-01,CHENNAI – HYDERABAD,95114.0,CHENNAI,HYDERABAD,False,False,49034.0,46080.0
2017-06-01,BENGALURU – KOCHI,74071.0,BENGALURU,KOCHI,False,False,36289.0,37782.0
2017-06-01,KOCHI – MUMBAI,94049.0,KOCHI,MUMBAI,False,False,46445.0,47604.0
2017-06-01,BAGDOGRA – DELHI,93960.0,BAGDOGRA,DELHI,False,False,50713.0,43247.0
2017-06-01,BHUBANESWAR – DELHI,85532.0,BHUBANESWAR,DELHI,False,False,40292.0,45240.0
2017-06-01,AHMEDABAD – BENGALURU,56874.0,AHMEDABAD,BENGALURU,False,False,27959.0,28915.0
2017-06-01,JAIPUR – MUMBAI,81319.0,JAIPUR,MUMBAI,False,False,41939.0,39380.0
2017-06-01,CHENNAI – KOLKATA,87462.0,CHENNAI,KOLKATA,False,False,43482.0,43980.0
2017-06-01,DELHI – INDORE,55115.0,DELHI,INDORE,False,False,28496.0,26619.0
2017-06-01,AMRITSAR – DELHI,76041.0,AMRITSAR,DELHI,False,False,39937.0,36104.0
2017-06-01,HYDERABAD – VISAKHAPATNAM,71610.0,HYDERABAD,VISAKHAPATNAM,False,False,35354.0,36256.0
2017-06-01,HYDERABAD – KOLKATA,52321.0,HYDERABAD,KOLKATA,False,False,26010.0,26311.0
2017-06-01,DELHI – VARANASI,64879.0,DELHI,VARANASI,False,False,31970.0,32909.0
2017-06-01,GUWAHATI – KOLKATA,113106.0,GUWAHATI,KOLKATA,False,False,58587.0,54519.0
2017-06-01,LUCKNOW – MUMBAI,57304.0,LUCKNOW,MUMBAI,False,False,28672.0,28632.0
2017-06-01,DELHI – KOCHI,82104.0,DELHI,KOCHI,False,False,41447.0,40657.0
2017-06-01,MUMBAI – VARANASI,38119.0,MUMBAI,VARANASI,False,False,18042.0,20077.0
2017-06-01,DELHI – RANCHI,77492.0,DELHI,RANCHI,False,False,41055.0,36437.0
2017-06-01,CHANDIGARH – DELHI,66043.0,CHANDIGARH,DELHI,False,False,34739.0,31304.0
2017-06-01,CHENNAI – COIMBATORE,65495.0,CHENNAI,COIMBATORE,False,False,32599.0,32896.0
2017-06-01,DELHI – RAIPUR,26275.0,DELHI,RAIPUR,False,False,13233.0,13042.0
2017-06-01,AGARTALA – KOLKATA,74049.0,AGARTALA,KOLKATA,False,False,37225.0,36824.0
2017-06-01,BENGALURU – MANGALURU,42028.0,BENGALURU,MANGALURU,False,False,20935.0,21093.0
2017-06-01,DELHI – LEH,68050.0,DELHI,LEH,False,False,32629.0,35421.0
2017-06-01,BENGALURU – BHUBANESWAR,23694.0,BENGALURU,BHUBANESWAR,False,False,12212.0,11482.0
2017-06-01,BENGALURU – VARANASI,10970.0,BENGALURU,VARANASI,False,False,5346.0,5624.0
2017-06-01,BENGALURU – LUCKNOW,23650.0,BENGALURU,LUCKNOW,False,False,11268.0,12382.0
2017-06-01,CHENNAI – PUNE,77536.0,CHENNAI,PUNE,False,False,38193.0,39343.0
2017-06-01,MUMBAI – NAGPUR,62342.0,MUMBAI,NAGPUR,False,False,31145.0,31197.0
2017-06-01,INDORE – MUMBAI,60352.0,INDORE,MUMBAI,False,False,29823.0,30529.0
2017-06-01,DELHI – NAGPUR,45240.0,DELHI,NAGPUR,False,False,23342.0,21898.0
2017-06-01,BENGALURU – GUWAHATI,36796.0,BENGALURU,GUWAHATI,False,False,18258.0,18538.0
2017-06-01,HYDERABAD – KOCHI,47767.0,HYDERABAD,KOCHI,False,False,22398.0,25369.0
2017-06-01,BENGALURU – JAIPUR,41169.0,BENGALURU,JAIPUR,False,False,20973.0,20196.0
2017-06-01,HYDERABAD – PUNE,32561.0,HYDERABAD,PUNE,False,False,15854.0,16707.0
2017-06-01,BENGALURU – THIRUVANANTHAPURAM,41059.0,BENGALURU,THIRUVANANTHAPURAM,False,False,19545.0,21514.0
2017-06-01,DELHI – UDAIPUR,32317.0,DELHI,UDAIPUR,False,False,18047.0,14270.0
2017-06-01,DELHI – JAMMU,62291.0,DELHI,JAMMU,False,False,32048.0,30243.0
2017-06-01,CHENNAI – KOCHI,42784.0,CHENNAI,KOCHI,False,False,21405.0,21379.0
2017-06-01,HYDERABAD – TIRUPATI,36371.0,HYDERABAD,TIRUPATI,False,False,18051.0,18320.0
2017-07-01,DELHI – MUMBAI,549648.0,DELHI,MUMBAI,False,False,276127.0,273521.0
2017-07-01,BENGALURU – DELHI,355548.0,BENGALURU,DELHI,False,False,175434.0,180114.0
2017-07-01,BENGALURU – MUMBAI,297131.0,BENGALURU,MUMBAI,False,False,146518.0,150613.0
2017-07-01,DELHI – HYDERABAD,206045.0,DELHI,HYDERABAD,False,False,106824.0,99221.0
2017-07-01,DELHI – KOLKATA,231412.0,DELHI,KOLKATA,False,False,115376.0,116036.0
2017-07-01,DELHI – PUNE,216288.0,DELHI,PUNE,False,False,109804.0,106484.0
2017-07-01,AHMEDABAD – DELHI,155768.0,AHMEDABAD,DELHI,False,False,75496.0,80272.0
2017-07-01,CHENNAI – MUMBAI,205196.0,CHENNAI,MUMBAI,False,False,98548.0,106648.0
2017-07-01,KOLKATA – MUMBAI,138506.0,KOLKATA,MUMBAI,False,False,71923.0,66583.0
2017-07-01,HYDERABAD – MUMBAI,187917.0,HYDERABAD,MUMBAI,False,False,89568.0,98349.0
2017-07-01,CHENNAI – DELHI,198122.0,CHENNAI,DELHI,False,False,94199.0,103923.0
2017-07-01,BENGALURU – HYDERABAD,162903.0,BENGALURU,HYDERABAD,False,False,81795.0,81108.0
2017-07-01,BENGALURU – KOLKATA,134290.0,BENGALURU,KOLKATA,False,False,65572.0,68718.0
2017-07-01,AHMEDABAD – MUMBAI,161264.0,AHMEDABAD,MUMBAI,False,False,81526.0,79738.0
2017-07-01,DELHI – SRINAGAR,148169.0,DELHI,SRINAGAR,False,False,72356.0,75813.0
2017-07-01,BENGALURU – PUNE,127735.0,BENGALURU,PUNE,False,False,62496.0,65239.0
2017-07-01,DELHI – GUWAHATI,108031.0,DELHI,GUWAHATI,False,False,54396.0,53635.0
2017-07-01,DELHI – PATNA,132411.0,DELHI,PATNA,False,False,60452.0,71959.0
2017-07-01,BENGALURU – CHENNAI,89742.0,BENGALURU,CHENNAI,False,False,44494.0,45248.0
2017-07-01,DELHI – LUCKNOW,154725.0,DELHI,LUCKNOW,False,False,76142.0,78583.0
2017-07-01,CHENNAI – HYDERABAD,107355.0,CHENNAI,HYDERABAD,False,False,52384.0,54971.0
2017-07-01,BENGALURU – KOCHI,85004.0,BENGALURU,KOCHI,False,False,42537.0,42467.0
2017-07-01,KOCHI – MUMBAI,98751.0,KOCHI,MUMBAI,False,False,45316.0,53435.0
2017-07-01,BAGDOGRA – DELHI,79927.0,BAGDOGRA,DELHI,False,False,44324.0,35603.0
2017-07-01,BHUBANESWAR – DELHI,74472.0,BHUBANESWAR,DELHI,False,False,38167.0,36305.0
2017-07-01,AHMEDABAD – BENGALURU,45450.0,AHMEDABAD,BENGALURU,False,False,23582.0,21868.0
2017-07-01,JAIPUR – MUMBAI,81528.0,JAIPUR,MUMBAI,False,False,41781.0,39747.0
2017-07-01,CHENNAI – KOLKATA,85941.0,CHENNAI,KOLKATA,False,False,42030.0,43911.0
2017-07-01,DELHI – INDORE,54893.0,DELHI,INDORE,False,False,27426.0,27467.0
2017-07-01,AMRITSAR – DELHI,85093.0,AMRITSAR,DELHI,False,False,40848.0,44245.0
2017-07-01,HYDERABAD – VISAKHAPATNAM,62611.0,HYDERABAD,VISAKHAPATNAM,False,False,31204.0,31407.0
2017-07-01,HYDERABAD – KOLKATA,53777.0,HYDERABAD,KOLKATA,False,False,25744.0,28033.0
2017-07-01,DELHI – VARANASI,64151.0,DELHI,VARANASI,False,False,31370.0,32781.0
2017-07-01,GUWAHATI – KOLKATA,113997.0,GUWAHATI,KOLKATA,False,False,57480.0,56517.0
2017-07-01,LUCKNOW – MUMBAI,54911.0,LUCKNOW,MUMBAI,False,False,27725.0,27186.0
2017-07-01,DELHI – KOCHI,74097.0,DELHI,KOCHI,False,False,37672.0,36425.0
2017-07-01,MUMBAI – VARANASI,36709.0,MUMBAI,VARANASI,False,False,17934.0,18775.0
2017-07-01,DELHI – RANCHI,69968.0,DELHI,RANCHI,False,False,35293.0,34675.0
2017-07-01,CHANDIGARH – DELHI,62992.0,CHANDIGARH,DELHI,False,False,31799.0,31193.0
2017-07-01,CHENNAI – COIMBATORE,68236.0,CHENNAI,COIMBATORE,False,False,34152.0,34084.0
2017-07-01,DELHI – RAIPUR,37518.0,DELHI,RAIPUR,False,False,18627.0,18891.0
2017-07-01,AGARTALA – KOLKATA,75289.0,AGARTALA,KOLKATA,False,False,39430.0,35859.0
2017-07-01,BENGALURU – MANGALURU,45564.0,BENGALURU,MANGALURU,False,False,23657.0,21907.0
2017-07-01,DELHI – LEH,62205.0,DELHI,LEH,False,False,28942.0,33263.0
2017-07-01,BENGALURU – BHUBANESWAR,22440.0,BENGALURU,BHUBANESWAR,False,False,10970.0,11470.0
2017-07-01,BENGALURU – VARANASI,10948.0,BENGALURU,VARANASI,False,False,5334.0,5614.0
2017-07-01,BENGALURU – LUCKNOW,18029.0,BENGALURU,LUCKNOW,False,False,8664.0,9365.0
2017-07-01,CHENNAI – PUNE,81000.0,CHENNAI,PUNE,False,False,39393.0,41607.0
2017-07-01,MUMBAI – NAGPUR,60010.0,MUMBAI,NAGPUR,False,False,29425.0,30585.0
2017-07-01,INDORE – MUMBAI,60313.0,INDORE,MUMBAI,False,False,31166.0,29147.0
2017-07-01,DELHI – NAGPUR,40482.0,DELHI,NAGPUR,False,False,19283.0,21199.0
2017-07-01,BENGALURU – GUWAHATI,32502.0,BENGALURU,GUWAHATI,False,False,16459.0,16043.0
2017-07-01,HYDERABAD – KOCHI,46883.0,HYDERABAD,KOCHI,False,False,22732.0,24151.0
2017-07-01,BENGALURU – JAIPUR,41620.0,BENGALURU,JAIPUR,False,False,21339.0,20281.0
2017-07-01,HYDERABAD – PUNE,37858.0,HYDERABAD,PUNE,False,False,17837.0,20021.0
2017-07-01,BENGALURU – THIRUVANANTHAPURAM,44320.0,BENGALURU,THIRUVANANTHAPURAM,False,False,21775.0,22545.0
2017-07-01,DELHI – UDAIPUR,33002.0,DELHI,UDAIPUR,False,False,16540.0,16462.0
2017-07-01,DELHI – JAMMU,56408.0,DELHI,JAMMU,False,False,28994.0,27414.0
2017-07-01,CHENNAI – KOCHI,45002.0,CHENNAI,KOCHI,False,False,22875.0,22127.0
2017-07-01,HYDERABAD – TIRUPATI,43732.0,HYDERABAD,TIRUPATI,False,False,21803.0,21929.0
2017-08-01,DELHI – MUMBAI,563165.0,DELHI,MUMBAI,False,False,280469.0,282696.0
2017-08-01,BENGALURU – DELHI,352219.0,BENGALURU,DELHI,False,False,175467.0,176752.0
2017-08-01,BENGALURU – MUMBAI,300090.0,BENGALURU,MUMBAI,False,False,150359.0,149731.0
2017-08-01,DELHI – HYDERABAD,201111.0,DELHI,HYDERABAD,False,False,98701.0,102410.0
2017-08-01,DELHI – KOLKATA,236055.0,DELHI,KOLKATA,False,False,122065.0,113990.0
2017-08-01,DELHI – PUNE,214174.0,DELHI,PUNE,False,False,108115.0,106059.0
2017-08-01,AHMEDABAD – DELHI,170896.0,AHMEDABAD,DELHI,False,False,84251.0,86645.0
2017-08-01,CHENNAI – MUMBAI,205355.0,CHENNAI,MUMBAI,False,False,104132.0,101223.0
2017-08-01,KOLKATA – MUMBAI,148929.0,KOLKATA,MUMBAI,False,False,70833.0,78096.0
2017-08-01,HYDERABAD – MUMBAI,193487.0,HYDERABAD,MUMBAI,False,False,97172.0,96315.0
2017-08-01,CHENNAI – DELHI,197809.0,CHENNAI,DELHI,False,False,101098.0,96711.0
2017-08-01,BENGALURU – HYDERABAD,166401.0,BENGALURU,HYDERABAD,False,False,83555.0,82846.0
2017-08-01,BENGALURU – KOLKATA,137151.0,BENGALURU,KOLKATA,False,False,71531.0,65620.0
2017-08-01,AHMEDABAD – MUMBAI,168966.0,AHMEDABAD,MUMBAI,False,False,85329.0,83637.0
2017-08-01,DELHI – SRINAGAR,116982.0,DELHI,SRINAGAR,False,False,57264.0,59718.0
2017-08-01,BENGALURU – PUNE,135739.0,BENGALURU,PUNE,False,False,67366.0,68373.0
2017-08-01,DELHI – GUWAHATI,111611.0,DELHI,GUWAHATI,False,False,57272.0,54339.0
2017-08-01,DELHI – PATNA,132596.0,DELHI,PATNA,False,False,67946.0,64650.0
2017-08-01,BENGALURU – CHENNAI,89376.0,BENGALURU,CHENNAI,False,False,44159.0,45217.0
2017-08-01,DELHI – LUCKNOW,162716.0,DELHI,LUCKNOW,False,False,84605.0,78111.0
2017-08-01,CHENNAI – HYDERABAD,97566.0,CHENNAI,HYDERABAD,False,False,47851.0,49715.0
2017-08-01,BENGALURU – KOCHI,86097.0,BENGALURU,KOCHI,False,False,42657.0,43440.0
2017-08-01,KOCHI – MUMBAI,104015.0,KOCHI,MUMBAI,False,False,51270.0,52745.0
2017-08-01,BAGDOGRA – DELHI,75148.0,BAGDOGRA,DELHI,False,False,39260.0,35888.0
2017-08-01,BHUBANESWAR – DELHI,73543.0,BHUBANESWAR,DELHI,False,False,36663.0,36880.0
2017-08-01,AHMEDABAD – BENGALURU,48467.0,AHMEDABAD,BENGALURU,False,False,23927.0,24540.0
2017-08-01,JAIPUR – MUMBAI,84614.0,JAIPUR,MUMBAI,False,False,42845.0,41769.0
2017-08-01,CHENNAI – KOLKATA,87416.0,CHENNAI,KOLKATA,False,False,43879.0,43537.0
2017-08-01,DELHI – INDORE,53696.0,DELHI,INDORE,False,False,25933.0,27763.0
2017-08-01,AMRITSAR – DELHI,97303.0,AMRITSAR,DELHI,False,False,47992.0,49311.0
2017-08-01,HYDERABAD – VISAKHAPATNAM,53698.0,HYDERABAD,VISAKHAPATNAM,False,False,26393.0,27305.0
2017-08-01,HYDERABAD – KOLKATA,54625.0,HYDERABAD,KOLKATA,False,False,28043.0,26582.0
2017-08-01,DELHI – VARANASI,66498.0,DELHI,VARANASI,False,False,33068.0,33430.0
2017-08-01,GUWAHATI – KOLKATA,114093.0,GUWAHATI,KOLKATA,False,False,56554.0,57539.0
2017-08-01,LUCKNOW – MUMBAI,56350.0,LUCKNOW,MUMBAI,False,False,27572.0,28778.0
2017-08-01,DELHI – KOCHI,77647.0,DELHI,KOCHI,False,False,39073.0,38574.0
2017-08-01,MUMBAI – VARANASI,36987.0,MUMBAI,VARANASI,False,False,18531.0,18456.0
2017-08-01,DELHI – RANCHI,72543.0,DELHI,RANCHI,False,False,38402.0,34141.0
2017-08-01,CHANDIGARH – DELHI,64460.0,CHANDIGARH,DELHI,False,False,32985.0,31475.0
2017-08-01,CHENNAI – COIMBATORE,69803.0,CHENNAI,COIMBATORE,False,False,34921.0,34882.0
2017-08-01,DELHI – RAIPUR,43570.0,DELHI,RAIPUR,False,False,21621.0,21949.0
2017-08-01,AGARTALA – KOLKATA,80320.0,AGARTALA,KOLKATA,False,False,40977.0,39343.0
2017-08-01,BENGALURU – MANGALURU,48081.0,BENGALURU,MANGALURU,False,False,24102.0,23979.0
2017-08-01,DELHI – LEH,56789.0,DELHI,LEH,False,False,26377.0,30412.0
2017-08-01,BENGALURU – BHUBANESWAR,32762.0,BENGALURU,BHUBANESWAR,False,False,17043.0,15719.0
2017-08-01,BENGALURU – VARANASI,10378.0,BENGALURU,VARANASI,False,False,5650.0,4728.0
2017-08-01,BENGALURU – LUCKNOW,18191.0,BENGALURU,LUCKNOW,False,False,9046.0,9145.0
2017-08-01,CHENNAI – PUNE,79864.0,CHENNAI,PUNE,False,False,39344.0,40520.0
2017-08-01,MUMBAI – NAGPUR,59780.0,MUMBAI,NAGPUR,False,False,29901.0,29879.0
2017-08-01,INDORE – MUMBAI,61566.0,INDORE,MUMBAI,False,False,30704.0,30862.0
2017-08-01,DELHI – NAGPUR,39945.0,DELHI,NAGPUR,False,False,19806.0,20139.0
2017-08-01,BENGALURU – GUWAHATI,31688.0,BENGALURU,GUWAHATI,False,False,16246.0,15442.0
2017-08-01,HYDERABAD – KOCHI,55860.0,HYDERABAD,KOCHI,False,False,27721.0,28139.0
2017-08-01,BENGALURU – JAIPUR,43902.0,BENGALURU,JAIPUR,False,False,22742.0,21160.0
2017-08-01,HYDERABAD – PUNE,38387.0,HYDERABAD,PUNE,False,False,18188.0,20199.0
2017-08-01,BENGALURU – THIRUVANANTHAPURAM,40831.0,BENGALURU,THIRUVANANTHAPURAM,False,False,20952.0,19879.0
2017-08-01,DELHI – UDAIPUR,36049.0,DELHI,UDAIPUR,False,False,18111.0,17938.0
2017-08-01,DELHI – JAMMU,56587.0,DELHI,JAMMU,False,False,29684.0,26903.0
2017-08-01,CHENNAI – KOCHI,44548.0,CHENNAI,KOCHI,False,False,22611.0,21937.0
2017-08-01,HYDERABAD – TIRUPATI,44318.0,HYDERABAD,TIRUPATI,False,False,22166.0,22152.0
2017-09-01,DELHI – MUMBAI,539836.0,DELHI,MUMBAI,False,False,268473.0,271363.0
2017-09-01,BENGALURU – DELHI,352352.0,BENGALURU,DELHI,False,False,182580.0,169772.0
2017-09-01,BENGALURU – MUMBAI,286437.0,BENGALURU,MUMBAI,False,False,149687.0,136750.0
2017-09-01,DELHI – HYDERABAD,194459.0,DELHI,HYDERABAD,False,False,93644.0,100815.0
2017-09-01,DELHI – KOLKATA,245411.0,DELHI,KOLKATA,False,False,124480.0,120931.0
2017-09-01,DELHI – PUNE,202912.0,DELHI,PUNE,False,False,98943.0,103969.0
2017-09-01,AHMEDABAD – DELHI,175610.0,AHMEDABAD,DELHI,False,False,86313.0,89297.0
2017-09-01,CHENNAI – MUMBAI,197808.0,CHENNAI,MUMBAI,False,False,105233.0,92575.0
2017-09-01,KOLKATA – MUMBAI,146326.0,KOLKATA,MUMBAI,False,False,70805.0,75521.0
2017-09-01,HYDERABAD – MUMBAI,186567.0,HYDERABAD,MUMBAI,False,False,97518.0,89049.0
2017-09-01,CHENNAI – DELHI,202790.0,CHENNAI,DELHI,False,False,109234.0,93556.0
2017-09-01,BENGALURU – HYDERABAD,166743.0,BENGALURU,HYDERABAD,False,False,84144.0,82599.0
2017-09-01,BENGALURU – KOLKATA,135538.0,BENGALURU,KOLKATA,False,False,74010.0,61528.0
2017-09-01,AHMEDABAD – MUMBAI,161663.0,AHMEDABAD,MUMBAI,False,False,80650.0,81013.0
2017-09-01,DELHI – SRINAGAR,113276.0,DELHI,SRINAGAR,False,False,53938.0,59338.0
2017-09-01,BENGALURU – PUNE,129076.0,BENGALURU,PUNE,False,False,66045.0,63031.0
2017-09-01,DELHI – GUWAHATI,116579.0,DELHI,GUWAHATI,False,False,58617.0,57962.0
2017-09-01,DELHI – PATNA,131410.0,DELHI,PATNA,False,False,65632.0,65778.0
2017-09-01,BENGALURU – CHENNAI,87626.0,BENGALURU,CHENNAI,False,False,43417.0,44209.0
2017-09-01,DELHI – LUCKNOW,156498.0,DELHI,LUCKNOW,False,False,81268.0,75230.0
2017-09-01,CHENNAI – HYDERABAD,104848.0,CHENNAI,HYDERABAD,False,False,51612.0,53236.0
2017-09-01,BENGALURU – KOCHI,80727.0,BENGALURU,KOCHI,False,False,40143.0,40584.0
2017-09-01,KOCHI – MUMBAI,100212.0,KOCHI,MUMBAI,False,False,52962.0,47250.0
2017-09-01,BAGDOGRA – DELHI,81768.0,BAGDOGRA,DELHI,False,False,40544.0,41224.0
2017-09-01,BHUBANESWAR – DELHI,74176.0,BHUBANESWAR,DELHI,False,False,37300.0,36876.0
2017-09-01,AHMEDABAD – BENGALURU,50497.0,AHMEDABAD,BENGALURU,False,False,23688.0,26809.0
2017-09-01,JAIPUR – MUMBAI,78271.0,JAIPUR,MUMBAI,False,False,38921.0,39350.0
2017-09-01,CHENNAI – KOLKATA,89417.0,CHENNAI,KOLKATA,False,False,45182.0,44235.0
2017-09-01,DELHI – INDORE,51098.0,DELHI,INDORE,False,False,25053.0,26045.0
2017-09-01,AMRITSAR – DELHI,94126.0,AMRITSAR,DELHI,False,False,42903.0,51223.0
2017-09-01,HYDERABAD – VISAKHAPATNAM,52766.0,HYDERABAD,VISAKHAPATNAM,False,False,26048.0,26718.0
2017-09-01,HYDERABAD – KOLKATA,57933.0,HYDERABAD,KOLKATA,False,False,31251.0,26682.0
2017-09-01,DELHI – VARANASI,58180.0,DELHI,VARANASI,False,False,29389.0,28791.0
2017-09-01,GUWAHATI – KOLKATA,112380.0,GUWAHATI,KOLKATA,False,False,54839.0,57541.0
2017-09-01,LUCKNOW – MUMBAI,54345.0,LUCKNOW,MUMBAI,False,False,26150.0,28195.0
2017-09-01,DELHI – KOCHI,83534.0,DELHI,KOCHI,False,False,39896.0,43638.0
2017-09-01,MUMBAI – VARANASI,37082.0,MUMBAI,VARANASI,False,False,19172.0,17910.0
2017-09-01,DELHI – RANCHI,68715.0,DELHI,RANCHI,False,False,35544.0,33171.0
2017-09-01,CHANDIGARH – DELHI,58416.0,CHANDIGARH,DELHI,False,False,28920.0,29496.0
2017-09-01,CHENNAI – COIMBATORE,70590.0,CHENNAI,COIMBATORE,False,False,35299.0,35291.0
2017-09-01,DELHI – RAIPUR,42479.0,DELHI,RAIPUR,False,False,20805.0,21674.0
2017-09-01,AGARTALA – KOLKATA,83102.0,AGARTALA,KOLKATA,False,False,38740.0,44362.0
2017-09-01,BENGALURU – MANGALURU,46235.0,BENGALURU,MANGALURU,False,False,22825.0,23410.0
2017-09-01,DELHI – LEH,60005.0,DELHI,LEH,False,False,27134.0,32871.0
2017-09-01,BENGALURU – BHUBANESWAR,42091.0,BENGALURU,BHUBANESWAR,False,False,22328.0,19763.0
2017-09-01,BENGALURU – VARANASI,11056.0,BENGALURU,VARANASI,False,False,6100.0,4956.0
2017-09-01,BENGALURU – LUCKNOW,18972.0,BENGALURU,LUCKNOW,False,False,11206.0,7766.0
2017-09-01,CHENNAI – PUNE,76287.0,CHENNAI,PUNE,False,False,38840.0,37447.0
2017-09-01,MUMBAI – NAGPUR,55886.0,MUMBAI,NAGPUR,False,False,27475.0,28411.0
2017-09-01,INDORE – MUMBAI,54928.0,INDORE,MUMBAI,False,False,28423.0,26505.0
2017-09-01,DELHI – NAGPUR,36059.0,DELHI,NAGPUR,False,False,17636.0,18423.0
2017-09-01,BENGALURU – GUWAHATI,32583.0,BENGALURU,GUWAHATI,False,False,17192.0,15391.0
2017-09-01,HYDERABAD – KOCHI,57774.0,HYDERABAD,KOCHI,False,False,29339.0,28435.0
2017-09-01,BENGALURU – JAIPUR,39485.0,BENGALURU,JAIPUR,False,False,21346.0,18139.0
2017-09-01,HYDERABAD – PUNE,34584.0,HYDERABAD,PUNE,False,False,16452.0,18132.0
2017-09-01,BENGALURU – THIRUVANANTHAPURAM,42264.0,BENGALURU,THIRUVANANTHAPURAM,False,False,21050.0,21214.0
2017-09-01,DELHI – UDAIPUR,33990.0,DELHI,UDAIPUR,False,False,17383.0,16607.0
2017-09-01,DELHI – JAMMU,58119.0,DELHI,JAMMU,False,False,31286.0,26833.0
2017-09-01,CHENNAI – KOCHI,42928.0,CHENNAI,KOCHI,False,False,22348.0,20580.0
2017-09-01,HYDERABAD – TIRUPATI,37117.0,HYDERABAD,TIRUPATI,False,False,18520.0,18597.0
2017-10-01,DELHI – MUMBAI,586273.0,DELHI,MUMBAI,False,False,284048.0,302225.0
2017-10-01,BENGALURU – DELHI,371547.0,BENGALURU,DELHI,False,False,186427.0,185120.0
2017-10-01,BENGALURU – MUMBAI,294908.0,BENGALURU,MUMBAI,False,False,144824.0,150084.0
2017-10-01,DELHI – HYDERABAD,219723.0,DELHI,HYDERABAD,False,False,110931.0,108792.0
2017-10-01,DELHI – KOLKATA,279945.0,DELHI,KOLKATA,False,False,145770.0,134175.0
2017-10-01,DELHI – PUNE,223598.0,DELHI,PUNE,False,False,108526.0,115072.0
2017-10-01,AHMEDABAD – DELHI,202405.0,AHMEDABAD,DELHI,False,False,105500.0,96905.0
2017-10-01,CHENNAI – MUMBAI,197083.0,CHENNAI,MUMBAI,False,False,95309.0,101774.0
2017-10-01,KOLKATA – MUMBAI,164325.0,KOLKATA,MUMBAI,False,False,76466.0,87859.0
2017-10-01,HYDERABAD – MUMBAI,195413.0,HYDERABAD,MUMBAI,False,False,94694.0,100719.0
2017-10-01,CHENNAI – DELHI,213679.0,CHENNAI,DELHI,False,False,107119.0,106560.0
2017-10-01,BENGALURU – HYDERABAD,189311.0,BENGALURU,HYDERABAD,False,False,92816.0,96495.0
2017-10-01,BENGALURU – KOLKATA,144153.0,BENGALURU,KOLKATA,False,False,71342.0,72811.0
2017-10-01,AHMEDABAD – MUMBAI,179557.0,AHMEDABAD,MUMBAI,False,False,90379.0,89178.0
2017-10-01,DELHI – SRINAGAR,116483.0,DELHI,SRINAGAR,False,False,56412.0,60071.0
2017-10-01,BENGALURU – PUNE,137588.0,BENGALURU,PUNE,False,False,67245.0,70343.0
2017-10-01,DELHI – GUWAHATI,127879.0,DELHI,GUWAHATI,False,False,63795.0,64084.0
2017-10-01,DELHI – PATNA,156609.0,DELHI,PATNA,False,False,82219.0,74390.0
2017-10-01,BENGALURU – CHENNAI,83993.0,BENGALURU,CHENNAI,False,False,41829.0,42164.0
2017-10-01,DELHI – LUCKNOW,176110.0,DELHI,LUCKNOW,False,False,92809.0,83301.0
2017-10-01,CHENNAI – HYDERABAD,115394.0,CHENNAI,HYDERABAD,False,False,56085.0,59309.0
2017-10-01,BENGALURU – KOCHI,90945.0,BENGALURU,KOCHI,False,False,44408.0,46537.0
2017-10-01,KOCHI – MUMBAI,103612.0,KOCHI,MUMBAI,False,False,50410.0,53202.0
2017-10-01,BAGDOGRA – DELHI,90282.0,BAGDOGRA,DELHI,False,False,44222.0,46060.0
2017-10-01,BHUBANESWAR – DELHI,88281.0,BHUBANESWAR,DELHI,False,False,42458.0,45823.0
2017-10-01,AHMEDABAD – BENGALURU,75910.0,AHMEDABAD,BENGALURU,False,False,38957.0,36953.0
2017-10-01,JAIPUR – MUMBAI,85584.0,JAIPUR,MUMBAI,False,False,40566.0,45018.0
2017-10-01,CHENNAI – KOLKATA,95078.0,CHENNAI,KOLKATA,False,False,47748.0,47330.0
2017-10-01,DELHI – INDORE,58274.0,DELHI,INDORE,False,False,29158.0,29116.0
2017-10-01,AMRITSAR – DELHI,113546.0,AMRITSAR,DELHI,False,False,54746.0,58800.0
2017-10-01,HYDERABAD – VISAKHAPATNAM,65481.0,HYDERABAD,VISAKHAPATNAM,False,False,32767.0,32714.0
2017-10-01,HYDERABAD – KOLKATA,75267.0,HYDERABAD,KOLKATA,False,False,38409.0,36858.0
2017-10-01,DELHI – VARANASI,76285.0,DELHI,VARANASI,False,False,39505.0,36780.0
2017-10-01,GUWAHATI – KOLKATA,110088.0,GUWAHATI,KOLKATA,False,False,55590.0,54498.0
2017-10-01,LUCKNOW – MUMBAI,59738.0,LUCKNOW,MUMBAI,False,False,27327.0,32411.0
2017-10-01,DELHI – KOCHI,82102.0,DELHI,KOCHI,False,False,40691.0,41411.0
2017-10-01,MUMBAI – VARANASI,37933.0,MUMBAI,VARANASI,False,False,19649.0,18284.0
2017-10-01,DELHI – RANCHI,79625.0,DELHI,RANCHI,False,False,41991.0,37634.0
2017-10-01,CHANDIGARH – DELHI,59532.0,CHANDIGARH,DELHI,False,False,29334.0,30198.0
2017-10-01,CHENNAI – COIMBATORE,69791.0,CHENNAI,COIMBATORE,False,False,34530.0,35261.0
2017-10-01,DELHI – RAIPUR,43801.0,DELHI,RAIPUR,False,False,22191.0,21610.0
2017-10-01,AGARTALA – KOLKATA,84367.0,AGARTALA,KOLKATA,False,False,46436.0,37931.0
2017-10-01,BENGALURU – MANGALURU,50551.0,BENGALURU,MANGALURU,False,False,24886.0,25665.0
2017-10-01,DELHI – LEH,41533.0,DELHI,LEH,False,False,15688.0,25845.0
2017-10-01,BENGALURU – BHUBANESWAR,44842.0,BENGALURU,BHUBANESWAR,False,False,23062.0,21780.0
2017-10-01,BENGALURU – VARANASI,14425.0,BENGALURU,VARANASI,False,False,7837.0,6588.0
2017-10-01,BENGALURU – LUCKNOW,21679.0,BENGALURU,LUCKNOW,False,False,10801.0,10878.0
2017-10-01,CHENNAI – PUNE,78314.0,CHENNAI,PUNE,False,False,37104.0,41210.0
2017-10-01,MUMBAI – NAGPUR,57418.0,MUMBAI,NAGPUR,False,False,28364.0,29054.0
2017-10-01,INDORE – MUMBAI,55533.0,INDORE,MUMBAI,False,False,27070.0,28463.0
2017-10-01,DELHI – NAGPUR,47076.0,DELHI,NAGPUR,False,False,23346.0,23730.0
2017-10-01,BENGALURU – GUWAHATI,31451.0,BENGALURU,GUWAHATI,False,False,16038.0,15413.0
2017-10-01,HYDERABAD – KOCHI,55947.0,HYDERABAD,KOCHI,False,False,27615.0,28332.0
2017-10-01,BENGALURU – JAIPUR,44221.0,BENGALURU,JAIPUR,False,False,23183.0,21038.0
2017-10-01,HYDERABAD – PUNE,39325.0,HYDERABAD,PUNE,False,False,18043.0,21282.0
2017-10-01,BENGALURU – THIRUVANANTHAPURAM,44428.0,BENGALURU,THIRUVANANTHAPURAM,False,False,22362.0,22066.0
2017-10-01,DELHI – UDAIPUR,35069.0,DELHI,UDAIPUR,False,False,17124.0,17945.0
2017-10-01,DELHI – JAMMU,67325.0,DELHI,JAMMU,False,False,36084.0,31241.0
2017-10-01,CHENNAI – KOCHI,43773.0,CHENNAI,KOCHI,False,False,21913.0,21860.0
2017-10-01,HYDERABAD – TIRUPATI,36823.0,HYDERABAD,TIRUPATI,False,False,18392.0,18431.0
2017-11-01,DELHI – MUMBAI,602353.0,DELHI,MUMBAI,False,False,301837.0,300516.0
2017-11-01,BENGALURU – DELHI,358232.0,BENGALURU,DELHI,False,False,179656.0,178576.0
2017-11-01,BENGALURU – MUMBAI,302690.0,BENGALURU,MUMBAI,False,False,153517.0,149173.0
2017-11-01,DELHI – HYDERABAD,218973.0,DELHI,HYDERABAD,False,False,111250.0,107723.0
2017-11-01,DELHI – KOLKATA,252901.0,DELHI,KOLKATA,False,False,128184.0,124717.0
2017-11-01,DELHI – PUNE,221813.0,DELHI,PUNE,False,False,110789.0,111024.0
2017-11-01,AHMEDABAD – DELHI,190238.0,AHMEDABAD,DELHI,False,False,92664.0,97574.0
2017-11-01,CHENNAI – MUMBAI,205103.0,CHENNAI,MUMBAI,False,False,105619.0,99484.0
2017-11-01,KOLKATA – MUMBAI,167490.0,KOLKATA,MUMBAI,False,False,82333.0,85157.0
2017-11-01,HYDERABAD – MUMBAI,197990.0,HYDERABAD,MUMBAI,False,False,99163.0,98827.0
2017-11-01,CHENNAI – DELHI,207371.0,CHENNAI,DELHI,False,False,103869.0,103502.0
2017-11-01,BENGALURU – HYDERABAD,188783.0,BENGALURU,HYDERABAD,False,False,93145.0,95638.0
2017-11-01,BENGALURU – KOLKATA,135680.0,BENGALURU,KOLKATA,False,False,68354.0,67326.0
2017-11-01,AHMEDABAD – MUMBAI,187991.0,AHMEDABAD,MUMBAI,False,False,91850.0,96141.0
2017-11-01,DELHI – SRINAGAR,96651.0,DELHI,SRINAGAR,False,False,45350.0,51301.0
2017-11-01,BENGALURU – PUNE,136695.0,BENGALURU,PUNE,False,False,68325.0,68370.0
2017-11-01,DELHI – GUWAHATI,113706.0,DELHI,GUWAHATI,False,False,55230.0,58476.0
2017-11-01,DELHI – PATNA,146188.0,DELHI,PATNA,False,False,72139.0,74049.0
2017-11-01,BENGALURU – CHENNAI,90802.0,BENGALURU,CHENNAI,False,False,45228.0,45574.0
2017-11-01,DELHI – LUCKNOW,174715.0,DELHI,LUCKNOW,False,False,88853.0,85862.0
2017-11-01,CHENNAI – HYDERABAD,120089.0,CHENNAI,HYDERABAD,False,False,59235.0,60854.0
2017-11-01,BENGALURU – KOCHI,91657.0,BENGALURU,KOCHI,False,False,45214.0,46443.0
2017-11-01,KOCHI – MUMBAI,108116.0,KOCHI,MUMBAI,False,False,54634.0,53482.0
2017-11-01,BAGDOGRA – DELHI,87865.0,BAGDOGRA,DELHI,False,False,43738.0,44127.0
2017-11-01,BHUBANESWAR – DELHI,81572.0,BHUBANESWAR,DELHI,False,False,39488.0,42084.0
2017-11-01,AHMEDABAD – BENGALURU,78509.0,AHMEDABAD,BENGALURU,False,False,39184.0,39325.0
2017-11-01,JAIPUR – MUMBAI,85577.0,JAIPUR,MUMBAI,False,False,42821.0,42756.0
2017-11-01,CHENNAI – KOLKATA,94607.0,CHENNAI,KOLKATA,False,False,48096.0,46511.0
2017-11-01,DELHI – INDORE,56044.0,DELHI,INDORE,False,False,28381.0,27663.0
2017-11-01,AMRITSAR – DELHI,112816.0,AMRITSAR,DELHI,False,False,55348.0,57468.0
2017-11-01,HYDERABAD – VISAKHAPATNAM,68258.0,HYDERABAD,VISAKHAPATNAM,False,False,34753.0,33505.0
2017-11-01,HYDERABAD – KOLKATA,68549.0,HYDERABAD,KOLKATA,False,False,34670.0,33879.0
2017-11-01,DELHI – VARANASI,78310.0,DELHI,VARANASI,False,False,39370.0,38940.0
2017-11-01,GUWAHATI – KOLKATA,110042.0,GUWAHATI,KOLKATA,False,False,54738.0,55304.0
2017-11-01,LUCKNOW – MUMBAI,61526.0,LUCKNOW,MUMBAI,False,False,30090.0,31436.0
2017-11-01,DELHI – KOCHI,84404.0,DELHI,KOCHI,False,False,43742.0,40662.0
2017-11-01,MUMBAI – VARANASI,37100.0,MUMBAI,VARANASI,False,False,18715.0,18385.0
2017-11-01,DELHI – RANCHI,89458.0,DELHI,RANCHI,False,False,46843.0,42615.0
2017-11-01,CHANDIGARH – DELHI,62527.0,CHANDIGARH,DELHI,False,False,30024.0,32503.0
2017-11-01,CHENNAI – COIMBATORE,72387.0,CHENNAI,COIMBATORE,False,False,36612.0,35775.0
2017-11-01,DELHI – RAIPUR,54467.0,DELHI,RAIPUR,False,False,27217.0,27250.0
2017-11-01,AGARTALA – KOLKATA,79990.0,AGARTALA,KOLKATA,False,False,41520.0,38470.0
2017-11-01,BENGALURU – MANGALURU,48556.0,BENGALURU,MANGALURU,False,False,24000.0,24556.0
2017-11-01,DELHI – LEH,23656.0,DELHI,LEH,False,False,7848.0,15808.0
2017-11-01,BENGALURU – BHUBANESWAR,44073.0,BENGALURU,BHUBANESWAR,False,False,22567.0,21506.0
2017-11-01,BENGALURU – VARANASI,15030.0,BENGALURU,VARANASI,False,False,7843.0,7187.0
2017-11-01,BENGALURU – LUCKNOW,22822.0,BENGALURU,LUCKNOW,False,False,11113.0,11709.0
2017-11-01,CHENNAI – PUNE,80280.0,CHENNAI,PUNE,False,False,39872.0,40408.0
2017-11-01,MUMBAI – NAGPUR,61268.0,MUMBAI,NAGPUR,False,False,30230.0,31038.0
2017-11-01,INDORE – MUMBAI,60141.0,INDORE,MUMBAI,False,False,30028.0,30113.0
2017-11-01,DELHI – NAGPUR,48764.0,DELHI,NAGPUR,False,False,24379.0,24385.0
2017-11-01,BENGALURU – GUWAHATI,31057.0,BENGALURU,GUWAHATI,False,False,15694.0,15363.0
2017-11-01,HYDERABAD – KOCHI,54891.0,HYDERABAD,KOCHI,False,False,28154.0,26737.0
2017-11-01,BENGALURU – JAIPUR,43013.0,BENGALURU,JAIPUR,False,False,22498.0,20515.0
2017-11-01,HYDERABAD – PUNE,44223.0,HYDERABAD,PUNE,False,False,21713.0,22510.0
2017-11-01,BENGALURU – THIRUVANANTHAPURAM,45595.0,BENGALURU,THIRUVANANTHAPURAM,False,False,22284.0,23311.0
2017-11-01,DELHI – UDAIPUR,40848.0,DELHI,UDAIPUR,False,False,20274.0,20574.0
2017-11-01,DELHI – JAMMU,63200.0,DELHI,JAMMU,False,False,35348.0,27852.0
2017-11-01,CHENNAI – KOCHI,45787.0,CHENNAI,KOCHI,False,False,23436.0,22351.0
2017-11-01,HYDERABAD – TIRUPATI,35694.0,HYDERABAD,TIRUPATI,False,False,17945.0,17749.0
2017-12-01,DELHI – MUMBAI,628990.0,DELHI,MUMBAI,False,False,325800.0,303190.0
2017-12-01,BENGALURU – DELHI,375378.0,BENGALURU,DELHI,False,False,182549.0,192829.0
2017-12-01,BENGALURU – MUMBAI,315014.0,BENGALURU,MUMBAI,False,False,157264.0,157750.0
2017-12-01,DELHI – HYDERABAD,248157.0,DELHI,HYDERABAD,False,False,128562.0,119595.0
2017-12-01,DELHI – KOLKATA,276455.0,DELHI,KOLKATA,False,False,142643.0,133812.0
2017-12-01,DELHI – PUNE,236607.0,DELHI,PUNE,False,False,122194.0,114413.0
2017-12-01,AHMEDABAD – DELHI,205097.0,AHMEDABAD,DELHI,False,False,99700.0,105397.0
2017-12-01,CHENNAI – MUMBAI,211906.0,CHENNAI,MUMBAI,False,False,106060.0,105846.0
2017-12-01,KOLKATA – MUMBAI,183765.0,KOLKATA,MUMBAI,False,False,91462.0,92303.0
2017-12-01,HYDERABAD – MUMBAI,205968.0,HYDERABAD,MUMBAI,False,False,102196.0,103772.0
2017-12-01,CHENNAI – DELHI,222326.0,CHENNAI,DELHI,False,False,108554.0,113772.0
2017-12-01,BENGALURU – HYDERABAD,192173.0,BENGALURU,HYDERABAD,False,False,95530.0,96643.0
2017-12-01,BENGALURU – KOLKATA,157317.0,BENGALURU,KOLKATA,False,False,80799.0,76518.0
2017-12-01,AHMEDABAD – MUMBAI,188980.0,AHMEDABAD,MUMBAI,False,False,94061.0,94919.0
2017-12-01,DELHI – SRINAGAR,118092.0,DELHI,SRINAGAR,False,False,56554.0,61538.0
2017-12-01,BENGALURU – PUNE,143620.0,BENGALURU,PUNE,False,False,70546.0,73074.0
2017-12-01,DELHI – GUWAHATI,122344.0,DELHI,GUWAHATI,False,False,61497.0,60847.0
2017-12-01,DELHI – PATNA,123270.0,DELHI,PATNA,False,False,59685.0,63585.0
2017-12-01,BENGALURU – CHENNAI,91098.0,BENGALURU,CHENNAI,False,False,45420.0,45678.0
2017-12-01,DELHI – LUCKNOW,179211.0,DELHI,LUCKNOW,False,False,90692.0,88519.0
2017-12-01,CHENNAI – HYDERABAD,116861.0,CHENNAI,HYDERABAD,False,False,56952.0,59909.0
2017-12-01,BENGALURU – KOCHI,108594.0,BENGALURU,KOCHI,False,False,55688.0,52906.0
2017-12-01,KOCHI – MUMBAI,118896.0,KOCHI,MUMBAI,False,False,57972.0,60924.0
2017-12-01,BAGDOGRA – DELHI,90177.0,BAGDOGRA,DELHI,False,False,43043.0,47134.0
2017-12-01,BHUBANESWAR – DELHI,88193.0,BHUBANESWAR,DELHI,False,False,42343.0,45850.0
2017-12-01,AHMEDABAD – BENGALURU,92914.0,AHMEDABAD,BENGALURU,False,False,47207.0,45707.0
2017-12-01,JAIPUR – MUMBAI,90878.0,JAIPUR,MUMBAI,False,False,46589.0,44289.0
2017-12-01,CHENNAI – KOLKATA,96625.0,CHENNAI,KOLKATA,False,False,47883.0,48742.0
2017-12-01,DELHI – INDORE,57170.0,DELHI,INDORE,False,False,28978.0,28192.0
2017-12-01,AMRITSAR – DELHI,117577.0,AMRITSAR,DELHI,False,False,56711.0,60866.0
2017-12-01,HYDERABAD – VISAKHAPATNAM,70382.0,HYDERABAD,VISAKHAPATNAM,False,False,35528.0,34854.0
2017-12-01,HYDERABAD – KOLKATA,74750.0,HYDERABAD,KOLKATA,False,False,37860.0,36890.0
2017-12-01,DELHI – VARANASI,85909.0,DELHI,VARANASI,False,False,42716.0,43193.0
2017-12-01,GUWAHATI – KOLKATA,116238.0,GUWAHATI,KOLKATA,False,False,59441.0,56797.0
2017-12-01,LUCKNOW – MUMBAI,63827.0,LUCKNOW,MUMBAI,False,False,32020.0,31807.0
2017-12-01,DELHI – KOCHI,90218.0,DELHI,KOCHI,False,False,49562.0,40656.0
2017-12-01,MUMBAI – VARANASI,30349.0,MUMBAI,VARANASI,False,False,14992.0,15357.0
2017-12-01,DELHI – RANCHI,102776.0,DELHI,RANCHI,False,False,54160.0,48616.0
2017-12-01,CHANDIGARH – DELHI,56872.0,CHANDIGARH,DELHI,False,False,28415.0,28457.0
2017-12-01,CHENNAI – COIMBATORE,80046.0,CHENNAI,COIMBATORE,False,False,40135.0,39911.0
2017-12-01,DELHI – RAIPUR,62342.0,DELHI,RAIPUR,False,False,31789.0,30553.0
2017-12-01,AGARTALA – KOLKATA,91520.0,AGARTALA,KOLKATA,False,False,45830.0,45690.0
2017-12-01,BENGALURU – MANGALURU,48832.0,BENGALURU,MANGALURU,False,False,24976.0,23856.0
2017-12-01,DELHI – LEH,25543.0,DELHI,LEH,False,False,8489.0,17054.0
2017-12-01,BENGALURU – BHUBANESWAR,50915.0,BENGALURU,BHUBANESWAR,False,False,25574.0,25341.0
2017-12-01,BENGALURU – VARANASI,10283.0,BENGALURU,VARANASI,False,False,5067.0,5216.0
2017-12-01,BENGALURU – LUCKNOW,37644.0,BENGALURU,LUCKNOW,False,False,18631.0,19013.0
2017-12-01,CHENNAI – PUNE,85206.0,CHENNAI,PUNE,False,False,42466.0,42740.0
2017-12-01,MUMBAI – NAGPUR,76944.0,MUMBAI,NAGPUR,False,False,36127.0,40817.0
2017-12-01,INDORE – MUMBAI,62274.0,INDORE,MUMBAI,False,False,31915.0,30359.0
2017-12-01,DELHI – NAGPUR,56521.0,DELHI,NAGPUR,False,False,28586.0,27935.0
2017-12-01,BENGALURU – GUWAHATI,31955.0,BENGALURU,GUWAHATI,False,False,17466.0,14489.0
2017-12-01,HYDERABAD – KOCHI,68743.0,HYDERABAD,KOCHI,False,False,35865.0,32878.0
2017-12-01,BENGALURU – JAIPUR,48762.0,BENGALURU,JAIPUR,False,False,25151.0,23611.0
2017-12-01,HYDERABAD – PUNE,50481.0,HYDERABAD,PUNE,False,False,24578.0,25903.0
2017-12-01,BENGALURU – THIRUVANANTHAPURAM,54407.0,BENGALURU,THIRUVANANTHAPURAM,False,False,27697.0,26710.0
2017-12-01,DELHI – UDAIPUR,52317.0,DELHI,UDAIPUR,False,False,26365.0,25952.0
2017-12-01,DELHI – JAMMU,65622.0,DELHI,JAMMU,False,False,36437.0,29185.0
2017-12-01,CHENNAI – KOCHI,59358.0,CHENNAI,KOCHI,False,False,31601.0,27757.0
2017-12-01,HYDERABAD – TIRUPATI,33494.0,HYDERABAD,TIRUPATI,False,False,16584.0,16910.0
2018-01-01,DELHI – MUMBAI,633438.0,DELHI,MUMBAI,False,False,313283.0,320155.0
2018-01-01,BENGALURU – DELHI,367592.0,BENGALURU,DELHI,False,False,185692.0,181900.0
2018-01-01,BENGALURU – MUMBAI,312909.0,BENGALURU,MUMBAI,False,False,156070.0,156839.0
2018-01-01,DELHI – HYDERABAD,247109.0,DELHI,HYDERABAD,False,False,122401.0,124708.0
2018-01-01,DELHI – KOLKATA,272991.0,DELHI,KOLKATA,False,False,137355.0,135636.0
2018-01-01,DELHI – PUNE,232377.0,DELHI,PUNE,False,False,116185.0,116192.0
2018-01-01,AHMEDABAD – DELHI,210793.0,AHMEDABAD,DELHI,False,False,105956.0,104837.0
2018-01-01,CHENNAI – MUMBAI,219190.0,CHENNAI,MUMBAI,False,False,108739.0,110451.0
2018-01-01,KOLKATA – MUMBAI,179516.0,KOLKATA,MUMBAI,False,False,88494.0,91022.0
2018-01-01,HYDERABAD – MUMBAI,208010.0,HYDERABAD,MUMBAI,False,False,104388.0,103622.0
2018-01-01,CHENNAI – DELHI,225495.0,CHENNAI,DELHI,False,False,113254.0,112241.0
2018-01-01,BENGALURU – HYDERABAD,200142.0,BENGALURU,HYDERABAD,False,False,99138.0,101004.0
2018-01-01,BENGALURU – KOLKATA,155681.0,BENGALURU,KOLKATA,False,False,78447.0,77234.0
2018-01-01,AHMEDABAD – MUMBAI,194931.0,AHMEDABAD,MUMBAI,False,False,98504.0,96427.0
2018-01-01,DELHI – SRINAGAR,120317.0,DELHI,SRINAGAR,False,False,56124.0,64193.0
2018-01-01,BENGALURU – PUNE,141267.0,BENGALURU,PUNE,False,False,69646.0,71621.0
2018-01-01,DELHI – GUWAHATI,123104.0,DELHI,GUWAHATI,False,False,60469.0,62635.0
2018-01-01,DELHI – PATNA,122536.0,DELHI,PATNA,False,False,60145.0,62391.0
2018-01-01,BENGALURU – CHENNAI,93515.0,BENGALURU,CHENNAI,False,False,46825.0,46690.0
2018-01-01,DELHI – LUCKNOW,184689.0,DELHI,LUCKNOW,False,False,93951.0,90738.0
2018-01-01,CHENNAI – HYDERABAD,122167.0,CHENNAI,HYDERABAD,False,False,59082.0,63085.0
2018-01-01,BENGALURU – KOCHI,125758.0,BENGALURU,KOCHI,False,False,59258.0,66500.0
2018-01-01,KOCHI – MUMBAI,121030.0,KOCHI,MUMBAI,False,False,61377.0,59653.0
2018-01-01,BAGDOGRA – DELHI,86525.0,BAGDOGRA,DELHI,False,False,43466.0,43059.0
2018-01-01,BHUBANESWAR – DELHI,89651.0,BHUBANESWAR,DELHI,False,False,45273.0,44378.0
2018-01-01,AHMEDABAD – BENGALURU,92099.0,AHMEDABAD,BENGALURU,False,False,46738.0,45361.0
2018-01-01,JAIPUR – MUMBAI,89621.0,JAIPUR,MUMBAI,False,False,44747.0,44874.0
2018-01-01,CHENNAI – KOLKATA,98016.0,CHENNAI,KOLKATA,False,False,49394.0,48622.0
2018-01-01,DELHI – INDORE,54054.0,DELHI,INDORE,False,False,26292.0,27762.0
2018-01-01,AMRITSAR – DELHI,116044.0,AMRITSAR,DELHI,False,False,56358.0,59686.0
2018-01-01,HYDERABAD – VISAKHAPATNAM,68523.0,HYDERABAD,VISAKHAPATNAM,False,False,33048.0,35475.0
2018-01-01,HYDERABAD – KOLKATA,78107.0,HYDERABAD,KOLKATA,False,False,39653.0,38454.0
2018-01-01,DELHI – VARANASI,90575.0,DELHI,VARANASI,False,False,45504.0,45071.0
2018-01-01,GUWAHATI – KOLKATA,122585.0,GUWAHATI,KOLKATA,False,False,62994.0,59591.0
2018-01-01,LUCKNOW – MUMBAI,62500.0,LUCKNOW,MUMBAI,False,False,30016.0,32484.0
2018-01-01,DELHI – KOCHI,92994.0,DELHI,KOCHI,False,False,47003.0,45991.0
2018-01-01,MUMBAI – VARANASI,29883.0,MUMBAI,VARANASI,False,False,15468.0,14415.0
2018-01-01,DELHI – RANCHI,96423.0,DELHI,RANCHI,False,False,49152.0,47271.0
2018-01-01,CHANDIGARH – DELHI,50452.0,CHANDIGARH,DELHI,False,False,25444.0,25008.0
2018-01-01,CHENNAI – COIMBATORE,80772.0,CHENNAI,COIMBATORE,False,False,39768.0,41004.0
2018-01-01,DELHI – RAIPUR,58768.0,DELHI,RAIPUR,False,False,29217.0,29551.0
2018-01-01,AGARTALA – KOLKATA,94602.0,AGARTALA,KOLKATA,False,False,46184.0,48418.0
2018-01-01,BENGALURU – MANGALURU,50783.0,BENGALURU,MANGALURU,False,False,25059.0,25724.0
2018-01-01,DELHI – LEH,25349.0,DELHI,LEH,False,False,9681.0,15668.0
2018-01-01,BENGALURU – BHUBANESWAR,63576.0,BENGALURU,BHUBANESWAR,False,False,31513.0,32063.0
2018-01-01,BENGALURU – VARANASI,8948.0,BENGALURU,VARANASI,False,False,4310.0,4638.0
2018-01-01,BENGALURU – LUCKNOW,41712.0,BENGALURU,LUCKNOW,False,False,21636.0,20076.0
2018-01-01,CHENNAI – PUNE,83966.0,CHENNAI,PUNE,False,False,41904.0,42062.0
2018-01-01,MUMBAI – NAGPUR,76060.0,MUMBAI,NAGPUR,False,False,36296.0,39764.0
2018-01-01,INDORE – MUMBAI,60842.0,INDORE,MUMBAI,False,False,30483.0,30359.0
2018-01-01,DELHI – NAGPUR,55723.0,DELHI,NAGPUR,False,False,27710.0,28013.0
2018-01-01,BENGALURU – GUWAHATI,33060.0,BENGALURU,GUWAHATI,False,False,17202.0,15858.0
2018-01-01,HYDERABAD – KOCHI,65270.0,HYDERABAD,KOCHI,False,False,33215.0,32055.0
2018-01-01,BENGALURU – JAIPUR,51213.0,BENGALURU,JAIPUR,False,False,26492.0,24721.0
2018-01-01,HYDERABAD – PUNE,53651.0,HYDERABAD,PUNE,False,False,26518.0,27133.0
2018-01-01,BENGALURU – THIRUVANANTHAPURAM,57916.0,BENGALURU,THIRUVANANTHAPURAM,False,False,27515.0,30401.0
2018-01-01,DELHI – UDAIPUR,50913.0,DELHI,UDAIPUR,False,False,24221.0,26692.0
2018-01-01,DELHI – JAMMU,59765.0,DELHI,JAMMU,False,False,33935.0,25830.0
2018-01-01,CHENNAI – KOCHI,81904.0,CHENNAI,KOCHI,False,False,42943.0,38961.0
2018-01-01,HYDERABAD – TIRUPATI,40256.0,HYDERABAD,TIRUPATI,False,False,19830.0,20426.0
2018-02-01,DELHI – MUMBAI,605286.0,DELHI,MUMBAI,False,False,299904.0,305382.0
2018-02-01,BENGALURU – DELHI,363211.0,BENGALURU,DELHI,False,False,184090.0,179121.0
2018-02-01,BENGALURU – MUMBAI,292470.0,BENGALURU,MUMBAI,False,False,145722.0,146748.0
2018-02-01,DELHI – HYDERABAD,232204.0,DELHI,HYDERABAD,False,False,114461.0,117743.0
2018-02-01,DELHI – KOLKATA,261230.0,DELHI,KOLKATA,False,False,131739.0,129491.0
2018-02-01,DELHI – PUNE,221496.0,DELHI,PUNE,False,False,109638.0,111858.0
2018-02-01,AHMEDABAD – DELHI,193681.0,AHMEDABAD,DELHI,False,False,98231.0,95450.0
2018-02-01,CHENNAI – MUMBAI,199265.0,CHENNAI,MUMBAI,False,False,99049.0,100216.0
2018-02-01,KOLKATA – MUMBAI,162644.0,KOLKATA,MUMBAI,False,False,79419.0,83225.0
2018-02-01,HYDERABAD – MUMBAI,194247.0,HYDERABAD,MUMBAI,False,False,95503.0,98744.0
2018-02-01,CHENNAI – DELHI,214785.0,CHENNAI,DELHI,False,False,110056.0,104729.0
2018-02-01,BENGALURU – HYDERABAD,188173.0,BENGALURU,HYDERABAD,False,False,94705.0,93468.0
2018-02-01,BENGALURU – KOLKATA,148336.0,BENGALURU,KOLKATA,False,False,74483.0,73853.0
2018-02-01,AHMEDABAD – MUMBAI,177258.0,AHMEDABAD,MUMBAI,False,False,90437.0,86821.0
2018-02-01,DELHI – SRINAGAR,111800.0,DELHI,SRINAGAR,False,False,57598.0,54202.0
2018-02-01,BENGALURU – PUNE,131235.0,BENGALURU,PUNE,False,False,65349.0,65886.0
2018-02-01,DELHI – GUWAHATI,111794.0,DELHI,GUWAHATI,False,False,54797.0,56997.0
2018-02-01,DELHI – PATNA,138217.0,DELHI,PATNA,False,False,71510.0,66707.0
2018-02-01,BENGALURU – CHENNAI,97918.0,BENGALURU,CHENNAI,False,False,50168.0,47750.0
2018-02-01,DELHI – LUCKNOW,178018.0,DELHI,LUCKNOW,False,False,91838.0,86180.0
2018-02-01,CHENNAI – HYDERABAD,112030.0,CHENNAI,HYDERABAD,False,False,55377.0,56653.0
2018-02-01,BENGALURU – KOCHI,109333.0,BENGALURU,KOCHI,False,False,52978.0,56355.0
2018-02-01,KOCHI – MUMBAI,106131.0,KOCHI,MUMBAI,False,False,54078.0,52053.0
2018-02-01,BAGDOGRA – DELHI,82452.0,BAGDOGRA,DELHI,False,False,40517.0,41935.0
2018-02-01,BHUBANESWAR – DELHI,84451.0,BHUBANESWAR,DELHI,False,False,41592.0,42859.0
2018-02-01,AHMEDABAD – BENGALURU,84755.0,AHMEDABAD,BENGALURU,False,False,42348.0,42407.0
2018-02-01,JAIPUR – MUMBAI,86399.0,JAIPUR,MUMBAI,False,False,42193.0,44206.0
2018-02-01,CHENNAI – KOLKATA,93791.0,CHENNAI,KOLKATA,False,False,48272.0,45519.0
2018-02-01,DELHI – INDORE,56040.0,DELHI,INDORE,False,False,27329.0,28711.0
2018-02-01,AMRITSAR – DELHI,112480.0,AMRITSAR,DELHI,False,False,55792.0,56688.0
2018-02-01,HYDERABAD – VISAKHAPATNAM,61075.0,HYDERABAD,VISAKHAPATNAM,False,False,30561.0,30514.0
2018-02-01,HYDERABAD – KOLKATA,75903.0,HYDERABAD,KOLKATA,False,False,38718.0,37185.0
2018-02-01,DELHI – VARANASI,85447.0,DELHI,VARANASI,False,False,43043.0,42404.0
2018-02-01,GUWAHATI – KOLKATA,109828.0,GUWAHATI,KOLKATA,False,False,55386.0,54442.0
2018-02-01,LUCKNOW – MUMBAI,62163.0,LUCKNOW,MUMBAI,False,False,29547.0,32616.0
2018-02-01,DELHI – KOCHI,83105.0,DELHI,KOCHI,False,False,41095.0,42010.0
2018-02-01,MUMBAI – VARANASI,36544.0,MUMBAI,VARANASI,False,False,19501.0,17043.0
2018-02-01,DELHI – RANCHI,94923.0,DELHI,RANCHI,False,False,49222.0,45701.0
2018-02-01,CHANDIGARH – DELHI,26949.0,CHANDIGARH,DELHI,False,False,13301.0,13648.0
2018-02-01,CHENNAI – COIMBATORE,73291.0,CHENNAI,COIMBATORE,False,False,36213.0,37078.0
2018-02-01,DELHI – RAIPUR,57984.0,DELHI,RAIPUR,False,False,28583.0,29401.0
2018-02-01,AGARTALA – KOLKATA,79591.0,AGARTALA,KOLKATA,False,False,41683.0,37908.0
2018-02-01,BENGALURU – MANGALURU,49855.0,BENGALURU,MANGALURU,False,False,24959.0,24896.0
2018-02-01,DELHI – LEH,25334.0,DELHI,LEH,False,False,15350.0,9984.0
2018-02-01,BENGALURU – BHUBANESWAR,63070.0,BENGALURU,BHUBANESWAR,False,False,32916.0,30154.0
2018-02-01,BENGALURU – VARANASI,12039.0,BENGALURU,VARANASI,False,False,6359.0,5680.0
2018-02-01,BENGALURU – LUCKNOW,42124.0,BENGALURU,LUCKNOW,False,False,22882.0,19242.0
2018-02-01,CHENNAI – PUNE,76368.0,CHENNAI,PUNE,False,False,38280.0,38088.0
2018-02-01,MUMBAI – NAGPUR,64183.0,MUMBAI,NAGPUR,False,False,31336.0,32847.0
2018-02-01,INDORE – MUMBAI,57286.0,INDORE,MUMBAI,False,False,28461.0,28825.0
2018-02-01,DELHI – NAGPUR,49128.0,DELHI,NAGPUR,False,False,24598.0,24530.0
2018-02-01,BENGALURU – GUWAHATI,31013.0,BENGALURU,GUWAHATI,False,False,16198.0,14815.0
2018-02-01,HYDERABAD – KOCHI,48235.0,HYDERABAD,KOCHI,False,False,24578.0,23657.0
2018-02-01,BENGALURU – JAIPUR,51966.0,BENGALURU,JAIPUR,False,False,27122.0,24844.0
2018-02-01,HYDERABAD – PUNE,50239.0,HYDERABAD,PUNE,False,False,24982.0,25257.0
2018-02-01,BENGALURU – THIRUVANANTHAPURAM,52148.0,BENGALURU,THIRUVANANTHAPURAM,False,False,25684.0,26464.0
2018-02-01,DELHI – UDAIPUR,45649.0,DELHI,UDAIPUR,False,False,22495.0,23154.0
2018-02-01,DELHI – JAMMU,53764.0,DELHI,JAMMU,False,False,26274.0,27490.0
2018-02-01,CHENNAI – KOCHI,67352.0,CHENNAI,KOCHI,False,False,34716.0,32636.0
2018-02-01,HYDERABAD – TIRUPATI,41072.0,HYDERABAD,TIRUPATI,False,False,20403.0,20669.0
2018-03-01,DELHI – MUMBAI,657695.0,DELHI,MUMBAI,False,False,332520.0,325175.0
2018-03-01,BENGALURU – DELHI,388434.0,BENGALURU,DELHI,False,False,194029.0,194405.0
2018-03-01,BENGALURU – MUMBAI,314140.0,BENGALURU,MUMBAI,False,False,157133.0,157007.0
2018-03-01,DELHI – HYDERABAD,252619.0,DELHI,HYDERABAD,False,False,127272.0,125347.0
2018-03-01,DELHI – KOLKATA,287006.0,DELHI,KOLKATA,False,False,144300.0,142706.0
2018-03-01,DELHI – PUNE,235812.0,DELHI,PUNE,False,False,119581.0,116231.0
2018-03-01,AHMEDABAD – DELHI,178471.0,AHMEDABAD,DELHI,False,False,89291.0,89180.0
2018-03-01,CHENNAI – MUMBAI,201613.0,CHENNAI,MUMBAI,False,False,100383.0,101230.0
2018-03-01,KOLKATA – MUMBAI,168056.0,KOLKATA,MUMBAI,False,False,82042.0,86014.0
2018-03-01,HYDERABAD – MUMBAI,206219.0,HYDERABAD,MUMBAI,False,False,101763.0,104456.0
2018-03-01,CHENNAI – DELHI,234094.0,CHENNAI,DELHI,False,False,116124.0,117970.0
2018-03-01,BENGALURU – HYDERABAD,187513.0,BENGALURU,HYDERABAD,False,False,93681.0,93832.0
2018-03-01,BENGALURU – KOLKATA,157755.0,BENGALURU,KOLKATA,False,False,79788.0,77967.0
2018-03-01,AHMEDABAD – MUMBAI,178895.0,AHMEDABAD,MUMBAI,False,False,91672.0,87223.0
2018-03-01,DELHI – SRINAGAR,124762.0,DELHI,SRINAGAR,False,False,67749.0,57013.0
2018-03-01,BENGALURU – PUNE,140723.0,BENGALURU,PUNE,False,False,70284.0,70439.0
2018-03-01,DELHI – GUWAHATI,123844.0,DELHI,GUWAHATI,False,False,63536.0,60308.0
2018-03-01,DELHI – PATNA,161737.0,DELHI,PATNA,False,False,79766.0,81971.0
2018-03-01,BENGALURU – CHENNAI,124976.0,BENGALURU,CHENNAI,False,False,62357.0,62619.0
2018-03-01,DELHI – LUCKNOW,197079.0,DELHI,LUCKNOW,False,False,99261.0,97818.0
2018-03-01,CHENNAI – HYDERABAD,118320.0,CHENNAI,HYDERABAD,False,False,58039.0,60281.0
2018-03-01,BENGALURU – KOCHI,95846.0,BENGALURU,KOCHI,False,False,47248.0,48598.0
2018-03-01,KOCHI – MUMBAI,116618.0,KOCHI,MUMBAI,False,False,59045.0,57573.0
2018-03-01,BAGDOGRA – DELHI,93747.0,BAGDOGRA,DELHI,False,False,45915.0,47832.0
2018-03-01,BHUBANESWAR – DELHI,94893.0,BHUBANESWAR,DELHI,False,False,46690.0,48203.0
2018-03-01,AHMEDABAD – BENGALURU,85567.0,AHMEDABAD,BENGALURU,False,False,42360.0,43207.0
2018-03-01,JAIPUR – MUMBAI,74557.0,JAIPUR,MUMBAI,False,False,37757.0,36800.0
2018-03-01,CHENNAI – KOLKATA,100769.0,CHENNAI,KOLKATA,False,False,51337.0,49432.0
2018-03-01,DELHI – INDORE,63230.0,DELHI,INDORE,False,False,31913.0,31317.0
2018-03-01,AMRITSAR – DELHI,116458.0,AMRITSAR,DELHI,False,False,58139.0,58319.0
2018-03-01,HYDERABAD – VISAKHAPATNAM,73937.0,HYDERABAD,VISAKHAPATNAM,False,False,37268.0,36669.0
2018-03-01,HYDERABAD – KOLKATA,77389.0,HYDERABAD,KOLKATA,False,False,38552.0,38837.0
2018-03-01,DELHI – VARANASI,98330.0,DELHI,VARANASI,False,False,48897.0,49433.0
2018-03-01,GUWAHATI – KOLKATA,124161.0,GUWAHATI,KOLKATA,False,False,61814.0,62347.0
2018-03-01,LUCKNOW – MUMBAI,62028.0,LUCKNOW,MUMBAI,False,False,30206.0,31822.0
2018-03-01,DELHI – KOCHI,85224.0,DELHI,KOCHI,False,False,43591.0,41633.0
2018-03-01,MUMBAI – VARANASI,40938.0,MUMBAI,VARANASI,False,False,20746.0,20192.0
2018-03-01,DELHI – RANCHI,102198.0,DELHI,RANCHI,False,False,52220.0,49978.0
2018-03-01,CHANDIGARH – DELHI,62580.0,CHANDIGARH,DELHI,False,False,31244.0,31336.0
2018-03-01,CHENNAI – COIMBATORE,78876.0,CHENNAI,COIMBATORE,False,False,38944.0,39932.0
2018-03-01,DELHI – RAIPUR,63651.0,DELHI,RAIPUR,False,False,31980.0,31671.0
2018-03-01,AGARTALA – KOLKATA,92514.0,AGARTALA,KOLKATA,False,False,48673.0,43841.0
2018-03-01,BENGALURU – MANGALURU,50525.0,BENGALURU,MANGALURU,False,False,25203.0,25322.0
2018-03-01,DELHI – LEH,28207.0,DELHI,LEH,False,False,19593.0,8614.0
2018-03-01,BENGALURU – BHUBANESWAR,62170.0,BENGALURU,BHUBANESWAR,False,False,30880.0,31290.0
2018-03-01,BENGALURU – VARANASI,14675.0,BENGALURU,VARANASI,False,False,7700.0,6975.0
2018-03-01,BENGALURU – LUCKNOW,46359.0,BENGALURU,LUCKNOW,False,False,22780.0,23579.0
2018-03-01,CHENNAI – PUNE,84216.0,CHENNAI,PUNE,False,False,42180.0,42036.0
2018-03-01,MUMBAI – NAGPUR,62622.0,MUMBAI,NAGPUR,False,False,31264.0,31358.0
2018-03-01,INDORE – MUMBAI,68086.0,INDORE,MUMBAI,False,False,33832.0,34254.0
2018-03-01,DELHI – NAGPUR,53059.0,DELHI,NAGPUR,False,False,26786.0,26273.0
2018-03-01,BENGALURU – GUWAHATI,35352.0,BENGALURU,GUWAHATI,False,False,18624.0,16728.0
2018-03-01,HYDERABAD – KOCHI,54138.0,HYDERABAD,KOCHI,False,False,27420.0,26718.0
2018-03-01,BENGALURU – JAIPUR,49743.0,BENGALURU,JAIPUR,False,False,25118.0,24625.0
2018-03-01,HYDERABAD – PUNE,50039.0,HYDERABAD,PUNE,False,False,25913.0,24126.0
2018-03-01,BENGALURU – THIRUVANANTHAPURAM,47514.0,BENGALURU,THIRUVANANTHAPURAM,False,False,23281.0,24233.0
2018-03-01,DELHI – UDAIPUR,48165.0,DELHI,UDAIPUR,False,False,24287.0,23878.0
2018-03-01,DELHI – JAMMU,58051.0,DELHI,JAMMU,False,False,27487.0,30564.0
2018-03-01,CHENNAI – KOCHI,56118.0,CHENNAI,KOCHI,False,False,28920.0,27198.0
2018-03-01,HYDERABAD – TIRUPATI,52376.0,HYDERABAD,TIRUPATI,False,False,25957.0,26419.0
2018-04-01,DELHI – MUMBAI,617567.0,DELHI,MUMBAI,False,False,294304.0,323263.0
2018-04-01,BENGALURU – DELHI,379965.0,BENGALURU,DELHI,False,False,197175.0,182790.0
2018-04-01,BENGALURU – MUMBAI,308806.0,BENGALURU,MUMBAI,False,False,154994.0,153812.0
2018-04-01,DELHI – HYDERABAD,255919.0,DELHI,HYDERABAD,False,False,124715.0,131204.0
2018-04-01,DELHI – KOLKATA,281486.0,DELHI,KOLKATA,False,False,143576.0,137910.0
2018-04-01,DELHI – PUNE,231718.0,DELHI,PUNE,False,False,110647.0,121071.0
2018-04-01,AHMEDABAD – DELHI,189423.0,AHMEDABAD,DELHI,False,False,97870.0,91553.0
2018-04-01,CHENNAI – MUMBAI,191340.0,CHENNAI,MUMBAI,False,False,96356.0,94984.0
2018-04-01,KOLKATA – MUMBAI,167353.0,KOLKATA,MUMBAI,False,False,78112.0,89241.0
2018-04-01,HYDERABAD – MUMBAI,198106.0,HYDERABAD,MUMBAI,False,False,100005.0,98101.0
2018-04-01,CHENNAI – DELHI,235279.0,CHENNAI,DELHI,False,False,124068.0,111211.0
2018-04-01,BENGALURU – HYDERABAD,193246.0,BENGALURU,HYDERABAD,False,False,96035.0,97211.0
2018-04-01,BENGALURU – KOLKATA,155298.0,BENGALURU,KOLKATA,False,False,80516.0,74782.0
2018-04-01,AHMEDABAD – MUMBAI,172161.0,AHMEDABAD,MUMBAI,False,False,86764.0,85397.0
2018-04-01,DELHI – SRINAGAR,152455.0,DELHI,SRINAGAR,False,False,76879.0,75576.0
2018-04-01,BENGALURU – PUNE,147458.0,BENGALURU,PUNE,False,False,73465.0,73993.0
2018-04-01,DELHI – GUWAHATI,124081.0,DELHI,GUWAHATI,False,False,62566.0,61515.0
2018-04-01,DELHI – PATNA,156679.0,DELHI,PATNA,False,False,80852.0,75827.0
2018-04-01,BENGALURU – CHENNAI,115962.0,BENGALURU,CHENNAI,False,False,57206.0,58756.0
2018-04-01,DELHI – LUCKNOW,182549.0,DELHI,LUCKNOW,False,False,93153.0,89396.0
2018-04-01,CHENNAI – HYDERABAD,105143.0,CHENNAI,HYDERABAD,False,False,50641.0,54502.0
2018-04-01,BENGALURU – KOCHI,101932.0,BENGALURU,KOCHI,False,False,50960.0,50972.0
2018-04-01,KOCHI – MUMBAI,121574.0,KOCHI,MUMBAI,False,False,61436.0,60138.0
2018-04-01,BAGDOGRA – DELHI,97864.0,BAGDOGRA,DELHI,False,False,48401.0,49463.0
2018-04-01,BHUBANESWAR – DELHI,86978.0,BHUBANESWAR,DELHI,False,False,43321.0,43657.0
2018-04-01,AHMEDABAD – BENGALURU,98563.0,AHMEDABAD,BENGALURU,False,False,47356.0,51207.0
2018-04-01,JAIPUR – MUMBAI,85774.0,JAIPUR,MUMBAI,False,False,41745.0,44029.0
2018-04-01,CHENNAI – KOLKATA,104827.0,CHENNAI,KOLKATA,False,False,53530.0,51297.0
2018-04-01,DELHI – INDORE,64950.0,DELHI,INDORE,False,False,31228.0,33722.0
2018-04-01,AMRITSAR – DELHI,97652.0,AMRITSAR,DELHI,False,False,50093.0,47559.0
2018-04-01,HYDERABAD – VISAKHAPATNAM,71303.0,HYDERABAD,VISAKHAPATNAM,False,False,35766.0,35537.0
2018-04-01,HYDERABAD – KOLKATA,83733.0,HYDERABAD,KOLKATA,False,False,44727.0,39006.0
2018-04-01,DELHI – VARANASI,81988.0,DELHI,VARANASI,False,False,42102.0,39886.0
2018-04-01,GUWAHATI – KOLKATA,122382.0,GUWAHATI,KOLKATA,False,False,60330.0,62052.0
2018-04-01,LUCKNOW – MUMBAI,62548.0,LUCKNOW,MUMBAI,False,False,28411.0,34137.0
2018-04-01,DELHI – KOCHI,88898.0,DELHI,KOCHI,False,False,43254.0,45644.0
2018-04-01,MUMBAI – VARANASI,39319.0,MUMBAI,VARANASI,False,False,22147.0,17172.0
2018-04-01,DELHI – RANCHI,97832.0,DELHI,RANCHI,False,False,52317.0,45515.0
2018-04-01,CHANDIGARH – DELHI,49356.0,CHANDIGARH,DELHI,False,False,24340.0,25016.0
2018-04-01,CHENNAI – COIMBATORE,85196.0,CHENNAI,COIMBATORE,False,False,42625.0,42571.0
2018-04-01,DELHI – RAIPUR,61956.0,DELHI,RAIPUR,False,False,30550.0,31406.0
2018-04-01,AGARTALA – KOLKATA,94496.0,AGARTALA,KOLKATA,False,False,50719.0,43777.0
2018-04-01,BENGALURU – MANGALURU,58289.0,BENGALURU,MANGALURU,False,False,29520.0,28769.0
2018-04-01,DELHI – LEH,46030.0,DELHI,LEH,False,False,26429.0,19601.0
2018-04-01,BENGALURU – BHUBANESWAR,63867.0,BENGALURU,BHUBANESWAR,False,False,34644.0,29223.0
2018-04-01,BENGALURU – VARANASI,13499.0,BENGALURU,VARANASI,False,False,7892.0,5607.0
2018-04-01,BENGALURU – LUCKNOW,44540.0,BENGALURU,LUCKNOW,False,False,23834.0,20706.0
2018-04-01,CHENNAI – PUNE,90238.0,CHENNAI,PUNE,False,False,45258.0,44980.0
2018-04-01,MUMBAI – NAGPUR,62136.0,MUMBAI,NAGPUR,False,False,31363.0,30773.0
2018-04-01,INDORE – MUMBAI,62407.0,INDORE,MUMBAI,False,False,30557.0,31850.0
2018-04-01,DELHI – NAGPUR,55972.0,DELHI,NAGPUR,False,False,27695.0,28277.0
2018-04-01,BENGALURU – GUWAHATI,37971.0,BENGALURU,GUWAHATI,False,False,19818.0,18153.0
2018-04-01,HYDERABAD – KOCHI,50911.0,HYDERABAD,KOCHI,False,False,26729.0,24182.0
2018-04-01,BENGALURU – JAIPUR,41996.0,BENGALURU,JAIPUR,False,False,22558.0,19438.0
2018-04-01,HYDERABAD – PUNE,58481.0,HYDERABAD,PUNE,False,False,29732.0,28749.0
2018-04-01,BENGALURU – THIRUVANANTHAPURAM,56796.0,BENGALURU,THIRUVANANTHAPURAM,False,False,28504.0,28292.0
2018-04-01,DELHI – UDAIPUR,40424.0,DELHI,UDAIPUR,False,False,19996.0,20428.0
2018-04-01,DELHI – JAMMU,52579.0,DELHI,JAMMU,False,False,26565.0,26014.0
2018-04-01,CHENNAI – KOCHI,59802.0,CHENNAI,KOCHI,False,False,30654.0,29148.0
2018-04-01,HYDERABAD – TIRUPATI,54863.0,HYDERABAD,TIRUPATI,False,False,27208.0,27655.0
2018-05-01,DELHI – MUMBAI,636799.0,DELHI,MUMBAI,False,False,328088.0,308711.0
2018-05-01,BENGALURU – DELHI,389946.0,BENGALURU,DELHI,False,False,185889.0,204057.0
2018-05-01,BENGALURU – MUMBAI,321922.0,BENGALURU,MUMBAI,False,False,154352.0,167570.0
2018-05-01,DELHI – HYDERABAD,263350.0,DELHI,HYDERABAD,False,False,135001.0,128349.0
2018-05-01,DELHI – KOLKATA,272771.0,DELHI,KOLKATA,False,False,138020.0,134751.0
2018-05-01,DELHI – PUNE,245425.0,DELHI,PUNE,False,False,123114.0,122311.0
2018-05-01,AHMEDABAD – DELHI,216460.0,AHMEDABAD,DELHI,False,False,111627.0,104833.0
2018-05-01,CHENNAI – MUMBAI,194940.0,CHENNAI,MUMBAI,False,False,93149.0,101791.0
2018-05-01,KOLKATA – MUMBAI,169392.0,KOLKATA,MUMBAI,False,False,84349.0,85043.0
2018-05-01,HYDERABAD – MUMBAI,198022.0,HYDERABAD,MUMBAI,False,False,97027.0,100995.0
2018-05-01,CHENNAI – DELHI,234546.0,CHENNAI,DELHI,False,False,113831.0,120715.0
2018-05-01,BENGALURU – HYDERABAD,196504.0,BENGALURU,HYDERABAD,False,False,94024.0,102480.0
2018-05-01,BENGALURU – KOLKATA,163142.0,BENGALURU,KOLKATA,False,False,77751.0,85391.0
2018-05-01,AHMEDABAD – MUMBAI,172021.0,AHMEDABAD,MUMBAI,False,False,92209.0,79812.0
2018-05-01,DELHI – SRINAGAR,156286.0,DELHI,SRINAGAR,False,False,82191.0,74095.0
2018-05-01,BENGALURU – PUNE,152937.0,BENGALURU,PUNE,False,False,74296.0,78641.0
2018-05-01,DELHI – GUWAHATI,123337.0,DELHI,GUWAHATI,False,False,64953.0,58384.0
2018-05-01,DELHI – PATNA,160301.0,DELHI,PATNA,False,False,78193.0,82108.0
2018-05-01,BENGALURU – CHENNAI,105198.0,BENGALURU,CHENNAI,False,False,50200.0,54998.0
2018-05-01,DELHI – LUCKNOW,165240.0,DELHI,LUCKNOW,False,False,82991.0,82249.0
2018-05-01,CHENNAI – HYDERABAD,109183.0,CHENNAI,HYDERABAD,False,False,53214.0,55969.0
2018-05-01,BENGALURU – KOCHI,120531.0,BENGALURU,KOCHI,False,False,59546.0,60985.0
2018-05-01,KOCHI – MUMBAI,120484.0,KOCHI,MUMBAI,False,False,57804.0,62680.0
2018-05-01,BAGDOGRA – DELHI,111479.0,BAGDOGRA,DELHI,False,False,53780.0,57699.0
2018-05-01,BHUBANESWAR – DELHI,92322.0,BHUBANESWAR,DELHI,False,False,46491.0,45831.0
2018-05-01,AHMEDABAD – BENGALURU,109220.0,AHMEDABAD,BENGALURU,False,False,59614.0,49606.0
2018-05-01,JAIPUR – MUMBAI,87542.0,JAIPUR,MUMBAI,False,False,45634.0,41908.0
2018-05-01,CHENNAI – KOLKATA,109574.0,CHENNAI,KOLKATA,False,False,53977.0,55597.0
2018-05-01,DELHI – INDORE,64725.0,DELHI,INDORE,False,False,31824.0,32901.0
2018-05-01,AMRITSAR – DELHI,84032.0,AMRITSAR,DELHI,False,False,43826.0,40206.0
2018-05-01,HYDERABAD – VISAKHAPATNAM,73228.0,HYDERABAD,VISAKHAPATNAM,False,False,35385.0,37843.0
2018-05-01,HYDERABAD – KOLKATA,86834.0,HYDERABAD,KOLKATA,False,False,42491.0,44343.0
2018-05-01,DELHI – VARANASI,78165.0,DELHI,VARANASI,False,False,39156.0,39009.0
2018-05-01,GUWAHATI – KOLKATA,129336.0,GUWAHATI,KOLKATA,False,False,62496.0,66840.0
2018-05-01,LUCKNOW – MUMBAI,72262.0,LUCKNOW,MUMBAI,False,False,36245.0,36017.0
2018-05-01,DELHI – KOCHI,86572.0,DELHI,KOCHI,False,False,48373.0,38199.0
2018-05-01,MUMBAI – VARANASI,47903.0,MUMBAI,VARANASI,False,False,22713.0,25190.0
2018-05-01,DELHI – RANCHI,96999.0,DELHI,RANCHI,False,False,49812.0,47187.0
2018-05-01,CHANDIGARH – DELHI,17736.0,CHANDIGARH,DELHI,False,False,8668.0,9068.0
2018-05-01,CHENNAI – COIMBATORE,84545.0,CHENNAI,COIMBATORE,False,False,42270.0,42275.0
2018-05-01,DELHI – RAIPUR,60857.0,DELHI,RAIPUR,False,False,30255.0,30602.0
2018-05-01,AGARTALA – KOLKATA,94353.0,AGARTALA,KOLKATA,False,False,47562.0,46791.0
2018-05-01,BENGALURU – MANGALURU,56426.0,BENGALURU,MANGALURU,False,False,27570.0,28856.0
2018-05-01,DELHI – LEH,74546.0,DELHI,LEH,False,False,39249.0,35297.0
2018-05-01,BENGALURU – BHUBANESWAR,70804.0,BENGALURU,BHUBANESWAR,False,False,31863.0,38941.0
2018-05-01,BENGALURU – VARANASI,15232.0,BENGALURU,VARANASI,False,False,6555.0,8677.0
2018-05-01,BENGALURU – LUCKNOW,46775.0,BENGALURU,LUCKNOW,False,False,21824.0,24951.0
2018-05-01,CHENNAI – PUNE,96178.0,CHENNAI,PUNE,False,False,47345.0,48833.0
2018-05-01,MUMBAI – NAGPUR,64953.0,MUMBAI,NAGPUR,False,False,31883.0,33070.0
2018-05-01,INDORE – MUMBAI,54539.0,INDORE,MUMBAI,False,False,29114.0,25425.0
2018-05-01,DELHI – NAGPUR,56162.0,DELHI,NAGPUR,False,False,27959.0,28203.0
2018-05-01,BENGALURU – GUWAHATI,39047.0,BENGALURU,GUWAHATI,False,False,18774.0,20273.0
2018-05-01,HYDERABAD – KOCHI,50875.0,HYDERABAD,KOCHI,False,False,26793.0,24082.0
2018-05-01,BENGALURU – JAIPUR,43892.0,BENGALURU,JAIPUR,False,False,21816.0,22076.0
2018-05-01,HYDERABAD – PUNE,62657.0,HYDERABAD,PUNE,False,False,31745.0,30912.0
2018-05-01,BENGALURU – THIRUVANANTHAPURAM,62994.0,BENGALURU,THIRUVANANTHAPURAM,False,False,31491.0,31503.0
2018-05-01,DELHI – UDAIPUR,33721.0,DELHI,UDAIPUR,False,False,16984.0,16737.0
2018-05-01,DELHI – JAMMU,49772.0,DELHI,JAMMU,False,False,25736.0,24036.0
2018-05-01,CHENNAI – KOCHI,62281.0,CHENNAI,KOCHI,False,False,31822.0,30459.0
2018-05-01,HYDERABAD – TIRUPATI,52749.0,HYDERABAD,TIRUPATI,False,False,26390.0,26359.0
2018-06-01,DELHI – MUMBAI,578410.0,DELHI,MUMBAI,False,False,297612.0,280798.0
2018-06-01,BENGALURU – DELHI,383466.0,BENGALURU,DELHI,False,False,190406.0,193060.0
2018-06-01,BENGALURU – MUMBAI,303376.0,BENGALURU,MUMBAI,False,False,152319.0,151057.0
2018-06-01,DELHI – HYDERABAD,241993.0,DELHI,HYDERABAD,False,False,125246.0,116747.0
2018-06-01,DELHI – KOLKATA,275654.0,DELHI,KOLKATA,False,False,145374.0,130280.0
2018-06-01,DELHI – PUNE,236272.0,DELHI,PUNE,False,False,129724.0,106548.0
2018-06-01,AHMEDABAD – DELHI,191351.0,AHMEDABAD,DELHI,False,False,90666.0,100685.0
2018-06-01,CHENNAI – MUMBAI,186276.0,CHENNAI,MUMBAI,False,False,90740.0,95536.0
2018-06-01,KOLKATA – MUMBAI,158154.0,KOLKATA,MUMBAI,False,False,77261.0,80893.0
2018-06-01,HYDERABAD – MUMBAI,189544.0,HYDERABAD,MUMBAI,False,False,89577.0,99967.0
2018-06-01,CHENNAI – DELHI,225778.0,CHENNAI,DELHI,False,False,108114.0,117664.0
2018-06-01,BENGALURU – HYDERABAD,173235.0,BENGALURU,HYDERABAD,False,False,83272.0,89963.0
2018-06-01,BENGALURU – KOLKATA,163807.0,BENGALURU,KOLKATA,False,False,89227.0,74580.0
2018-06-01,AHMEDABAD – MUMBAI,165451.0,AHMEDABAD,MUMBAI,False,False,80377.0,85074.0
2018-06-01,DELHI – SRINAGAR,154471.0,DELHI,SRINAGAR,False,False,77320.0,77151.0
2018-06-01,BENGALURU – PUNE,127875.0,BENGALURU,PUNE,False,False,65669.0,62206.0
2018-06-01,DELHI – GUWAHATI,103977.0,DELHI,GUWAHATI,False,False,50658.0,53319.0
2018-06-01,DELHI – PATNA,160985.0,DELHI,PATNA,False,False,82920.0,78065.0
2018-06-01,BENGALURU – CHENNAI,104025.0,BENGALURU,CHENNAI,False,False,51243.0,52782.0
2018-06-01,DELHI – LUCKNOW,156483.0,DELHI,LUCKNOW,False,False,81969.0,74514.0
2018-06-01,CHENNAI – HYDERABAD,103346.0,CHENNAI,HYDERABAD,False,False,51465.0,51881.0
2018-06-01,BENGALURU – KOCHI,90898.0,BENGALURU,KOCHI,False,False,47025.0,43873.0
2018-06-01,KOCHI – MUMBAI,102153.0,KOCHI,MUMBAI,False,False,51970.0,50183.0
2018-06-01,BAGDOGRA – DELHI,105923.0,BAGDOGRA,DELHI,False,False,50539.0,55384.0
2018-06-01,BHUBANESWAR – DELHI,97905.0,BHUBANESWAR,DELHI,False,False,46321.0,51584.0
2018-06-01,AHMEDABAD – BENGALURU,97841.0,AHMEDABAD,BENGALURU,False,False,48900.0,48941.0
2018-06-01,JAIPUR – MUMBAI,86090.0,JAIPUR,MUMBAI,False,False,43189.0,42901.0
2018-06-01,CHENNAI – KOLKATA,99484.0,CHENNAI,KOLKATA,False,False,51178.0,48306.0
2018-06-01,DELHI – INDORE,60142.0,DELHI,INDORE,False,False,31775.0,28367.0
2018-06-01,AMRITSAR – DELHI,83136.0,AMRITSAR,DELHI,False,False,44317.0,38819.0
2018-06-01,HYDERABAD – VISAKHAPATNAM,67706.0,HYDERABAD,VISAKHAPATNAM,False,False,34226.0,33480.0
2018-06-01,HYDERABAD – KOLKATA,86504.0,HYDERABAD,KOLKATA,False,False,43803.0,42701.0
2018-06-01,DELHI – VARANASI,76273.0,DELHI,VARANASI,False,False,40205.0,36068.0
2018-06-01,GUWAHATI – KOLKATA,112841.0,GUWAHATI,KOLKATA,False,False,58472.0,54369.0
2018-06-01,LUCKNOW – MUMBAI,60386.0,LUCKNOW,MUMBAI,False,False,29449.0,30937.0
2018-06-01,DELHI – KOCHI,83246.0,DELHI,KOCHI,False,False,41212.0,42034.0
2018-06-01,MUMBAI – VARANASI,42382.0,MUMBAI,VARANASI,False,False,20781.0,21601.0
2018-06-01,DELHI – RANCHI,104059.0,DELHI,RANCHI,False,False,58621.0,45438.0
2018-06-01,CHANDIGARH – DELHI,44700.0,CHANDIGARH,DELHI,False,False,22188.0,22512.0
2018-06-01,CHENNAI – COIMBATORE,84407.0,CHENNAI,COIMBATORE,False,False,42325.0,42082.0
2018-06-01,DELHI – RAIPUR,59366.0,DELHI,RAIPUR,False,False,30954.0,28412.0
2018-06-01,AGARTALA – KOLKATA,87072.0,AGARTALA,KOLKATA,False,False,44488.0,42584.0
2018-06-01,BENGALURU – MANGALURU,52476.0,BENGALURU,MANGALURU,False,False,26143.0,26333.0
2018-06-01,DELHI – LEH,74428.0,DELHI,LEH,False,False,36306.0,38122.0
2018-06-01,BENGALURU – BHUBANESWAR,62271.0,BENGALURU,BHUBANESWAR,False,False,28313.0,33958.0
2018-06-01,BENGALURU – VARANASI,12840.0,BENGALURU,VARANASI,False,False,7074.0,5766.0
2018-06-01,BENGALURU – LUCKNOW,48328.0,BENGALURU,LUCKNOW,False,False,24113.0,24215.0
2018-06-01,CHENNAI – PUNE,84149.0,CHENNAI,PUNE,False,False,42232.0,41917.0
2018-06-01,MUMBAI – NAGPUR,61281.0,MUMBAI,NAGPUR,False,False,30604.0,30677.0
2018-06-01,INDORE – MUMBAI,54062.0,INDORE,MUMBAI,False,False,26730.0,27332.0
2018-06-01,DELHI – NAGPUR,51493.0,DELHI,NAGPUR,False,False,26928.0,24565.0
2018-06-01,BENGALURU – GUWAHATI,52306.0,BENGALURU,GUWAHATI,False,False,28279.0,24027.0
2018-06-01,HYDERABAD – KOCHI,59644.0,HYDERABAD,KOCHI,False,False,36682.0,22962.0
2018-06-01,BENGALURU – JAIPUR,41035.0,BENGALURU,JAIPUR,False,False,21793.0,19242.0
2018-06-01,HYDERABAD – PUNE,50120.0,HYDERABAD,PUNE,False,False,25584.0,24536.0
2018-06-01,BENGALURU – THIRUVANANTHAPURAM,50838.0,BENGALURU,THIRUVANANTHAPURAM,False,False,24151.0,26687.0
2018-06-01,DELHI – UDAIPUR,33533.0,DELHI,UDAIPUR,False,False,18763.0,14770.0
2018-06-01,DELHI – JAMMU,53260.0,DELHI,JAMMU,False,False,26470.0,26790.0
2018-06-01,CHENNAI – KOCHI,47094.0,CHENNAI,KOCHI,False,False,23491.0,23603.0
2018-06-01,HYDERABAD – TIRUPATI,52922.0,HYDERABAD,TIRUPATI,False,False,26385.0,26537.0
2018-07-01,DELHI – MUMBAI,597268.0,DELHI,MUMBAI,False,False,300401.0,296867.0
2018-07-01,BENGALURU – DELHI,388470.0,BENGALURU,DELHI,False,False,194582.0,193888.0
2018-07-01,BENGALURU – MUMBAI,330011.0,BENGALURU,MUMBAI,False,False,163011.0,167000.0
2018-07-01,DELHI – HYDERABAD,253330.0,DELHI,HYDERABAD,False,False,127474.0,125856.0
2018-07-01,DELHI – KOLKATA,286025.0,DELHI,KOLKATA,False,False,147254.0,138771.0
2018-07-01,DELHI – PUNE,237052.0,DELHI,PUNE,False,False,125388.0,111664.0
2018-07-01,AHMEDABAD – DELHI,203129.0,AHMEDABAD,DELHI,False,False,100322.0,102807.0
2018-07-01,CHENNAI – MUMBAI,199605.0,CHENNAI,MUMBAI,False,False,98601.0,101004.0
2018-07-01,KOLKATA – MUMBAI,158432.0,KOLKATA,MUMBAI,False,False,79146.0,79286.0
2018-07-01,HYDERABAD – MUMBAI,202257.0,HYDERABAD,MUMBAI,False,False,100042.0,102215.0
2018-07-01,CHENNAI – DELHI,235482.0,CHENNAI,DELHI,False,False,115022.0,120460.0
2018-07-01,BENGALURU – HYDERABAD,187228.0,BENGALURU,HYDERABAD,False,False,87276.0,99952.0
2018-07-01,BENGALURU – KOLKATA,170053.0,BENGALURU,KOLKATA,False,False,88473.0,81580.0
2018-07-01,AHMEDABAD – MUMBAI,183717.0,AHMEDABAD,MUMBAI,False,False,91280.0,92437.0
2018-07-01,DELHI – SRINAGAR,152354.0,DELHI,SRINAGAR,False,False,74441.0,77913.0
2018-07-01,BENGALURU – PUNE,140822.0,BENGALURU,PUNE,False,False,69223.0,71599.0
2018-07-01,DELHI – GUWAHATI,105414.0,DELHI,GUWAHATI,False,False,48945.0,56469.0
2018-07-01,DELHI – PATNA,178932.0,DELHI,PATNA,False,False,84905.0,94027.0
2018-07-01,BENGALURU – CHENNAI,116010.0,BENGALURU,CHENNAI,False,False,56228.0,59782.0
2018-07-01,DELHI – LUCKNOW,152492.0,DELHI,LUCKNOW,False,False,74943.0,77549.0
2018-07-01,CHENNAI – HYDERABAD,122712.0,CHENNAI,HYDERABAD,False,False,60680.0,62032.0
2018-07-01,BENGALURU – KOCHI,98499.0,BENGALURU,KOCHI,False,False,54197.0,44302.0
2018-07-01,KOCHI – MUMBAI,113601.0,KOCHI,MUMBAI,False,False,53857.0,59744.0
2018-07-01,BAGDOGRA – DELHI,96488.0,BAGDOGRA,DELHI,False,False,46361.0,50127.0
2018-07-01,BHUBANESWAR – DELHI,99619.0,BHUBANESWAR,DELHI,False,False,50261.0,49358.0
2018-07-01,AHMEDABAD – BENGALURU,102776.0,AHMEDABAD,BENGALURU,False,False,52531.0,50245.0
2018-07-01,JAIPUR – MUMBAI,90552.0,JAIPUR,MUMBAI,False,False,45079.0,45473.0
2018-07-01,CHENNAI – KOLKATA,108990.0,CHENNAI,KOLKATA,False,False,53305.0,55685.0
2018-07-01,DELHI – INDORE,64174.0,DELHI,INDORE,False,False,31660.0,32514.0
2018-07-01,AMRITSAR – DELHI,89602.0,AMRITSAR,DELHI,False,False,44172.0,45430.0
2018-07-01,HYDERABAD – VISAKHAPATNAM,76889.0,HYDERABAD,VISAKHAPATNAM,False,False,37796.0,39093.0
2018-07-01,HYDERABAD – KOLKATA,90725.0,HYDERABAD,KOLKATA,False,False,44037.0,46688.0
2018-07-01,DELHI – VARANASI,81864.0,DELHI,VARANASI,False,False,40101.0,41763.0
2018-07-01,GUWAHATI – KOLKATA,120727.0,GUWAHATI,KOLKATA,False,False,59235.0,61492.0
2018-07-01,LUCKNOW – MUMBAI,66595.0,LUCKNOW,MUMBAI,False,False,33167.0,33428.0
2018-07-01,DELHI – KOCHI,86526.0,DELHI,KOCHI,False,False,44025.0,42501.0
2018-07-01,MUMBAI – VARANASI,42698.0,MUMBAI,VARANASI,False,False,20833.0,21865.0
2018-07-01,DELHI – RANCHI,102954.0,DELHI,RANCHI,False,False,55745.0,47209.0
2018-07-01,CHANDIGARH – DELHI,54932.0,CHANDIGARH,DELHI,False,False,26639.0,28293.0
2018-07-01,CHENNAI – COIMBATORE,82067.0,CHENNAI,COIMBATORE,False,False,41498.0,40569.0
2018-07-01,DELHI – RAIPUR,63703.0,DELHI,RAIPUR,False,False,31777.0,31926.0
2018-07-01,AGARTALA – KOLKATA,94908.0,AGARTALA,KOLKATA,False,False,47919.0,46989.0
2018-07-01,BENGALURU – MANGALURU,50968.0,BENGALURU,MANGALURU,False,False,25901.0,25067.0
2018-07-01,DELHI – LEH,73952.0,DELHI,LEH,False,False,36359.0,37593.0
2018-07-01,BENGALURU – BHUBANESWAR,61032.0,BENGALURU,BHUBANESWAR,False,False,26423.0,34609.0
2018-07-01,BENGALURU – VARANASI,13198.0,BENGALURU,VARANASI,False,False,6046.0,7152.0
2018-07-01,BENGALURU – LUCKNOW,44724.0,BENGALURU,LUCKNOW,False,False,22008.0,22716.0
2018-07-01,CHENNAI – PUNE,89129.0,CHENNAI,PUNE,False,False,44483.0,44646.0
2018-07-01,MUMBAI – NAGPUR,63840.0,MUMBAI,NAGPUR,False,False,31512.0,32328.0
2018-07-01,INDORE – MUMBAI,62321.0,INDORE,MUMBAI,False,False,31493.0,30828.0
2018-07-01,DELHI – NAGPUR,51912.0,DELHI,NAGPUR,False,False,26547.0,25365.0
2018-07-01,BENGALURU – GUWAHATI,48400.0,BENGALURU,GUWAHATI,False,False,25575.0,22825.0
2018-07-01,HYDERABAD – KOCHI,58407.0,HYDERABAD,KOCHI,False,False,37203.0,21204.0
2018-07-01,BENGALURU – JAIPUR,40764.0,BENGALURU,JAIPUR,False,False,21965.0,18799.0
2018-07-01,HYDERABAD – PUNE,51849.0,HYDERABAD,PUNE,False,False,26355.0,25494.0
2018-07-01,BENGALURU – THIRUVANANTHAPURAM,63301.0,BENGALURU,THIRUVANANTHAPURAM,False,False,32025.0,31276.0
2018-07-01,DELHI – UDAIPUR,33436.0,DELHI,UDAIPUR,False,False,17096.0,16340.0
2018-07-01,DELHI – JAMMU,47962.0,DELHI,JAMMU,False,False,23921.0,24041.0
2018-07-01,CHENNAI – KOCHI,54134.0,CHENNAI,KOCHI,False,False,27383.0,26751.0
2018-07-01,HYDERABAD – TIRUPATI,57519.0,HYDERABAD,TIRUPATI,False,False,28463.0,29056.0
2018-08-01,DELHI – MUMBAI,611573.0,DELHI,MUMBAI,False,False,303035.0,308538.0
2018-08-01,BENGALURU – DELHI,407016.0,BENGALURU,DELHI,False,False,204488.0,202528.0
2018-08-01,BENGALURU – MUMBAI,342649.0,BENGALURU,MUMBAI,False,False,171549.0,171100.0
2018-08-01,DELHI – HYDERABAD,253392.0,DELHI,HYDERABAD,False,False,123963.0,129429.0
2018-08-01,DELHI – KOLKATA,271641.0,DELHI,KOLKATA,False,False,138672.0,132969.0
2018-08-01,DELHI – PUNE,228512.0,DELHI,PUNE,False,False,113386.0,115126.0
2018-08-01,AHMEDABAD – DELHI,205621.0,AHMEDABAD,DELHI,False,False,105422.0,100199.0
2018-08-01,CHENNAI – MUMBAI,200561.0,CHENNAI,MUMBAI,False,False,101055.0,99506.0
2018-08-01,KOLKATA – MUMBAI,161861.0,KOLKATA,MUMBAI,False,False,76190.0,85671.0
2018-08-01,HYDERABAD – MUMBAI,191019.0,HYDERABAD,MUMBAI,False,False,95773.0,95246.0
2018-08-01,CHENNAI – DELHI,237053.0,CHENNAI,DELHI,False,False,122483.0,114570.0
2018-08-01,BENGALURU – HYDERABAD,192635.0,BENGALURU,HYDERABAD,False,False,96426.0,96209.0
2018-08-01,BENGALURU – KOLKATA,141734.0,BENGALURU,KOLKATA,False,False,73331.0,68403.0
2018-08-01,AHMEDABAD – MUMBAI,176416.0,AHMEDABAD,MUMBAI,False,False,90022.0,86394.0
2018-08-01,DELHI – SRINAGAR,137110.0,DELHI,SRINAGAR,False,False,67653.0,69457.0
2018-08-01,BENGALURU – PUNE,152098.0,BENGALURU,PUNE,False,False,74914.0,77184.0
2018-08-01,DELHI – GUWAHATI,118886.0,DELHI,GUWAHATI,False,False,58283.0,60603.0
2018-08-01,DELHI – PATNA,172686.0,DELHI,PATNA,False,False,87854.0,84832.0
2018-08-01,BENGALURU – CHENNAI,113292.0,BENGALURU,CHENNAI,False,False,55210.0,58082.0
2018-08-01,DELHI – LUCKNOW,153230.0,DELHI,LUCKNOW,False,False,77403.0,75827.0
2018-08-01,CHENNAI – HYDERABAD,109915.0,CHENNAI,HYDERABAD,False,False,56022.0,53893.0
2018-08-01,BENGALURU – KOCHI,62349.0,BENGALURU,KOCHI,False,False,31099.0,31250.0
2018-08-01,KOCHI – MUMBAI,60230.0,KOCHI,MUMBAI,False,False,30180.0,30050.0
2018-08-01,BAGDOGRA – DELHI,96050.0,BAGDOGRA,DELHI,False,False,46713.0,49337.0
2018-08-01,BHUBANESWAR – DELHI,91553.0,BHUBANESWAR,DELHI,False,False,44993.0,46560.0
2018-08-01,AHMEDABAD – BENGALURU,99101.0,AHMEDABAD,BENGALURU,False,False,50232.0,48869.0
2018-08-01,JAIPUR – MUMBAI,87111.0,JAIPUR,MUMBAI,False,False,42826.0,44285.0
2018-08-01,CHENNAI – KOLKATA,108893.0,CHENNAI,KOLKATA,False,False,55701.0,53192.0
2018-08-01,DELHI – INDORE,61645.0,DELHI,INDORE,False,False,29820.0,31825.0
2018-08-01,AMRITSAR – DELHI,85883.0,AMRITSAR,DELHI,False,False,41900.0,43983.0
2018-08-01,HYDERABAD – VISAKHAPATNAM,73944.0,HYDERABAD,VISAKHAPATNAM,False,False,36069.0,37875.0
2018-08-01,HYDERABAD – KOLKATA,84041.0,HYDERABAD,KOLKATA,False,False,43708.0,40333.0
2018-08-01,DELHI – VARANASI,79732.0,DELHI,VARANASI,False,False,40190.0,39542.0
2018-08-01,GUWAHATI – KOLKATA,108468.0,GUWAHATI,KOLKATA,False,False,53396.0,55072.0
2018-08-01,LUCKNOW – MUMBAI,62662.0,LUCKNOW,MUMBAI,False,False,30008.0,32654.0
2018-08-01,DELHI – KOCHI,45936.0,DELHI,KOCHI,False,False,23806.0,22130.0
2018-08-01,MUMBAI – VARANASI,40829.0,MUMBAI,VARANASI,False,False,21054.0,19775.0
2018-08-01,DELHI – RANCHI,85095.0,DELHI,RANCHI,False,False,44298.0,40797.0
2018-08-01,CHANDIGARH – DELHI,52804.0,CHANDIGARH,DELHI,False,False,26326.0,26478.0
2018-08-01,CHENNAI – COIMBATORE,80385.0,CHENNAI,COIMBATORE,False,False,40433.0,39952.0
2018-08-01,DELHI – RAIPUR,60278.0,DELHI,RAIPUR,False,False,30545.0,29733.0
2018-08-01,AGARTALA – KOLKATA,89232.0,AGARTALA,KOLKATA,False,False,47238.0,41994.0
2018-08-01,BENGALURU – MANGALURU,52487.0,BENGALURU,MANGALURU,False,False,26509.0,25978.0
2018-08-01,DELHI – LEH,69681.0,DELHI,LEH,False,False,33608.0,36073.0
2018-08-01,BENGALURU – BHUBANESWAR,55906.0,BENGALURU,BHUBANESWAR,False,False,29399.0,26507.0
2018-08-01,BENGALURU – VARANASI,12933.0,BENGALURU,VARANASI,False,False,6812.0,6121.0
2018-08-01,BENGALURU – LUCKNOW,52972.0,BENGALURU,LUCKNOW,False,False,26909.0,26063.0
2018-08-01,CHENNAI – PUNE,88220.0,CHENNAI,PUNE,False,False,43931.0,44289.0
2018-08-01,MUMBAI – NAGPUR,68510.0,MUMBAI,NAGPUR,False,False,34427.0,34083.0
2018-08-01,INDORE – MUMBAI,55375.0,INDORE,MUMBAI,False,False,28274.0,27101.0
2018-08-01,DELHI – NAGPUR,46887.0,DELHI,NAGPUR,False,False,23612.0,23275.0
2018-08-01,BENGALURU – GUWAHATI,38273.0,BENGALURU,GUWAHATI,False,False,18881.0,19392.0
2018-08-01,HYDERABAD – KOCHI,16121.0,HYDERABAD,KOCHI,False,False,8515.0,7606.0
2018-08-01,BENGALURU – JAIPUR,60360.0,BENGALURU,JAIPUR,False,False,31619.0,28741.0
2018-08-01,HYDERABAD – PUNE,49092.0,HYDERABAD,PUNE,False,False,24376.0,24716.0
2018-08-01,BENGALURU – THIRUVANANTHAPURAM,65349.0,BENGALURU,THIRUVANANTHAPURAM,False,False,32696.0,32653.0
2018-08-01,DELHI – UDAIPUR,37508.0,DELHI,UDAIPUR,False,False,19102.0,18406.0
2018-08-01,DELHI – JAMMU,51879.0,DELHI,JAMMU,False,False,26884.0,24995.0
2018-08-01,CHENNAI – KOCHI,26495.0,CHENNAI,KOCHI,False,False,13442.0,13053.0
2018-08-01,HYDERABAD – TIRUPATI,56176.0,HYDERABAD,TIRUPATI,False,False,27523.0,28653.0
2018-09-01,DELHI – MUMBAI,589913.0,DELHI,MUMBAI,False,False,295823.0,294090.0
2018-09-01,BENGALURU – DELHI,371355.0,BENGALURU,DELHI,False,False,188373.0,182982.0
2018-09-01,BENGALURU – MUMBAI,326383.0,BENGALURU,MUMBAI,False,False,166269.0,160114.0
2018-09-01,DELHI – HYDERABAD,237322.0,DELHI,HYDERABAD,False,False,115179.0,122143.0
2018-09-01,DELHI – KOLKATA,263908.0,DELHI,KOLKATA,False,False,133951.0,129957.0
2018-09-01,DELHI – PUNE,223362.0,DELHI,PUNE,False,False,112006.0,111356.0
2018-09-01,AHMEDABAD – DELHI,203150.0,AHMEDABAD,DELHI,False,False,102068.0,101082.0
2018-09-01,CHENNAI – MUMBAI,186735.0,CHENNAI,MUMBAI,False,False,96756.0,89979.0
2018-09-01,KOLKATA – MUMBAI,151194.0,KOLKATA,MUMBAI,False,False,73246.0,77948.0
2018-09-01,HYDERABAD – MUMBAI,173453.0,HYDERABAD,MUMBAI,False,False,88112.0,85341.0
2018-09-01,CHENNAI – DELHI,234239.0,CHENNAI,DELHI,False,False,124046.0,110193.0
2018-09-01,BENGALURU – HYDERABAD,193966.0,BENGALURU,HYDERABAD,False,False,97477.0,96489.0
2018-09-01,BENGALURU – KOLKATA,137584.0,BENGALURU,KOLKATA,False,False,70421.0,67163.0
2018-09-01,AHMEDABAD – MUMBAI,179265.0,AHMEDABAD,MUMBAI,False,False,89159.0,90106.0
2018-09-01,DELHI – SRINAGAR,134277.0,DELHI,SRINAGAR,False,False,66355.0,67922.0
2018-09-01,BENGALURU – PUNE,147161.0,BENGALURU,PUNE,False,False,72868.0,74293.0
2018-09-01,DELHI – GUWAHATI,121527.0,DELHI,GUWAHATI,False,False,61219.0,60308.0
2018-09-01,DELHI – PATNA,172924.0,DELHI,PATNA,False,False,85863.0,87061.0
2018-09-01,BENGALURU – CHENNAI,116345.0,BENGALURU,CHENNAI,False,False,54931.0,61414.0
2018-09-01,DELHI – LUCKNOW,140723.0,DELHI,LUCKNOW,False,False,70614.0,70109.0
2018-09-01,CHENNAI – HYDERABAD,109085.0,CHENNAI,HYDERABAD,False,False,54606.0,54479.0
2018-09-01,BENGALURU – KOCHI,100468.0,BENGALURU,KOCHI,False,False,48937.0,51531.0
2018-09-01,KOCHI – MUMBAI,108084.0,KOCHI,MUMBAI,False,False,59159.0,48925.0
2018-09-01,BAGDOGRA – DELHI,97078.0,BAGDOGRA,DELHI,False,False,47208.0,49870.0
2018-09-01,BHUBANESWAR – DELHI,92304.0,BHUBANESWAR,DELHI,False,False,45997.0,46307.0
2018-09-01,AHMEDABAD – BENGALURU,93853.0,AHMEDABAD,BENGALURU,False,False,46812.0,47041.0
2018-09-01,JAIPUR – MUMBAI,81602.0,JAIPUR,MUMBAI,False,False,40885.0,40717.0
2018-09-01,CHENNAI – KOLKATA,113707.0,CHENNAI,KOLKATA,False,False,56704.0,57003.0
2018-09-01,DELHI – INDORE,63694.0,DELHI,INDORE,False,False,31268.0,32426.0
2018-09-01,AMRITSAR – DELHI,84627.0,AMRITSAR,DELHI,False,False,41074.0,43553.0
2018-09-01,HYDERABAD – VISAKHAPATNAM,67404.0,HYDERABAD,VISAKHAPATNAM,False,False,31957.0,35447.0
2018-09-01,HYDERABAD – KOLKATA,80410.0,HYDERABAD,KOLKATA,False,False,42000.0,38410.0
2018-09-01,DELHI – VARANASI,76694.0,DELHI,VARANASI,False,False,38611.0,38083.0
2018-09-01,GUWAHATI – KOLKATA,111236.0,GUWAHATI,KOLKATA,False,False,54229.0,57007.0
2018-09-01,LUCKNOW – MUMBAI,65872.0,LUCKNOW,MUMBAI,False,False,32400.0,33472.0
2018-09-01,DELHI – KOCHI,80151.0,DELHI,KOCHI,False,False,37428.0,42723.0
2018-09-01,MUMBAI – VARANASI,41384.0,MUMBAI,VARANASI,False,False,21021.0,20363.0
2018-09-01,DELHI – RANCHI,85956.0,DELHI,RANCHI,False,False,44173.0,41783.0
2018-09-01,CHANDIGARH – DELHI,53801.0,CHANDIGARH,DELHI,False,False,26495.0,27306.0
2018-09-01,CHENNAI – COIMBATORE,81076.0,CHENNAI,COIMBATORE,False,False,40557.0,40519.0
2018-09-01,DELHI – RAIPUR,60483.0,DELHI,RAIPUR,False,False,30375.0,30108.0
2018-09-01,AGARTALA – KOLKATA,71630.0,AGARTALA,KOLKATA,False,False,37212.0,34418.0
2018-09-01,BENGALURU – MANGALURU,50774.0,BENGALURU,MANGALURU,False,False,25168.0,25606.0
2018-09-01,DELHI – LEH,68011.0,DELHI,LEH,False,False,33148.0,34863.0
2018-09-01,BENGALURU – BHUBANESWAR,54064.0,BENGALURU,BHUBANESWAR,False,False,28248.0,25816.0
2018-09-01,BENGALURU – VARANASI,13454.0,BENGALURU,VARANASI,False,False,7622.0,5832.0
2018-09-01,BENGALURU – LUCKNOW,48113.0,BENGALURU,LUCKNOW,False,False,24686.0,23427.0
2018-09-01,CHENNAI – PUNE,87925.0,CHENNAI,PUNE,False,False,45229.0,42696.0
2018-09-01,MUMBAI – NAGPUR,67477.0,MUMBAI,NAGPUR,False,False,33459.0,34018.0
2018-09-01,INDORE – MUMBAI,58319.0,INDORE,MUMBAI,False,False,28811.0,29508.0
2018-09-01,DELHI – NAGPUR,46273.0,DELHI,NAGPUR,False,False,22908.0,23365.0
2018-09-01,BENGALURU – GUWAHATI,35499.0,BENGALURU,GUWAHATI,False,False,18207.0,17292.0
2018-09-01,HYDERABAD – KOCHI,35236.0,HYDERABAD,KOCHI,False,False,17944.0,17292.0
2018-09-01,BENGALURU – JAIPUR,52402.0,BENGALURU,JAIPUR,False,False,27962.0,24440.0
2018-09-01,HYDERABAD – PUNE,48080.0,HYDERABAD,PUNE,False,False,24450.0,23630.0
2018-09-01,BENGALURU – THIRUVANANTHAPURAM,45777.0,BENGALURU,THIRUVANANTHAPURAM,False,False,22684.0,23093.0
2018-09-01,DELHI – UDAIPUR,36524.0,DELHI,UDAIPUR,False,False,18557.0,17967.0
2018-09-01,DELHI – JAMMU,48686.0,DELHI,JAMMU,False,False,25611.0,23075.0
2018-09-01,CHENNAI – KOCHI,62347.0,CHENNAI,KOCHI,False,False,32148.0,30199.0
2018-09-01,HYDERABAD – TIRUPATI,54781.0,HYDERABAD,TIRUPATI,False,False,26935.0,27846.0
2018-10-01,DELHI – MUMBAI,564478.0,DELHI,MUMBAI,False,False,271469.0,293009.0
2018-10-01,BENGALURU – DELHI,383137.0,BENGALURU,DELHI,False,False,197728.0,185409.0
2018-10-01,BENGALURU – MUMBAI,318990.0,BENGALURU,MUMBAI,False,False,160842.0,158148.0
2018-10-01,DELHI – HYDERABAD,227430.0,DELHI,HYDERABAD,False,False,111629.0,115801.0
2018-10-01,DELHI – KOLKATA,296262.0,DELHI,KOLKATA,False,False,149868.0,146394.0
2018-10-01,DELHI – PUNE,231846.0,DELHI,PUNE,False,False,112397.0,119449.0
2018-10-01,AHMEDABAD – DELHI,193805.0,AHMEDABAD,DELHI,False,False,99188.0,94617.0
2018-10-01,CHENNAI – MUMBAI,174477.0,CHENNAI,MUMBAI,False,False,87284.0,87193.0
2018-10-01,KOLKATA – MUMBAI,160253.0,KOLKATA,MUMBAI,False,False,74960.0,85293.0
2018-10-01,HYDERABAD – MUMBAI,173249.0,HYDERABAD,MUMBAI,False,False,83572.0,89677.0
2018-10-01,CHENNAI – DELHI,230511.0,CHENNAI,DELHI,False,False,117641.0,112870.0
2018-10-01,BENGALURU – HYDERABAD,214674.0,BENGALURU,HYDERABAD,False,False,110343.0,104331.0
2018-10-01,BENGALURU – KOLKATA,146894.0,BENGALURU,KOLKATA,False,False,77305.0,69589.0
2018-10-01,AHMEDABAD – MUMBAI,174139.0,AHMEDABAD,MUMBAI,False,False,86071.0,88068.0
2018-10-01,DELHI – SRINAGAR,128572.0,DELHI,SRINAGAR,False,False,59362.0,69210.0
2018-10-01,BENGALURU – PUNE,152331.0,BENGALURU,PUNE,False,False,75249.0,77082.0
2018-10-01,DELHI – GUWAHATI,145291.0,DELHI,GUWAHATI,False,False,72041.0,73250.0
2018-10-01,DELHI – PATNA,174193.0,DELHI,PATNA,False,False,91318.0,82875.0
2018-10-01,BENGALURU – CHENNAI,119657.0,BENGALURU,CHENNAI,False,False,60954.0,58703.0
2018-10-01,DELHI – LUCKNOW,150849.0,DELHI,LUCKNOW,False,False,80468.0,70381.0
2018-10-01,CHENNAI – HYDERABAD,105131.0,CHENNAI,HYDERABAD,False,False,52939.0,52192.0
2018-10-01,BENGALURU – KOCHI,101579.0,BENGALURU,KOCHI,False,False,52233.0,49346.0
2018-10-01,KOCHI – MUMBAI,92137.0,KOCHI,MUMBAI,False,False,47574.0,44563.0
2018-10-01,BAGDOGRA – DELHI,97503.0,BAGDOGRA,DELHI,False,False,47484.0,50019.0
2018-10-01,BHUBANESWAR – DELHI,92393.0,BHUBANESWAR,DELHI,False,False,45587.0,46806.0
2018-10-01,AHMEDABAD – BENGALURU,97480.0,AHMEDABAD,BENGALURU,False,False,48371.0,49109.0
2018-10-01,JAIPUR – MUMBAI,80932.0,JAIPUR,MUMBAI,False,False,38588.0,42344.0
2018-10-01,CHENNAI – KOLKATA,111171.0,CHENNAI,KOLKATA,False,False,57350.0,53821.0
2018-10-01,DELHI – INDORE,58449.0,DELHI,INDORE,False,False,28533.0,29916.0
2018-10-01,AMRITSAR – DELHI,88415.0,AMRITSAR,DELHI,False,False,42609.0,45806.0
2018-10-01,HYDERABAD – VISAKHAPATNAM,67260.0,HYDERABAD,VISAKHAPATNAM,False,False,33266.0,33994.0
2018-10-01,HYDERABAD – KOLKATA,97283.0,HYDERABAD,KOLKATA,False,False,52911.0,44372.0
2018-10-01,DELHI – VARANASI,77667.0,DELHI,VARANASI,False,False,40473.0,37194.0
2018-10-01,GUWAHATI – KOLKATA,121762.0,GUWAHATI,KOLKATA,False,False,58842.0,62920.0
2018-10-01,LUCKNOW – MUMBAI,61857.0,LUCKNOW,MUMBAI,False,False,28017.0,33840.0
2018-10-01,DELHI – KOCHI,76471.0,DELHI,KOCHI,False,False,36696.0,39775.0
2018-10-01,MUMBAI – VARANASI,41798.0,MUMBAI,VARANASI,False,False,23274.0,18524.0
2018-10-01,DELHI – RANCHI,89286.0,DELHI,RANCHI,False,False,46095.0,43191.0
2018-10-01,CHANDIGARH – DELHI,53561.0,CHANDIGARH,DELHI,False,False,26085.0,27476.0
2018-10-01,CHENNAI – COIMBATORE,79149.0,CHENNAI,COIMBATORE,False,False,39951.0,39198.0
2018-10-01,DELHI – RAIPUR,61803.0,DELHI,RAIPUR,False,False,31145.0,30658.0
2018-10-01,AGARTALA – KOLKATA,72847.0,AGARTALA,KOLKATA,False,False,35333.0,37514.0
2018-10-01,BENGALURU – MANGALURU,45941.0,BENGALURU,MANGALURU,False,False,22888.0,23053.0
2018-10-01,DELHI – LEH,47190.0,DELHI,LEH,False,False,20781.0,26409.0
2018-10-01,BENGALURU – BHUBANESWAR,72584.0,BENGALURU,BHUBANESWAR,False,False,37833.0,34751.0
2018-10-01,BENGALURU – VARANASI,18013.0,BENGALURU,VARANASI,False,False,10350.0,7663.0
2018-10-01,BENGALURU – LUCKNOW,57587.0,BENGALURU,LUCKNOW,False,False,32276.0,25311.0
2018-10-01,CHENNAI – PUNE,86612.0,CHENNAI,PUNE,False,False,42731.0,43881.0
2018-10-01,MUMBAI – NAGPUR,64474.0,MUMBAI,NAGPUR,False,False,33018.0,31456.0
2018-10-01,INDORE – MUMBAI,53226.0,INDORE,MUMBAI,False,False,25754.0,27472.0
2018-10-01,DELHI – NAGPUR,50962.0,DELHI,NAGPUR,False,False,25350.0,25612.0
2018-10-01,BENGALURU – GUWAHATI,42667.0,BENGALURU,GUWAHATI,False,False,23121.0,19546.0
2018-10-01,HYDERABAD – KOCHI,41686.0,HYDERABAD,KOCHI,False,False,21675.0,20011.0
2018-10-01,BENGALURU – JAIPUR,57098.0,BENGALURU,JAIPUR,False,False,31133.0,25965.0
2018-10-01,HYDERABAD – PUNE,42841.0,HYDERABAD,PUNE,False,False,20960.0,21881.0
2018-10-01,BENGALURU – THIRUVANANTHAPURAM,42953.0,BENGALURU,THIRUVANANTHAPURAM,False,False,22501.0,20452.0
2018-10-01,DELHI – UDAIPUR,36288.0,DELHI,UDAIPUR,False,False,17625.0,18663.0
2018-10-01,DELHI – JAMMU,49784.0,DELHI,JAMMU,False,False,26943.0,22841.0
2018-10-01,CHENNAI – KOCHI,58505.0,CHENNAI,KOCHI,False,False,28715.0,29790.0
2018-10-01,HYDERABAD – TIRUPATI,48876.0,HYDERABAD,TIRUPATI,False,False,23884.0,24992.0
2018-11-01,DELHI – MUMBAI,553450.0,DELHI,MUMBAI,False,False,274394.0,279056.0
2018-11-01,BENGALURU – DELHI,352630.0,BENGALURU,DELHI,False,False,174273.0,178357.0
2018-11-01,BENGALURU – MUMBAI,296370.0,BENGALURU,MUMBAI,False,False,146481.0,149889.0
2018-11-01,DELHI – HYDERABAD,211959.0,DELHI,HYDERABAD,False,False,108528.0,103431.0
2018-11-01,DELHI – KOLKATA,271625.0,DELHI,KOLKATA,False,False,140978.0,130647.0
2018-11-01,DELHI – PUNE,218012.0,DELHI,PUNE,False,False,109073.0,108939.0
2018-11-01,AHMEDABAD – DELHI,185978.0,AHMEDABAD,DELHI,False,False,93874.0,92104.0
2018-11-01,CHENNAI – MUMBAI,177692.0,CHENNAI,MUMBAI,False,False,88709.0,88983.0
2018-11-01,KOLKATA – MUMBAI,165339.0,KOLKATA,MUMBAI,False,False,79280.0,86059.0
2018-11-01,HYDERABAD – MUMBAI,169591.0,HYDERABAD,MUMBAI,False,False,82606.0,86985.0
2018-11-01,CHENNAI – DELHI,200489.0,CHENNAI,DELHI,False,False,99570.0,100919.0
2018-11-01,BENGALURU – HYDERABAD,207667.0,BENGALURU,HYDERABAD,False,False,103123.0,104544.0
2018-11-01,BENGALURU – KOLKATA,137388.0,BENGALURU,KOLKATA,False,False,69530.0,67858.0
2018-11-01,AHMEDABAD – MUMBAI,182975.0,AHMEDABAD,MUMBAI,False,False,90769.0,92206.0
2018-11-01,DELHI – SRINAGAR,113624.0,DELHI,SRINAGAR,False,False,56206.0,57418.0
2018-11-01,BENGALURU – PUNE,164251.0,BENGALURU,PUNE,False,False,80297.0,83954.0
2018-11-01,DELHI – GUWAHATI,137835.0,DELHI,GUWAHATI,False,False,69514.0,68321.0
2018-11-01,DELHI – PATNA,146366.0,DELHI,PATNA,False,False,74609.0,71757.0
2018-11-01,BENGALURU – CHENNAI,111615.0,BENGALURU,CHENNAI,False,False,54955.0,56660.0
2018-11-01,DELHI – LUCKNOW,136534.0,DELHI,LUCKNOW,False,False,71966.0,64568.0
2018-11-01,CHENNAI – HYDERABAD,92660.0,CHENNAI,HYDERABAD,False,False,46414.0,46246.0
2018-11-01,BENGALURU – KOCHI,104575.0,BENGALURU,KOCHI,False,False,53291.0,51284.0
2018-11-01,KOCHI – MUMBAI,102738.0,KOCHI,MUMBAI,False,False,52141.0,50597.0
2018-11-01,BAGDOGRA – DELHI,103818.0,BAGDOGRA,DELHI,False,False,50479.0,53339.0
2018-11-01,BHUBANESWAR – DELHI,81266.0,BHUBANESWAR,DELHI,False,False,38433.0,42833.0
2018-11-01,AHMEDABAD – BENGALURU,100822.0,AHMEDABAD,BENGALURU,False,False,50244.0,50578.0
2018-11-01,JAIPUR – MUMBAI,78496.0,JAIPUR,MUMBAI,False,False,38814.0,39682.0
2018-11-01,CHENNAI – KOLKATA,103101.0,CHENNAI,KOLKATA,False,False,53123.0,49978.0
2018-11-01,DELHI – INDORE,55830.0,DELHI,INDORE,False,False,28380.0,27450.0
2018-11-01,AMRITSAR – DELHI,80216.0,AMRITSAR,DELHI,False,False,39426.0,40790.0
2018-11-01,HYDERABAD – VISAKHAPATNAM,54802.0,HYDERABAD,VISAKHAPATNAM,False,False,26559.0,28243.0
2018-11-01,HYDERABAD – KOLKATA,91736.0,HYDERABAD,KOLKATA,False,False,48288.0,43448.0
2018-11-01,DELHI – VARANASI,80088.0,DELHI,VARANASI,False,False,41591.0,38497.0
2018-11-01,GUWAHATI – KOLKATA,111669.0,GUWAHATI,KOLKATA,False,False,55478.0,56191.0
2018-11-01,LUCKNOW – MUMBAI,57246.0,LUCKNOW,MUMBAI,False,False,26681.0,30565.0
2018-11-01,DELHI – KOCHI,69442.0,DELHI,KOCHI,False,False,36791.0,32651.0
2018-11-01,MUMBAI – VARANASI,44855.0,MUMBAI,VARANASI,False,False,23440.0,21415.0
2018-11-01,DELHI – RANCHI,83247.0,DELHI,RANCHI,False,False,42499.0,40748.0
2018-11-01,CHANDIGARH – DELHI,46900.0,CHANDIGARH,DELHI,False,False,23216.0,23684.0
2018-11-01,CHENNAI – COIMBATORE,84985.0,CHENNAI,COIMBATORE,False,False,44634.0,40351.0
2018-11-01,DELHI – RAIPUR,48814.0,DELHI,RAIPUR,False,False,25007.0,23807.0
2018-11-01,AGARTALA – KOLKATA,66847.0,AGARTALA,KOLKATA,False,False,35357.0,31490.0
2018-11-01,BENGALURU – MANGALURU,39053.0,BENGALURU,MANGALURU,False,False,19441.0,19612.0
2018-11-01,DELHI – LEH,30997.0,DELHI,LEH,False,False,10805.0,20192.0
2018-11-01,BENGALURU – BHUBANESWAR,69323.0,BENGALURU,BHUBANESWAR,False,False,34417.0,34906.0
2018-11-01,BENGALURU – VARANASI,26454.0,BENGALURU,VARANASI,False,False,12738.0,13716.0
2018-11-01,BENGALURU – LUCKNOW,48461.0,BENGALURU,LUCKNOW,False,False,23943.0,24518.0
2018-11-01,CHENNAI – PUNE,79823.0,CHENNAI,PUNE,False,False,39706.0,40117.0
2018-11-01,MUMBAI – NAGPUR,64538.0,MUMBAI,NAGPUR,False,False,32490.0,32048.0
2018-11-01,INDORE – MUMBAI,53135.0,INDORE,MUMBAI,False,False,25884.0,27251.0
2018-11-01,DELHI – NAGPUR,48357.0,DELHI,NAGPUR,False,False,25411.0,22946.0
2018-11-01,BENGALURU – GUWAHATI,37639.0,BENGALURU,GUWAHATI,False,False,19680.0,17959.0
2018-11-01,HYDERABAD – KOCHI,44212.0,HYDERABAD,KOCHI,False,False,24366.0,19846.0
2018-11-01,BENGALURU – JAIPUR,50520.0,BENGALURU,JAIPUR,False,False,26303.0,24217.0
2018-11-01,HYDERABAD – PUNE,32511.0,HYDERABAD,PUNE,False,False,17402.0,15109.0
2018-11-01,BENGALURU – THIRUVANANTHAPURAM,40775.0,BENGALURU,THIRUVANANTHAPURAM,False,False,20992.0,19783.0
2018-11-01,DELHI – UDAIPUR,37833.0,DELHI,UDAIPUR,False,False,18917.0,18916.0
2018-11-01,DELHI – JAMMU,46150.0,DELHI,JAMMU,False,False,26799.0,19351.0
2018-11-01,CHENNAI – KOCHI,52710.0,CHENNAI,KOCHI,False,False,28007.0,24703.0
2018-11-01,HYDERABAD – TIRUPATI,51109.0,HYDERABAD,TIRUPATI,False,False,25759.0,25350.0
2018-12-01,DELHI – MUMBAI,599620.0,DELHI,MUMBAI,False,False,311187.0,288433.0
2018-12-01,BENGALURU – DELHI,379222.0,BENGALURU,DELHI,False,False,185664.0,193558.0
2018-12-01,BENGALURU – MUMBAI,323632.0,BENGALURU,MUMBAI,False,False,162026.0,161606.0
2018-12-01,DELHI – HYDERABAD,233359.0,DELHI,HYDERABAD,False,False,120858.0,112501.0
2018-12-01,DELHI – KOLKATA,281800.0,DELHI,KOLKATA,False,False,144971.0,136829.0
2018-12-01,DELHI – PUNE,229148.0,DELHI,PUNE,False,False,116797.0,112351.0
2018-12-01,AHMEDABAD – DELHI,207992.0,AHMEDABAD,DELHI,False,False,100444.0,107548.0
2018-12-01,CHENNAI – MUMBAI,196052.0,CHENNAI,MUMBAI,False,False,97720.0,98332.0
2018-12-01,KOLKATA – MUMBAI,176260.0,KOLKATA,MUMBAI,False,False,87045.0,89215.0
2018-12-01,HYDERABAD – MUMBAI,186321.0,HYDERABAD,MUMBAI,False,False,92591.0,93730.0
2018-12-01,CHENNAI – DELHI,225595.0,CHENNAI,DELHI,False,False,107915.0,117680.0
2018-12-01,BENGALURU – HYDERABAD,226726.0,BENGALURU,HYDERABAD,False,False,113446.0,113280.0
2018-12-01,BENGALURU – KOLKATA,151379.0,BENGALURU,KOLKATA,False,False,79081.0,72298.0
2018-12-01,AHMEDABAD – MUMBAI,190986.0,AHMEDABAD,MUMBAI,False,False,95661.0,95325.0
2018-12-01,DELHI – SRINAGAR,122774.0,DELHI,SRINAGAR,False,False,59720.0,63054.0
2018-12-01,BENGALURU – PUNE,169395.0,BENGALURU,PUNE,False,False,83304.0,86091.0
2018-12-01,DELHI – GUWAHATI,150588.0,DELHI,GUWAHATI,False,False,76182.0,74406.0
2018-12-01,DELHI – PATNA,139055.0,DELHI,PATNA,False,False,68794.0,70261.0
2018-12-01,BENGALURU – CHENNAI,122945.0,BENGALURU,CHENNAI,False,False,62359.0,60586.0
2018-12-01,DELHI – LUCKNOW,143296.0,DELHI,LUCKNOW,False,False,72245.0,71051.0
2018-12-01,CHENNAI – HYDERABAD,109615.0,CHENNAI,HYDERABAD,False,False,55213.0,54402.0
2018-12-01,BENGALURU – KOCHI,118345.0,BENGALURU,KOCHI,False,False,62330.0,56015.0
2018-12-01,KOCHI – MUMBAI,110716.0,KOCHI,MUMBAI,False,False,54258.0,56458.0
2018-12-01,BAGDOGRA – DELHI,100117.0,BAGDOGRA,DELHI,False,False,49279.0,50838.0
2018-12-01,BHUBANESWAR – DELHI,89417.0,BHUBANESWAR,DELHI,False,False,42225.0,47192.0
2018-12-01,AHMEDABAD – BENGALURU,102281.0,AHMEDABAD,BENGALURU,False,False,51309.0,50972.0
2018-12-01,JAIPUR – MUMBAI,86308.0,JAIPUR,MUMBAI,False,False,43633.0,42675.0
2018-12-01,CHENNAI – KOLKATA,112020.0,CHENNAI,KOLKATA,False,False,56642.0,55378.0
2018-12-01,DELHI – INDORE,64834.0,DELHI,INDORE,False,False,33060.0,31774.0
2018-12-01,AMRITSAR – DELHI,91603.0,AMRITSAR,DELHI,False,False,44981.0,46622.0
2018-12-01,HYDERABAD – VISAKHAPATNAM,70221.0,HYDERABAD,VISAKHAPATNAM,False,False,35911.0,34310.0
2018-12-01,HYDERABAD – KOLKATA,94762.0,HYDERABAD,KOLKATA,False,False,46839.0,47923.0
2018-12-01,DELHI – VARANASI,86338.0,DELHI,VARANASI,False,False,43737.0,42601.0
2018-12-01,GUWAHATI – KOLKATA,120510.0,GUWAHATI,KOLKATA,False,False,58711.0,61799.0
2018-12-01,LUCKNOW – MUMBAI,66318.0,LUCKNOW,MUMBAI,False,False,34461.0,31857.0
2018-12-01,DELHI – KOCHI,77221.0,DELHI,KOCHI,False,False,41927.0,35294.0
2018-12-01,MUMBAI – VARANASI,37793.0,MUMBAI,VARANASI,False,False,18870.0,18923.0
2018-12-01,DELHI – RANCHI,103608.0,DELHI,RANCHI,False,False,54283.0,49325.0
2018-12-01,CHANDIGARH – DELHI,39313.0,CHANDIGARH,DELHI,False,False,19631.0,19682.0
2018-12-01,CHENNAI – COIMBATORE,85041.0,CHENNAI,COIMBATORE,False,False,44839.0,40202.0
2018-12-01,DELHI – RAIPUR,58381.0,DELHI,RAIPUR,False,False,30103.0,28278.0
2018-12-01,AGARTALA – KOLKATA,65338.0,AGARTALA,KOLKATA,False,False,31925.0,33413.0
2018-12-01,BENGALURU – MANGALURU,38102.0,BENGALURU,MANGALURU,False,False,18993.0,19109.0
2018-12-01,DELHI – LEH,32389.0,DELHI,LEH,False,False,10344.0,22045.0
2018-12-01,BENGALURU – BHUBANESWAR,87586.0,BENGALURU,BHUBANESWAR,False,False,44179.0,43407.0
2018-12-01,BENGALURU – VARANASI,19740.0,BENGALURU,VARANASI,False,False,9677.0,10063.0
2018-12-01,BENGALURU – LUCKNOW,59715.0,BENGALURU,LUCKNOW,False,False,29006.0,30709.0
2018-12-01,CHENNAI – PUNE,86301.0,CHENNAI,PUNE,False,False,42938.0,43363.0
2018-12-01,MUMBAI – NAGPUR,72308.0,MUMBAI,NAGPUR,False,False,36351.0,35957.0
2018-12-01,INDORE – MUMBAI,62620.0,INDORE,MUMBAI,False,False,30178.0,32442.0
2018-12-01,DELHI – NAGPUR,66508.0,DELHI,NAGPUR,False,False,35141.0,31367.0
2018-12-01,BENGALURU – GUWAHATI,45963.0,BENGALURU,GUWAHATI,False,False,25514.0,20449.0
2018-12-01,HYDERABAD – KOCHI,56255.0,HYDERABAD,KOCHI,False,False,29563.0,26692.0
2018-12-01,BENGALURU – JAIPUR,59951.0,BENGALURU,JAIPUR,False,False,30460.0,29491.0
2018-12-01,HYDERABAD – PUNE,31439.0,HYDERABAD,PUNE,False,False,17042.0,14397.0
2018-12-01,BENGALURU – THIRUVANANTHAPURAM,38806.0,BENGALURU,THIRUVANANTHAPURAM,False,False,20381.0,18425.0
2018-12-01,DELHI – UDAIPUR,43226.0,DELHI,UDAIPUR,False,False,22089.0,21137.0
2018-12-01,DELHI – JAMMU,49371.0,DELHI,JAMMU,False,False,28397.0,20974.0
2018-12-01,CHENNAI – KOCHI,61686.0,CHENNAI,KOCHI,False,False,32900.0,28786.0
2018-12-01,HYDERABAD – TIRUPATI,54860.0,HYDERABAD,TIRUPATI,False,False,27334.0,27526.0
2019-01-01,DELHI – MUMBAI,585610.0,DELHI,MUMBAI,False,False,286152.0,299458.0
2019-01-01,BENGALURU – DELHI,376453.0,BENGALURU,DELHI,False,False,189592.0,186861.0
2019-01-01,BENGALURU – MUMBAI,319302.0,BENGALURU,MUMBAI,False,False,159090.0,160212.0
2019-01-01,DELHI – HYDERABAD,214318.0,DELHI,HYDERABAD,False,False,101385.0,112933.0
2019-01-01,DELHI – KOLKATA,280755.0,DELHI,KOLKATA,False,False,140327.0,140428.0
2019-01-01,DELHI – PUNE,232748.0,DELHI,PUNE,False,False,114665.0,118083.0
2019-01-01,AHMEDABAD – DELHI,207873.0,AHMEDABAD,DELHI,False,False,106018.0,101855.0
2019-01-01,CHENNAI – MUMBAI,193902.0,CHENNAI,MUMBAI,False,False,94931.0,98971.0
2019-01-01,KOLKATA – MUMBAI,178163.0,KOLKATA,MUMBAI,False,False,84904.0,93259.0
2019-01-01,HYDERABAD – MUMBAI,176956.0,HYDERABAD,MUMBAI,False,False,89326.0,87630.0
2019-01-01,CHENNAI – DELHI,214079.0,CHENNAI,DELHI,False,False,108348.0,105731.0
2019-01-01,BENGALURU – HYDERABAD,215459.0,BENGALURU,HYDERABAD,False,False,105962.0,109497.0
2019-01-01,BENGALURU – KOLKATA,166274.0,BENGALURU,KOLKATA,False,False,85595.0,80679.0
2019-01-01,AHMEDABAD – MUMBAI,192537.0,AHMEDABAD,MUMBAI,False,False,96614.0,95923.0
2019-01-01,DELHI – SRINAGAR,107229.0,DELHI,SRINAGAR,False,False,52228.0,55001.0
2019-01-01,BENGALURU – PUNE,165659.0,BENGALURU,PUNE,False,False,81800.0,83859.0
2019-01-01,DELHI – GUWAHATI,141943.0,DELHI,GUWAHATI,False,False,68107.0,73836.0
2019-01-01,DELHI – PATNA,129509.0,DELHI,PATNA,False,False,63810.0,65699.0
2019-01-01,BENGALURU – CHENNAI,121088.0,BENGALURU,CHENNAI,False,False,60561.0,60527.0
2019-01-01,DELHI – LUCKNOW,134140.0,DELHI,LUCKNOW,False,False,67830.0,66310.0
2019-01-01,CHENNAI – HYDERABAD,108456.0,CHENNAI,HYDERABAD,False,False,54316.0,54140.0
2019-01-01,BENGALURU – KOCHI,126508.0,BENGALURU,KOCHI,False,False,62325.0,64183.0
2019-01-01,KOCHI – MUMBAI,109217.0,KOCHI,MUMBAI,False,False,56176.0,53041.0
2019-01-01,BAGDOGRA – DELHI,92012.0,BAGDOGRA,DELHI,False,False,46457.0,45555.0
2019-01-01,BHUBANESWAR – DELHI,90260.0,BHUBANESWAR,DELHI,False,False,45860.0,44400.0
2019-01-01,AHMEDABAD – BENGALURU,99971.0,AHMEDABAD,BENGALURU,False,False,50324.0,49647.0
2019-01-01,JAIPUR – MUMBAI,84642.0,JAIPUR,MUMBAI,False,False,42522.0,42120.0
2019-01-01,CHENNAI – KOLKATA,107527.0,CHENNAI,KOLKATA,False,False,52215.0,55312.0
2019-01-01,DELHI – INDORE,60700.0,DELHI,INDORE,False,False,29137.0,31563.0
2019-01-01,AMRITSAR – DELHI,90262.0,AMRITSAR,DELHI,False,False,44343.0,45919.0
2019-01-01,HYDERABAD – VISAKHAPATNAM,66970.0,HYDERABAD,VISAKHAPATNAM,False,False,32209.0,34761.0
2019-01-01,HYDERABAD – KOLKATA,100423.0,HYDERABAD,KOLKATA,False,False,51913.0,48510.0
2019-01-01,DELHI – VARANASI,87439.0,DELHI,VARANASI,False,False,43853.0,43586.0
2019-01-01,GUWAHATI – KOLKATA,123825.0,GUWAHATI,KOLKATA,False,False,62438.0,61387.0
2019-01-01,LUCKNOW – MUMBAI,63229.0,LUCKNOW,MUMBAI,False,False,28685.0,34544.0
2019-01-01,DELHI – KOCHI,83025.0,DELHI,KOCHI,False,False,40337.0,42688.0
2019-01-01,MUMBAI – VARANASI,38451.0,MUMBAI,VARANASI,False,False,20478.0,17973.0
2019-01-01,DELHI – RANCHI,96337.0,DELHI,RANCHI,False,False,47389.0,48948.0
2019-01-01,CHANDIGARH – DELHI,31456.0,CHANDIGARH,DELHI,False,False,15709.0,15747.0
2019-01-01,CHENNAI – COIMBATORE,78126.0,CHENNAI,COIMBATORE,False,False,38462.0,39664.0
2019-01-01,DELHI – RAIPUR,56190.0,DELHI,RAIPUR,False,False,27633.0,28557.0
2019-01-01,AGARTALA – KOLKATA,68933.0,AGARTALA,KOLKATA,False,False,34281.0,34652.0
2019-01-01,BENGALURU – MANGALURU,39103.0,BENGALURU,MANGALURU,False,False,19113.0,19990.0
2019-01-01,DELHI – LEH,32044.0,DELHI,LEH,False,False,13122.0,18922.0
2019-01-01,BENGALURU – BHUBANESWAR,79415.0,BENGALURU,BHUBANESWAR,False,False,40069.0,39346.0
2019-01-01,BENGALURU – VARANASI,17064.0,BENGALURU,VARANASI,False,False,8829.0,8235.0
2019-01-01,BENGALURU – LUCKNOW,58083.0,BENGALURU,LUCKNOW,False,False,30700.0,27383.0
2019-01-01,CHENNAI – PUNE,82045.0,CHENNAI,PUNE,False,False,40350.0,41695.0
2019-01-01,MUMBAI – NAGPUR,71871.0,MUMBAI,NAGPUR,False,False,35315.0,36556.0
2019-01-01,INDORE – MUMBAI,59400.0,INDORE,MUMBAI,False,False,29525.0,29875.0
2019-01-01,DELHI – NAGPUR,66971.0,DELHI,NAGPUR,False,False,32681.0,34290.0
2019-01-01,BENGALURU – GUWAHATI,44487.0,BENGALURU,GUWAHATI,False,False,23451.0,21036.0
2019-01-01,HYDERABAD – KOCHI,49998.0,HYDERABAD,KOCHI,False,False,25991.0,24007.0
2019-01-01,BENGALURU – JAIPUR,65938.0,BENGALURU,JAIPUR,False,False,34201.0,31737.0
2019-01-01,HYDERABAD – PUNE,42209.0,HYDERABAD,PUNE,False,False,21162.0,21047.0
2019-01-01,BENGALURU – THIRUVANANTHAPURAM,36529.0,BENGALURU,THIRUVANANTHAPURAM,False,False,17647.0,18882.0
2019-01-01,DELHI – UDAIPUR,41906.0,DELHI,UDAIPUR,False,False,20271.0,21635.0
2019-01-01,DELHI – JAMMU,45075.0,DELHI,JAMMU,False,False,25913.0,19162.0
2019-01-01,CHENNAI – KOCHI,56594.0,CHENNAI,KOCHI,False,False,26161.0,30433.0
2019-01-01,HYDERABAD – TIRUPATI,52477.0,HYDERABAD,TIRUPATI,False,False,26205.0,26272.0
2019-02-01,DELHI – MUMBAI,541125.0,DELHI,MUMBAI,False,False,266533.0,274592.0
2019-02-01,BENGALURU – DELHI,339756.0,BENGALURU,DELHI,False,False,170288.0,169468.0
2019-02-01,BENGALURU – MUMBAI,277223.0,BENGALURU,MUMBAI,False,False,137465.0,139758.0
2019-02-01,DELHI – HYDERABAD,240104.0,DELHI,HYDERABAD,False,False,117398.0,122706.0
2019-02-01,DELHI – KOLKATA,251558.0,DELHI,KOLKATA,False,False,124902.0,126656.0
2019-02-01,DELHI – PUNE,220375.0,DELHI,PUNE,False,False,109630.0,110745.0
2019-02-01,AHMEDABAD – DELHI,189701.0,AHMEDABAD,DELHI,False,False,99702.0,89999.0
2019-02-01,CHENNAI – MUMBAI,169857.0,CHENNAI,MUMBAI,False,False,84737.0,85120.0
2019-02-01,KOLKATA – MUMBAI,151822.0,KOLKATA,MUMBAI,False,False,74159.0,77663.0
2019-02-01,HYDERABAD – MUMBAI,163264.0,HYDERABAD,MUMBAI,False,False,80422.0,82842.0
2019-02-01,CHENNAI – DELHI,203068.0,CHENNAI,DELHI,False,False,103549.0,99519.0
2019-02-01,BENGALURU – HYDERABAD,176212.0,BENGALURU,HYDERABAD,False,False,88291.0,87921.0
2019-02-01,BENGALURU – KOLKATA,157063.0,BENGALURU,KOLKATA,False,False,78433.0,78630.0
2019-02-01,AHMEDABAD – MUMBAI,164296.0,AHMEDABAD,MUMBAI,False,False,84061.0,80235.0
2019-02-01,DELHI – SRINAGAR,115746.0,DELHI,SRINAGAR,False,False,59932.0,55814.0
2019-02-01,BENGALURU – PUNE,146033.0,BENGALURU,PUNE,False,False,72142.0,73891.0
2019-02-01,DELHI – GUWAHATI,123234.0,DELHI,GUWAHATI,False,False,60607.0,62627.0
2019-02-01,DELHI – PATNA,150608.0,DELHI,PATNA,False,False,75191.0,75417.0
2019-02-01,BENGALURU – CHENNAI,118909.0,BENGALURU,CHENNAI,False,False,59997.0,58912.0
2019-02-01,DELHI – LUCKNOW,139780.0,DELHI,LUCKNOW,False,False,71408.0,68372.0
2019-02-01,CHENNAI – HYDERABAD,100244.0,CHENNAI,HYDERABAD,False,False,51046.0,49198.0
2019-02-01,BENGALURU – KOCHI,91917.0,BENGALURU,KOCHI,False,False,47626.0,44291.0
2019-02-01,KOCHI – MUMBAI,94864.0,KOCHI,MUMBAI,False,False,48443.0,46421.0
2019-02-01,BAGDOGRA – DELHI,85408.0,BAGDOGRA,DELHI,False,False,42321.0,43087.0
2019-02-01,BHUBANESWAR – DELHI,91306.0,BHUBANESWAR,DELHI,False,False,45892.0,45414.0
2019-02-01,AHMEDABAD – BENGALURU,84388.0,AHMEDABAD,BENGALURU,False,False,43413.0,40975.0
2019-02-01,JAIPUR – MUMBAI,68284.0,JAIPUR,MUMBAI,False,False,33614.0,34670.0
2019-02-01,CHENNAI – KOLKATA,106113.0,CHENNAI,KOLKATA,False,False,54157.0,51956.0
2019-02-01,DELHI – INDORE,54376.0,DELHI,INDORE,False,False,26169.0,28207.0
2019-02-01,AMRITSAR – DELHI,84620.0,AMRITSAR,DELHI,False,False,41368.0,43252.0
2019-02-01,HYDERABAD – VISAKHAPATNAM,69385.0,HYDERABAD,VISAKHAPATNAM,False,False,34273.0,35112.0
2019-02-01,HYDERABAD – KOLKATA,99143.0,HYDERABAD,KOLKATA,False,False,50675.0,48468.0
2019-02-01,DELHI – VARANASI,89190.0,DELHI,VARANASI,False,False,44006.0,45184.0
2019-02-01,GUWAHATI – KOLKATA,112343.0,GUWAHATI,KOLKATA,False,False,55123.0,57220.0
2019-02-01,LUCKNOW – MUMBAI,54851.0,LUCKNOW,MUMBAI,False,False,26850.0,28001.0
2019-02-01,DELHI – KOCHI,71787.0,DELHI,KOCHI,False,False,36660.0,35127.0
2019-02-01,MUMBAI – VARANASI,35682.0,MUMBAI,VARANASI,False,False,17562.0,18120.0
2019-02-01,DELHI – RANCHI,89579.0,DELHI,RANCHI,False,False,44673.0,44906.0
2019-02-01,CHANDIGARH – DELHI,36758.0,CHANDIGARH,DELHI,False,False,18044.0,18714.0
2019-02-01,CHENNAI – COIMBATORE,80644.0,CHENNAI,COIMBATORE,False,False,41654.0,38990.0
2019-02-01,DELHI – RAIPUR,43505.0,DELHI,RAIPUR,False,False,21500.0,22005.0
2019-02-01,AGARTALA – KOLKATA,64911.0,AGARTALA,KOLKATA,False,False,33564.0,31347.0
2019-02-01,BENGALURU – MANGALURU,34911.0,BENGALURU,MANGALURU,False,False,17321.0,17590.0
2019-02-01,DELHI – LEH,29928.0,DELHI,LEH,False,False,18307.0,11621.0
2019-02-01,BENGALURU – BHUBANESWAR,53174.0,BENGALURU,BHUBANESWAR,False,False,26993.0,26181.0
2019-02-01,BENGALURU – VARANASI,21513.0,BENGALURU,VARANASI,False,False,10968.0,10545.0
2019-02-01,BENGALURU – LUCKNOW,55447.0,BENGALURU,LUCKNOW,False,False,28474.0,26973.0
2019-02-01,CHENNAI – PUNE,74850.0,CHENNAI,PUNE,False,False,37216.0,37634.0
2019-02-01,MUMBAI – NAGPUR,61161.0,MUMBAI,NAGPUR,False,False,29616.0,31545.0
2019-02-01,INDORE – MUMBAI,51205.0,INDORE,MUMBAI,False,False,25361.0,25844.0
2019-02-01,DELHI – NAGPUR,48115.0,DELHI,NAGPUR,False,False,24160.0,23955.0
2019-02-01,BENGALURU – GUWAHATI,34219.0,BENGALURU,GUWAHATI,False,False,18557.0,15662.0
2019-02-01,HYDERABAD – KOCHI,41894.0,HYDERABAD,KOCHI,False,False,20433.0,21461.0
2019-02-01,BENGALURU – JAIPUR,49542.0,BENGALURU,JAIPUR,False,False,25398.0,24144.0
2019-02-01,HYDERABAD – PUNE,42243.0,HYDERABAD,PUNE,False,False,22371.0,19872.0
2019-02-01,BENGALURU – THIRUVANANTHAPURAM,34913.0,BENGALURU,THIRUVANANTHAPURAM,False,False,17000.0,17913.0
2019-02-01,DELHI – UDAIPUR,40982.0,DELHI,UDAIPUR,False,False,20182.0,20800.0
2019-02-01,DELHI – JAMMU,37324.0,DELHI,JAMMU,False,False,17525.0,19799.0
2019-02-01,CHENNAI – KOCHI,53697.0,CHENNAI,KOCHI,False,False,27162.0,26535.0
2019-02-01,HYDERABAD – TIRUPATI,52590.0,HYDERABAD,TIRUPATI,False,False,27238.0,25352.0
2019-03-01,DELHI – MUMBAI,573214.0,DELHI,MUMBAI,False,False,286156.0,287058.0
2019-03-01,BENGALURU – DELHI,342307.0,BENGALURU,DELHI,False,False,170478.0,171829.0
2019-03-01,BENGALURU – MUMBAI,292062.0,BENGALURU,MUMBAI,False,False,144276.0,147786.0
2019-03-01,DELHI – HYDERABAD,260773.0,DELHI,HYDERABAD,False,False,125846.0,134927.0
2019-03-01,DELHI – KOLKATA,272752.0,DELHI,KOLKATA,False,False,137562.0,135190.0
2019-03-01,DELHI – PUNE,216152.0,DELHI,PUNE,False,False,108135.0,108017.0
2019-03-01,AHMEDABAD – DELHI,183281.0,AHMEDABAD,DELHI,False,False,93040.0,90241.0
2019-03-01,CHENNAI – MUMBAI,165359.0,CHENNAI,MUMBAI,False,False,81454.0,83905.0
2019-03-01,KOLKATA – MUMBAI,141712.0,KOLKATA,MUMBAI,False,False,69536.0,72176.0
2019-03-01,HYDERABAD – MUMBAI,161740.0,HYDERABAD,MUMBAI,False,False,79733.0,82007.0
2019-03-01,CHENNAI – DELHI,199912.0,CHENNAI,DELHI,False,False,99701.0,100211.0
2019-03-01,BENGALURU – HYDERABAD,186165.0,BENGALURU,HYDERABAD,False,False,92457.0,93708.0
2019-03-01,BENGALURU – KOLKATA,168825.0,BENGALURU,KOLKATA,False,False,86782.0,82043.0
2019-03-01,AHMEDABAD – MUMBAI,155916.0,AHMEDABAD,MUMBAI,False,False,81669.0,74247.0
2019-03-01,DELHI – SRINAGAR,120217.0,DELHI,SRINAGAR,False,False,64774.0,55443.0
2019-03-01,BENGALURU – PUNE,149860.0,BENGALURU,PUNE,False,False,74762.0,75098.0
2019-03-01,DELHI – GUWAHATI,117990.0,DELHI,GUWAHATI,False,False,59193.0,58797.0
2019-03-01,DELHI – PATNA,149893.0,DELHI,PATNA,False,False,75720.0,74173.0
2019-03-01,BENGALURU – CHENNAI,113560.0,BENGALURU,CHENNAI,False,False,57790.0,55770.0
2019-03-01,DELHI – LUCKNOW,131823.0,DELHI,LUCKNOW,False,False,66509.0,65314.0
2019-03-01,CHENNAI – HYDERABAD,101053.0,CHENNAI,HYDERABAD,False,False,50804.0,50249.0
2019-03-01,BENGALURU – KOCHI,100762.0,BENGALURU,KOCHI,False,False,50020.0,50742.0
2019-03-01,KOCHI – MUMBAI,85720.0,KOCHI,MUMBAI,False,False,43141.0,42579.0
2019-03-01,BAGDOGRA – DELHI,91148.0,BAGDOGRA,DELHI,False,False,45199.0,45949.0
2019-03-01,BHUBANESWAR – DELHI,97451.0,BHUBANESWAR,DELHI,False,False,47899.0,49552.0
2019-03-01,AHMEDABAD – BENGALURU,94620.0,AHMEDABAD,BENGALURU,False,False,47745.0,46875.0
2019-03-01,JAIPUR – MUMBAI,54995.0,JAIPUR,MUMBAI,False,False,27352.0,27643.0
2019-03-01,CHENNAI – KOLKATA,111710.0,CHENNAI,KOLKATA,False,False,58801.0,52909.0
2019-03-01,DELHI – INDORE,51887.0,DELHI,INDORE,False,False,25297.0,26590.0
2019-03-01,AMRITSAR – DELHI,83767.0,AMRITSAR,DELHI,False,False,42390.0,41377.0
2019-03-01,HYDERABAD – VISAKHAPATNAM,73082.0,HYDERABAD,VISAKHAPATNAM,False,False,35745.0,37337.0
2019-03-01,HYDERABAD – KOLKATA,95051.0,HYDERABAD,KOLKATA,False,False,48941.0,46110.0
2019-03-01,DELHI – VARANASI,80309.0,DELHI,VARANASI,False,False,38968.0,41341.0
2019-03-01,GUWAHATI – KOLKATA,136038.0,GUWAHATI,KOLKATA,False,False,67242.0,68796.0
2019-03-01,LUCKNOW – MUMBAI,49742.0,LUCKNOW,MUMBAI,False,False,24655.0,25087.0
2019-03-01,DELHI – KOCHI,71055.0,DELHI,KOCHI,False,False,36088.0,34967.0
2019-03-01,MUMBAI – VARANASI,35756.0,MUMBAI,VARANASI,False,False,17424.0,18332.0
2019-03-01,DELHI – RANCHI,97095.0,DELHI,RANCHI,False,False,49410.0,47685.0
2019-03-01,CHANDIGARH – DELHI,36917.0,CHANDIGARH,DELHI,False,False,17768.0,19149.0
2019-03-01,CHENNAI – COIMBATORE,73422.0,CHENNAI,COIMBATORE,False,False,36939.0,36483.0
2019-03-01,DELHI – RAIPUR,46771.0,DELHI,RAIPUR,False,False,23449.0,23322.0
2019-03-01,AGARTALA – KOLKATA,71730.0,AGARTALA,KOLKATA,False,False,36924.0,34806.0
2019-03-01,BENGALURU – MANGALURU,39664.0,BENGALURU,MANGALURU,False,False,19875.0,19789.0
2019-03-01,DELHI – LEH,30620.0,DELHI,LEH,False,False,20784.0,9836.0
2019-03-01,BENGALURU – BHUBANESWAR,65082.0,BENGALURU,BHUBANESWAR,False,False,33628.0,31454.0
2019-03-01,BENGALURU – VARANASI,28188.0,BENGALURU,VARANASI,False,False,14077.0,14111.0
2019-03-01,BENGALURU – LUCKNOW,69137.0,BENGALURU,LUCKNOW,False,False,35462.0,33675.0
2019-03-01,CHENNAI – PUNE,61774.0,CHENNAI,PUNE,False,False,30991.0,30783.0
2019-03-01,MUMBAI – NAGPUR,50529.0,MUMBAI,NAGPUR,False,False,24628.0,25901.0
2019-03-01,INDORE – MUMBAI,41530.0,INDORE,MUMBAI,False,False,21183.0,20347.0
2019-03-01,DELHI – NAGPUR,40416.0,DELHI,NAGPUR,False,False,20758.0,19658.0
2019-03-01,BENGALURU – GUWAHATI,36829.0,BENGALURU,GUWAHATI,False,False,21020.0,15809.0
2019-03-01,HYDERABAD – KOCHI,38163.0,HYDERABAD,KOCHI,False,False,17861.0,20302.0
2019-03-01,BENGALURU – JAIPUR,56862.0,BENGALURU,JAIPUR,False,False,29033.0,27829.0
2019-03-01,HYDERABAD – PUNE,40988.0,HYDERABAD,PUNE,False,False,20405.0,20583.0
2019-03-01,BENGALURU – THIRUVANANTHAPURAM,31530.0,BENGALURU,THIRUVANANTHAPURAM,False,False,16047.0,15483.0
2019-03-01,DELHI – UDAIPUR,38299.0,DELHI,UDAIPUR,False,False,18379.0,19920.0
2019-03-01,DELHI – JAMMU,43398.0,DELHI,JAMMU,False,False,20387.0,23011.0
2019-03-01,CHENNAI – KOCHI,59417.0,CHENNAI,KOCHI,False,False,29891.0,29526.0
2019-03-01,HYDERABAD – TIRUPATI,57577.0,HYDERABAD,TIRUPATI,False,False,29053.0,28524.0
2019-04-01,DELHI – MUMBAI,523779.0,DELHI,MUMBAI,False,False,249828.0,273951.0
2019-04-01,BENGALURU – DELHI,334746.0,BENGALURU,DELHI,False,False,171177.0,163569.0
2019-04-01,BENGALURU – MUMBAI,285277.0,BENGALURU,MUMBAI,False,False,141510.0,143767.0
2019-04-01,DELHI – HYDERABAD,246577.0,DELHI,HYDERABAD,False,False,114011.0,132566.0
2019-04-01,DELHI – KOLKATA,242602.0,DELHI,KOLKATA,False,False,125502.0,117100.0
2019-04-01,DELHI – PUNE,207642.0,DELHI,PUNE,False,False,100342.0,107300.0
2019-04-01,AHMEDABAD – DELHI,166447.0,AHMEDABAD,DELHI,False,False,87445.0,79002.0
2019-04-01,CHENNAI – MUMBAI,140708.0,CHENNAI,MUMBAI,False,False,69919.0,70789.0
2019-04-01,KOLKATA – MUMBAI,137459.0,KOLKATA,MUMBAI,False,False,65030.0,72429.0
2019-04-01,HYDERABAD – MUMBAI,158174.0,HYDERABAD,MUMBAI,False,False,77511.0,80663.0
2019-04-01,CHENNAI – DELHI,185289.0,CHENNAI,DELHI,False,False,96454.0,88835.0
2019-04-01,BENGALURU – HYDERABAD,166875.0,BENGALURU,HYDERABAD,False,False,84029.0,82846.0
2019-04-01,BENGALURU – KOLKATA,154305.0,BENGALURU,KOLKATA,False,False,80913.0,73392.0
2019-04-01,AHMEDABAD – MUMBAI,142817.0,AHMEDABAD,MUMBAI,False,False,73004.0,69813.0
2019-04-01,DELHI – SRINAGAR,150884.0,DELHI,SRINAGAR,False,False,75900.0,74984.0
2019-04-01,BENGALURU – PUNE,145793.0,BENGALURU,PUNE,False,False,71911.0,73882.0
2019-04-01,DELHI – GUWAHATI,112892.0,DELHI,GUWAHATI,False,False,57386.0,55506.0
2019-04-01,DELHI – PATNA,144944.0,DELHI,PATNA,False,False,72436.0,72508.0
2019-04-01,BENGALURU – CHENNAI,113578.0,BENGALURU,CHENNAI,False,False,56649.0,56929.0
2019-04-01,DELHI – LUCKNOW,131549.0,DELHI,LUCKNOW,False,False,68251.0,63298.0
2019-04-01,CHENNAI – HYDERABAD,105492.0,CHENNAI,HYDERABAD,False,False,52888.0,52604.0
2019-04-01,BENGALURU – KOCHI,84884.0,BENGALURU,KOCHI,False,False,43672.0,41212.0
2019-04-01,KOCHI – MUMBAI,82810.0,KOCHI,MUMBAI,False,False,40259.0,42551.0
2019-04-01,BAGDOGRA – DELHI,86970.0,BAGDOGRA,DELHI,False,False,43281.0,43689.0
2019-04-01,BHUBANESWAR – DELHI,85327.0,BHUBANESWAR,DELHI,False,False,41932.0,43395.0
2019-04-01,AHMEDABAD – BENGALURU,85245.0,AHMEDABAD,BENGALURU,False,False,39062.0,46183.0
2019-04-01,JAIPUR – MUMBAI,53504.0,JAIPUR,MUMBAI,False,False,26991.0,26513.0
2019-04-01,CHENNAI – KOLKATA,96920.0,CHENNAI,KOLKATA,False,False,51646.0,45274.0
2019-04-01,DELHI – INDORE,56655.0,DELHI,INDORE,False,False,27292.0,29363.0
2019-04-01,AMRITSAR – DELHI,67011.0,AMRITSAR,DELHI,False,False,34960.0,32051.0
2019-04-01,HYDERABAD – VISAKHAPATNAM,73329.0,HYDERABAD,VISAKHAPATNAM,False,False,36843.0,36486.0
2019-04-01,HYDERABAD – KOLKATA,107607.0,HYDERABAD,KOLKATA,False,False,58963.0,48644.0
2019-04-01,DELHI – VARANASI,60140.0,DELHI,VARANASI,False,False,30709.0,29431.0
2019-04-01,GUWAHATI – KOLKATA,134600.0,GUWAHATI,KOLKATA,False,False,65873.0,68727.0
2019-04-01,LUCKNOW – MUMBAI,49161.0,LUCKNOW,MUMBAI,False,False,22096.0,27065.0
2019-04-01,DELHI – KOCHI,76219.0,DELHI,KOCHI,False,False,37129.0,39090.0
2019-04-01,MUMBAI – VARANASI,40872.0,MUMBAI,VARANASI,False,False,22502.0,18370.0
2019-04-01,DELHI – RANCHI,83148.0,DELHI,RANCHI,False,False,43707.0,39441.0
2019-04-01,CHANDIGARH – DELHI,51271.0,CHANDIGARH,DELHI,False,False,24490.0,26781.0
2019-04-01,CHENNAI – COIMBATORE,68354.0,CHENNAI,COIMBATORE,False,False,35084.0,33270.0
2019-04-01,DELHI – RAIPUR,56308.0,DELHI,RAIPUR,False,False,27056.0,29252.0
2019-04-01,AGARTALA – KOLKATA,65469.0,AGARTALA,KOLKATA,False,False,32864.0,32605.0
2019-04-01,BENGALURU – MANGALURU,45937.0,BENGALURU,MANGALURU,False,False,23510.0,22427.0
2019-04-01,DELHI – LEH,45802.0,DELHI,LEH,False,False,28292.0,17510.0
2019-04-01,BENGALURU – BHUBANESWAR,56965.0,BENGALURU,BHUBANESWAR,False,False,30969.0,25996.0
2019-04-01,BENGALURU – VARANASI,17397.0,BENGALURU,VARANASI,False,False,9788.0,7609.0
2019-04-01,BENGALURU – LUCKNOW,61318.0,BENGALURU,LUCKNOW,False,False,34467.0,26851.0
2019-04-01,CHENNAI – PUNE,67147.0,CHENNAI,PUNE,False,False,33395.0,33752.0
2019-04-01,MUMBAI – NAGPUR,50177.0,MUMBAI,NAGPUR,False,False,25809.0,24368.0
2019-04-01,INDORE – MUMBAI,40380.0,INDORE,MUMBAI,False,False,19822.0,20558.0
2019-04-01,DELHI – NAGPUR,39898.0,DELHI,NAGPUR,False,False,19414.0,20484.0
2019-04-01,BENGALURU – GUWAHATI,35709.0,BENGALURU,GUWAHATI,False,False,19928.0,15781.0
2019-04-01,HYDERABAD – KOCHI,31333.0,HYDERABAD,KOCHI,False,False,14348.0,16985.0
2019-04-01,BENGALURU – JAIPUR,50182.0,BENGALURU,JAIPUR,False,False,26730.0,23452.0
2019-04-01,HYDERABAD – PUNE,47672.0,HYDERABAD,PUNE,False,False,23367.0,24305.0
2019-04-01,BENGALURU – THIRUVANANTHAPURAM,38022.0,BENGALURU,THIRUVANANTHAPURAM,False,False,19641.0,18381.0
2019-04-01,DELHI – UDAIPUR,25829.0,DELHI,UDAIPUR,False,False,12290.0,13539.0
2019-04-01,DELHI – JAMMU,51427.0,DELHI,JAMMU,False,False,25992.0,25435.0
2019-04-01,CHENNAI – KOCHI,58483.0,CHENNAI,KOCHI,False,False,31928.0,26555.0
2019-04-01,HYDERABAD – TIRUPATI,55784.0,HYDERABAD,TIRUPATI,False,False,27501.0,28283.0
2019-05-01,DELHI – MUMBAI,586933.0,DELHI,MUMBAI,False,False,295629.0,291304.0
2019-05-01,BENGALURU – DELHI,365379.0,BENGALURU,DELHI,False,False,173617.0,191762.0
2019-05-01,BENGALURU – MUMBAI,331928.0,BENGALURU,MUMBAI,False,False,157076.0,174852.0
2019-05-01,DELHI – HYDERABAD,257075.0,DELHI,HYDERABAD,False,False,130471.0,126604.0
2019-05-01,DELHI – KOLKATA,244847.0,DELHI,KOLKATA,False,False,126329.0,118518.0
2019-05-01,DELHI – PUNE,233479.0,DELHI,PUNE,False,False,117421.0,116058.0
2019-05-01,AHMEDABAD – DELHI,187745.0,AHMEDABAD,DELHI,False,False,95670.0,92075.0
2019-05-01,CHENNAI – MUMBAI,168110.0,CHENNAI,MUMBAI,False,False,80768.0,87342.0
2019-05-01,KOLKATA – MUMBAI,162396.0,KOLKATA,MUMBAI,False,False,79836.0,82560.0
2019-05-01,HYDERABAD – MUMBAI,181738.0,HYDERABAD,MUMBAI,False,False,85677.0,96061.0
2019-05-01,CHENNAI – DELHI,203302.0,CHENNAI,DELHI,False,False,98827.0,104475.0
2019-05-01,BENGALURU – HYDERABAD,169172.0,BENGALURU,HYDERABAD,False,False,83092.0,86080.0
2019-05-01,BENGALURU – KOLKATA,150421.0,BENGALURU,KOLKATA,False,False,73681.0,76740.0
2019-05-01,AHMEDABAD – MUMBAI,164855.0,AHMEDABAD,MUMBAI,False,False,85752.0,79103.0
2019-05-01,DELHI – SRINAGAR,155472.0,DELHI,SRINAGAR,False,False,80555.0,74917.0
2019-05-01,BENGALURU – PUNE,159149.0,BENGALURU,PUNE,False,False,77023.0,82126.0
2019-05-01,DELHI – GUWAHATI,119659.0,DELHI,GUWAHATI,False,False,61109.0,58550.0
2019-05-01,DELHI – PATNA,182928.0,DELHI,PATNA,False,False,93221.0,89707.0
2019-05-01,BENGALURU – CHENNAI,124066.0,BENGALURU,CHENNAI,False,False,61151.0,62915.0
2019-05-01,DELHI – LUCKNOW,145026.0,DELHI,LUCKNOW,False,False,74738.0,70288.0
2019-05-01,CHENNAI – HYDERABAD,114897.0,CHENNAI,HYDERABAD,False,False,56495.0,58402.0
2019-05-01,BENGALURU – KOCHI,83851.0,BENGALURU,KOCHI,False,False,42551.0,41300.0
2019-05-01,KOCHI – MUMBAI,96008.0,KOCHI,MUMBAI,False,False,46558.0,49450.0
2019-05-01,BAGDOGRA – DELHI,100425.0,BAGDOGRA,DELHI,False,False,49879.0,50546.0
2019-05-01,BHUBANESWAR – DELHI,105605.0,BHUBANESWAR,DELHI,False,False,51115.0,54490.0
2019-05-01,AHMEDABAD – BENGALURU,87227.0,AHMEDABAD,BENGALURU,False,False,44289.0,42938.0
2019-05-01,JAIPUR – MUMBAI,77000.0,JAIPUR,MUMBAI,False,False,39521.0,37479.0
2019-05-01,CHENNAI – KOLKATA,92727.0,CHENNAI,KOLKATA,False,False,46799.0,45928.0
2019-05-01,DELHI – INDORE,59461.0,DELHI,INDORE,False,False,29137.0,30324.0
2019-05-01,AMRITSAR – DELHI,54061.0,AMRITSAR,DELHI,False,False,28505.0,25556.0
2019-05-01,HYDERABAD – VISAKHAPATNAM,82917.0,HYDERABAD,VISAKHAPATNAM,False,False,40518.0,42399.0
2019-05-01,HYDERABAD – KOLKATA,98087.0,HYDERABAD,KOLKATA,False,False,47918.0,50169.0
2019-05-01,DELHI – VARANASI,66104.0,DELHI,VARANASI,False,False,34248.0,31856.0
2019-05-01,GUWAHATI – KOLKATA,131990.0,GUWAHATI,KOLKATA,False,False,64184.0,67806.0
2019-05-01,LUCKNOW – MUMBAI,61127.0,LUCKNOW,MUMBAI,False,False,28919.0,32208.0
2019-05-01,DELHI – KOCHI,88642.0,DELHI,KOCHI,False,False,48297.0,40345.0
2019-05-01,MUMBAI – VARANASI,50017.0,MUMBAI,VARANASI,False,False,26170.0,23847.0
2019-05-01,DELHI – RANCHI,99015.0,DELHI,RANCHI,False,False,51972.0,47043.0
2019-05-01,CHANDIGARH – DELHI,51849.0,CHANDIGARH,DELHI,False,False,25490.0,26359.0
2019-05-01,CHENNAI – COIMBATORE,72200.0,CHENNAI,COIMBATORE,False,False,36445.0,35755.0
2019-05-01,DELHI – RAIPUR,65511.0,DELHI,RAIPUR,False,False,32373.0,33138.0
2019-05-01,AGARTALA – KOLKATA,70352.0,AGARTALA,KOLKATA,False,False,35951.0,34401.0
2019-05-01,BENGALURU – MANGALURU,51538.0,BENGALURU,MANGALURU,False,False,25009.0,26529.0
2019-05-01,DELHI – LEH,67706.0,DELHI,LEH,False,False,34131.0,33575.0
2019-05-01,BENGALURU – BHUBANESWAR,56416.0,BENGALURU,BHUBANESWAR,False,False,28039.0,28377.0
2019-05-01,BENGALURU – VARANASI,16693.0,BENGALURU,VARANASI,False,False,7866.0,8827.0
2019-05-01,BENGALURU – LUCKNOW,58976.0,BENGALURU,LUCKNOW,False,False,29159.0,29817.0
2019-05-01,CHENNAI – PUNE,70194.0,CHENNAI,PUNE,False,False,34691.0,35503.0
2019-05-01,MUMBAI – NAGPUR,75033.0,MUMBAI,NAGPUR,False,False,37832.0,37201.0
2019-05-01,INDORE – MUMBAI,57229.0,INDORE,MUMBAI,False,False,28906.0,28323.0
2019-05-01,DELHI – NAGPUR,64988.0,DELHI,NAGPUR,False,False,32005.0,32983.0
2019-05-01,BENGALURU – GUWAHATI,35820.0,BENGALURU,GUWAHATI,False,False,17517.0,18303.0
2019-05-01,HYDERABAD – KOCHI,27599.0,HYDERABAD,KOCHI,False,False,13882.0,13717.0
2019-05-01,BENGALURU – JAIPUR,44945.0,BENGALURU,JAIPUR,False,False,21643.0,23302.0
2019-05-01,HYDERABAD – PUNE,54304.0,HYDERABAD,PUNE,False,False,27102.0,27202.0
2019-05-01,BENGALURU – THIRUVANANTHAPURAM,38804.0,BENGALURU,THIRUVANANTHAPURAM,False,False,20056.0,18748.0
2019-05-01,DELHI – UDAIPUR,24282.0,DELHI,UDAIPUR,False,False,12146.0,12136.0
2019-05-01,DELHI – JAMMU,55746.0,DELHI,JAMMU,False,False,28738.0,27008.0
2019-05-01,CHENNAI – KOCHI,63102.0,CHENNAI,KOCHI,False,False,33686.0,29416.0
2019-05-01,HYDERABAD – TIRUPATI,58515.0,HYDERABAD,TIRUPATI,False,False,29086.0,29429.0
2019-06-01,DELHI – MUMBAI,573555.0,DELHI,MUMBAI,False,False,298329.0,275226.0
2019-06-01,BENGALURU – DELHI,370162.0,BENGALURU,DELHI,False,False,180065.0,190097.0
2019-06-01,BENGALURU – MUMBAI,325769.0,BENGALURU,MUMBAI,False,False,165196.0,160573.0
2019-06-01,DELHI – HYDERABAD,253759.0,DELHI,HYDERABAD,False,False,129494.0,124265.0
2019-06-01,DELHI – KOLKATA,253666.0,DELHI,KOLKATA,False,False,130131.0,123535.0
2019-06-01,DELHI – PUNE,222409.0,DELHI,PUNE,False,False,116108.0,106301.0
2019-06-01,AHMEDABAD – DELHI,174235.0,AHMEDABAD,DELHI,False,False,81849.0,92386.0
2019-06-01,CHENNAI – MUMBAI,174318.0,CHENNAI,MUMBAI,False,False,86473.0,87845.0
2019-06-01,KOLKATA – MUMBAI,165469.0,KOLKATA,MUMBAI,False,False,83967.0,81502.0
2019-06-01,HYDERABAD – MUMBAI,197680.0,HYDERABAD,MUMBAI,False,False,95005.0,102675.0
2019-06-01,CHENNAI – DELHI,197362.0,CHENNAI,DELHI,False,False,94622.0,102740.0
2019-06-01,BENGALURU – HYDERABAD,149557.0,BENGALURU,HYDERABAD,False,False,74734.0,74823.0
2019-06-01,BENGALURU – KOLKATA,154104.0,BENGALURU,KOLKATA,False,False,76178.0,77926.0
2019-06-01,AHMEDABAD – MUMBAI,163559.0,AHMEDABAD,MUMBAI,False,False,81757.0,81802.0
2019-06-01,DELHI – SRINAGAR,167080.0,DELHI,SRINAGAR,False,False,84961.0,82119.0
2019-06-01,BENGALURU – PUNE,151845.0,BENGALURU,PUNE,False,False,75841.0,76004.0
2019-06-01,DELHI – GUWAHATI,126803.0,DELHI,GUWAHATI,False,False,63928.0,62875.0
2019-06-01,DELHI – PATNA,212925.0,DELHI,PATNA,False,False,102665.0,110260.0
2019-06-01,BENGALURU – CHENNAI,125656.0,BENGALURU,CHENNAI,False,False,63250.0,62406.0
2019-06-01,DELHI – LUCKNOW,147532.0,DELHI,LUCKNOW,False,False,73280.0,74252.0
2019-06-01,CHENNAI – HYDERABAD,115529.0,CHENNAI,HYDERABAD,False,False,57943.0,57586.0
2019-06-01,BENGALURU – KOCHI,77063.0,BENGALURU,KOCHI,False,False,37625.0,39438.0
2019-06-01,KOCHI – MUMBAI,97966.0,KOCHI,MUMBAI,False,False,49909.0,48057.0
2019-06-01,BAGDOGRA – DELHI,106174.0,BAGDOGRA,DELHI,False,False,54802.0,51372.0
2019-06-01,BHUBANESWAR – DELHI,111005.0,BHUBANESWAR,DELHI,False,False,53731.0,57274.0
2019-06-01,AHMEDABAD – BENGALURU,78971.0,AHMEDABAD,BENGALURU,False,False,38217.0,40754.0
2019-06-01,JAIPUR – MUMBAI,80703.0,JAIPUR,MUMBAI,False,False,40614.0,40089.0
2019-06-01,CHENNAI – KOLKATA,110120.0,CHENNAI,KOLKATA,False,False,54347.0,55773.0
2019-06-01,DELHI – INDORE,62712.0,DELHI,INDORE,False,False,32437.0,30275.0
2019-06-01,AMRITSAR – DELHI,56733.0,AMRITSAR,DELHI,False,False,29957.0,26776.0
2019-06-01,HYDERABAD – VISAKHAPATNAM,81633.0,HYDERABAD,VISAKHAPATNAM,False,False,39591.0,42042.0
2019-06-01,HYDERABAD – KOLKATA,84869.0,HYDERABAD,KOLKATA,False,False,41157.0,43712.0
2019-06-01,DELHI – VARANASI,73073.0,DELHI,VARANASI,False,False,35166.0,37907.0
2019-06-01,GUWAHATI – KOLKATA,124622.0,GUWAHATI,KOLKATA,False,False,63908.0,60714.0
2019-06-01,LUCKNOW – MUMBAI,61945.0,LUCKNOW,MUMBAI,False,False,31596.0,30349.0
2019-06-01,DELHI – KOCHI,94905.0,DELHI,KOCHI,False,False,47615.0,47290.0
2019-06-01,MUMBAI – VARANASI,45999.0,MUMBAI,VARANASI,False,False,20975.0,25024.0
2019-06-01,DELHI – RANCHI,110727.0,DELHI,RANCHI,False,False,57592.0,53135.0
2019-06-01,CHANDIGARH – DELHI,51283.0,CHANDIGARH,DELHI,False,False,25407.0,25876.0
2019-06-01,CHENNAI – COIMBATORE,69868.0,CHENNAI,COIMBATORE,False,False,34281.0,35587.0
2019-06-01,DELHI – RAIPUR,65968.0,DELHI,RAIPUR,False,False,34480.0,31488.0
2019-06-01,AGARTALA – KOLKATA,75365.0,AGARTALA,KOLKATA,False,False,37962.0,37403.0
2019-06-01,BENGALURU – MANGALURU,49844.0,BENGALURU,MANGALURU,False,False,24553.0,25291.0
2019-06-01,DELHI – LEH,72122.0,DELHI,LEH,False,False,34960.0,37162.0
2019-06-01,BENGALURU – BHUBANESWAR,57431.0,BENGALURU,BHUBANESWAR,False,False,29854.0,27577.0
2019-06-01,BENGALURU – VARANASI,10817.0,BENGALURU,VARANASI,False,False,5192.0,5625.0
2019-06-01,BENGALURU – LUCKNOW,57764.0,BENGALURU,LUCKNOW,False,False,28720.0,29044.0
2019-06-01,CHENNAI – PUNE,65595.0,CHENNAI,PUNE,False,False,32678.0,32917.0
2019-06-01,MUMBAI – NAGPUR,78134.0,MUMBAI,NAGPUR,False,False,38646.0,39488.0
2019-06-01,INDORE – MUMBAI,63964.0,INDORE,MUMBAI,False,False,31867.0,32097.0
2019-06-01,DELHI – NAGPUR,68820.0,DELHI,NAGPUR,False,False,35287.0,33533.0
2019-06-01,BENGALURU – GUWAHATI,30747.0,BENGALURU,GUWAHATI,False,False,15001.0,15746.0
2019-06-01,HYDERABAD – KOCHI,24342.0,HYDERABAD,KOCHI,False,False,12466.0,11876.0
2019-06-01,BENGALURU – JAIPUR,43210.0,BENGALURU,JAIPUR,False,False,21773.0,21437.0
2019-06-01,HYDERABAD – PUNE,50012.0,HYDERABAD,PUNE,False,False,25660.0,24352.0
2019-06-01,BENGALURU – THIRUVANANTHAPURAM,35282.0,BENGALURU,THIRUVANANTHAPURAM,False,False,17258.0,18024.0
2019-06-01,DELHI – UDAIPUR,34603.0,DELHI,UDAIPUR,False,False,18358.0,16245.0
2019-06-01,DELHI – JAMMU,57517.0,DELHI,JAMMU,False,False,30218.0,27299.0
2019-06-01,CHENNAI – KOCHI,61980.0,CHENNAI,KOCHI,False,False,31638.0,30342.0
2019-06-01,HYDERABAD – TIRUPATI,56781.0,HYDERABAD,TIRUPATI,False,False,28277.0,28504.0
2019-07-01,DELHI – MUMBAI,570388.0,DELHI,MUMBAI,False,False,284412.0,285976.0
2019-07-01,BENGALURU – DELHI,382204.0,BENGALURU,DELHI,False,False,189227.0,192977.0
2019-07-01,BENGALURU – MUMBAI,343027.0,BENGALURU,MUMBAI,False,False,167511.0,175516.0
2019-07-01,DELHI – HYDERABAD,260990.0,DELHI,HYDERABAD,False,False,131447.0,129543.0
2019-07-01,DELHI – KOLKATA,259098.0,DELHI,KOLKATA,False,False,129835.0,129263.0
2019-07-01,DELHI – PUNE,232714.0,DELHI,PUNE,False,False,117104.0,115610.0
2019-07-01,AHMEDABAD – DELHI,184634.0,AHMEDABAD,DELHI,False,False,92326.0,92308.0
2019-07-01,CHENNAI – MUMBAI,194485.0,CHENNAI,MUMBAI,False,False,94831.0,99654.0
2019-07-01,KOLKATA – MUMBAI,160538.0,KOLKATA,MUMBAI,False,False,79713.0,80825.0
2019-07-01,HYDERABAD – MUMBAI,203220.0,HYDERABAD,MUMBAI,False,False,95649.0,107571.0
2019-07-01,CHENNAI – DELHI,195282.0,CHENNAI,DELHI,False,False,95846.0,99436.0
2019-07-01,BENGALURU – HYDERABAD,152954.0,BENGALURU,HYDERABAD,False,False,75682.0,77272.0
2019-07-01,BENGALURU – KOLKATA,149473.0,BENGALURU,KOLKATA,False,False,75168.0,74305.0
2019-07-01,AHMEDABAD – MUMBAI,182893.0,AHMEDABAD,MUMBAI,False,False,89633.0,93260.0
2019-07-01,DELHI – SRINAGAR,173070.0,DELHI,SRINAGAR,False,False,86651.0,86419.0
2019-07-01,BENGALURU – PUNE,156924.0,BENGALURU,PUNE,False,False,77851.0,79073.0
2019-07-01,DELHI – GUWAHATI,126975.0,DELHI,GUWAHATI,False,False,64381.0,62594.0
2019-07-01,DELHI – PATNA,202426.0,DELHI,PATNA,False,False,94940.0,107486.0
2019-07-01,BENGALURU – CHENNAI,125138.0,BENGALURU,CHENNAI,False,False,62169.0,62969.0
2019-07-01,DELHI – LUCKNOW,147827.0,DELHI,LUCKNOW,False,False,73309.0,74518.0
2019-07-01,CHENNAI – HYDERABAD,128114.0,CHENNAI,HYDERABAD,False,False,63866.0,64248.0
2019-07-01,BENGALURU – KOCHI,75513.0,BENGALURU,KOCHI,False,False,37631.0,37882.0
2019-07-01,KOCHI – MUMBAI,98721.0,KOCHI,MUMBAI,False,False,48818.0,49903.0
2019-07-01,BAGDOGRA – DELHI,97222.0,BAGDOGRA,DELHI,False,False,51089.0,46133.0
2019-07-01,BHUBANESWAR – DELHI,105313.0,BHUBANESWAR,DELHI,False,False,53085.0,52228.0
2019-07-01,AHMEDABAD – BENGALURU,81125.0,AHMEDABAD,BENGALURU,False,False,40042.0,41083.0
2019-07-01,JAIPUR – MUMBAI,80730.0,JAIPUR,MUMBAI,False,False,39746.0,40984.0
2019-07-01,CHENNAI – KOLKATA,114033.0,CHENNAI,KOLKATA,False,False,56730.0,57303.0
2019-07-01,DELHI – INDORE,63612.0,DELHI,INDORE,False,False,32109.0,31503.0
2019-07-01,AMRITSAR – DELHI,67506.0,AMRITSAR,DELHI,False,False,33213.0,34293.0
2019-07-01,HYDERABAD – VISAKHAPATNAM,78944.0,HYDERABAD,VISAKHAPATNAM,False,False,38651.0,40293.0
2019-07-01,HYDERABAD – KOLKATA,86636.0,HYDERABAD,KOLKATA,False,False,42886.0,43750.0
2019-07-01,DELHI – VARANASI,67341.0,DELHI,VARANASI,False,False,33407.0,33934.0
2019-07-01,GUWAHATI – KOLKATA,131204.0,GUWAHATI,KOLKATA,False,False,65728.0,65476.0
2019-07-01,LUCKNOW – MUMBAI,59500.0,LUCKNOW,MUMBAI,False,False,29766.0,29734.0
2019-07-01,DELHI – KOCHI,96623.0,DELHI,KOCHI,False,False,49171.0,47452.0
2019-07-01,MUMBAI – VARANASI,47909.0,MUMBAI,VARANASI,False,False,24164.0,23745.0
2019-07-01,DELHI – RANCHI,107903.0,DELHI,RANCHI,False,False,54328.0,53575.0
2019-07-01,CHANDIGARH – DELHI,63361.0,CHANDIGARH,DELHI,False,False,30345.0,33016.0
2019-07-01,CHENNAI – COIMBATORE,81250.0,CHENNAI,COIMBATORE,False,False,41118.0,40132.0
2019-07-01,DELHI – RAIPUR,64977.0,DELHI,RAIPUR,False,False,32716.0,32261.0
2019-07-01,AGARTALA – KOLKATA,78064.0,AGARTALA,KOLKATA,False,False,40108.0,37956.0
2019-07-01,BENGALURU – MANGALURU,51676.0,BENGALURU,MANGALURU,False,False,26216.0,25460.0
2019-07-01,DELHI – LEH,65689.0,DELHI,LEH,False,False,31836.0,33853.0
2019-07-01,BENGALURU – BHUBANESWAR,47513.0,BENGALURU,BHUBANESWAR,False,False,24049.0,23464.0
2019-07-01,BENGALURU – VARANASI,16702.0,BENGALURU,VARANASI,False,False,7795.0,8907.0
2019-07-01,BENGALURU – LUCKNOW,57420.0,BENGALURU,LUCKNOW,False,False,28362.0,29058.0
2019-07-01,CHENNAI – PUNE,63617.0,CHENNAI,PUNE,False,False,31289.0,32328.0
2019-07-01,MUMBAI – NAGPUR,69316.0,MUMBAI,NAGPUR,False,False,35128.0,34188.0
2019-07-01,INDORE – MUMBAI,61768.0,INDORE,MUMBAI,False,False,31596.0,30172.0
2019-07-01,DELHI – NAGPUR,63770.0,DELHI,NAGPUR,False,False,31890.0,31880.0
2019-07-01,BENGALURU – GUWAHATI,26793.0,BENGALURU,GUWAHATI,False,False,13502.0,13291.0
2019-07-01,HYDERABAD – KOCHI,23271.0,HYDERABAD,KOCHI,False,False,12125.0,11146.0
2019-07-01,BENGALURU – JAIPUR,41290.0,BENGALURU,JAIPUR,False,False,20487.0,20803.0
2019-07-01,HYDERABAD – PUNE,48210.0,HYDERABAD,PUNE,False,False,24194.0,24016.0
2019-07-01,BENGALURU – THIRUVANANTHAPURAM,32096.0,BENGALURU,THIRUVANANTHAPURAM,False,False,16489.0,15607.0
2019-07-01,DELHI – UDAIPUR,34593.0,DELHI,UDAIPUR,False,False,16760.0,17833.0
2019-07-01,DELHI – JAMMU,54372.0,DELHI,JAMMU,False,False,28029.0,26343.0
2019-07-01,CHENNAI – KOCHI,66351.0,CHENNAI,KOCHI,False,False,34060.0,32291.0
2019-07-01,HYDERABAD – TIRUPATI,47612.0,HYDERABAD,TIRUPATI,False,False,23691.0,23921.0
2019-08-01,DELHI – MUMBAI,593974.0,DELHI,MUMBAI,False,False,294305.0,299669.0
2019-08-01,BENGALURU – DELHI,383162.0,BENGALURU,DELHI,False,False,192079.0,191083.0
2019-08-01,BENGALURU – MUMBAI,359081.0,BENGALURU,MUMBAI,False,False,180602.0,178479.0
2019-08-01,DELHI – HYDERABAD,256202.0,DELHI,HYDERABAD,False,False,124912.0,131290.0
2019-08-01,DELHI – KOLKATA,258191.0,DELHI,KOLKATA,False,False,131442.0,126749.0
2019-08-01,DELHI – PUNE,225040.0,DELHI,PUNE,False,False,112287.0,112753.0
2019-08-01,AHMEDABAD – DELHI,184957.0,AHMEDABAD,DELHI,False,False,93760.0,91197.0
2019-08-01,CHENNAI – MUMBAI,212078.0,CHENNAI,MUMBAI,False,False,106441.0,105637.0
2019-08-01,KOLKATA – MUMBAI,167357.0,KOLKATA,MUMBAI,False,False,79148.0,88209.0
2019-08-01,HYDERABAD – MUMBAI,226025.0,HYDERABAD,MUMBAI,False,False,112915.0,113110.0
2019-08-01,CHENNAI – DELHI,189899.0,CHENNAI,DELHI,False,False,96839.0,93060.0
2019-08-01,BENGALURU – HYDERABAD,173223.0,BENGALURU,HYDERABAD,False,False,85919.0,87304.0
2019-08-01,BENGALURU – KOLKATA,151246.0,BENGALURU,KOLKATA,False,False,77042.0,74204.0
2019-08-01,AHMEDABAD – MUMBAI,178591.0,AHMEDABAD,MUMBAI,False,False,89582.0,89009.0
2019-08-01,DELHI – SRINAGAR,128889.0,DELHI,SRINAGAR,False,False,53806.0,75083.0
2019-08-01,BENGALURU – PUNE,157885.0,BENGALURU,PUNE,False,False,78941.0,78944.0
2019-08-01,DELHI – GUWAHATI,124952.0,DELHI,GUWAHATI,False,False,63271.0,61681.0
2019-08-01,DELHI – PATNA,193411.0,DELHI,PATNA,False,False,96341.0,97070.0
2019-08-01,BENGALURU – CHENNAI,124099.0,BENGALURU,CHENNAI,False,False,61106.0,62993.0
2019-08-01,DELHI – LUCKNOW,162348.0,DELHI,LUCKNOW,False,False,80345.0,82003.0
2019-08-01,CHENNAI – HYDERABAD,134748.0,CHENNAI,HYDERABAD,False,False,67828.0,66920.0
2019-08-01,BENGALURU – KOCHI,66488.0,BENGALURU,KOCHI,False,False,32588.0,33900.0
2019-08-01,KOCHI – MUMBAI,90266.0,KOCHI,MUMBAI,False,False,45527.0,44739.0
2019-08-01,BAGDOGRA – DELHI,89781.0,BAGDOGRA,DELHI,False,False,45222.0,44559.0
2019-08-01,BHUBANESWAR – DELHI,102260.0,BHUBANESWAR,DELHI,False,False,48951.0,53309.0
2019-08-01,AHMEDABAD – BENGALURU,80244.0,AHMEDABAD,BENGALURU,False,False,39359.0,40885.0
2019-08-01,JAIPUR – MUMBAI,81910.0,JAIPUR,MUMBAI,False,False,40536.0,41374.0
2019-08-01,CHENNAI – KOLKATA,114582.0,CHENNAI,KOLKATA,False,False,57959.0,56623.0
2019-08-01,DELHI – INDORE,64446.0,DELHI,INDORE,False,False,31809.0,32637.0
2019-08-01,AMRITSAR – DELHI,66751.0,AMRITSAR,DELHI,False,False,33138.0,33613.0
2019-08-01,HYDERABAD – VISAKHAPATNAM,75098.0,HYDERABAD,VISAKHAPATNAM,False,False,37465.0,37633.0
2019-08-01,HYDERABAD – KOLKATA,83570.0,HYDERABAD,KOLKATA,False,False,43251.0,40319.0
2019-08-01,DELHI – VARANASI,68187.0,DELHI,VARANASI,False,False,33947.0,34240.0
2019-08-01,GUWAHATI – KOLKATA,120440.0,GUWAHATI,KOLKATA,False,False,60879.0,59561.0
2019-08-01,LUCKNOW – MUMBAI,67803.0,LUCKNOW,MUMBAI,False,False,33453.0,34350.0
2019-08-01,DELHI – KOCHI,87032.0,DELHI,KOCHI,False,False,41657.0,45375.0
2019-08-01,MUMBAI – VARANASI,49219.0,MUMBAI,VARANASI,False,False,25581.0,23638.0
2019-08-01,DELHI – RANCHI,106731.0,DELHI,RANCHI,False,False,54460.0,52271.0
2019-08-01,CHANDIGARH – DELHI,63081.0,CHANDIGARH,DELHI,False,False,30214.0,32867.0
2019-08-01,CHENNAI – COIMBATORE,78978.0,CHENNAI,COIMBATORE,False,False,40007.0,38971.0
2019-08-01,DELHI – RAIPUR,68088.0,DELHI,RAIPUR,False,False,34077.0,34011.0
2019-08-01,AGARTALA – KOLKATA,74578.0,AGARTALA,KOLKATA,False,False,39618.0,34960.0
2019-08-01,BENGALURU – MANGALURU,59544.0,BENGALURU,MANGALURU,False,False,29322.0,30222.0
2019-08-01,DELHI – LEH,63524.0,DELHI,LEH,False,False,31062.0,32462.0
2019-08-01,BENGALURU – BHUBANESWAR,39219.0,BENGALURU,BHUBANESWAR,False,False,20962.0,18257.0
2019-08-01,BENGALURU – VARANASI,14982.0,BENGALURU,VARANASI,False,False,7490.0,7492.0
2019-08-01,BENGALURU – LUCKNOW,49037.0,BENGALURU,LUCKNOW,False,False,25314.0,23723.0
2019-08-01,CHENNAI – PUNE,58263.0,CHENNAI,PUNE,False,False,28548.0,29715.0
2019-08-01,MUMBAI – NAGPUR,72018.0,MUMBAI,NAGPUR,False,False,36661.0,35357.0
2019-08-01,INDORE – MUMBAI,63605.0,INDORE,MUMBAI,False,False,32448.0,31157.0
2019-08-01,DELHI – NAGPUR,61731.0,DELHI,NAGPUR,False,False,30664.0,31067.0
2019-08-01,BENGALURU – GUWAHATI,21888.0,BENGALURU,GUWAHATI,False,False,11675.0,10213.0
2019-08-01,HYDERABAD – KOCHI,30588.0,HYDERABAD,KOCHI,False,False,15664.0,14924.0
2019-08-01,BENGALURU – JAIPUR,47220.0,BENGALURU,JAIPUR,False,False,23999.0,23221.0
2019-08-01,HYDERABAD – PUNE,48081.0,HYDERABAD,PUNE,False,False,23902.0,24179.0
2019-08-01,BENGALURU – THIRUVANANTHAPURAM,38781.0,BENGALURU,THIRUVANANTHAPURAM,False,False,19618.0,19163.0
2019-08-01,DELHI – UDAIPUR,35551.0,DELHI,UDAIPUR,False,False,17220.0,18331.0
2019-08-01,DELHI – JAMMU,48677.0,DELHI,JAMMU,False,False,24747.0,23930.0
2019-08-01,CHENNAI – KOCHI,55635.0,CHENNAI,KOCHI,False,False,29161.0,26474.0
2019-08-01,HYDERABAD – TIRUPATI,46577.0,HYDERABAD,TIRUPATI,False,False,23263.0,23314.0
2019-09-01,DELHI – MUMBAI,589470.0,DELHI,MUMBAI,False,False,291390.0,298080.0
2019-09-01,BENGALURU – DELHI,370814.0,BENGALURU,DELHI,False,False,189939.0,180875.0
2019-09-01,BENGALURU – MUMBAI,347330.0,BENGALURU,MUMBAI,False,False,180199.0,167131.0
2019-09-01,DELHI – HYDERABAD,245848.0,DELHI,HYDERABAD,False,False,118659.0,127189.0
2019-09-01,DELHI – KOLKATA,245271.0,DELHI,KOLKATA,False,False,127623.0,117648.0
2019-09-01,DELHI – PUNE,219242.0,DELHI,PUNE,False,False,108084.0,111158.0
2019-09-01,AHMEDABAD – DELHI,180255.0,AHMEDABAD,DELHI,False,False,89930.0,90325.0
2019-09-01,CHENNAI – MUMBAI,191395.0,CHENNAI,MUMBAI,False,False,101667.0,89728.0
2019-09-01,KOLKATA – MUMBAI,171464.0,KOLKATA,MUMBAI,False,False,81050.0,90414.0
2019-09-01,HYDERABAD – MUMBAI,206544.0,HYDERABAD,MUMBAI,False,False,106199.0,100345.0
2019-09-01,CHENNAI – DELHI,193364.0,CHENNAI,DELHI,False,False,101071.0,92293.0
2019-09-01,BENGALURU – HYDERABAD,168782.0,BENGALURU,HYDERABAD,False,False,84384.0,84398.0
2019-09-01,BENGALURU – KOLKATA,138289.0,BENGALURU,KOLKATA,False,False,71071.0,67218.0
2019-09-01,AHMEDABAD – MUMBAI,163578.0,AHMEDABAD,MUMBAI,False,False,81565.0,82013.0
2019-09-01,DELHI – SRINAGAR,138191.0,DELHI,SRINAGAR,False,False,67156.0,71035.0
2019-09-01,BENGALURU – PUNE,151602.0,BENGALURU,PUNE,False,False,76120.0,75482.0
2019-09-01,DELHI – GUWAHATI,121159.0,DELHI,GUWAHATI,False,False,62540.0,58619.0
2019-09-01,DELHI – PATNA,186369.0,DELHI,PATNA,False,False,93317.0,93052.0
2019-09-01,BENGALURU – CHENNAI,115648.0,BENGALURU,CHENNAI,False,False,57467.0,58181.0
2019-09-01,DELHI – LUCKNOW,159319.0,DELHI,LUCKNOW,False,False,79247.0,80072.0
2019-09-01,CHENNAI – HYDERABAD,131919.0,CHENNAI,HYDERABAD,False,False,67480.0,64439.0
2019-09-01,BENGALURU – KOCHI,83601.0,BENGALURU,KOCHI,False,False,40563.0,43038.0
2019-09-01,KOCHI – MUMBAI,99343.0,KOCHI,MUMBAI,False,False,50483.0,48860.0
2019-09-01,BAGDOGRA – DELHI,91053.0,BAGDOGRA,DELHI,False,False,44509.0,46544.0
2019-09-01,BHUBANESWAR – DELHI,102642.0,BHUBANESWAR,DELHI,False,False,50357.0,52285.0
2019-09-01,AHMEDABAD – BENGALURU,70096.0,AHMEDABAD,BENGALURU,False,False,33806.0,36290.0
2019-09-01,JAIPUR – MUMBAI,79273.0,JAIPUR,MUMBAI,False,False,39102.0,40171.0
2019-09-01,CHENNAI – KOLKATA,120638.0,CHENNAI,KOLKATA,False,False,61906.0,58732.0
2019-09-01,DELHI – INDORE,63774.0,DELHI,INDORE,False,False,31032.0,32742.0
2019-09-01,AMRITSAR – DELHI,74483.0,AMRITSAR,DELHI,False,False,36438.0,38045.0
2019-09-01,HYDERABAD – VISAKHAPATNAM,75563.0,HYDERABAD,VISAKHAPATNAM,False,False,37474.0,38089.0
2019-09-01,HYDERABAD – KOLKATA,80649.0,HYDERABAD,KOLKATA,False,False,41930.0,38719.0
2019-09-01,DELHI – VARANASI,67235.0,DELHI,VARANASI,False,False,32732.0,34503.0
2019-09-01,GUWAHATI – KOLKATA,108988.0,GUWAHATI,KOLKATA,False,False,52526.0,56462.0
2019-09-01,LUCKNOW – MUMBAI,69084.0,LUCKNOW,MUMBAI,False,False,33731.0,35353.0
2019-09-01,DELHI – KOCHI,100027.0,DELHI,KOCHI,False,False,46918.0,53109.0
2019-09-01,MUMBAI – VARANASI,50504.0,MUMBAI,VARANASI,False,False,26645.0,23859.0
2019-09-01,DELHI – RANCHI,104102.0,DELHI,RANCHI,False,False,53016.0,51086.0
2019-09-01,CHANDIGARH – DELHI,67281.0,CHANDIGARH,DELHI,False,False,32264.0,35017.0
2019-09-01,CHENNAI – COIMBATORE,74790.0,CHENNAI,COIMBATORE,False,False,37786.0,37004.0
2019-09-01,DELHI – RAIPUR,65331.0,DELHI,RAIPUR,False,False,32712.0,32619.0
2019-09-01,AGARTALA – KOLKATA,70453.0,AGARTALA,KOLKATA,False,False,34780.0,35673.0
2019-09-01,BENGALURU – MANGALURU,48040.0,BENGALURU,MANGALURU,False,False,23897.0,24143.0
2019-09-01,DELHI – LEH,59037.0,DELHI,LEH,False,False,27695.0,31342.0
2019-09-01,BENGALURU – BHUBANESWAR,44510.0,BENGALURU,BHUBANESWAR,False,False,24504.0,20006.0
2019-09-01,BENGALURU – VARANASI,16793.0,BENGALURU,VARANASI,False,False,9058.0,7735.0
2019-09-01,BENGALURU – LUCKNOW,36775.0,BENGALURU,LUCKNOW,False,False,19990.0,16785.0
2019-09-01,CHENNAI – PUNE,57124.0,CHENNAI,PUNE,False,False,28546.0,28578.0
2019-09-01,MUMBAI – NAGPUR,68696.0,MUMBAI,NAGPUR,False,False,34434.0,34262.0
2019-09-01,INDORE – MUMBAI,62928.0,INDORE,MUMBAI,False,False,32204.0,30724.0
2019-09-01,DELHI – NAGPUR,66000.0,DELHI,NAGPUR,False,False,32781.0,33219.0
2019-09-01,BENGALURU – GUWAHATI,20910.0,BENGALURU,GUWAHATI,False,False,11668.0,9242.0
2019-09-01,HYDERABAD – KOCHI,46255.0,HYDERABAD,KOCHI,False,False,24080.0,22175.0
2019-09-01,BENGALURU – JAIPUR,46587.0,BENGALURU,JAIPUR,False,False,24074.0,22513.0
2019-09-01,HYDERABAD – PUNE,44997.0,HYDERABAD,PUNE,False,False,22363.0,22634.0
2019-09-01,BENGALURU – THIRUVANANTHAPURAM,36879.0,BENGALURU,THIRUVANANTHAPURAM,False,False,18168.0,18711.0
2019-09-01,DELHI – UDAIPUR,36543.0,DELHI,UDAIPUR,False,False,18575.0,17968.0
2019-09-01,DELHI – JAMMU,55235.0,DELHI,JAMMU,False,False,28682.0,26553.0
2019-09-01,CHENNAI – KOCHI,61146.0,CHENNAI,KOCHI,False,False,31364.0,29782.0
2019-09-01,HYDERABAD – TIRUPATI,43476.0,HYDERABAD,TIRUPATI,False,False,21588.0,21888.0
2019-10-01,DELHI – MUMBAI,577217.0,DELHI,MUMBAI,False,False,265724.0,311493.0
2019-10-01,BENGALURU – DELHI,378617.0,BENGALURU,DELHI,False,False,197492.0,181125.0
2019-10-01,BENGALURU – MUMBAI,351138.0,BENGALURU,MUMBAI,False,False,172008.0,179130.0
2019-10-01,DELHI – HYDERABAD,268389.0,DELHI,HYDERABAD,False,False,130392.0,137997.0
2019-10-01,DELHI – KOLKATA,299277.0,DELHI,KOLKATA,False,False,156390.0,142887.0
2019-10-01,DELHI – PUNE,215391.0,DELHI,PUNE,False,False,101550.0,113841.0
2019-10-01,AHMEDABAD – DELHI,180528.0,AHMEDABAD,DELHI,False,False,98559.0,81969.0
2019-10-01,CHENNAI – MUMBAI,173146.0,CHENNAI,MUMBAI,False,False,81604.0,91542.0
2019-10-01,KOLKATA – MUMBAI,187646.0,KOLKATA,MUMBAI,False,False,85369.0,102277.0
2019-10-01,HYDERABAD – MUMBAI,225547.0,HYDERABAD,MUMBAI,False,False,102325.0,123222.0
2019-10-01,CHENNAI – DELHI,205485.0,CHENNAI,DELHI,False,False,103460.0,102025.0
2019-10-01,BENGALURU – HYDERABAD,180317.0,BENGALURU,HYDERABAD,False,False,91844.0,88473.0
2019-10-01,BENGALURU – KOLKATA,163310.0,BENGALURU,KOLKATA,False,False,83653.0,79657.0
2019-10-01,AHMEDABAD – MUMBAI,149299.0,AHMEDABAD,MUMBAI,False,False,75092.0,74207.0
2019-10-01,DELHI – SRINAGAR,141648.0,DELHI,SRINAGAR,False,False,64439.0,77209.0
2019-10-01,BENGALURU – PUNE,151722.0,BENGALURU,PUNE,False,False,74644.0,77078.0
2019-10-01,DELHI – GUWAHATI,125929.0,DELHI,GUWAHATI,False,False,64157.0,61772.0
2019-10-01,DELHI – PATNA,193519.0,DELHI,PATNA,False,False,104665.0,88854.0
2019-10-01,BENGALURU – CHENNAI,113393.0,BENGALURU,CHENNAI,False,False,58281.0,55112.0
2019-10-01,DELHI – LUCKNOW,175689.0,DELHI,LUCKNOW,False,False,93385.0,82304.0
2019-10-01,CHENNAI – HYDERABAD,137982.0,CHENNAI,HYDERABAD,False,False,69413.0,68569.0
2019-10-01,BENGALURU – KOCHI,76223.0,BENGALURU,KOCHI,False,False,38394.0,37829.0
2019-10-01,KOCHI – MUMBAI,97935.0,KOCHI,MUMBAI,False,False,48070.0,49865.0
2019-10-01,BAGDOGRA – DELHI,105364.0,BAGDOGRA,DELHI,False,False,52937.0,52427.0
2019-10-01,BHUBANESWAR – DELHI,97170.0,BHUBANESWAR,DELHI,False,False,46076.0,51094.0
2019-10-01,AHMEDABAD – BENGALURU,68807.0,AHMEDABAD,BENGALURU,False,False,34376.0,34431.0
2019-10-01,JAIPUR – MUMBAI,76396.0,JAIPUR,MUMBAI,False,False,34538.0,41858.0
2019-10-01,CHENNAI – KOLKATA,129647.0,CHENNAI,KOLKATA,False,False,67643.0,62004.0
2019-10-01,DELHI – INDORE,68635.0,DELHI,INDORE,False,False,33526.0,35109.0
2019-10-01,AMRITSAR – DELHI,79027.0,AMRITSAR,DELHI,False,False,37232.0,41795.0
2019-10-01,HYDERABAD – VISAKHAPATNAM,85203.0,HYDERABAD,VISAKHAPATNAM,False,False,43305.0,41898.0
2019-10-01,HYDERABAD – KOLKATA,86695.0,HYDERABAD,KOLKATA,False,False,44240.0,42455.0
2019-10-01,DELHI – VARANASI,72659.0,DELHI,VARANASI,False,False,38155.0,34504.0
2019-10-01,GUWAHATI – KOLKATA,130633.0,GUWAHATI,KOLKATA,False,False,65405.0,65228.0
2019-10-01,LUCKNOW – MUMBAI,67271.0,LUCKNOW,MUMBAI,False,False,29959.0,37312.0
2019-10-01,DELHI – KOCHI,90441.0,DELHI,KOCHI,False,False,43506.0,46935.0
2019-10-01,MUMBAI – VARANASI,44895.0,MUMBAI,VARANASI,False,False,27546.0,17349.0
2019-10-01,DELHI – RANCHI,108904.0,DELHI,RANCHI,False,False,58957.0,49947.0
2019-10-01,CHANDIGARH – DELHI,71318.0,CHANDIGARH,DELHI,False,False,34174.0,37144.0
2019-10-01,CHENNAI – COIMBATORE,67640.0,CHENNAI,COIMBATORE,False,False,34093.0,33547.0
2019-10-01,DELHI – RAIPUR,64826.0,DELHI,RAIPUR,False,False,32630.0,32196.0
2019-10-01,AGARTALA – KOLKATA,73402.0,AGARTALA,KOLKATA,False,False,38473.0,34929.0
2019-10-01,BENGALURU – MANGALURU,48006.0,BENGALURU,MANGALURU,False,False,23978.0,24028.0
2019-10-01,DELHI – LEH,47894.0,DELHI,LEH,False,False,22448.0,25446.0
2019-10-01,BENGALURU – BHUBANESWAR,55917.0,BENGALURU,BHUBANESWAR,False,False,31284.0,24633.0
2019-10-01,BENGALURU – VARANASI,18361.0,BENGALURU,VARANASI,False,False,10769.0,7592.0
2019-10-01,BENGALURU – LUCKNOW,51919.0,BENGALURU,LUCKNOW,False,False,29697.0,22222.0
2019-10-01,CHENNAI – PUNE,55796.0,CHENNAI,PUNE,False,False,26503.0,29293.0
2019-10-01,MUMBAI – NAGPUR,68017.0,MUMBAI,NAGPUR,False,False,36982.0,31035.0
2019-10-01,INDORE – MUMBAI,63000.0,INDORE,MUMBAI,False,False,28955.0,34045.0
2019-10-01,DELHI – NAGPUR,69314.0,DELHI,NAGPUR,False,False,34346.0,34968.0
2019-10-01,BENGALURU – GUWAHATI,28545.0,BENGALURU,GUWAHATI,False,False,15378.0,13167.0
2019-10-01,HYDERABAD – KOCHI,40934.0,HYDERABAD,KOCHI,False,False,21176.0,19758.0
2019-10-01,BENGALURU – JAIPUR,52173.0,BENGALURU,JAIPUR,False,False,28047.0,24126.0
2019-10-01,HYDERABAD – PUNE,45564.0,HYDERABAD,PUNE,False,False,21213.0,24351.0
2019-10-01,BENGALURU – THIRUVANANTHAPURAM,34676.0,BENGALURU,THIRUVANANTHAPURAM,False,False,17399.0,17277.0
2019-10-01,DELHI – UDAIPUR,40432.0,DELHI,UDAIPUR,False,False,19412.0,21020.0
2019-10-01,DELHI – JAMMU,51720.0,DELHI,JAMMU,False,False,27406.0,24314.0
2019-10-01,CHENNAI – KOCHI,57656.0,CHENNAI,KOCHI,False,False,29035.0,28621.0
2019-10-01,HYDERABAD – TIRUPATI,44370.0,HYDERABAD,TIRUPATI,False,False,22058.0,22312.0
2019-11-01,DELHI – MUMBAI,643103.0,DELHI,MUMBAI,False,False,330592.0,312511.0
2019-11-01,BENGALURU – DELHI,388716.0,BENGALURU,DELHI,False,False,190375.0,198341.0
2019-11-01,BENGALURU – MUMBAI,353788.0,BENGALURU,MUMBAI,False,False,179893.0,173895.0
2019-11-01,DELHI – HYDERABAD,270058.0,DELHI,HYDERABAD,False,False,137511.0,132547.0
2019-11-01,DELHI – KOLKATA,308687.0,DELHI,KOLKATA,False,False,154850.0,153837.0
2019-11-01,DELHI – PUNE,228074.0,DELHI,PUNE,False,False,116319.0,111755.0
2019-11-01,AHMEDABAD – DELHI,204927.0,AHMEDABAD,DELHI,False,False,97994.0,106933.0
2019-11-01,CHENNAI – MUMBAI,191543.0,CHENNAI,MUMBAI,False,False,100477.0,91066.0
2019-11-01,KOLKATA – MUMBAI,184969.0,KOLKATA,MUMBAI,False,False,94144.0,90825.0
2019-11-01,HYDERABAD – MUMBAI,217768.0,HYDERABAD,MUMBAI,False,False,108973.0,108795.0
2019-11-01,CHENNAI – DELHI,216815.0,CHENNAI,DELHI,False,False,107911.0,108904.0
2019-11-01,BENGALURU – HYDERABAD,195199.0,BENGALURU,HYDERABAD,False,False,95126.0,100073.0
2019-11-01,BENGALURU – KOLKATA,156847.0,BENGALURU,KOLKATA,False,False,78373.0,78474.0
2019-11-01,AHMEDABAD – MUMBAI,147005.0,AHMEDABAD,MUMBAI,False,False,75404.0,71601.0
2019-11-01,DELHI – SRINAGAR,113303.0,DELHI,SRINAGAR,False,False,55998.0,57305.0
2019-11-01,BENGALURU – PUNE,157246.0,BENGALURU,PUNE,False,False,78685.0,78561.0
2019-11-01,DELHI – GUWAHATI,123548.0,DELHI,GUWAHATI,False,False,61700.0,61848.0
2019-11-01,DELHI – PATNA,206305.0,DELHI,PATNA,False,False,100325.0,105980.0
2019-11-01,BENGALURU – CHENNAI,109969.0,BENGALURU,CHENNAI,False,False,53110.0,56859.0
2019-11-01,DELHI – LUCKNOW,170965.0,DELHI,LUCKNOW,False,False,85771.0,85194.0
2019-11-01,CHENNAI – HYDERABAD,137527.0,CHENNAI,HYDERABAD,False,False,70516.0,67011.0
2019-11-01,BENGALURU – KOCHI,72672.0,BENGALURU,KOCHI,False,False,34724.0,37948.0
2019-11-01,KOCHI – MUMBAI,87603.0,KOCHI,MUMBAI,False,False,43912.0,43691.0
2019-11-01,BAGDOGRA – DELHI,101442.0,BAGDOGRA,DELHI,False,False,50635.0,50807.0
2019-11-01,BHUBANESWAR – DELHI,91901.0,BHUBANESWAR,DELHI,False,False,44686.0,47215.0
2019-11-01,AHMEDABAD – BENGALURU,72683.0,AHMEDABAD,BENGALURU,False,False,36384.0,36299.0
2019-11-01,JAIPUR – MUMBAI,84783.0,JAIPUR,MUMBAI,False,False,42758.0,42025.0
2019-11-01,CHENNAI – KOLKATA,121136.0,CHENNAI,KOLKATA,False,False,61753.0,59383.0
2019-11-01,DELHI – INDORE,88669.0,DELHI,INDORE,False,False,45789.0,42880.0
2019-11-01,AMRITSAR – DELHI,85120.0,AMRITSAR,DELHI,False,False,42981.0,42139.0
2019-11-01,HYDERABAD – VISAKHAPATNAM,79501.0,HYDERABAD,VISAKHAPATNAM,False,False,39824.0,39677.0
2019-11-01,HYDERABAD – KOLKATA,86678.0,HYDERABAD,KOLKATA,False,False,42731.0,43947.0
2019-11-01,DELHI – VARANASI,92140.0,DELHI,VARANASI,False,False,45234.0,46906.0
2019-11-01,GUWAHATI – KOLKATA,124232.0,GUWAHATI,KOLKATA,False,False,61115.0,63117.0
2019-11-01,LUCKNOW – MUMBAI,71714.0,LUCKNOW,MUMBAI,False,False,35716.0,35998.0
2019-11-01,DELHI – KOCHI,92111.0,DELHI,KOCHI,False,False,47815.0,44296.0
2019-11-01,MUMBAI – VARANASI,59138.0,MUMBAI,VARANASI,False,False,29904.0,29234.0
2019-11-01,DELHI – RANCHI,114948.0,DELHI,RANCHI,False,False,58081.0,56867.0
2019-11-01,CHANDIGARH – DELHI,77989.0,CHANDIGARH,DELHI,False,False,38169.0,39820.0
2019-11-01,CHENNAI – COIMBATORE,80769.0,CHENNAI,COIMBATORE,False,False,41173.0,39596.0
2019-11-01,DELHI – RAIPUR,68883.0,DELHI,RAIPUR,False,False,34518.0,34365.0
2019-11-01,AGARTALA – KOLKATA,92566.0,AGARTALA,KOLKATA,False,False,47474.0,45092.0
2019-11-01,BENGALURU – MANGALURU,52913.0,BENGALURU,MANGALURU,False,False,25573.0,27340.0
2019-11-01,DELHI – LEH,24791.0,DELHI,LEH,False,False,12763.0,12028.0
2019-11-01,BENGALURU – BHUBANESWAR,57435.0,BENGALURU,BHUBANESWAR,False,False,28728.0,28707.0
2019-11-01,BENGALURU – VARANASI,30026.0,BENGALURU,VARANASI,False,False,14748.0,15278.0
2019-11-01,BENGALURU – LUCKNOW,53683.0,BENGALURU,LUCKNOW,False,False,26400.0,27283.0
2019-11-01,CHENNAI – PUNE,61926.0,CHENNAI,PUNE,False,False,31390.0,30536.0
2019-11-01,MUMBAI – NAGPUR,75355.0,MUMBAI,NAGPUR,False,False,36967.0,38388.0
2019-11-01,INDORE – MUMBAI,52910.0,INDORE,MUMBAI,False,False,26554.0,26356.0
2019-11-01,DELHI – NAGPUR,70646.0,DELHI,NAGPUR,False,False,35884.0,34762.0
2019-11-01,BENGALURU – GUWAHATI,35389.0,BENGALURU,GUWAHATI,False,False,17875.0,17514.0
2019-11-01,HYDERABAD – KOCHI,53258.0,HYDERABAD,KOCHI,False,False,26607.0,26651.0
2019-11-01,BENGALURU – JAIPUR,56249.0,BENGALURU,JAIPUR,False,False,28326.0,27923.0
2019-11-01,HYDERABAD – PUNE,34642.0,HYDERABAD,PUNE,False,False,18270.0,16372.0
2019-11-01,BENGALURU – THIRUVANANTHAPURAM,38499.0,BENGALURU,THIRUVANANTHAPURAM,False,False,18732.0,19767.0
2019-11-01,DELHI – UDAIPUR,52229.0,DELHI,UDAIPUR,False,False,26372.0,25857.0
2019-11-01,DELHI – JAMMU,60562.0,DELHI,JAMMU,False,False,31061.0,29501.0
2019-11-01,CHENNAI – KOCHI,58093.0,CHENNAI,KOCHI,False,False,29551.0,28542.0
2019-11-01,HYDERABAD – TIRUPATI,53382.0,HYDERABAD,TIRUPATI,False,False,26183.0,27199.0
2019-12-01,DELHI – MUMBAI,638032.0,DELHI,MUMBAI,False,False,329523.0,308509.0
2019-12-01,BENGALURU – DELHI,389742.0,BENGALURU,DELHI,False,False,190407.0,199335.0
2019-12-01,BENGALURU – MUMBAI,355035.0,BENGALURU,MUMBAI,False,False,176750.0,178285.0
2019-12-01,DELHI – HYDERABAD,251368.0,DELHI,HYDERABAD,False,False,131997.0,119371.0
2019-12-01,DELHI – KOLKATA,315232.0,DELHI,KOLKATA,False,False,168261.0,146971.0
2019-12-01,DELHI – PUNE,231298.0,DELHI,PUNE,False,False,118845.0,112453.0
2019-12-01,AHMEDABAD – DELHI,195137.0,AHMEDABAD,DELHI,False,False,91375.0,103762.0
2019-12-01,CHENNAI – MUMBAI,196728.0,CHENNAI,MUMBAI,False,False,96682.0,100046.0
2019-12-01,KOLKATA – MUMBAI,194254.0,KOLKATA,MUMBAI,False,False,95750.0,98504.0
2019-12-01,HYDERABAD – MUMBAI,214972.0,HYDERABAD,MUMBAI,False,False,104801.0,110171.0
2019-12-01,CHENNAI – DELHI,222793.0,CHENNAI,DELHI,False,False,104761.0,118032.0
2019-12-01,BENGALURU – HYDERABAD,205566.0,BENGALURU,HYDERABAD,False,False,102274.0,103292.0
2019-12-01,BENGALURU – KOLKATA,171268.0,BENGALURU,KOLKATA,False,False,86950.0,84318.0
2019-12-01,AHMEDABAD – MUMBAI,151376.0,AHMEDABAD,MUMBAI,False,False,77695.0,73681.0
2019-12-01,DELHI – SRINAGAR,87630.0,DELHI,SRINAGAR,False,False,43731.0,43899.0
2019-12-01,BENGALURU – PUNE,159900.0,BENGALURU,PUNE,False,False,79810.0,80090.0
2019-12-01,DELHI – GUWAHATI,111372.0,DELHI,GUWAHATI,False,False,60682.0,50690.0
2019-12-01,DELHI – PATNA,154311.0,DELHI,PATNA,False,False,76481.0,77830.0
2019-12-01,BENGALURU – CHENNAI,111303.0,BENGALURU,CHENNAI,False,False,56441.0,54862.0
2019-12-01,DELHI – LUCKNOW,153003.0,DELHI,LUCKNOW,False,False,76626.0,76377.0
2019-12-01,CHENNAI – HYDERABAD,140968.0,CHENNAI,HYDERABAD,False,False,72042.0,68926.0
2019-12-01,BENGALURU – KOCHI,81716.0,BENGALURU,KOCHI,False,False,41571.0,40145.0
2019-12-01,KOCHI – MUMBAI,88856.0,KOCHI,MUMBAI,False,False,43778.0,45078.0
2019-12-01,BAGDOGRA – DELHI,99080.0,BAGDOGRA,DELHI,False,False,47847.0,51233.0
2019-12-01,BHUBANESWAR – DELHI,94501.0,BHUBANESWAR,DELHI,False,False,45639.0,48862.0
2019-12-01,AHMEDABAD – BENGALURU,67509.0,AHMEDABAD,BENGALURU,False,False,34959.0,32550.0
2019-12-01,JAIPUR – MUMBAI,87915.0,JAIPUR,MUMBAI,False,False,44263.0,43652.0
2019-12-01,CHENNAI – KOLKATA,127656.0,CHENNAI,KOLKATA,False,False,66032.0,61624.0
2019-12-01,DELHI – INDORE,89313.0,DELHI,INDORE,False,False,46932.0,42381.0
2019-12-01,AMRITSAR – DELHI,94758.0,AMRITSAR,DELHI,False,False,46341.0,48417.0
2019-12-01,HYDERABAD – VISAKHAPATNAM,81620.0,HYDERABAD,VISAKHAPATNAM,False,False,41975.0,39645.0
2019-12-01,HYDERABAD – KOLKATA,95298.0,HYDERABAD,KOLKATA,False,False,47464.0,47834.0
2019-12-01,DELHI – VARANASI,72281.0,DELHI,VARANASI,False,False,36591.0,35690.0
2019-12-01,GUWAHATI – KOLKATA,116416.0,GUWAHATI,KOLKATA,False,False,56216.0,60200.0
2019-12-01,LUCKNOW – MUMBAI,69800.0,LUCKNOW,MUMBAI,False,False,37019.0,32781.0
2019-12-01,DELHI – KOCHI,92114.0,DELHI,KOCHI,False,False,48856.0,43258.0
2019-12-01,MUMBAI – VARANASI,54836.0,MUMBAI,VARANASI,False,False,26016.0,28820.0
2019-12-01,DELHI – RANCHI,101929.0,DELHI,RANCHI,False,False,54193.0,47736.0
2019-12-01,CHANDIGARH – DELHI,64923.0,CHANDIGARH,DELHI,False,False,31884.0,33039.0
2019-12-01,CHENNAI – COIMBATORE,88077.0,CHENNAI,COIMBATORE,False,False,46121.0,41956.0
2019-12-01,DELHI – RAIPUR,65842.0,DELHI,RAIPUR,False,False,33901.0,31941.0
2019-12-01,AGARTALA – KOLKATA,89914.0,AGARTALA,KOLKATA,False,False,43814.0,46100.0
2019-12-01,BENGALURU – MANGALURU,58690.0,BENGALURU,MANGALURU,False,False,29909.0,28781.0
2019-12-01,DELHI – LEH,26623.0,DELHI,LEH,False,False,11395.0,15228.0
2019-12-01,BENGALURU – BHUBANESWAR,63327.0,BENGALURU,BHUBANESWAR,False,False,31988.0,31339.0
2019-12-01,BENGALURU – VARANASI,28659.0,BENGALURU,VARANASI,False,False,13257.0,15402.0
2019-12-01,BENGALURU – LUCKNOW,54164.0,BENGALURU,LUCKNOW,False,False,26513.0,27651.0
2019-12-01,CHENNAI – PUNE,65839.0,CHENNAI,PUNE,False,False,32666.0,33173.0
2019-12-01,MUMBAI – NAGPUR,78982.0,MUMBAI,NAGPUR,False,False,39298.0,39684.0
2019-12-01,INDORE – MUMBAI,54710.0,INDORE,MUMBAI,False,False,27231.0,27479.0
2019-12-01,DELHI – NAGPUR,67426.0,DELHI,NAGPUR,False,False,34414.0,33012.0
2019-12-01,BENGALURU – GUWAHATI,34683.0,BENGALURU,GUWAHATI,False,False,18380.0,16303.0
2019-12-01,HYDERABAD – KOCHI,66207.0,HYDERABAD,KOCHI,False,False,33205.0,33002.0
2019-12-01,BENGALURU – JAIPUR,52605.0,BENGALURU,JAIPUR,False,False,25899.0,26706.0
2019-12-01,HYDERABAD – PUNE,34173.0,HYDERABAD,PUNE,False,False,17328.0,16845.0
2019-12-01,BENGALURU – THIRUVANANTHAPURAM,45201.0,BENGALURU,THIRUVANANTHAPURAM,False,False,23042.0,22159.0
2019-12-01,DELHI – UDAIPUR,51959.0,DELHI,UDAIPUR,False,False,26336.0,25623.0
2019-12-01,DELHI – JAMMU,54655.0,DELHI,JAMMU,False,False,28423.0,26232.0
2019-12-01,CHENNAI – KOCHI,56584.0,CHENNAI,KOCHI,False,False,28098.0,28486.0
2019-12-01,HYDERABAD – TIRUPATI,56083.0,HYDERABAD,TIRUPATI,False,False,27330.0,28753.0
2020-01-01,DELHI – MUMBAI,611231.0,DELHI,MUMBAI,False,False,300279.0,310952.0
2020-01-01,BENGALURU – DELHI,375090.0,BENGALURU,DELHI,False,False,190573.0,184517.0
2020-01-01,BENGALURU – MUMBAI,343571.0,BENGALURU,MUMBAI,False,False,171926.0,171645.0
2020-01-01,DELHI – HYDERABAD,243126.0,DELHI,HYDERABAD,False,False,117255.0,125871.0
2020-01-01,DELHI – KOLKATA,297232.0,DELHI,KOLKATA,False,False,148504.0,148728.0
2020-01-01,DELHI – PUNE,228046.0,DELHI,PUNE,False,False,114621.0,113425.0
2020-01-01,AHMEDABAD – DELHI,209538.0,AHMEDABAD,DELHI,False,False,105861.0,103677.0
2020-01-01,CHENNAI – MUMBAI,199622.0,CHENNAI,MUMBAI,False,False,99905.0,99717.0
2020-01-01,KOLKATA – MUMBAI,189177.0,KOLKATA,MUMBAI,False,False,91566.0,97611.0
2020-01-01,HYDERABAD – MUMBAI,203252.0,HYDERABAD,MUMBAI,False,False,99552.0,103700.0
2020-01-01,CHENNAI – DELHI,212932.0,CHENNAI,DELHI,False,False,107250.0,105682.0
2020-01-01,BENGALURU – HYDERABAD,181120.0,BENGALURU,HYDERABAD,False,False,89345.0,91775.0
2020-01-01,BENGALURU – KOLKATA,167657.0,BENGALURU,KOLKATA,False,False,85243.0,82414.0
2020-01-01,AHMEDABAD – MUMBAI,153024.0,AHMEDABAD,MUMBAI,False,False,78289.0,74735.0
2020-01-01,DELHI – SRINAGAR,104731.0,DELHI,SRINAGAR,False,False,50554.0,54177.0
2020-01-01,BENGALURU – PUNE,158803.0,BENGALURU,PUNE,False,False,79015.0,79788.0
2020-01-01,DELHI – GUWAHATI,117986.0,DELHI,GUWAHATI,False,False,58710.0,59276.0
2020-01-01,DELHI – PATNA,137834.0,DELHI,PATNA,False,False,68057.0,69777.0
2020-01-01,BENGALURU – CHENNAI,104593.0,BENGALURU,CHENNAI,False,False,52456.0,52137.0
2020-01-01,DELHI – LUCKNOW,143680.0,DELHI,LUCKNOW,False,False,72999.0,70681.0
2020-01-01,CHENNAI – HYDERABAD,132339.0,CHENNAI,HYDERABAD,False,False,67041.0,65298.0
2020-01-01,BENGALURU – KOCHI,85725.0,BENGALURU,KOCHI,False,False,39545.0,46180.0
2020-01-01,KOCHI – MUMBAI,91475.0,KOCHI,MUMBAI,False,False,45831.0,45644.0
2020-01-01,BAGDOGRA – DELHI,89941.0,BAGDOGRA,DELHI,False,False,46230.0,43711.0
2020-01-01,BHUBANESWAR – DELHI,92575.0,BHUBANESWAR,DELHI,False,False,46688.0,45887.0
2020-01-01,AHMEDABAD – BENGALURU,80113.0,AHMEDABAD,BENGALURU,False,False,40756.0,39357.0
2020-01-01,JAIPUR – MUMBAI,87983.0,JAIPUR,MUMBAI,False,False,44046.0,43937.0
2020-01-01,CHENNAI – KOLKATA,124770.0,CHENNAI,KOLKATA,False,False,63778.0,60992.0
2020-01-01,DELHI – INDORE,89578.0,DELHI,INDORE,False,False,43470.0,46108.0
2020-01-01,AMRITSAR – DELHI,91977.0,AMRITSAR,DELHI,False,False,44493.0,47484.0
2020-01-01,HYDERABAD – VISAKHAPATNAM,78198.0,HYDERABAD,VISAKHAPATNAM,False,False,38517.0,39681.0
2020-01-01,HYDERABAD – KOLKATA,88925.0,HYDERABAD,KOLKATA,False,False,44583.0,44342.0
2020-01-01,DELHI – VARANASI,73148.0,DELHI,VARANASI,False,False,36442.0,36706.0
2020-01-01,GUWAHATI – KOLKATA,118860.0,GUWAHATI,KOLKATA,False,False,58809.0,60051.0
2020-01-01,LUCKNOW – MUMBAI,69610.0,LUCKNOW,MUMBAI,False,False,33724.0,35886.0
2020-01-01,DELHI – KOCHI,93833.0,DELHI,KOCHI,False,False,45676.0,48157.0
2020-01-01,MUMBAI – VARANASI,53066.0,MUMBAI,VARANASI,False,False,28332.0,24734.0
2020-01-01,DELHI – RANCHI,92585.0,DELHI,RANCHI,False,False,44964.0,47621.0
2020-01-01,CHANDIGARH – DELHI,63537.0,CHANDIGARH,DELHI,False,False,31678.0,31859.0
2020-01-01,CHENNAI – COIMBATORE,86395.0,CHENNAI,COIMBATORE,False,False,42923.0,43472.0
2020-01-01,DELHI – RAIPUR,62410.0,DELHI,RAIPUR,False,False,30720.0,31690.0
2020-01-01,AGARTALA – KOLKATA,85974.0,AGARTALA,KOLKATA,False,False,41624.0,44350.0
2020-01-01,BENGALURU – MANGALURU,56801.0,BENGALURU,MANGALURU,False,False,27996.0,28805.0
2020-01-01,DELHI – LEH,26781.0,DELHI,LEH,False,False,12391.0,14390.0
2020-01-01,BENGALURU – BHUBANESWAR,63923.0,BENGALURU,BHUBANESWAR,False,False,32605.0,31318.0
2020-01-01,BENGALURU – VARANASI,29337.0,BENGALURU,VARANASI,False,False,13661.0,15676.0
2020-01-01,BENGALURU – LUCKNOW,48073.0,BENGALURU,LUCKNOW,False,False,24216.0,23857.0
2020-01-01,CHENNAI – PUNE,64968.0,CHENNAI,PUNE,False,False,32405.0,32563.0
2020-01-01,MUMBAI – NAGPUR,77036.0,MUMBAI,NAGPUR,False,False,38481.0,38555.0
2020-01-01,INDORE – MUMBAI,53682.0,INDORE,MUMBAI,False,False,26767.0,26915.0
2020-01-01,DELHI – NAGPUR,60782.0,DELHI,NAGPUR,False,False,29633.0,31149.0
2020-01-01,BENGALURU – GUWAHATI,35965.0,BENGALURU,GUWAHATI,False,False,18479.0,17486.0
2020-01-01,HYDERABAD – KOCHI,58880.0,HYDERABAD,KOCHI,False,False,28817.0,30063.0
2020-01-01,BENGALURU – JAIPUR,65913.0,BENGALURU,JAIPUR,False,False,33415.0,32498.0
2020-01-01,HYDERABAD – PUNE,33279.0,HYDERABAD,PUNE,False,False,17234.0,16045.0
2020-01-01,BENGALURU – THIRUVANANTHAPURAM,43924.0,BENGALURU,THIRUVANANTHAPURAM,False,False,20852.0,23072.0
2020-01-01,DELHI – UDAIPUR,48227.0,DELHI,UDAIPUR,False,False,22622.0,25605.0
2020-01-01,DELHI – JAMMU,50832.0,DELHI,JAMMU,False,False,26980.0,23852.0
2020-01-01,CHENNAI – KOCHI,58472.0,CHENNAI,KOCHI,False,False,27907.0,30565.0
2020-01-01,HYDERABAD – TIRUPATI,52614.0,HYDERABAD,TIRUPATI,False,False,25176.0,27438.0
2020-02-01,DELHI – MUMBAI,617018.0,DELHI,MUMBAI,False,False,300263.0,316755.0
2020-02-01,BENGALURU – DELHI,384057.0,BENGALURU,DELHI,False,False,195161.0,188896.0
2020-02-01,BENGALURU – MUMBAI,327669.0,BENGALURU,MUMBAI,False,False,163411.0,164258.0
2020-02-01,DELHI – HYDERABAD,239531.0,DELHI,HYDERABAD,False,False,116866.0,122665.0
2020-02-01,DELHI – KOLKATA,284239.0,DELHI,KOLKATA,False,False,139873.0,144366.0
2020-02-01,DELHI – PUNE,227192.0,DELHI,PUNE,False,False,112066.0,115126.0
2020-02-01,AHMEDABAD – DELHI,202554.0,AHMEDABAD,DELHI,False,False,106527.0,96027.0
2020-02-01,CHENNAI – MUMBAI,194485.0,CHENNAI,MUMBAI,False,False,97869.0,96616.0
2020-02-01,KOLKATA – MUMBAI,179516.0,KOLKATA,MUMBAI,False,False,89177.0,90339.0
2020-02-01,HYDERABAD – MUMBAI,191636.0,HYDERABAD,MUMBAI,False,False,94183.0,97453.0
2020-02-01,CHENNAI – DELHI,206241.0,CHENNAI,DELHI,False,False,107076.0,99165.0
2020-02-01,BENGALURU – HYDERABAD,167858.0,BENGALURU,HYDERABAD,False,False,83685.0,84173.0
2020-02-01,BENGALURU – KOLKATA,146353.0,BENGALURU,KOLKATA,False,False,73740.0,72613.0
2020-02-01,AHMEDABAD – MUMBAI,140964.0,AHMEDABAD,MUMBAI,False,False,73349.0,67615.0
2020-02-01,DELHI – SRINAGAR,116829.0,DELHI,SRINAGAR,False,False,59602.0,57227.0
2020-02-01,BENGALURU – PUNE,151475.0,BENGALURU,PUNE,False,False,75235.0,76240.0
2020-02-01,DELHI – GUWAHATI,110798.0,DELHI,GUWAHATI,False,False,54567.0,56231.0
2020-02-01,DELHI – PATNA,182424.0,DELHI,PATNA,False,False,94838.0,87586.0
2020-02-01,BENGALURU – CHENNAI,104321.0,BENGALURU,CHENNAI,False,False,51759.0,52562.0
2020-02-01,DELHI – LUCKNOW,164559.0,DELHI,LUCKNOW,False,False,84372.0,80187.0
2020-02-01,CHENNAI – HYDERABAD,120158.0,CHENNAI,HYDERABAD,False,False,59935.0,60223.0
2020-02-01,BENGALURU – KOCHI,74830.0,BENGALURU,KOCHI,False,False,34938.0,39892.0
2020-02-01,KOCHI – MUMBAI,83326.0,KOCHI,MUMBAI,False,False,42016.0,41310.0
2020-02-01,BAGDOGRA – DELHI,91508.0,BAGDOGRA,DELHI,False,False,45603.0,45905.0
2020-02-01,BHUBANESWAR – DELHI,89425.0,BHUBANESWAR,DELHI,False,False,44085.0,45340.0
2020-02-01,AHMEDABAD – BENGALURU,74951.0,AHMEDABAD,BENGALURU,False,False,38284.0,36667.0
2020-02-01,JAIPUR – MUMBAI,91757.0,JAIPUR,MUMBAI,False,False,45692.0,46065.0
2020-02-01,CHENNAI – KOLKATA,118982.0,CHENNAI,KOLKATA,False,False,62423.0,56559.0
2020-02-01,DELHI – INDORE,97327.0,DELHI,INDORE,False,False,47615.0,49712.0
2020-02-01,AMRITSAR – DELHI,90049.0,AMRITSAR,DELHI,False,False,43939.0,46110.0
2020-02-01,HYDERABAD – VISAKHAPATNAM,74041.0,HYDERABAD,VISAKHAPATNAM,False,False,36513.0,37528.0
2020-02-01,HYDERABAD – KOLKATA,74584.0,HYDERABAD,KOLKATA,False,False,37449.0,37135.0
2020-02-01,DELHI – VARANASI,90069.0,DELHI,VARANASI,False,False,44711.0,45358.0
2020-02-01,GUWAHATI – KOLKATA,110698.0,GUWAHATI,KOLKATA,False,False,53254.0,57444.0
2020-02-01,LUCKNOW – MUMBAI,67365.0,LUCKNOW,MUMBAI,False,False,32844.0,34521.0
2020-02-01,DELHI – KOCHI,90386.0,DELHI,KOCHI,False,False,43346.0,47040.0
2020-02-01,MUMBAI – VARANASI,58255.0,MUMBAI,VARANASI,False,False,30143.0,28112.0
2020-02-01,DELHI – RANCHI,100568.0,DELHI,RANCHI,False,False,49525.0,51043.0
2020-02-01,CHANDIGARH – DELHI,77218.0,CHANDIGARH,DELHI,False,False,36733.0,40485.0
2020-02-01,CHENNAI – COIMBATORE,80677.0,CHENNAI,COIMBATORE,False,False,40857.0,39820.0
2020-02-01,DELHI – RAIPUR,63104.0,DELHI,RAIPUR,False,False,30702.0,32402.0
2020-02-01,AGARTALA – KOLKATA,76171.0,AGARTALA,KOLKATA,False,False,39620.0,36551.0
2020-02-01,BENGALURU – MANGALURU,47097.0,BENGALURU,MANGALURU,False,False,23372.0,23725.0
2020-02-01,DELHI – LEH,28542.0,DELHI,LEH,False,False,16265.0,12277.0
2020-02-01,BENGALURU – BHUBANESWAR,59545.0,BENGALURU,BHUBANESWAR,False,False,30218.0,29327.0
2020-02-01,BENGALURU – VARANASI,27327.0,BENGALURU,VARANASI,False,False,14101.0,13226.0
2020-02-01,BENGALURU – LUCKNOW,47080.0,BENGALURU,LUCKNOW,False,False,23970.0,23110.0
2020-02-01,CHENNAI – PUNE,59565.0,CHENNAI,PUNE,False,False,29327.0,30238.0
2020-02-01,MUMBAI – NAGPUR,73596.0,MUMBAI,NAGPUR,False,False,36872.0,36724.0
2020-02-01,INDORE – MUMBAI,50639.0,INDORE,MUMBAI,False,False,25148.0,25491.0
2020-02-01,DELHI – NAGPUR,60137.0,DELHI,NAGPUR,False,False,29292.0,30845.0
2020-02-01,BENGALURU – GUWAHATI,27147.0,BENGALURU,GUWAHATI,False,False,14214.0,12933.0
2020-02-01,HYDERABAD – KOCHI,47724.0,HYDERABAD,KOCHI,False,False,24031.0,23693.0
2020-02-01,BENGALURU – JAIPUR,59676.0,BENGALURU,JAIPUR,False,False,30618.0,29058.0
2020-02-01,HYDERABAD – PUNE,36620.0,HYDERABAD,PUNE,False,False,18862.0,17758.0
2020-02-01,BENGALURU – THIRUVANANTHAPURAM,34618.0,BENGALURU,THIRUVANANTHAPURAM,False,False,16716.0,17902.0
2020-02-01,DELHI – UDAIPUR,53238.0,DELHI,UDAIPUR,False,False,26388.0,26850.0
2020-02-01,DELHI – JAMMU,57941.0,DELHI,JAMMU,False,False,30692.0,27249.0
2020-02-01,CHENNAI – KOCHI,49692.0,CHENNAI,KOCHI,False,False,23768.0,25924.0
2020-02-01,HYDERABAD – TIRUPATI,50802.0,HYDERABAD,TIRUPATI,False,False,25076.0,25726.0
2020-03-01,DELHI – MUMBAI,321810.0,DELHI,MUMBAI,False,True,159694.0,162116.0
2020-03-01,BENGALURU – DELHI,228454.0,BENGALURU,DELHI,False,True,121740.0,106714.0
2020-03-01,BENGALURU – MUMBAI,164921.0,BENGALURU,MUMBAI,False,True,86053.0,78868.0
2020-03-01,DELHI – HYDERABAD,143218.0,DELHI,HYDERABAD,False,True,73001.0,70217.0
2020-03-01,DELHI – KOLKATA,191640.0,DELHI,KOLKATA,False,True,107195.0,84445.0
2020-03-01,DELHI – PUNE,133726.0,DELHI,PUNE,False,True,62945.0,70781.0
2020-03-01,AHMEDABAD – DELHI,113233.0,AHMEDABAD,DELHI,False,True,56714.0,56519.0
2020-03-01,CHENNAI – MUMBAI,106362.0,CHENNAI,MUMBAI,False,True,54548.0,51814.0
2020-03-01,KOLKATA – MUMBAI,111794.0,KOLKATA,MUMBAI,False,True,48530.0,63264.0
2020-03-01,HYDERABAD – MUMBAI,96955.0,HYDERABAD,MUMBAI,False,True,47770.0,49185.0
2020-03-01,CHENNAI – DELHI,129370.0,CHENNAI,DELHI,False,True,67319.0,62051.0
2020-03-01,BENGALURU – HYDERABAD,91397.0,BENGALURU,HYDERABAD,False,True,49214.0,42183.0
2020-03-01,BENGALURU – KOLKATA,109298.0,BENGALURU,KOLKATA,False,True,64941.0,44357.0
2020-03-01,AHMEDABAD – MUMBAI,76551.0,AHMEDABAD,MUMBAI,False,True,40371.0,36180.0
2020-03-01,DELHI – SRINAGAR,84402.0,DELHI,SRINAGAR,False,True,48184.0,36218.0
2020-03-01,BENGALURU – PUNE,82146.0,BENGALURU,PUNE,False,True,41156.0,40990.0
2020-03-01,DELHI – GUWAHATI,80817.0,DELHI,GUWAHATI,False,True,46366.0,34451.0
2020-03-01,DELHI – PATNA,136543.0,DELHI,PATNA,False,True,76458.0,60085.0
2020-03-01,BENGALURU – CHENNAI,58409.0,BENGALURU,CHENNAI,False,True,29573.0,28836.0
2020-03-01,DELHI – LUCKNOW,90713.0,DELHI,LUCKNOW,False,True,49376.0,41337.0
2020-03-01,CHENNAI – HYDERABAD,75381.0,CHENNAI,HYDERABAD,False,True,40185.0,35196.0
2020-03-01,BENGALURU – KOCHI,41951.0,BENGALURU,KOCHI,False,True,21621.0,20330.0
2020-03-01,KOCHI – MUMBAI,42338.0,KOCHI,MUMBAI,False,True,21931.0,20407.0
2020-03-01,BAGDOGRA – DELHI,66512.0,BAGDOGRA,DELHI,False,True,30426.0,36086.0
2020-03-01,BHUBANESWAR – DELHI,55815.0,BHUBANESWAR,DELHI,False,True,26637.0,29178.0
2020-03-01,AHMEDABAD – BENGALURU,46613.0,AHMEDABAD,BENGALURU,False,True,21411.0,25202.0
2020-03-01,JAIPUR – MUMBAI,55106.0,JAIPUR,MUMBAI,False,True,26879.0,28227.0
2020-03-01,CHENNAI – KOLKATA,83073.0,CHENNAI,KOLKATA,False,True,49270.0,33803.0
2020-03-01,DELHI – INDORE,59153.0,DELHI,INDORE,False,True,30436.0,28717.0
2020-03-01,AMRITSAR – DELHI,48001.0,AMRITSAR,DELHI,False,True,25157.0,22844.0
2020-03-01,HYDERABAD – VISAKHAPATNAM,42601.0,HYDERABAD,VISAKHAPATNAM,False,True,21896.0,20705.0
2020-03-01,HYDERABAD – KOLKATA,58864.0,HYDERABAD,KOLKATA,False,True,33533.0,25331.0
2020-03-01,DELHI – VARANASI,57291.0,DELHI,VARANASI,False,True,29291.0,28000.0
2020-03-01,GUWAHATI – KOLKATA,85199.0,GUWAHATI,KOLKATA,False,True,38760.0,46439.0
2020-03-01,LUCKNOW – MUMBAI,44819.0,LUCKNOW,MUMBAI,False,True,19627.0,25192.0
2020-03-01,DELHI – KOCHI,50524.0,DELHI,KOCHI,False,True,25065.0,25459.0
2020-03-01,MUMBAI – VARANASI,41942.0,MUMBAI,VARANASI,False,True,23047.0,18895.0
2020-03-01,DELHI – RANCHI,71618.0,DELHI,RANCHI,False,True,40431.0,31187.0
2020-03-01,CHANDIGARH – DELHI,40274.0,CHANDIGARH,DELHI,False,True,19718.0,20556.0
2020-03-01,CHENNAI – COIMBATORE,46114.0,CHENNAI,COIMBATORE,False,True,23791.0,22323.0
2020-03-01,DELHI – RAIPUR,40751.0,DELHI,RAIPUR,False,True,22523.0,18228.0
2020-03-01,AGARTALA – KOLKATA,60137.0,AGARTALA,KOLKATA,False,True,27277.0,32860.0
2020-03-01,BENGALURU – MANGALURU,28746.0,BENGALURU,MANGALURU,False,True,12548.0,16198.0
2020-03-01,DELHI – LEH,23003.0,DELHI,LEH,False,True,14078.0,8925.0
2020-03-01,BENGALURU – BHUBANESWAR,42635.0,BENGALURU,BHUBANESWAR,False,True,25594.0,17041.0
2020-03-01,BENGALURU – VARANASI,22101.0,BENGALURU,VARANASI,False,True,12099.0,10002.0
2020-03-01,BENGALURU – LUCKNOW,27744.0,BENGALURU,LUCKNOW,False,True,15523.0,12221.0
2020-03-01,CHENNAI – PUNE,31636.0,CHENNAI,PUNE,False,True,15050.0,16586.0
2020-03-01,MUMBAI – NAGPUR,40949.0,MUMBAI,NAGPUR,False,True,22362.0,18587.0
2020-03-01,INDORE – MUMBAI,29759.0,INDORE,MUMBAI,False,True,13541.0,16218.0
2020-03-01,DELHI – NAGPUR,34895.0,DELHI,NAGPUR,False,True,18266.0,16629.0
2020-03-01,BENGALURU – GUWAHATI,19847.0,BENGALURU,GUWAHATI,False,True,12120.0,7727.0
2020-03-01,HYDERABAD – KOCHI,21226.0,HYDERABAD,KOCHI,False,True,10965.0,10261.0
2020-03-01,BENGALURU – JAIPUR,35935.0,BENGALURU,JAIPUR,False,True,20267.0,15668.0
2020-03-01,HYDERABAD – PUNE,21529.0,HYDERABAD,PUNE,False,True,10704.0,10825.0
2020-03-01,BENGALURU – THIRUVANANTHAPURAM,18483.0,BENGALURU,THIRUVANANTHAPURAM,False,True,9595.0,8888.0
2020-03-01,DELHI – UDAIPUR,27950.0,DELHI,UDAIPUR,False,True,12506.0,15444.0
2020-03-01,DELHI – JAMMU,37885.0,DELHI,JAMMU,False,True,19998.0,17887.0
2020-03-01,CHENNAI – KOCHI,25343.0,CHENNAI,KOCHI,False,True,12556.0,12787.0
2020-03-01,HYDERABAD – TIRUPATI,30782.0,HYDERABAD,TIRUPATI,False,True,14506.0,16276.0
2020-04-01,DELHI – MUMBAI,0.0,DELHI,MUMBAI,False,True,0.0,0.0
2020-04-01,BENGALURU – DELHI,0.0,BENGALURU,DELHI,False,True,0.0,0.0
2020-04-01,BENGALURU – MUMBAI,0.0,BENGALURU,MUMBAI,False,True,0.0,0.0
2020-04-01,DELHI – HYDERABAD,0.0,DELHI,HYDERABAD,False,True,,
2020-04-01,DELHI – KOLKATA,0.0,DELHI,KOLKATA,False,True,0.0,0.0
2020-04-01,DELHI – PUNE,0.0,DELHI,PUNE,False,True,,
2020-04-01,AHMEDABAD – DELHI,0.0,AHMEDABAD,DELHI,False,True,,
2020-04-01,CHENNAI – MUMBAI,0.0,CHENNAI,MUMBAI,False,True,,
2020-04-01,KOLKATA – MUMBAI,0.0,KOLKATA,MUMBAI,False,True,,
2020-04-01,HYDERABAD – MUMBAI,0.0,HYDERABAD,MUMBAI,False,True,,
2020-04-01,CHENNAI – DELHI,0.0,CHENNAI,DELHI,False,True,,
2020-04-01,BENGALURU – HYDERABAD,0.0,BENGALURU,HYDERABAD,False,True,,
2020-04-01,BENGALURU – KOLKATA,0.0,BENGALURU,KOLKATA,False,True,,
2020-04-01,AHMEDABAD – MUMBAI,0.0,AHMEDABAD,MUMBAI,False,True,,
2020-04-01,DELHI – SRINAGAR,0.0,DELHI,SRINAGAR,False,True,,
2020-04-01,BENGALURU – PUNE,0.0,BENGALURU,PUNE,False,True,,
2020-04-01,DELHI – GUWAHATI,0.0,DELHI,GUWAHATI,False,True,,
2020-04-01,DELHI – PATNA,0.0,DELHI,PATNA,False,True,,
2020-04-01,BENGALURU – CHENNAI,0.0,BENGALURU,CHENNAI,False,True,0.0,0.0
2020-04-01,DELHI – LUCKNOW,0.0,DELHI,LUCKNOW,False,True,,
2020-04-01,CHENNAI – HYDERABAD,0.0,CHENNAI,HYDERABAD,False,True,0.0,0.0
2020-04-01,BENGALURU – KOCHI,0.0,BENGALURU,KOCHI,False,True,,
2020-04-01,KOCHI – MUMBAI,0.0,KOCHI,MUMBAI,False,True,,
2020-04-01,BAGDOGRA – DELHI,0.0,BAGDOGRA,DELHI,False,True,,
2020-04-01,BHUBANESWAR – DELHI,0.0,BHUBANESWAR,DELHI,False,True,,
2020-04-01,AHMEDABAD – BENGALURU,0.0,AHMEDABAD,BENGALURU,False,True,,
2020-04-01,JAIPUR – MUMBAI,0.0,JAIPUR,MUMBAI,False,True,,
2020-04-01,CHENNAI – KOLKATA,0.0,CHENNAI,KOLKATA,False,True,,
2020-04-01,DELHI – INDORE,0.0,DELHI,INDORE,False,True,,
2020-04-01,AMRITSAR – DELHI,0.0,AMRITSAR,DELHI,False,True,,
2020-04-01,HYDERABAD – VISAKHAPATNAM,0.0,HYDERABAD,VISAKHAPATNAM,False,True,,
2020-04-01,HYDERABAD – KOLKATA,0.0,HYDERABAD,KOLKATA,False,True,,
2020-04-01,DELHI – VARANASI,0.0,DELHI,VARANASI,False,True,,
2020-04-01,GUWAHATI – KOLKATA,0.0,GUWAHATI,KOLKATA,False,True,,
2020-04-01,LUCKNOW – MUMBAI,0.0,LUCKNOW,MUMBAI,False,True,,
2020-04-01,DELHI – KOCHI,0.0,DELHI,KOCHI,False,True,,
2020-04-01,MUMBAI – VARANASI,0.0,MUMBAI,VARANASI,False,True,,
2020-04-01,DELHI – RANCHI,0.0,DELHI,RANCHI,False,True,,
2020-04-01,CHANDIGARH – DELHI,0.0,CHANDIGARH,DELHI,False,True,,
2020-04-01,CHENNAI – COIMBATORE,0.0,CHENNAI,COIMBATORE,False,True,,
2020-04-01,DELHI – RAIPUR,0.0,DELHI,RAIPUR,False,True,,
2020-04-01,AGARTALA – KOLKATA,0.0,AGARTALA,KOLKATA,False,True,,
2020-04-01,BENGALURU – MANGALURU,0.0,BENGALURU,MANGALURU,False,True,,
2020-04-01,DELHI – LEH,0.0,DELHI,LEH,False,True,,
2020-04-01,BENGALURU – BHUBANESWAR,0.0,BENGALURU,BHUBANESWAR,False,True,,
2020-04-01,BENGALURU – VARANASI,0.0,BENGALURU,VARANASI,False,True,,
2020-04-01,BENGALURU – LUCKNOW,0.0,BENGALURU,LUCKNOW,False,True,,
2020-04-01,CHENNAI – PUNE,0.0,CHENNAI,PUNE,False,True,,
2020-04-01,MUMBAI – NAGPUR,0.0,MUMBAI,NAGPUR,False,True,,
2020-04-01,INDORE – MUMBAI,0.0,INDORE,MUMBAI,False,True,,
2020-04-01,DELHI – NAGPUR,0.0,DELHI,NAGPUR,False,True,,
2020-04-01,BENGALURU – GUWAHATI,0.0,BENGALURU,GUWAHATI,False,True,,
2020-04-01,HYDERABAD – KOCHI,0.0,HYDERABAD,KOCHI,False,True,,
2020-04-01,BENGALURU – JAIPUR,0.0,BENGALURU,JAIPUR,False,True,,
2020-04-01,HYDERABAD – PUNE,0.0,HYDERABAD,PUNE,False,True,,
2020-04-01,BENGALURU – THIRUVANANTHAPURAM,0.0,BENGALURU,THIRUVANANTHAPURAM,False,True,,
2020-04-01,DELHI – UDAIPUR,0.0,DELHI,UDAIPUR,False,True,,
2020-04-01,DELHI – JAMMU,0.0,DELHI,JAMMU,False,True,,
2020-04-01,CHENNAI – KOCHI,0.0,CHENNAI,KOCHI,False,True,,
2020-04-01,HYDERABAD – TIRUPATI,0.0,HYDERABAD,TIRUPATI,False,True,,
2020-05-01,DELHI – MUMBAI,9337.0,DELHI,MUMBAI,False,True,1833.0,7504.0
2020-05-01,BENGALURU – DELHI,12018.0,BENGALURU,DELHI,False,True,7764.0,4254.0
2020-05-01,BENGALURU – MUMBAI,3245.0,BENGALURU,MUMBAI,False,True,1069.0,2176.0
2020-05-01,DELHI – HYDERABAD,7262.0,DELHI,HYDERABAD,False,True,3817.0,3445.0
2020-05-01,DELHI – KOLKATA,5472.0,DELHI,KOLKATA,False,True,3542.0,1930.0
2020-05-01,DELHI – PUNE,10276.0,DELHI,PUNE,False,True,3022.0,7254.0
2020-05-01,AHMEDABAD – DELHI,6192.0,AHMEDABAD,DELHI,False,True,2893.0,3299.0
2020-05-01,CHENNAI – MUMBAI,470.0,CHENNAI,MUMBAI,False,True,0.0,470.0
2020-05-01,KOLKATA – MUMBAI,2051.0,KOLKATA,MUMBAI,False,True,612.0,1439.0
2020-05-01,HYDERABAD – MUMBAI,2957.0,HYDERABAD,MUMBAI,False,True,844.0,2113.0
2020-05-01,CHENNAI – DELHI,5760.0,CHENNAI,DELHI,False,True,3923.0,1837.0
2020-05-01,BENGALURU – HYDERABAD,4414.0,BENGALURU,HYDERABAD,False,True,2572.0,1842.0
2020-05-01,BENGALURU – KOLKATA,1925.0,BENGALURU,KOLKATA,False,True,1255.0,670.0
2020-05-01,AHMEDABAD – MUMBAI,1043.0,AHMEDABAD,MUMBAI,False,True,124.0,919.0
2020-05-01,DELHI – SRINAGAR,9243.0,DELHI,SRINAGAR,False,True,6222.0,3021.0
2020-05-01,BENGALURU – PUNE,2772.0,BENGALURU,PUNE,False,True,1461.0,1311.0
2020-05-01,DELHI – GUWAHATI,6102.0,DELHI,GUWAHATI,False,True,4318.0,1784.0
2020-05-01,DELHI – PATNA,10887.0,DELHI,PATNA,False,True,7783.0,3104.0
2020-05-01,BENGALURU – CHENNAI,2621.0,BENGALURU,CHENNAI,False,True,1162.0,1459.0
2020-05-01,DELHI – LUCKNOW,6638.0,DELHI,LUCKNOW,False,True,4145.0,2493.0
2020-05-01,CHENNAI – HYDERABAD,1826.0,CHENNAI,HYDERABAD,False,True,1078.0,748.0
2020-05-01,BENGALURU – KOCHI,2663.0,BENGALURU,KOCHI,False,True,1454.0,1209.0
2020-05-01,KOCHI – MUMBAI,1646.0,KOCHI,MUMBAI,False,True,219.0,1427.0
2020-05-01,BAGDOGRA – DELHI,3506.0,BAGDOGRA,DELHI,False,True,1195.0,2311.0
2020-05-01,BHUBANESWAR – DELHI,3852.0,BHUBANESWAR,DELHI,False,True,1300.0,2552.0
2020-05-01,AHMEDABAD – BENGALURU,1924.0,AHMEDABAD,BENGALURU,False,True,835.0,1089.0
2020-05-01,JAIPUR – MUMBAI,661.0,JAIPUR,MUMBAI,False,True,153.0,508.0
2020-05-01,CHENNAI – KOLKATA,960.0,CHENNAI,KOLKATA,False,True,624.0,336.0
2020-05-01,DELHI – INDORE,1969.0,DELHI,INDORE,False,True,855.0,1114.0
2020-05-01,AMRITSAR – DELHI,3566.0,AMRITSAR,DELHI,False,True,865.0,2701.0
2020-05-01,HYDERABAD – VISAKHAPATNAM,1923.0,HYDERABAD,VISAKHAPATNAM,False,True,895.0,1028.0
2020-05-01,HYDERABAD – KOLKATA,1217.0,HYDERABAD,KOLKATA,False,True,824.0,393.0
2020-05-01,DELHI – VARANASI,4825.0,DELHI,VARANASI,False,True,3517.0,1308.0
2020-05-01,GUWAHATI – KOLKATA,718.0,GUWAHATI,KOLKATA,False,True,355.0,363.0
2020-05-01,LUCKNOW – MUMBAI,1566.0,LUCKNOW,MUMBAI,False,True,293.0,1273.0
2020-05-01,DELHI – KOCHI,4043.0,DELHI,KOCHI,False,True,2916.0,1127.0
2020-05-01,MUMBAI – VARANASI,2858.0,MUMBAI,VARANASI,False,True,2207.0,651.0
2020-05-01,DELHI – RANCHI,4451.0,DELHI,RANCHI,False,True,3335.0,1116.0
2020-05-01,CHANDIGARH – DELHI,3009.0,CHANDIGARH,DELHI,False,True,1360.0,1649.0
2020-05-01,CHENNAI – COIMBATORE,1902.0,CHENNAI,COIMBATORE,False,True,1319.0,583.0
2020-05-01,DELHI – RAIPUR,3694.0,DELHI,RAIPUR,False,True,2403.0,1291.0
2020-05-01,AGARTALA – KOLKATA,980.0,AGARTALA,KOLKATA,False,True,486.0,494.0
2020-05-01,BENGALURU – MANGALURU,780.0,BENGALURU,MANGALURU,False,True,448.0,332.0
2020-05-01,DELHI – LEH,1909.0,DELHI,LEH,False,True,1493.0,416.0
2020-05-01,BENGALURU – BHUBANESWAR,2626.0,BENGALURU,BHUBANESWAR,False,True,1986.0,640.0
2020-05-01,BENGALURU – VARANASI,849.0,BENGALURU,VARANASI,False,True,577.0,272.0
2020-05-01,BENGALURU – LUCKNOW,2885.0,BENGALURU,LUCKNOW,False,True,2109.0,776.0
2020-05-01,CHENNAI – PUNE,0.0,CHENNAI,PUNE,False,True,,
2020-05-01,MUMBAI – NAGPUR,1434.0,MUMBAI,NAGPUR,False,True,1141.0,293.0
2020-05-01,INDORE – MUMBAI,93.0,INDORE,MUMBAI,False,True,0.0,93.0
2020-05-01,DELHI – NAGPUR,1140.0,DELHI,NAGPUR,False,True,596.0,544.0
2020-05-01,BENGALURU – GUWAHATI,2124.0,BENGALURU,GUWAHATI,False,True,1667.0,457.0
2020-05-01,HYDERABAD – KOCHI,912.0,HYDERABAD,KOCHI,False,True,565.0,347.0
2020-05-01,BENGALURU – JAIPUR,2534.0,BENGALURU,JAIPUR,False,True,1886.0,648.0
2020-05-01,HYDERABAD – PUNE,711.0,HYDERABAD,PUNE,False,True,280.0,431.0
2020-05-01,BENGALURU – THIRUVANANTHAPURAM,1347.0,BENGALURU,THIRUVANANTHAPURAM,False,True,933.0,414.0
2020-05-01,DELHI – UDAIPUR,590.0,DELHI,UDAIPUR,False,True,368.0,222.0
2020-05-01,DELHI – JAMMU,2293.0,DELHI,JAMMU,False,True,1333.0,960.0
2020-05-01,CHENNAI – KOCHI,633.0,CHENNAI,KOCHI,False,True,459.0,174.0
2020-05-01,HYDERABAD – TIRUPATI,615.0,HYDERABAD,TIRUPATI,False,True,349.0,266.0
2020-06-01,DELHI – MUMBAI,41764.0,DELHI,MUMBAI,False,True,16666.0,25098.0
2020-06-01,BENGALURU – DELHI,47851.0,BENGALURU,DELHI,False,True,25286.0,22565.0
2020-06-01,BENGALURU – MUMBAI,9882.0,BENGALURU,MUMBAI,False,True,4188.0,5694.0
2020-06-01,DELHI – HYDERABAD,46835.0,DELHI,HYDERABAD,False,True,24861.0,21974.0
2020-06-01,DELHI – KOLKATA,69704.0,DELHI,KOLKATA,False,True,47765.0,21939.0
2020-06-01,DELHI – PUNE,49074.0,DELHI,PUNE,False,True,19022.0,30052.0
2020-06-01,AHMEDABAD – DELHI,28734.0,AHMEDABAD,DELHI,False,True,16563.0,12171.0
2020-06-01,CHENNAI – MUMBAI,657.0,CHENNAI,MUMBAI,False,True,0.0,657.0
2020-06-01,KOLKATA – MUMBAI,28313.0,KOLKATA,MUMBAI,False,True,6478.0,21835.0
2020-06-01,HYDERABAD – MUMBAI,13713.0,HYDERABAD,MUMBAI,False,True,6724.0,6989.0
2020-06-01,CHENNAI – DELHI,34852.0,CHENNAI,DELHI,False,True,18996.0,15856.0
2020-06-01,BENGALURU – HYDERABAD,25125.0,BENGALURU,HYDERABAD,False,True,13936.0,11189.0
2020-06-01,BENGALURU – KOLKATA,56280.0,BENGALURU,KOLKATA,False,True,41015.0,15265.0
2020-06-01,AHMEDABAD – MUMBAI,2603.0,AHMEDABAD,MUMBAI,False,True,778.0,1825.0
2020-06-01,DELHI – SRINAGAR,70080.0,DELHI,SRINAGAR,False,True,38724.0,31356.0
2020-06-01,BENGALURU – PUNE,11335.0,BENGALURU,PUNE,False,True,6562.0,4773.0
2020-06-01,DELHI – GUWAHATI,30842.0,DELHI,GUWAHATI,False,True,19263.0,11579.0
2020-06-01,DELHI – PATNA,75773.0,DELHI,PATNA,False,True,54134.0,21639.0
2020-06-01,BENGALURU – CHENNAI,10652.0,BENGALURU,CHENNAI,False,True,4775.0,5877.0
2020-06-01,DELHI – LUCKNOW,27911.0,DELHI,LUCKNOW,False,True,17521.0,10390.0
2020-06-01,CHENNAI – HYDERABAD,13317.0,CHENNAI,HYDERABAD,False,True,8463.0,4854.0
2020-06-01,BENGALURU – KOCHI,15186.0,BENGALURU,KOCHI,False,True,7269.0,7917.0
2020-06-01,KOCHI – MUMBAI,6331.0,KOCHI,MUMBAI,False,True,1982.0,4349.0
2020-06-01,BAGDOGRA – DELHI,31321.0,BAGDOGRA,DELHI,False,True,13530.0,17791.0
2020-06-01,BHUBANESWAR – DELHI,25001.0,BHUBANESWAR,DELHI,False,True,7103.0,17898.0
2020-06-01,AHMEDABAD – BENGALURU,14158.0,AHMEDABAD,BENGALURU,False,True,7037.0,7121.0
2020-06-01,JAIPUR – MUMBAI,9024.0,JAIPUR,MUMBAI,False,True,2759.0,6265.0
2020-06-01,CHENNAI – KOLKATA,25113.0,CHENNAI,KOLKATA,False,True,19333.0,5780.0
2020-06-01,DELHI – INDORE,9945.0,DELHI,INDORE,False,True,5327.0,4618.0
2020-06-01,AMRITSAR – DELHI,15733.0,AMRITSAR,DELHI,False,True,6930.0,8803.0
2020-06-01,HYDERABAD – VISAKHAPATNAM,11213.0,HYDERABAD,VISAKHAPATNAM,False,True,5898.0,5315.0
2020-06-01,HYDERABAD – KOLKATA,25779.0,HYDERABAD,KOLKATA,False,True,17012.0,8767.0
2020-06-01,DELHI – VARANASI,22652.0,DELHI,VARANASI,False,True,16818.0,5834.0
2020-06-01,GUWAHATI – KOLKATA,24620.0,GUWAHATI,KOLKATA,False,True,7761.0,16859.0
2020-06-01,LUCKNOW – MUMBAI,11992.0,LUCKNOW,MUMBAI,False,True,3175.0,8817.0
2020-06-01,DELHI – KOCHI,17047.0,DELHI,KOCHI,False,True,10811.0,6236.0
2020-06-01,MUMBAI – VARANASI,21332.0,MUMBAI,VARANASI,False,True,15509.0,5823.0
2020-06-01,DELHI – RANCHI,29460.0,DELHI,RANCHI,False,True,21044.0,8416.0
2020-06-01,CHANDIGARH – DELHI,14096.0,CHANDIGARH,DELHI,False,True,7167.0,6929.0
2020-06-01,CHENNAI – COIMBATORE,5953.0,CHENNAI,COIMBATORE,False,True,3742.0,2211.0
2020-06-01,DELHI – RAIPUR,19304.0,DELHI,RAIPUR,False,True,11446.0,7858.0
2020-06-01,AGARTALA – KOLKATA,22091.0,AGARTALA,KOLKATA,False,True,9803.0,12288.0
2020-06-01,BENGALURU – MANGALURU,5018.0,BENGALURU,MANGALURU,False,True,2607.0,2411.0
2020-06-01,DELHI – LEH,11582.0,DELHI,LEH,False,True,7235.0,4347.0
2020-06-01,BENGALURU – BHUBANESWAR,13961.0,BENGALURU,BHUBANESWAR,False,True,9919.0,4042.0
2020-06-01,BENGALURU – VARANASI,5879.0,BENGALURU,VARANASI,False,True,3993.0,1886.0
2020-06-01,BENGALURU – LUCKNOW,16650.0,BENGALURU,LUCKNOW,False,True,10570.0,6080.0
2020-06-01,CHENNAI – PUNE,0.0,CHENNAI,PUNE,False,True,,
2020-06-01,MUMBAI – NAGPUR,7187.0,MUMBAI,NAGPUR,False,True,3993.0,3194.0
2020-06-01,INDORE – MUMBAI,0.0,INDORE,MUMBAI,False,True,0.0,0.0
2020-06-01,DELHI – NAGPUR,7965.0,DELHI,NAGPUR,False,True,4522.0,3443.0
2020-06-01,BENGALURU – GUWAHATI,8896.0,BENGALURU,GUWAHATI,False,True,6421.0,2475.0
2020-06-01,HYDERABAD – KOCHI,8764.0,HYDERABAD,KOCHI,False,True,3732.0,5032.0
2020-06-01,BENGALURU – JAIPUR,6973.0,BENGALURU,JAIPUR,False,True,3659.0,3314.0
2020-06-01,HYDERABAD – PUNE,9921.0,HYDERABAD,PUNE,False,True,2862.0,7059.0
2020-06-01,BENGALURU – THIRUVANANTHAPURAM,7182.0,BENGALURU,THIRUVANANTHAPURAM,False,True,3818.0,3364.0
2020-06-01,DELHI – UDAIPUR,3060.0,DELHI,UDAIPUR,False,True,2038.0,1022.0
2020-06-01,DELHI – JAMMU,22929.0,DELHI,JAMMU,False,True,11214.0,11715.0
2020-06-01,CHENNAI – KOCHI,5219.0,CHENNAI,KOCHI,False,True,3064.0,2155.0
2020-06-01,HYDERABAD – TIRUPATI,5021.0,HYDERABAD,TIRUPATI,False,True,2608.0,2413.0
2020-07-01,DELHI – MUMBAI,44305.0,DELHI,MUMBAI,False,True,19535.0,24770.0
2020-07-01,BENGALURU – DELHI,47442.0,BENGALURU,DELHI,False,True,27936.0,19506.0
2020-07-01,BENGALURU – MUMBAI,15733.0,BENGALURU,MUMBAI,False,True,8895.0,6838.0
2020-07-01,DELHI – HYDERABAD,48744.0,DELHI,HYDERABAD,False,True,25364.0,23380.0
2020-07-01,DELHI – KOLKATA,11545.0,DELHI,KOLKATA,False,True,6686.0,4859.0
2020-07-01,DELHI – PUNE,42575.0,DELHI,PUNE,False,True,18684.0,23891.0
2020-07-01,AHMEDABAD – DELHI,32406.0,AHMEDABAD,DELHI,False,True,17551.0,14855.0
2020-07-01,CHENNAI – MUMBAI,6159.0,CHENNAI,MUMBAI,False,True,2618.0,3541.0
2020-07-01,KOLKATA – MUMBAI,5649.0,KOLKATA,MUMBAI,False,True,1548.0,4101.0
2020-07-01,HYDERABAD – MUMBAI,16685.0,HYDERABAD,MUMBAI,False,True,7201.0,9484.0
2020-07-01,CHENNAI – DELHI,43069.0,CHENNAI,DELHI,False,True,20864.0,22205.0
2020-07-01,BENGALURU – HYDERABAD,25135.0,BENGALURU,HYDERABAD,False,True,13182.0,11953.0
2020-07-01,BENGALURU – KOLKATA,64484.0,BENGALURU,KOLKATA,False,True,47769.0,16715.0
2020-07-01,AHMEDABAD – MUMBAI,8126.0,AHMEDABAD,MUMBAI,False,True,3482.0,4644.0
2020-07-01,DELHI – SRINAGAR,84747.0,DELHI,SRINAGAR,False,True,47064.0,37683.0
2020-07-01,BENGALURU – PUNE,11783.0,BENGALURU,PUNE,False,True,7333.0,4450.0
2020-07-01,DELHI – GUWAHATI,35751.0,DELHI,GUWAHATI,False,True,21664.0,14087.0
2020-07-01,DELHI – PATNA,76509.0,DELHI,PATNA,False,True,43482.0,33027.0
2020-07-01,BENGALURU – CHENNAI,12198.0,BENGALURU,CHENNAI,False,True,6516.0,5682.0
2020-07-01,DELHI – LUCKNOW,27183.0,DELHI,LUCKNOW,False,True,13399.0,13784.0
2020-07-01,CHENNAI – HYDERABAD,22370.0,CHENNAI,HYDERABAD,False,True,11447.0,10923.0
2020-07-01,BENGALURU – KOCHI,22874.0,BENGALURU,KOCHI,False,True,9947.0,12927.0
2020-07-01,KOCHI – MUMBAI,7611.0,KOCHI,MUMBAI,False,True,3323.0,4288.0
2020-07-01,BAGDOGRA – DELHI,32206.0,BAGDOGRA,DELHI,False,True,16176.0,16030.0
2020-07-01,BHUBANESWAR – DELHI,19620.0,BHUBANESWAR,DELHI,False,True,8437.0,11183.0
2020-07-01,AHMEDABAD – BENGALURU,17589.0,AHMEDABAD,BENGALURU,False,True,8121.0,9468.0
2020-07-01,JAIPUR – MUMBAI,11892.0,JAIPUR,MUMBAI,False,True,4618.0,7274.0
2020-07-01,CHENNAI – KOLKATA,5760.0,CHENNAI,KOLKATA,False,True,4175.0,1585.0
2020-07-01,DELHI – INDORE,10898.0,DELHI,INDORE,False,True,5918.0,4980.0
2020-07-01,AMRITSAR – DELHI,15990.0,AMRITSAR,DELHI,False,True,8045.0,7945.0
2020-07-01,HYDERABAD – VISAKHAPATNAM,12646.0,HYDERABAD,VISAKHAPATNAM,False,True,7073.0,5573.0
2020-07-01,HYDERABAD – KOLKATA,33912.0,HYDERABAD,KOLKATA,False,True,21351.0,12561.0
2020-07-01,DELHI – VARANASI,18699.0,DELHI,VARANASI,False,True,11151.0,7548.0
2020-07-01,GUWAHATI – KOLKATA,16845.0,GUWAHATI,KOLKATA,False,True,7155.0,9690.0
2020-07-01,LUCKNOW – MUMBAI,12079.0,LUCKNOW,MUMBAI,False,True,3581.0,8498.0
2020-07-01,DELHI – KOCHI,18034.0,DELHI,KOCHI,False,True,8600.0,9434.0
2020-07-01,MUMBAI – VARANASI,31508.0,MUMBAI,VARANASI,False,True,22266.0,9242.0
2020-07-01,DELHI – RANCHI,27599.0,DELHI,RANCHI,False,True,16719.0,10880.0
2020-07-01,CHANDIGARH – DELHI,11142.0,CHANDIGARH,DELHI,False,True,4845.0,6297.0
2020-07-01,CHENNAI – COIMBATORE,4968.0,CHENNAI,COIMBATORE,False,True,2632.0,2336.0
2020-07-01,DELHI – RAIPUR,17383.0,DELHI,RAIPUR,False,True,8957.0,8426.0
2020-07-01,AGARTALA – KOLKATA,11713.0,AGARTALA,KOLKATA,False,True,5351.0,6362.0
2020-07-01,BENGALURU – MANGALURU,5451.0,BENGALURU,MANGALURU,False,True,2152.0,3299.0
2020-07-01,DELHI – LEH,19035.0,DELHI,LEH,False,True,11766.0,7269.0
2020-07-01,BENGALURU – BHUBANESWAR,15660.0,BENGALURU,BHUBANESWAR,False,True,12490.0,3170.0
2020-07-01,BENGALURU – VARANASI,7286.0,BENGALURU,VARANASI,False,True,4616.0,2670.0
2020-07-01,BENGALURU – LUCKNOW,12945.0,BENGALURU,LUCKNOW,False,True,8129.0,4816.0
2020-07-01,CHENNAI – PUNE,0.0,CHENNAI,PUNE,False,True,,
2020-07-01,MUMBAI – NAGPUR,10548.0,MUMBAI,NAGPUR,False,True,6322.0,4226.0
2020-07-01,INDORE – MUMBAI,1217.0,INDORE,MUMBAI,False,True,556.0,661.0
2020-07-01,DELHI – NAGPUR,7470.0,DELHI,NAGPUR,False,True,3600.0,3870.0
2020-07-01,BENGALURU – GUWAHATI,9149.0,BENGALURU,GUWAHATI,False,True,6273.0,2876.0
2020-07-01,HYDERABAD – KOCHI,10426.0,HYDERABAD,KOCHI,False,True,3822.0,6604.0
2020-07-01,BENGALURU – JAIPUR,8900.0,BENGALURU,JAIPUR,False,True,7517.0,1383.0
2020-07-01,HYDERABAD – PUNE,15970.0,HYDERABAD,PUNE,False,True,5553.0,10417.0
2020-07-01,BENGALURU – THIRUVANANTHAPURAM,8280.0,BENGALURU,THIRUVANANTHAPURAM,False,True,5009.0,3271.0
2020-07-01,DELHI – UDAIPUR,2800.0,DELHI,UDAIPUR,False,True,1795.0,1005.0
2020-07-01,DELHI – JAMMU,31756.0,DELHI,JAMMU,False,True,16270.0,15486.0
2020-07-01,CHENNAI – KOCHI,3631.0,CHENNAI,KOCHI,False,True,1407.0,2224.0
2020-07-01,HYDERABAD – TIRUPATI,6269.0,HYDERABAD,TIRUPATI,False,True,3190.0,3079.0
2020-08-01,DELHI – MUMBAI,81597.0,DELHI,MUMBAI,False,True,47611.0,33986.0
2020-08-01,BENGALURU – DELHI,70406.0,BENGALURU,DELHI,False,True,33754.0,36652.0
2020-08-01,BENGALURU – MUMBAI,31026.0,BENGALURU,MUMBAI,False,True,14743.0,16283.0
2020-08-01,DELHI – HYDERABAD,69252.0,DELHI,HYDERABAD,False,True,37053.0,32199.0
2020-08-01,DELHI – KOLKATA,4538.0,DELHI,KOLKATA,False,True,0.0,4538.0
2020-08-01,DELHI – PUNE,62640.0,DELHI,PUNE,False,True,34121.0,28519.0
2020-08-01,AHMEDABAD – DELHI,50603.0,AHMEDABAD,DELHI,False,True,25242.0,25361.0
2020-08-01,CHENNAI – MUMBAI,8899.0,CHENNAI,MUMBAI,False,True,6862.0,2037.0
2020-08-01,KOLKATA – MUMBAI,10576.0,KOLKATA,MUMBAI,False,True,6891.0,3685.0
2020-08-01,HYDERABAD – MUMBAI,25924.0,HYDERABAD,MUMBAI,False,True,13897.0,12027.0
2020-08-01,CHENNAI – DELHI,53591.0,CHENNAI,DELHI,False,True,20760.0,32831.0
2020-08-01,BENGALURU – HYDERABAD,30590.0,BENGALURU,HYDERABAD,False,True,14127.0,16463.0
2020-08-01,BENGALURU – KOLKATA,85623.0,BENGALURU,KOLKATA,False,True,40678.0,44945.0
2020-08-01,AHMEDABAD – MUMBAI,11714.0,AHMEDABAD,MUMBAI,False,True,6103.0,5611.0
2020-08-01,DELHI – SRINAGAR,100245.0,DELHI,SRINAGAR,False,True,60556.0,39689.0
2020-08-01,BENGALURU – PUNE,21350.0,BENGALURU,PUNE,False,True,12027.0,9323.0
2020-08-01,DELHI – GUWAHATI,50104.0,DELHI,GUWAHATI,False,True,27813.0,22291.0
2020-08-01,DELHI – PATNA,94595.0,DELHI,PATNA,False,True,35093.0,59502.0
2020-08-01,BENGALURU – CHENNAI,27718.0,BENGALURU,CHENNAI,False,True,15825.0,11893.0
2020-08-01,DELHI – LUCKNOW,42030.0,DELHI,LUCKNOW,False,True,16109.0,25921.0
2020-08-01,CHENNAI – HYDERABAD,32555.0,CHENNAI,HYDERABAD,False,True,12971.0,19584.0
2020-08-01,BENGALURU – KOCHI,27908.0,BENGALURU,KOCHI,False,True,13154.0,14754.0
2020-08-01,KOCHI – MUMBAI,7344.0,KOCHI,MUMBAI,False,True,3707.0,3637.0
2020-08-01,BAGDOGRA – DELHI,8193.0,BAGDOGRA,DELHI,False,True,8193.0,0.0
2020-08-01,BHUBANESWAR – DELHI,29219.0,BHUBANESWAR,DELHI,False,True,16810.0,12409.0
2020-08-01,AHMEDABAD – BENGALURU,33718.0,AHMEDABAD,BENGALURU,False,True,18802.0,14916.0
2020-08-01,JAIPUR – MUMBAI,14637.0,JAIPUR,MUMBAI,False,True,7850.0,6787.0
2020-08-01,CHENNAI – KOLKATA,2116.0,CHENNAI,KOLKATA,False,True,0.0,2116.0
2020-08-01,DELHI – INDORE,18164.0,DELHI,INDORE,False,True,8798.0,9366.0
2020-08-01,AMRITSAR – DELHI,19819.0,AMRITSAR,DELHI,False,True,9818.0,10001.0
2020-08-01,HYDERABAD – VISAKHAPATNAM,21622.0,HYDERABAD,VISAKHAPATNAM,False,True,10425.0,11197.0
2020-08-01,HYDERABAD – KOLKATA,47966.0,HYDERABAD,KOLKATA,False,True,21297.0,26669.0
2020-08-01,DELHI – VARANASI,32180.0,DELHI,VARANASI,False,True,10766.0,21414.0
2020-08-01,GUWAHATI – KOLKATA,20929.0,GUWAHATI,KOLKATA,False,True,8274.0,12655.0
2020-08-01,LUCKNOW – MUMBAI,21042.0,LUCKNOW,MUMBAI,False,True,13658.0,7384.0
2020-08-01,DELHI – KOCHI,20852.0,DELHI,KOCHI,False,True,9647.0,11205.0
2020-08-01,MUMBAI – VARANASI,33981.0,MUMBAI,VARANASI,False,True,13261.0,20720.0
2020-08-01,DELHI – RANCHI,38467.0,DELHI,RANCHI,False,True,16866.0,21601.0
2020-08-01,CHANDIGARH – DELHI,12668.0,CHANDIGARH,DELHI,False,True,6250.0,6418.0
2020-08-01,CHENNAI – COIMBATORE,9839.0,CHENNAI,COIMBATORE,False,True,4983.0,4856.0
2020-08-01,DELHI – RAIPUR,24842.0,DELHI,RAIPUR,False,True,12856.0,11986.0
2020-08-01,AGARTALA – KOLKATA,12125.0,AGARTALA,KOLKATA,False,True,4604.0,7521.0
2020-08-01,BENGALURU – MANGALURU,7696.0,BENGALURU,MANGALURU,False,True,3982.0,3714.0
2020-08-01,DELHI – LEH,18277.0,DELHI,LEH,False,True,8782.0,9495.0
2020-08-01,BENGALURU – BHUBANESWAR,20315.0,BENGALURU,BHUBANESWAR,False,True,11857.0,8458.0
2020-08-01,BENGALURU – VARANASI,8090.0,BENGALURU,VARANASI,False,True,2642.0,5448.0
2020-08-01,BENGALURU – LUCKNOW,23136.0,BENGALURU,LUCKNOW,False,True,6950.0,16186.0
2020-08-01,CHENNAI – PUNE,0.0,CHENNAI,PUNE,False,True,,
2020-08-01,MUMBAI – NAGPUR,16243.0,MUMBAI,NAGPUR,False,True,8345.0,7898.0
2020-08-01,INDORE – MUMBAI,3257.0,INDORE,MUMBAI,False,True,1738.0,1519.0
2020-08-01,DELHI – NAGPUR,11977.0,DELHI,NAGPUR,False,True,6158.0,5819.0
2020-08-01,BENGALURU – GUWAHATI,18607.0,BENGALURU,GUWAHATI,False,True,9851.0,8756.0
2020-08-01,HYDERABAD – KOCHI,7452.0,HYDERABAD,KOCHI,False,True,3291.0,4161.0
2020-08-01,BENGALURU – JAIPUR,18410.0,BENGALURU,JAIPUR,False,True,11187.0,7223.0
2020-08-01,HYDERABAD – PUNE,18909.0,HYDERABAD,PUNE,False,True,8935.0,9974.0
2020-08-01,BENGALURU – THIRUVANANTHAPURAM,10161.0,BENGALURU,THIRUVANANTHAPURAM,False,True,5768.0,4393.0
2020-08-01,DELHI – UDAIPUR,4749.0,DELHI,UDAIPUR,False,True,2621.0,2128.0
2020-08-01,DELHI – JAMMU,43426.0,DELHI,JAMMU,False,True,23203.0,20223.0
2020-08-01,CHENNAI – KOCHI,4245.0,CHENNAI,KOCHI,False,True,1580.0,2665.0
2020-08-01,HYDERABAD – TIRUPATI,11739.0,HYDERABAD,TIRUPATI,False,True,6000.0,5739.0
2020-09-01,DELHI – MUMBAI,114613.0,DELHI,MUMBAI,False,True,68570.0,46043.0
2020-09-01,BENGALURU – DELHI,90787.0,BENGALURU,DELHI,False,True,42121.0,48666.0
2020-09-01,BENGALURU – MUMBAI,44811.0,BENGALURU,MUMBAI,False,True,22900.0,21911.0
2020-09-01,DELHI – HYDERABAD,77816.0,DELHI,HYDERABAD,False,True,40579.0,37237.0
2020-09-01,DELHI – KOLKATA,72871.0,DELHI,KOLKATA,False,True,29556.0,43315.0
2020-09-01,DELHI – PUNE,75302.0,DELHI,PUNE,False,True,43093.0,32209.0
2020-09-01,AHMEDABAD – DELHI,57498.0,AHMEDABAD,DELHI,False,True,27304.0,30194.0
2020-09-01,CHENNAI – MUMBAI,25009.0,CHENNAI,MUMBAI,False,True,13988.0,11021.0
2020-09-01,KOLKATA – MUMBAI,44249.0,KOLKATA,MUMBAI,False,True,28525.0,15724.0
2020-09-01,HYDERABAD – MUMBAI,35193.0,HYDERABAD,MUMBAI,False,True,19445.0,15748.0
2020-09-01,CHENNAI – DELHI,57504.0,CHENNAI,DELHI,False,True,23656.0,33848.0
2020-09-01,BENGALURU – HYDERABAD,35543.0,BENGALURU,HYDERABAD,False,True,15846.0,19697.0
2020-09-01,BENGALURU – KOLKATA,109876.0,BENGALURU,KOLKATA,False,True,37977.0,71899.0
2020-09-01,AHMEDABAD – MUMBAI,24694.0,AHMEDABAD,MUMBAI,False,True,13706.0,10988.0
2020-09-01,DELHI – SRINAGAR,110534.0,DELHI,SRINAGAR,False,True,62163.0,48371.0
2020-09-01,BENGALURU – PUNE,24768.0,BENGALURU,PUNE,False,True,12705.0,12063.0
2020-09-01,DELHI – GUWAHATI,60025.0,DELHI,GUWAHATI,False,True,28070.0,31955.0
2020-09-01,DELHI – PATNA,106220.0,DELHI,PATNA,False,True,40945.0,65275.0
2020-09-01,BENGALURU – CHENNAI,31504.0,BENGALURU,CHENNAI,False,True,15638.0,15866.0
2020-09-01,DELHI – LUCKNOW,45058.0,DELHI,LUCKNOW,False,True,18967.0,26091.0
2020-09-01,CHENNAI – HYDERABAD,42417.0,CHENNAI,HYDERABAD,False,True,17265.0,25152.0
2020-09-01,BENGALURU – KOCHI,42478.0,BENGALURU,KOCHI,False,True,22947.0,19531.0
2020-09-01,KOCHI – MUMBAI,12036.0,KOCHI,MUMBAI,False,True,6716.0,5320.0
2020-09-01,BAGDOGRA – DELHI,31383.0,BAGDOGRA,DELHI,False,True,18288.0,13095.0
2020-09-01,BHUBANESWAR – DELHI,42204.0,BHUBANESWAR,DELHI,False,True,26668.0,15536.0
2020-09-01,AHMEDABAD – BENGALURU,35316.0,AHMEDABAD,BENGALURU,False,True,20896.0,14420.0
2020-09-01,JAIPUR – MUMBAI,21595.0,JAIPUR,MUMBAI,False,True,13408.0,8187.0
2020-09-01,CHENNAI – KOLKATA,30766.0,CHENNAI,KOLKATA,False,True,11267.0,19499.0
2020-09-01,DELHI – INDORE,17997.0,DELHI,INDORE,False,True,8645.0,9352.0
2020-09-01,AMRITSAR – DELHI,25358.0,AMRITSAR,DELHI,False,True,12722.0,12636.0
2020-09-01,HYDERABAD – VISAKHAPATNAM,32059.0,HYDERABAD,VISAKHAPATNAM,False,True,14447.0,17612.0
2020-09-01,HYDERABAD – KOLKATA,59498.0,HYDERABAD,KOLKATA,False,True,18974.0,40524.0
2020-09-01,DELHI – VARANASI,34351.0,DELHI,VARANASI,False,True,11442.0,22909.0
2020-09-01,GUWAHATI – KOLKATA,21946.0,GUWAHATI,KOLKATA,False,True,9803.0,12143.0
2020-09-01,LUCKNOW – MUMBAI,32490.0,LUCKNOW,MUMBAI,False,True,22030.0,10460.0
2020-09-01,DELHI – KOCHI,25953.0,DELHI,KOCHI,False,True,13403.0,12550.0
2020-09-01,MUMBAI – VARANASI,38251.0,MUMBAI,VARANASI,False,True,12633.0,25618.0
2020-09-01,DELHI – RANCHI,45640.0,DELHI,RANCHI,False,True,19055.0,26585.0
2020-09-01,CHANDIGARH – DELHI,18430.0,CHANDIGARH,DELHI,False,True,8169.0,10261.0
2020-09-01,CHENNAI – COIMBATORE,18550.0,CHENNAI,COIMBATORE,False,True,9558.0,8992.0
2020-09-01,DELHI – RAIPUR,29462.0,DELHI,RAIPUR,False,True,13121.0,16341.0
2020-09-01,AGARTALA – KOLKATA,18407.0,AGARTALA,KOLKATA,False,True,8089.0,10318.0
2020-09-01,BENGALURU – MANGALURU,13598.0,BENGALURU,MANGALURU,False,True,7990.0,5608.0
2020-09-01,DELHI – LEH,17943.0,DELHI,LEH,False,True,6876.0,11067.0
2020-09-01,BENGALURU – BHUBANESWAR,33350.0,BENGALURU,BHUBANESWAR,False,True,12155.0,21195.0
2020-09-01,BENGALURU – VARANASI,14343.0,BENGALURU,VARANASI,False,True,3365.0,10978.0
2020-09-01,BENGALURU – LUCKNOW,30406.0,BENGALURU,LUCKNOW,False,True,8417.0,21989.0
2020-09-01,CHENNAI – PUNE,1165.0,CHENNAI,PUNE,False,True,503.0,662.0
2020-09-01,MUMBAI – NAGPUR,23888.0,MUMBAI,NAGPUR,False,True,10452.0,13436.0
2020-09-01,INDORE – MUMBAI,7746.0,INDORE,MUMBAI,False,True,4605.0,3141.0
2020-09-01,DELHI – NAGPUR,15595.0,DELHI,NAGPUR,False,True,7787.0,7808.0
2020-09-01,BENGALURU – GUWAHATI,27499.0,BENGALURU,GUWAHATI,False,True,11483.0,16016.0
2020-09-01,HYDERABAD – KOCHI,11677.0,HYDERABAD,KOCHI,False,True,6897.0,4780.0
2020-09-01,BENGALURU – JAIPUR,19997.0,BENGALURU,JAIPUR,False,True,10312.0,9685.0
2020-09-01,HYDERABAD – PUNE,18020.0,HYDERABAD,PUNE,False,True,8773.0,9247.0
2020-09-01,BENGALURU – THIRUVANANTHAPURAM,12677.0,BENGALURU,THIRUVANANTHAPURAM,False,True,6239.0,6438.0
2020-09-01,DELHI – UDAIPUR,6503.0,DELHI,UDAIPUR,False,True,3394.0,3109.0
2020-09-01,DELHI – JAMMU,54046.0,DELHI,JAMMU,False,True,31124.0,22922.0
2020-09-01,CHENNAI – KOCHI,7595.0,CHENNAI,KOCHI,False,True,3704.0,3891.0
2020-09-01,HYDERABAD – TIRUPATI,15674.0,HYDERABAD,TIRUPATI,False,True,8244.0,7430.0
2020-10-01,DELHI – MUMBAI,149260.0,DELHI,MUMBAI,False,True,78866.0,70394.0
2020-10-01,BENGALURU – DELHI,119650.0,BENGALURU,DELHI,False,True,62130.0,57520.0
2020-10-01,BENGALURU – MUMBAI,68775.0,BENGALURU,MUMBAI,False,True,35080.0,33695.0
2020-10-01,DELHI – HYDERABAD,97978.0,DELHI,HYDERABAD,False,True,49016.0,48962.0
2020-10-01,DELHI – KOLKATA,84840.0,DELHI,KOLKATA,False,True,36463.0,48377.0
2020-10-01,DELHI – PUNE,90853.0,DELHI,PUNE,False,True,46890.0,43963.0
2020-10-01,AHMEDABAD – DELHI,69678.0,AHMEDABAD,DELHI,False,True,35547.0,34131.0
2020-10-01,CHENNAI – MUMBAI,38206.0,CHENNAI,MUMBAI,False,True,19158.0,19048.0
2020-10-01,KOLKATA – MUMBAI,59958.0,KOLKATA,MUMBAI,False,True,40290.0,19668.0
2020-10-01,HYDERABAD – MUMBAI,48820.0,HYDERABAD,MUMBAI,False,True,24657.0,24163.0
2020-10-01,CHENNAI – DELHI,69581.0,CHENNAI,DELHI,False,True,31892.0,37689.0
2020-10-01,BENGALURU – HYDERABAD,53307.0,BENGALURU,HYDERABAD,False,True,25996.0,27311.0
2020-10-01,BENGALURU – KOLKATA,143208.0,BENGALURU,KOLKATA,False,True,62603.0,80605.0
2020-10-01,AHMEDABAD – MUMBAI,39296.0,AHMEDABAD,MUMBAI,False,True,20981.0,18315.0
2020-10-01,DELHI – SRINAGAR,122455.0,DELHI,SRINAGAR,False,True,55468.0,66987.0
2020-10-01,BENGALURU – PUNE,33936.0,BENGALURU,PUNE,False,True,17543.0,16393.0
2020-10-01,DELHI – GUWAHATI,78773.0,DELHI,GUWAHATI,False,True,34925.0,43848.0
2020-10-01,DELHI – PATNA,133025.0,DELHI,PATNA,False,True,65305.0,67720.0
2020-10-01,BENGALURU – CHENNAI,44480.0,BENGALURU,CHENNAI,False,True,22957.0,21523.0
2020-10-01,DELHI – LUCKNOW,63691.0,DELHI,LUCKNOW,False,True,32298.0,31393.0
2020-10-01,CHENNAI – HYDERABAD,56165.0,CHENNAI,HYDERABAD,False,True,24852.0,31313.0
2020-10-01,BENGALURU – KOCHI,52532.0,BENGALURU,KOCHI,False,True,31700.0,20832.0
2020-10-01,KOCHI – MUMBAI,17767.0,KOCHI,MUMBAI,False,True,7642.0,10125.0
2020-10-01,BAGDOGRA – DELHI,48728.0,BAGDOGRA,DELHI,False,True,28938.0,19790.0
2020-10-01,BHUBANESWAR – DELHI,46153.0,BHUBANESWAR,DELHI,False,True,23824.0,22329.0
2020-10-01,AHMEDABAD – BENGALURU,40398.0,AHMEDABAD,BENGALURU,False,True,20627.0,19771.0
2020-10-01,JAIPUR – MUMBAI,30533.0,JAIPUR,MUMBAI,False,True,15704.0,14829.0
2020-10-01,CHENNAI – KOLKATA,40194.0,CHENNAI,KOLKATA,False,True,16583.0,23611.0
2020-10-01,DELHI – INDORE,25991.0,DELHI,INDORE,False,True,12773.0,13218.0
2020-10-01,AMRITSAR – DELHI,40846.0,AMRITSAR,DELHI,False,True,21132.0,19714.0
2020-10-01,HYDERABAD – VISAKHAPATNAM,45121.0,HYDERABAD,VISAKHAPATNAM,False,True,22860.0,22261.0
2020-10-01,HYDERABAD – KOLKATA,77743.0,HYDERABAD,KOLKATA,False,True,32654.0,45089.0
2020-10-01,DELHI – VARANASI,38373.0,DELHI,VARANASI,False,True,19666.0,18707.0
2020-10-01,GUWAHATI – KOLKATA,26317.0,GUWAHATI,KOLKATA,False,True,13567.0,12750.0
2020-10-01,LUCKNOW – MUMBAI,37758.0,LUCKNOW,MUMBAI,False,True,19238.0,18520.0
2020-10-01,DELHI – KOCHI,34492.0,DELHI,KOCHI,False,True,19961.0,14531.0
2020-10-01,MUMBAI – VARANASI,56145.0,MUMBAI,VARANASI,False,True,22506.0,33639.0
2020-10-01,DELHI – RANCHI,56632.0,DELHI,RANCHI,False,True,27512.0,29120.0
2020-10-01,CHANDIGARH – DELHI,31432.0,CHANDIGARH,DELHI,False,True,14673.0,16759.0
2020-10-01,CHENNAI – COIMBATORE,24106.0,CHENNAI,COIMBATORE,False,True,12088.0,12018.0
2020-10-01,DELHI – RAIPUR,45468.0,DELHI,RAIPUR,False,True,21060.0,24408.0
2020-10-01,AGARTALA – KOLKATA,32023.0,AGARTALA,KOLKATA,False,True,15005.0,17018.0
2020-10-01,BENGALURU – MANGALURU,18555.0,BENGALURU,MANGALURU,False,True,10206.0,8349.0
2020-10-01,DELHI – LEH,22811.0,DELHI,LEH,False,True,6862.0,15949.0
2020-10-01,BENGALURU – BHUBANESWAR,48930.0,BENGALURU,BHUBANESWAR,False,True,19862.0,29068.0
2020-10-01,BENGALURU – VARANASI,12066.0,BENGALURU,VARANASI,False,True,4480.0,7586.0
2020-10-01,BENGALURU – LUCKNOW,30880.0,BENGALURU,LUCKNOW,False,True,14976.0,15904.0
2020-10-01,CHENNAI – PUNE,9229.0,CHENNAI,PUNE,False,True,4645.0,4584.0
2020-10-01,MUMBAI – NAGPUR,32641.0,MUMBAI,NAGPUR,False,True,16180.0,16461.0
2020-10-01,INDORE – MUMBAI,14127.0,INDORE,MUMBAI,False,True,7533.0,6594.0
2020-10-01,DELHI – NAGPUR,24603.0,DELHI,NAGPUR,False,True,12568.0,12035.0
2020-10-01,BENGALURU – GUWAHATI,40664.0,BENGALURU,GUWAHATI,False,True,15322.0,25342.0
2020-10-01,HYDERABAD – KOCHI,14469.0,HYDERABAD,KOCHI,False,True,8349.0,6120.0
2020-10-01,BENGALURU – JAIPUR,22947.0,BENGALURU,JAIPUR,False,True,12305.0,10642.0
2020-10-01,HYDERABAD – PUNE,20098.0,HYDERABAD,PUNE,False,True,9814.0,10284.0
2020-10-01,BENGALURU – THIRUVANANTHAPURAM,17687.0,BENGALURU,THIRUVANANTHAPURAM,False,True,10119.0,7568.0
2020-10-01,DELHI – UDAIPUR,10637.0,DELHI,UDAIPUR,False,True,5416.0,5221.0
2020-10-01,DELHI – JAMMU,73338.0,DELHI,JAMMU,False,True,40658.0,32680.0
2020-10-01,CHENNAI – KOCHI,9557.0,CHENNAI,KOCHI,False,True,5563.0,3994.0
2020-10-01,HYDERABAD – TIRUPATI,24295.0,HYDERABAD,TIRUPATI,False,True,12406.0,11889.0
2020-11-01,DELHI – MUMBAI,172816.0,DELHI,MUMBAI,False,True,82502.0,90314.0
2020-11-01,BENGALURU – DELHI,135603.0,BENGALURU,DELHI,False,True,69348.0,66255.0
2020-11-01,BENGALURU – MUMBAI,93222.0,BENGALURU,MUMBAI,False,True,46873.0,46349.0
2020-11-01,DELHI – HYDERABAD,116011.0,DELHI,HYDERABAD,False,True,57292.0,58719.0
2020-11-01,DELHI – KOLKATA,88585.0,DELHI,KOLKATA,False,True,39172.0,49413.0
2020-11-01,DELHI – PUNE,101298.0,DELHI,PUNE,False,True,49768.0,51530.0
2020-11-01,AHMEDABAD – DELHI,81430.0,AHMEDABAD,DELHI,False,True,42102.0,39328.0
2020-11-01,CHENNAI – MUMBAI,54250.0,CHENNAI,MUMBAI,False,True,27884.0,26366.0
2020-11-01,KOLKATA – MUMBAI,65257.0,KOLKATA,MUMBAI,False,True,38918.0,26339.0
2020-11-01,HYDERABAD – MUMBAI,66742.0,HYDERABAD,MUMBAI,False,True,33279.0,33463.0
2020-11-01,CHENNAI – DELHI,72382.0,CHENNAI,DELHI,False,True,37286.0,35096.0
2020-11-01,BENGALURU – HYDERABAD,58490.0,BENGALURU,HYDERABAD,False,True,29021.0,29469.0
2020-11-01,BENGALURU – KOLKATA,148372.0,BENGALURU,KOLKATA,False,True,64026.0,84346.0
2020-11-01,AHMEDABAD – MUMBAI,48652.0,AHMEDABAD,MUMBAI,False,True,23643.0,25009.0
2020-11-01,DELHI – SRINAGAR,135031.0,DELHI,SRINAGAR,False,True,55702.0,79329.0
2020-11-01,BENGALURU – PUNE,43017.0,BENGALURU,PUNE,False,True,23378.0,19639.0
2020-11-01,DELHI – GUWAHATI,92057.0,DELHI,GUWAHATI,False,True,44446.0,47611.0
2020-11-01,DELHI – PATNA,139489.0,DELHI,PATNA,False,True,84136.0,55353.0
2020-11-01,BENGALURU – CHENNAI,39728.0,BENGALURU,CHENNAI,False,True,19604.0,20124.0
2020-11-01,DELHI – LUCKNOW,72538.0,DELHI,LUCKNOW,False,True,41283.0,31255.0
2020-11-01,CHENNAI – HYDERABAD,55846.0,CHENNAI,HYDERABAD,False,True,27564.0,28282.0
2020-11-01,BENGALURU – KOCHI,54088.0,BENGALURU,KOCHI,False,True,31376.0,22712.0
2020-11-01,KOCHI – MUMBAI,27516.0,KOCHI,MUMBAI,False,True,13126.0,14390.0
2020-11-01,BAGDOGRA – DELHI,50336.0,BAGDOGRA,DELHI,False,True,27290.0,23046.0
2020-11-01,BHUBANESWAR – DELHI,51580.0,BHUBANESWAR,DELHI,False,True,22579.0,29001.0
2020-11-01,AHMEDABAD – BENGALURU,44392.0,AHMEDABAD,BENGALURU,False,True,20909.0,23483.0
2020-11-01,JAIPUR – MUMBAI,46409.0,JAIPUR,MUMBAI,False,True,19793.0,26616.0
2020-11-01,CHENNAI – KOLKATA,40571.0,CHENNAI,KOLKATA,False,True,17589.0,22982.0
2020-11-01,DELHI – INDORE,34851.0,DELHI,INDORE,False,True,17971.0,16880.0
2020-11-01,AMRITSAR – DELHI,52180.0,AMRITSAR,DELHI,False,True,26544.0,25636.0
2020-11-01,HYDERABAD – VISAKHAPATNAM,54354.0,HYDERABAD,VISAKHAPATNAM,False,True,26720.0,27634.0
2020-11-01,HYDERABAD – KOLKATA,86749.0,HYDERABAD,KOLKATA,False,True,42016.0,44733.0
2020-11-01,DELHI – VARANASI,52570.0,DELHI,VARANASI,False,True,33717.0,18853.0
2020-11-01,GUWAHATI – KOLKATA,33192.0,GUWAHATI,KOLKATA,False,True,17134.0,16058.0
2020-11-01,LUCKNOW – MUMBAI,53330.0,LUCKNOW,MUMBAI,False,True,20584.0,32746.0
2020-11-01,DELHI – KOCHI,34053.0,DELHI,KOCHI,False,True,17877.0,16176.0
2020-11-01,MUMBAI – VARANASI,74237.0,MUMBAI,VARANASI,False,True,43722.0,30515.0
2020-11-01,DELHI – RANCHI,63538.0,DELHI,RANCHI,False,True,32705.0,30833.0
2020-11-01,CHANDIGARH – DELHI,36083.0,CHANDIGARH,DELHI,False,True,18520.0,17563.0
2020-11-01,CHENNAI – COIMBATORE,26541.0,CHENNAI,COIMBATORE,False,True,13242.0,13299.0
2020-11-01,DELHI – RAIPUR,55767.0,DELHI,RAIPUR,False,True,27944.0,27823.0
2020-11-01,AGARTALA – KOLKATA,40881.0,AGARTALA,KOLKATA,False,True,22259.0,18622.0
2020-11-01,BENGALURU – MANGALURU,23982.0,BENGALURU,MANGALURU,False,True,13393.0,10589.0
2020-11-01,DELHI – LEH,20045.0,DELHI,LEH,False,True,6438.0,13607.0
2020-11-01,BENGALURU – BHUBANESWAR,41566.0,BENGALURU,BHUBANESWAR,False,True,20968.0,20598.0
2020-11-01,BENGALURU – VARANASI,18667.0,BENGALURU,VARANASI,False,True,10545.0,8122.0
2020-11-01,BENGALURU – LUCKNOW,38151.0,BENGALURU,LUCKNOW,False,True,23065.0,15086.0
2020-11-01,CHENNAI – PUNE,18910.0,CHENNAI,PUNE,False,True,8151.0,10759.0
2020-11-01,MUMBAI – NAGPUR,49092.0,MUMBAI,NAGPUR,False,True,25065.0,24027.0
2020-11-01,INDORE – MUMBAI,20978.0,INDORE,MUMBAI,False,True,9613.0,11365.0
2020-11-01,DELHI – NAGPUR,29602.0,DELHI,NAGPUR,False,True,15029.0,14573.0
2020-11-01,BENGALURU – GUWAHATI,42109.0,BENGALURU,GUWAHATI,False,True,17734.0,24375.0
2020-11-01,HYDERABAD – KOCHI,13013.0,HYDERABAD,KOCHI,False,True,6210.0,6803.0
2020-11-01,BENGALURU – JAIPUR,29603.0,BENGALURU,JAIPUR,False,True,17756.0,11847.0
2020-11-01,HYDERABAD – PUNE,19923.0,HYDERABAD,PUNE,False,True,9236.0,10687.0
2020-11-01,BENGALURU – THIRUVANANTHAPURAM,16073.0,BENGALURU,THIRUVANANTHAPURAM,False,True,8975.0,7098.0
2020-11-01,DELHI – UDAIPUR,16361.0,DELHI,UDAIPUR,False,True,8832.0,7529.0
2020-11-01,DELHI – JAMMU,72052.0,DELHI,JAMMU,False,True,39977.0,32075.0
2020-11-01,CHENNAI – KOCHI,13354.0,CHENNAI,KOCHI,False,True,7795.0,5559.0
2020-11-01,HYDERABAD – TIRUPATI,27339.0,HYDERABAD,TIRUPATI,False,True,13404.0,13935.0
2020-12-01,DELHI – MUMBAI,153707.0,DELHI,MUMBAI,False,True,84095.0,69612.0
2020-12-01,BENGALURU – DELHI,161005.0,BENGALURU,DELHI,False,True,70276.0,90729.0
2020-12-01,BENGALURU – MUMBAI,101309.0,BENGALURU,MUMBAI,False,True,47005.0,54304.0
2020-12-01,DELHI – HYDERABAD,160750.0,DELHI,HYDERABAD,False,True,80006.0,80744.0
2020-12-01,DELHI – KOLKATA,111622.0,DELHI,KOLKATA,False,True,58207.0,53415.0
2020-12-01,DELHI – PUNE,84361.0,DELHI,PUNE,False,True,47562.0,36799.0
2020-12-01,AHMEDABAD – DELHI,77581.0,AHMEDABAD,DELHI,False,True,35262.0,42319.0
2020-12-01,CHENNAI – MUMBAI,70907.0,CHENNAI,MUMBAI,False,True,28261.0,42646.0
2020-12-01,KOLKATA – MUMBAI,65680.0,KOLKATA,MUMBAI,False,True,39020.0,26660.0
2020-12-01,HYDERABAD – MUMBAI,86430.0,HYDERABAD,MUMBAI,False,True,49962.0,36468.0
2020-12-01,CHENNAI – DELHI,86097.0,CHENNAI,DELHI,False,True,38238.0,47859.0
2020-12-01,BENGALURU – HYDERABAD,76569.0,BENGALURU,HYDERABAD,False,True,36443.0,40126.0
2020-12-01,BENGALURU – KOLKATA,159960.0,BENGALURU,KOLKATA,False,True,67612.0,92348.0
2020-12-01,AHMEDABAD – MUMBAI,37394.0,AHMEDABAD,MUMBAI,False,True,19398.0,17996.0
2020-12-01,DELHI – SRINAGAR,117009.0,DELHI,SRINAGAR,False,True,56173.0,60836.0
2020-12-01,BENGALURU – PUNE,47500.0,BENGALURU,PUNE,False,True,27414.0,20086.0
2020-12-01,DELHI – GUWAHATI,97120.0,DELHI,GUWAHATI,False,True,55990.0,41130.0
2020-12-01,DELHI – PATNA,103950.0,DELHI,PATNA,False,True,50030.0,53920.0
2020-12-01,BENGALURU – CHENNAI,49492.0,BENGALURU,CHENNAI,False,True,23405.0,26087.0
2020-12-01,DELHI – LUCKNOW,82374.0,DELHI,LUCKNOW,False,True,38013.0,44361.0
2020-12-01,CHENNAI – HYDERABAD,64083.0,CHENNAI,HYDERABAD,False,True,30606.0,33477.0
2020-12-01,BENGALURU – KOCHI,80181.0,BENGALURU,KOCHI,False,True,44295.0,35886.0
2020-12-01,KOCHI – MUMBAI,42601.0,KOCHI,MUMBAI,False,True,20493.0,22108.0
2020-12-01,BAGDOGRA – DELHI,61349.0,BAGDOGRA,DELHI,False,True,29252.0,32097.0
2020-12-01,BHUBANESWAR – DELHI,58867.0,BHUBANESWAR,DELHI,False,True,25896.0,32971.0
2020-12-01,AHMEDABAD – BENGALURU,48739.0,AHMEDABAD,BENGALURU,False,True,26941.0,21798.0
2020-12-01,JAIPUR – MUMBAI,48018.0,JAIPUR,MUMBAI,False,True,24052.0,23966.0
2020-12-01,CHENNAI – KOLKATA,44393.0,CHENNAI,KOLKATA,False,True,19687.0,24706.0
2020-12-01,DELHI – INDORE,45490.0,DELHI,INDORE,False,True,23851.0,21639.0
2020-12-01,AMRITSAR – DELHI,63439.0,AMRITSAR,DELHI,False,True,32932.0,30507.0
2020-12-01,HYDERABAD – VISAKHAPATNAM,62778.0,HYDERABAD,VISAKHAPATNAM,False,True,32852.0,29926.0
2020-12-01,HYDERABAD – KOLKATA,95365.0,HYDERABAD,KOLKATA,False,True,41617.0,53748.0
2020-12-01,DELHI – VARANASI,51215.0,DELHI,VARANASI,False,True,21232.0,29983.0
2020-12-01,GUWAHATI – KOLKATA,49713.0,GUWAHATI,KOLKATA,False,True,24671.0,25042.0
2020-12-01,LUCKNOW – MUMBAI,48291.0,LUCKNOW,MUMBAI,False,True,22331.0,25960.0
2020-12-01,DELHI – KOCHI,45202.0,DELHI,KOCHI,False,True,27688.0,17514.0
2020-12-01,MUMBAI – VARANASI,64045.0,MUMBAI,VARANASI,False,True,26829.0,37216.0
2020-12-01,DELHI – RANCHI,77323.0,DELHI,RANCHI,False,True,41398.0,35925.0
2020-12-01,CHANDIGARH – DELHI,64598.0,CHANDIGARH,DELHI,False,True,33470.0,31128.0
2020-12-01,CHENNAI – COIMBATORE,36864.0,CHENNAI,COIMBATORE,False,True,19198.0,17666.0
2020-12-01,DELHI – RAIPUR,60761.0,DELHI,RAIPUR,False,True,31892.0,28869.0
2020-12-01,AGARTALA – KOLKATA,49048.0,AGARTALA,KOLKATA,False,True,23824.0,25224.0
2020-12-01,BENGALURU – MANGALURU,25957.0,BENGALURU,MANGALURU,False,True,14131.0,11826.0
2020-12-01,DELHI – LEH,15602.0,DELHI,LEH,False,True,5768.0,9834.0
2020-12-01,BENGALURU – BHUBANESWAR,50854.0,BENGALURU,BHUBANESWAR,False,True,25229.0,25625.0
2020-12-01,BENGALURU – VARANASI,18187.0,BENGALURU,VARANASI,False,True,7020.0,11167.0
2020-12-01,BENGALURU – LUCKNOW,37779.0,BENGALURU,LUCKNOW,False,True,14966.0,22813.0
2020-12-01,CHENNAI – PUNE,14256.0,CHENNAI,PUNE,False,True,7195.0,7061.0
2020-12-01,MUMBAI – NAGPUR,57542.0,MUMBAI,NAGPUR,False,True,33559.0,23983.0
2020-12-01,INDORE – MUMBAI,27189.0,INDORE,MUMBAI,False,True,12270.0,14919.0
2020-12-01,DELHI – NAGPUR,31559.0,DELHI,NAGPUR,False,True,16197.0,15362.0
2020-12-01,BENGALURU – GUWAHATI,45150.0,BENGALURU,GUWAHATI,False,True,23212.0,21938.0
2020-12-01,HYDERABAD – KOCHI,20517.0,HYDERABAD,KOCHI,False,True,10894.0,9623.0
2020-12-01,BENGALURU – JAIPUR,41314.0,BENGALURU,JAIPUR,False,True,21253.0,20061.0
2020-12-01,HYDERABAD – PUNE,21243.0,HYDERABAD,PUNE,False,True,10034.0,11209.0
2020-12-01,BENGALURU – THIRUVANANTHAPURAM,17086.0,BENGALURU,THIRUVANANTHAPURAM,False,True,9243.0,7843.0
2020-12-01,DELHI – UDAIPUR,24681.0,DELHI,UDAIPUR,False,True,12644.0,12037.0
2020-12-01,DELHI – JAMMU,67670.0,DELHI,JAMMU,False,True,35303.0,32367.0
2020-12-01,CHENNAI – KOCHI,17658.0,CHENNAI,KOCHI,False,True,10325.0,7333.0
2020-12-01,HYDERABAD – TIRUPATI,35418.0,HYDERABAD,TIRUPATI,False,True,17894.0,17524.0
2021-01-01,DELHI – MUMBAI,203554.0,DELHI,MUMBAI,False,True,101188.0,102366.0
2021-01-01,BENGALURU – DELHI,173491.0,BENGALURU,DELHI,False,True,77158.0,96333.0
2021-01-01,BENGALURU – MUMBAI,118797.0,BENGALURU,MUMBAI,False,True,56768.0,62029.0
2021-01-01,DELHI – HYDERABAD,144047.0,DELHI,HYDERABAD,False,True,71931.0,72116.0
2021-01-01,DELHI – KOLKATA,146553.0,DELHI,KOLKATA,False,True,74965.0,71588.0
2021-01-01,DELHI – PUNE,97435.0,DELHI,PUNE,False,True,51204.0,46231.0
2021-01-01,AHMEDABAD – DELHI,94293.0,AHMEDABAD,DELHI,False,True,44902.0,49391.0
2021-01-01,CHENNAI – MUMBAI,73913.0,CHENNAI,MUMBAI,False,True,36805.0,37108.0
2021-01-01,KOLKATA – MUMBAI,74866.0,KOLKATA,MUMBAI,False,True,44101.0,30765.0
2021-01-01,HYDERABAD – MUMBAI,76329.0,HYDERABAD,MUMBAI,False,True,38346.0,37983.0
2021-01-01,CHENNAI – DELHI,102899.0,CHENNAI,DELHI,False,True,47898.0,55001.0
2021-01-01,BENGALURU – HYDERABAD,74818.0,BENGALURU,HYDERABAD,False,True,34643.0,40175.0
2021-01-01,BENGALURU – KOLKATA,180940.0,BENGALURU,KOLKATA,False,True,81076.0,99864.0
2021-01-01,AHMEDABAD – MUMBAI,55610.0,AHMEDABAD,MUMBAI,False,True,26342.0,29268.0
2021-01-01,DELHI – SRINAGAR,136693.0,DELHI,SRINAGAR,False,True,60591.0,76102.0
2021-01-01,BENGALURU – PUNE,51701.0,BENGALURU,PUNE,False,True,26276.0,25425.0
2021-01-01,DELHI – GUWAHATI,92830.0,DELHI,GUWAHATI,False,True,46168.0,46662.0
2021-01-01,DELHI – PATNA,108305.0,DELHI,PATNA,False,True,47957.0,60348.0
2021-01-01,BENGALURU – CHENNAI,70237.0,BENGALURU,CHENNAI,False,True,35754.0,34483.0
2021-01-01,DELHI – LUCKNOW,75379.0,DELHI,LUCKNOW,False,True,36341.0,39038.0
2021-01-01,CHENNAI – HYDERABAD,69973.0,CHENNAI,HYDERABAD,False,True,34580.0,35393.0
2021-01-01,BENGALURU – KOCHI,75293.0,BENGALURU,KOCHI,False,True,38372.0,36921.0
2021-01-01,KOCHI – MUMBAI,43299.0,KOCHI,MUMBAI,False,True,21900.0,21399.0
2021-01-01,BAGDOGRA – DELHI,77386.0,BAGDOGRA,DELHI,False,True,42722.0,34664.0
2021-01-01,BHUBANESWAR – DELHI,58505.0,BHUBANESWAR,DELHI,False,True,29861.0,28644.0
2021-01-01,AHMEDABAD – BENGALURU,41362.0,AHMEDABAD,BENGALURU,False,True,22268.0,19094.0
2021-01-01,JAIPUR – MUMBAI,47207.0,JAIPUR,MUMBAI,False,True,22863.0,24344.0
2021-01-01,CHENNAI – KOLKATA,48097.0,CHENNAI,KOLKATA,False,True,21040.0,27057.0
2021-01-01,DELHI – INDORE,41255.0,DELHI,INDORE,False,True,19966.0,21289.0
2021-01-01,AMRITSAR – DELHI,60552.0,AMRITSAR,DELHI,False,True,31476.0,29076.0
2021-01-01,HYDERABAD – VISAKHAPATNAM,65127.0,HYDERABAD,VISAKHAPATNAM,False,True,31840.0,33287.0
2021-01-01,HYDERABAD – KOLKATA,91548.0,HYDERABAD,KOLKATA,False,True,45612.0,45936.0
2021-01-01,DELHI – VARANASI,36992.0,DELHI,VARANASI,False,True,17957.0,19035.0
2021-01-01,GUWAHATI – KOLKATA,51647.0,GUWAHATI,KOLKATA,False,True,24759.0,26888.0
2021-01-01,LUCKNOW – MUMBAI,45772.0,LUCKNOW,MUMBAI,False,True,22786.0,22986.0
2021-01-01,DELHI – KOCHI,50328.0,DELHI,KOCHI,False,True,25840.0,24488.0
2021-01-01,MUMBAI – VARANASI,57497.0,MUMBAI,VARANASI,False,True,23755.0,33742.0
2021-01-01,DELHI – RANCHI,70228.0,DELHI,RANCHI,False,True,31210.0,39018.0
2021-01-01,CHANDIGARH – DELHI,64005.0,CHANDIGARH,DELHI,False,True,33306.0,30699.0
2021-01-01,CHENNAI – COIMBATORE,48252.0,CHENNAI,COIMBATORE,False,True,24722.0,23530.0
2021-01-01,DELHI – RAIPUR,57884.0,DELHI,RAIPUR,False,True,28552.0,29332.0
2021-01-01,AGARTALA – KOLKATA,54184.0,AGARTALA,KOLKATA,False,True,27172.0,27012.0
2021-01-01,BENGALURU – MANGALURU,28739.0,BENGALURU,MANGALURU,False,True,13446.0,15293.0
2021-01-01,DELHI – LEH,22413.0,DELHI,LEH,False,True,9354.0,13059.0
2021-01-01,BENGALURU – BHUBANESWAR,48468.0,BENGALURU,BHUBANESWAR,False,True,19921.0,28547.0
2021-01-01,BENGALURU – VARANASI,13990.0,BENGALURU,VARANASI,False,True,4889.0,9101.0
2021-01-01,BENGALURU – LUCKNOW,32256.0,BENGALURU,LUCKNOW,False,True,12335.0,19921.0
2021-01-01,CHENNAI – PUNE,23870.0,CHENNAI,PUNE,False,True,12022.0,11848.0
2021-01-01,MUMBAI – NAGPUR,54498.0,MUMBAI,NAGPUR,False,True,25265.0,29233.0
2021-01-01,INDORE – MUMBAI,28180.0,INDORE,MUMBAI,False,True,13939.0,14241.0
2021-01-01,DELHI – NAGPUR,31389.0,DELHI,NAGPUR,False,True,14856.0,16533.0
2021-01-01,BENGALURU – GUWAHATI,47974.0,BENGALURU,GUWAHATI,False,True,21910.0,26064.0
2021-01-01,HYDERABAD – KOCHI,25284.0,HYDERABAD,KOCHI,False,True,13349.0,11935.0
2021-01-01,BENGALURU – JAIPUR,31540.0,BENGALURU,JAIPUR,False,True,16431.0,15109.0
2021-01-01,HYDERABAD – PUNE,22086.0,HYDERABAD,PUNE,False,True,10512.0,11574.0
2021-01-01,BENGALURU – THIRUVANANTHAPURAM,17155.0,BENGALURU,THIRUVANANTHAPURAM,False,True,8448.0,8707.0
2021-01-01,DELHI – UDAIPUR,28267.0,DELHI,UDAIPUR,False,True,13627.0,14640.0
2021-01-01,DELHI – JAMMU,63909.0,DELHI,JAMMU,False,True,32111.0,31798.0
2021-01-01,CHENNAI – KOCHI,19402.0,CHENNAI,KOCHI,False,True,11031.0,8371.0
2021-01-01,HYDERABAD – TIRUPATI,43222.0,HYDERABAD,TIRUPATI,False,True,21507.0,21715.0
2021-02-01,DELHI – MUMBAI,238738.0,DELHI,MUMBAI,False,True,114288.0,124450.0
2021-02-01,BENGALURU – DELHI,182473.0,BENGALURU,DELHI,False,True,92299.0,90174.0
2021-02-01,BENGALURU – MUMBAI,116494.0,BENGALURU,MUMBAI,False,True,58872.0,57622.0
2021-02-01,DELHI – HYDERABAD,141027.0,DELHI,HYDERABAD,False,True,67093.0,73934.0
2021-02-01,DELHI – KOLKATA,159991.0,DELHI,KOLKATA,False,True,81898.0,78093.0
2021-02-01,DELHI – PUNE,102779.0,DELHI,PUNE,False,True,51252.0,51527.0
2021-02-01,AHMEDABAD – DELHI,102086.0,AHMEDABAD,DELHI,False,True,51501.0,50585.0
2021-02-01,CHENNAI – MUMBAI,76583.0,CHENNAI,MUMBAI,False,True,38841.0,37742.0
2021-02-01,KOLKATA – MUMBAI,73865.0,KOLKATA,MUMBAI,False,True,40415.0,33450.0
2021-02-01,HYDERABAD – MUMBAI,72961.0,HYDERABAD,MUMBAI,False,True,35976.0,36985.0
2021-02-01,CHENNAI – DELHI,104218.0,CHENNAI,DELHI,False,True,54585.0,49633.0
2021-02-01,BENGALURU – HYDERABAD,73626.0,BENGALURU,HYDERABAD,False,True,35483.0,38143.0
2021-02-01,BENGALURU – KOLKATA,159542.0,BENGALURU,KOLKATA,False,True,79117.0,80425.0
2021-02-01,AHMEDABAD – MUMBAI,67051.0,AHMEDABAD,MUMBAI,False,True,30864.0,36187.0
2021-02-01,DELHI – SRINAGAR,166861.0,DELHI,SRINAGAR,False,True,82658.0,84203.0
2021-02-01,BENGALURU – PUNE,47649.0,BENGALURU,PUNE,False,True,24165.0,23484.0
2021-02-01,DELHI – GUWAHATI,93676.0,DELHI,GUWAHATI,False,True,43549.0,50127.0
2021-02-01,DELHI – PATNA,103993.0,DELHI,PATNA,False,True,51012.0,52981.0
2021-02-01,BENGALURU – CHENNAI,65536.0,BENGALURU,CHENNAI,False,True,32268.0,33268.0
2021-02-01,DELHI – LUCKNOW,71544.0,DELHI,LUCKNOW,False,True,35556.0,35988.0
2021-02-01,CHENNAI – HYDERABAD,66431.0,CHENNAI,HYDERABAD,False,True,34807.0,31624.0
2021-02-01,BENGALURU – KOCHI,59635.0,BENGALURU,KOCHI,False,True,28670.0,30965.0
2021-02-01,KOCHI – MUMBAI,37100.0,KOCHI,MUMBAI,False,True,18786.0,18314.0
2021-02-01,BAGDOGRA – DELHI,78823.0,BAGDOGRA,DELHI,False,True,40832.0,37991.0
2021-02-01,BHUBANESWAR – DELHI,65515.0,BHUBANESWAR,DELHI,False,True,32524.0,32991.0
2021-02-01,AHMEDABAD – BENGALURU,47752.0,AHMEDABAD,BENGALURU,False,True,23778.0,23974.0
2021-02-01,JAIPUR – MUMBAI,54539.0,JAIPUR,MUMBAI,False,True,26027.0,28512.0
2021-02-01,CHENNAI – KOLKATA,50822.0,CHENNAI,KOLKATA,False,True,22499.0,28323.0
2021-02-01,DELHI – INDORE,44750.0,DELHI,INDORE,False,True,21851.0,22899.0
2021-02-01,AMRITSAR – DELHI,63557.0,AMRITSAR,DELHI,False,True,32095.0,31462.0
2021-02-01,HYDERABAD – VISAKHAPATNAM,52418.0,HYDERABAD,VISAKHAPATNAM,False,True,25518.0,26900.0
2021-02-01,HYDERABAD – KOLKATA,78169.0,HYDERABAD,KOLKATA,False,True,40515.0,37654.0
2021-02-01,DELHI – VARANASI,39698.0,DELHI,VARANASI,False,True,20003.0,19695.0
2021-02-01,GUWAHATI – KOLKATA,53420.0,GUWAHATI,KOLKATA,False,True,25721.0,27699.0
2021-02-01,LUCKNOW – MUMBAI,44945.0,LUCKNOW,MUMBAI,False,True,19666.0,25279.0
2021-02-01,DELHI – KOCHI,49250.0,DELHI,KOCHI,False,True,21964.0,27286.0
2021-02-01,MUMBAI – VARANASI,51780.0,MUMBAI,VARANASI,False,True,29344.0,22436.0
2021-02-01,DELHI – RANCHI,66605.0,DELHI,RANCHI,False,True,31301.0,35304.0
2021-02-01,CHANDIGARH – DELHI,59430.0,CHANDIGARH,DELHI,False,True,29207.0,30223.0
2021-02-01,CHENNAI – COIMBATORE,48177.0,CHENNAI,COIMBATORE,False,True,24368.0,23809.0
2021-02-01,DELHI – RAIPUR,61673.0,DELHI,RAIPUR,False,True,29742.0,31931.0
2021-02-01,AGARTALA – KOLKATA,52486.0,AGARTALA,KOLKATA,False,True,27391.0,25095.0
2021-02-01,BENGALURU – MANGALURU,30133.0,BENGALURU,MANGALURU,False,True,14837.0,15296.0
2021-02-01,DELHI – LEH,29925.0,DELHI,LEH,False,True,18548.0,11377.0
2021-02-01,BENGALURU – BHUBANESWAR,45516.0,BENGALURU,BHUBANESWAR,False,True,21352.0,24164.0
2021-02-01,BENGALURU – VARANASI,13284.0,BENGALURU,VARANASI,False,True,6090.0,7194.0
2021-02-01,BENGALURU – LUCKNOW,29158.0,BENGALURU,LUCKNOW,False,True,14789.0,14369.0
2021-02-01,CHENNAI – PUNE,24712.0,CHENNAI,PUNE,False,True,12696.0,12016.0
2021-02-01,MUMBAI – NAGPUR,51747.0,MUMBAI,NAGPUR,False,True,24591.0,27156.0
2021-02-01,INDORE – MUMBAI,30173.0,INDORE,MUMBAI,False,True,14931.0,15242.0
2021-02-01,DELHI – NAGPUR,31589.0,DELHI,NAGPUR,False,True,15413.0,16176.0
2021-02-01,BENGALURU – GUWAHATI,42685.0,BENGALURU,GUWAHATI,False,True,20120.0,22565.0
2021-02-01,HYDERABAD – KOCHI,23089.0,HYDERABAD,KOCHI,False,True,11939.0,11150.0
2021-02-01,BENGALURU – JAIPUR,36220.0,BENGALURU,JAIPUR,False,True,19579.0,16641.0
2021-02-01,HYDERABAD – PUNE,20056.0,HYDERABAD,PUNE,False,True,9227.0,10829.0
2021-02-01,BENGALURU – THIRUVANANTHAPURAM,16064.0,BENGALURU,THIRUVANANTHAPURAM,False,True,8117.0,7947.0
2021-02-01,DELHI – UDAIPUR,33244.0,DELHI,UDAIPUR,False,True,16967.0,16277.0
2021-02-01,DELHI – JAMMU,64238.0,DELHI,JAMMU,False,True,35383.0,28855.0
2021-02-01,CHENNAI – KOCHI,19003.0,CHENNAI,KOCHI,False,True,9143.0,9860.0
2021-02-01,HYDERABAD – TIRUPATI,42014.0,HYDERABAD,TIRUPATI,False,True,21178.0,20836.0
2021-03-01,DELHI – MUMBAI,220852.0,DELHI,MUMBAI,False,True,104952.0,115900.0
2021-03-01,BENGALURU – DELHI,199652.0,BENGALURU,DELHI,False,True,104631.0,95021.0
2021-03-01,BENGALURU – MUMBAI,88304.0,BENGALURU,MUMBAI,False,True,46313.0,41991.0
2021-03-01,DELHI – HYDERABAD,155410.0,DELHI,HYDERABAD,False,True,73562.0,81848.0
2021-03-01,DELHI – KOLKATA,182667.0,DELHI,KOLKATA,False,True,92927.0,89740.0
2021-03-01,DELHI – PUNE,93180.0,DELHI,PUNE,False,True,44219.0,48961.0
2021-03-01,AHMEDABAD – DELHI,111189.0,AHMEDABAD,DELHI,False,True,58472.0,52717.0
2021-03-01,CHENNAI – MUMBAI,61346.0,CHENNAI,MUMBAI,False,True,32879.0,28467.0
2021-03-01,KOLKATA – MUMBAI,57725.0,KOLKATA,MUMBAI,False,True,31919.0,25806.0
2021-03-01,HYDERABAD – MUMBAI,66184.0,HYDERABAD,MUMBAI,False,True,32875.0,33309.0
2021-03-01,CHENNAI – DELHI,109267.0,CHENNAI,DELHI,False,True,57642.0,51625.0
2021-03-01,BENGALURU – HYDERABAD,75639.0,BENGALURU,HYDERABAD,False,True,36760.0,38879.0
2021-03-01,BENGALURU – KOLKATA,152570.0,BENGALURU,KOLKATA,False,True,80527.0,72043.0
2021-03-01,AHMEDABAD – MUMBAI,55318.0,AHMEDABAD,MUMBAI,False,True,26095.0,29223.0
2021-03-01,DELHI – SRINAGAR,208732.0,DELHI,SRINAGAR,False,True,110527.0,98205.0
2021-03-01,BENGALURU – PUNE,33555.0,BENGALURU,PUNE,False,True,17462.0,16093.0
2021-03-01,DELHI – GUWAHATI,110191.0,DELHI,GUWAHATI,False,True,57729.0,52462.0
2021-03-01,DELHI – PATNA,120094.0,DELHI,PATNA,False,True,63272.0,56822.0
2021-03-01,BENGALURU – CHENNAI,66392.0,BENGALURU,CHENNAI,False,True,31832.0,34560.0
2021-03-01,DELHI – LUCKNOW,78038.0,DELHI,LUCKNOW,False,True,40706.0,37332.0
2021-03-01,CHENNAI – HYDERABAD,67892.0,CHENNAI,HYDERABAD,False,True,36952.0,30940.0
2021-03-01,BENGALURU – KOCHI,64262.0,BENGALURU,KOCHI,False,True,28133.0,36129.0
2021-03-01,KOCHI – MUMBAI,34091.0,KOCHI,MUMBAI,False,True,17485.0,16606.0
2021-03-01,BAGDOGRA – DELHI,92306.0,BAGDOGRA,DELHI,False,True,44171.0,48135.0
2021-03-01,BHUBANESWAR – DELHI,66117.0,BHUBANESWAR,DELHI,False,True,34101.0,32016.0
2021-03-01,AHMEDABAD – BENGALURU,47142.0,AHMEDABAD,BENGALURU,False,True,23499.0,23643.0
2021-03-01,JAIPUR – MUMBAI,50893.0,JAIPUR,MUMBAI,False,True,24317.0,26576.0
2021-03-01,CHENNAI – KOLKATA,55938.0,CHENNAI,KOLKATA,False,True,27514.0,28424.0
2021-03-01,DELHI – INDORE,41458.0,DELHI,INDORE,False,True,20566.0,20892.0
2021-03-01,AMRITSAR – DELHI,59942.0,AMRITSAR,DELHI,False,True,31219.0,28723.0
2021-03-01,HYDERABAD – VISAKHAPATNAM,50690.0,HYDERABAD,VISAKHAPATNAM,False,True,25140.0,25550.0
2021-03-01,HYDERABAD – KOLKATA,76081.0,HYDERABAD,KOLKATA,False,True,41126.0,34955.0
2021-03-01,DELHI – VARANASI,44144.0,DELHI,VARANASI,False,True,24031.0,20113.0
2021-03-01,GUWAHATI – KOLKATA,60147.0,GUWAHATI,KOLKATA,False,True,25748.0,34399.0
2021-03-01,LUCKNOW – MUMBAI,41219.0,LUCKNOW,MUMBAI,False,True,15809.0,25410.0
2021-03-01,DELHI – KOCHI,50813.0,DELHI,KOCHI,False,True,22316.0,28497.0
2021-03-01,MUMBAI – VARANASI,52243.0,MUMBAI,VARANASI,False,True,32273.0,19970.0
2021-03-01,DELHI – RANCHI,69837.0,DELHI,RANCHI,False,True,37109.0,32728.0
2021-03-01,CHANDIGARH – DELHI,55284.0,CHANDIGARH,DELHI,False,True,27460.0,27824.0
2021-03-01,CHENNAI – COIMBATORE,47650.0,CHENNAI,COIMBATORE,False,True,24033.0,23617.0
2021-03-01,DELHI – RAIPUR,57778.0,DELHI,RAIPUR,False,True,28152.0,29626.0
2021-03-01,AGARTALA – KOLKATA,55719.0,AGARTALA,KOLKATA,False,True,29387.0,26332.0
2021-03-01,BENGALURU – MANGALURU,29882.0,BENGALURU,MANGALURU,False,True,13344.0,16538.0
2021-03-01,DELHI – LEH,41395.0,DELHI,LEH,False,True,29998.0,11397.0
2021-03-01,BENGALURU – BHUBANESWAR,39243.0,BENGALURU,BHUBANESWAR,False,True,18109.0,21134.0
2021-03-01,BENGALURU – VARANASI,16232.0,BENGALURU,VARANASI,False,True,7944.0,8288.0
2021-03-01,BENGALURU – LUCKNOW,30292.0,BENGALURU,LUCKNOW,False,True,17476.0,12816.0
2021-03-01,CHENNAI – PUNE,16065.0,CHENNAI,PUNE,False,True,8470.0,7595.0
2021-03-01,MUMBAI – NAGPUR,35454.0,MUMBAI,NAGPUR,False,True,16882.0,18572.0
2021-03-01,INDORE – MUMBAI,23388.0,INDORE,MUMBAI,False,True,11807.0,11581.0
2021-03-01,DELHI – NAGPUR,24303.0,DELHI,NAGPUR,False,True,11497.0,12806.0
2021-03-01,BENGALURU – GUWAHATI,46498.0,BENGALURU,GUWAHATI,False,True,26953.0,19545.0
2021-03-01,HYDERABAD – KOCHI,21054.0,HYDERABAD,KOCHI,False,True,10369.0,10685.0
2021-03-01,BENGALURU – JAIPUR,34387.0,BENGALURU,JAIPUR,False,True,18557.0,15830.0
2021-03-01,HYDERABAD – PUNE,16107.0,HYDERABAD,PUNE,False,True,6951.0,9156.0
2021-03-01,BENGALURU – THIRUVANANTHAPURAM,15092.0,BENGALURU,THIRUVANANTHAPURAM,False,True,7858.0,7234.0
2021-03-01,DELHI – UDAIPUR,31027.0,DELHI,UDAIPUR,False,True,15026.0,16001.0
2021-03-01,DELHI – JAMMU,62318.0,DELHI,JAMMU,False,True,35248.0,27070.0
2021-03-01,CHENNAI – KOCHI,15022.0,CHENNAI,KOCHI,False,True,6678.0,8344.0
2021-03-01,HYDERABAD – TIRUPATI,46201.0,HYDERABAD,TIRUPATI,False,True,23301.0,22900.0
2021-04-01,DELHI – MUMBAI,132875.0,DELHI,MUMBAI,False,True,55256.0,77619.0
2021-04-01,BENGALURU – DELHI,162421.0,BENGALURU,DELHI,False,True,90379.0,72042.0
2021-04-01,BENGALURU – MUMBAI,61402.0,BENGALURU,MUMBAI,False,True,36166.0,25236.0
2021-04-01,DELHI – HYDERABAD,111304.0,DELHI,HYDERABAD,False,True,54246.0,57058.0
2021-04-01,DELHI – KOLKATA,139535.0,DELHI,KOLKATA,False,True,81347.0,58188.0
2021-04-01,DELHI – PUNE,67665.0,DELHI,PUNE,False,True,31119.0,36546.0
2021-04-01,AHMEDABAD – DELHI,70216.0,AHMEDABAD,DELHI,False,True,40685.0,29531.0
2021-04-01,CHENNAI – MUMBAI,43341.0,CHENNAI,MUMBAI,False,True,22856.0,20485.0
2021-04-01,KOLKATA – MUMBAI,42295.0,KOLKATA,MUMBAI,False,True,14754.0,27541.0
2021-04-01,HYDERABAD – MUMBAI,39737.0,HYDERABAD,MUMBAI,False,True,19579.0,20158.0
2021-04-01,CHENNAI – DELHI,92046.0,CHENNAI,DELHI,False,True,49798.0,42248.0
2021-04-01,BENGALURU – HYDERABAD,55103.0,BENGALURU,HYDERABAD,False,True,31013.0,24090.0
2021-04-01,BENGALURU – KOLKATA,109735.0,BENGALURU,KOLKATA,False,True,65644.0,44091.0
2021-04-01,AHMEDABAD – MUMBAI,29221.0,AHMEDABAD,MUMBAI,False,True,13013.0,16208.0
2021-04-01,DELHI – SRINAGAR,163453.0,DELHI,SRINAGAR,False,True,82419.0,81034.0
2021-04-01,BENGALURU – PUNE,19290.0,BENGALURU,PUNE,False,True,10284.0,9006.0
2021-04-01,DELHI – GUWAHATI,98319.0,DELHI,GUWAHATI,False,True,49521.0,48798.0
2021-04-01,DELHI – PATNA,131670.0,DELHI,PATNA,False,True,81483.0,50187.0
2021-04-01,BENGALURU – CHENNAI,39737.0,BENGALURU,CHENNAI,False,True,19016.0,20721.0
2021-04-01,DELHI – LUCKNOW,60034.0,DELHI,LUCKNOW,False,True,35110.0,24924.0
2021-04-01,CHENNAI – HYDERABAD,55787.0,CHENNAI,HYDERABAD,False,True,30738.0,25049.0
2021-04-01,BENGALURU – KOCHI,59124.0,BENGALURU,KOCHI,False,True,33709.0,25415.0
2021-04-01,KOCHI – MUMBAI,29338.0,KOCHI,MUMBAI,False,True,13245.0,16093.0
2021-04-01,BAGDOGRA – DELHI,94651.0,BAGDOGRA,DELHI,False,True,40315.0,54336.0
2021-04-01,BHUBANESWAR – DELHI,44484.0,BHUBANESWAR,DELHI,False,True,20934.0,23550.0
2021-04-01,AHMEDABAD – BENGALURU,42642.0,AHMEDABAD,BENGALURU,False,True,14755.0,27887.0
2021-04-01,JAIPUR – MUMBAI,28733.0,JAIPUR,MUMBAI,False,True,10151.0,18582.0
2021-04-01,CHENNAI – KOLKATA,28333.0,CHENNAI,KOLKATA,False,True,14845.0,13488.0
2021-04-01,DELHI – INDORE,28954.0,DELHI,INDORE,False,True,14943.0,14011.0
2021-04-01,AMRITSAR – DELHI,36164.0,AMRITSAR,DELHI,False,True,19687.0,16477.0
2021-04-01,HYDERABAD – VISAKHAPATNAM,37819.0,HYDERABAD,VISAKHAPATNAM,False,True,19838.0,17981.0
2021-04-01,HYDERABAD – KOLKATA,55056.0,HYDERABAD,KOLKATA,False,True,32814.0,22242.0
2021-04-01,DELHI – VARANASI,50168.0,DELHI,VARANASI,False,True,33232.0,16936.0
2021-04-01,GUWAHATI – KOLKATA,43203.0,GUWAHATI,KOLKATA,False,True,21513.0,21690.0
2021-04-01,LUCKNOW – MUMBAI,40472.0,LUCKNOW,MUMBAI,False,True,10783.0,29689.0
2021-04-01,DELHI – KOCHI,43459.0,DELHI,KOCHI,False,True,21783.0,21676.0
2021-04-01,MUMBAI – VARANASI,44318.0,MUMBAI,VARANASI,False,True,30997.0,13321.0
2021-04-01,DELHI – RANCHI,55576.0,DELHI,RANCHI,False,True,33253.0,22323.0
2021-04-01,CHANDIGARH – DELHI,35712.0,CHANDIGARH,DELHI,False,True,18800.0,16912.0
2021-04-01,CHENNAI – COIMBATORE,30756.0,CHENNAI,COIMBATORE,False,True,15859.0,14897.0
2021-04-01,DELHI – RAIPUR,29226.0,DELHI,RAIPUR,False,True,15552.0,13674.0
2021-04-01,AGARTALA – KOLKATA,37644.0,AGARTALA,KOLKATA,False,True,18655.0,18989.0
2021-04-01,BENGALURU – MANGALURU,22170.0,BENGALURU,MANGALURU,False,True,10470.0,11700.0
2021-04-01,DELHI – LEH,52572.0,DELHI,LEH,False,True,34012.0,18560.0
2021-04-01,BENGALURU – BHUBANESWAR,27370.0,BENGALURU,BHUBANESWAR,False,True,15859.0,11511.0
2021-04-01,BENGALURU – VARANASI,16994.0,BENGALURU,VARANASI,False,True,11162.0,5832.0
2021-04-01,BENGALURU – LUCKNOW,31241.0,BENGALURU,LUCKNOW,False,True,20358.0,10883.0
2021-04-01,CHENNAI – PUNE,9953.0,CHENNAI,PUNE,False,True,4585.0,5368.0
2021-04-01,MUMBAI – NAGPUR,20071.0,MUMBAI,NAGPUR,False,True,10693.0,9378.0
2021-04-01,INDORE – MUMBAI,9223.0,INDORE,MUMBAI,False,True,4203.0,5020.0
2021-04-01,DELHI – NAGPUR,16638.0,DELHI,NAGPUR,False,True,8057.0,8581.0
2021-04-01,BENGALURU – GUWAHATI,38415.0,BENGALURU,GUWAHATI,False,True,19287.0,19128.0
2021-04-01,HYDERABAD – KOCHI,19504.0,HYDERABAD,KOCHI,False,True,9301.0,10203.0
2021-04-01,BENGALURU – JAIPUR,28687.0,BENGALURU,JAIPUR,False,True,18413.0,10274.0
2021-04-01,HYDERABAD – PUNE,9833.0,HYDERABAD,PUNE,False,True,4199.0,5634.0
2021-04-01,BENGALURU – THIRUVANANTHAPURAM,16305.0,BENGALURU,THIRUVANANTHAPURAM,False,True,8992.0,7313.0
2021-04-01,DELHI – UDAIPUR,12757.0,DELHI,UDAIPUR,False,True,6292.0,6465.0
2021-04-01,DELHI – JAMMU,47750.0,DELHI,JAMMU,False,True,26593.0,21157.0
2021-04-01,CHENNAI – KOCHI,18401.0,CHENNAI,KOCHI,False,True,9996.0,8405.0
2021-04-01,HYDERABAD – TIRUPATI,28256.0,HYDERABAD,TIRUPATI,False,True,14118.0,14138.0
2021-05-01,DELHI – MUMBAI,122544.5,DELHI,MUMBAI,True,True,,
2021-05-01,BENGALURU – DELHI,116761.0,BENGALURU,DELHI,True,True,,
2021-05-01,BENGALURU – MUMBAI,52112.0,BENGALURU,MUMBAI,True,True,,
2021-05-01,DELHI – HYDERABAD,86943.5,DELHI,HYDERABAD,True,True,,
2021-05-01,DELHI – KOLKATA,102181.0,DELHI,KOLKATA,True,True,,
2021-05-01,DELHI – PUNE,60663.5,DELHI,PUNE,True,True,,
2021-05-01,AHMEDABAD – DELHI,64296.0,AHMEDABAD,DELHI,True,True,,
2021-05-01,CHENNAI – MUMBAI,35772.0,CHENNAI,MUMBAI,True,True,,
2021-05-01,KOLKATA – MUMBAI,33279.5,KOLKATA,MUMBAI,True,True,,
2021-05-01,HYDERABAD – MUMBAI,38842.5,HYDERABAD,MUMBAI,True,True,,
2021-05-01,CHENNAI – DELHI,70849.5,CHENNAI,DELHI,True,True,,
2021-05-01,BENGALURU – HYDERABAD,43076.0,BENGALURU,HYDERABAD,True,True,,
2021-05-01,BENGALURU – KOLKATA,78812.5,BENGALURU,KOLKATA,True,True,,
2021-05-01,AHMEDABAD – MUMBAI,33036.0,AHMEDABAD,MUMBAI,True,True,,
2021-05-01,DELHI – SRINAGAR,139621.5,DELHI,SRINAGAR,True,True,,
2021-05-01,BENGALURU – PUNE,17498.5,BENGALURU,PUNE,True,True,,
2021-05-01,DELHI – GUWAHATI,70294.0,DELHI,GUWAHATI,True,True,,
2021-05-01,DELHI – PATNA,102485.0,DELHI,PATNA,True,True,,
2021-05-01,BENGALURU – CHENNAI,30365.0,BENGALURU,CHENNAI,True,True,,
2021-05-01,DELHI – LUCKNOW,50803.0,DELHI,LUCKNOW,True,True,,
2021-05-01,CHENNAI – HYDERABAD,40562.5,CHENNAI,HYDERABAD,True,True,,
2021-05-01,BENGALURU – KOCHI,41353.5,BENGALURU,KOCHI,True,True,,
2021-05-01,KOCHI – MUMBAI,24456.0,KOCHI,MUMBAI,True,True,,
2021-05-01,BAGDOGRA – DELHI,66148.0,BAGDOGRA,DELHI,True,True,,
2021-05-01,BHUBANESWAR – DELHI,33771.5,BHUBANESWAR,DELHI,True,True,,
2021-05-01,AHMEDABAD – BENGALURU,36486.0,AHMEDABAD,BENGALURU,True,True,,
2021-05-01,JAIPUR – MUMBAI,23255.0,JAIPUR,MUMBAI,True,True,,
2021-05-01,CHENNAI – KOLKATA,22556.5,CHENNAI,KOLKATA,True,True,,
2021-05-01,DELHI – INDORE,24695.0,DELHI,INDORE,True,True,,
2021-05-01,AMRITSAR – DELHI,29384.5,AMRITSAR,DELHI,True,True,,
2021-05-01,HYDERABAD – VISAKHAPATNAM,32724.0,HYDERABAD,VISAKHAPATNAM,True,True,,
2021-05-01,HYDERABAD – KOLKATA,41450.0,HYDERABAD,KOLKATA,True,True,,
2021-05-01,DELHI – VARANASI,36165.5,DELHI,VARANASI,True,True,,
2021-05-01,GUWAHATI – KOLKATA,28515.0,GUWAHATI,KOLKATA,True,True,,
2021-05-01,LUCKNOW – MUMBAI,31588.0,LUCKNOW,MUMBAI,True,True,,
2021-05-01,DELHI – KOCHI,31554.0,DELHI,KOCHI,True,True,,
2021-05-01,MUMBAI – VARANASI,38199.0,MUMBAI,VARANASI,True,True,,
2021-05-01,DELHI – RANCHI,43991.0,DELHI,RANCHI,True,True,,
2021-05-01,CHANDIGARH – DELHI,33064.0,CHANDIGARH,DELHI,True,True,,
2021-05-01,CHENNAI – COIMBATORE,20885.0,CHENNAI,COIMBATORE,True,True,,
2021-05-01,DELHI – RAIPUR,28534.5,DELHI,RAIPUR,True,True,,
2021-05-01,AGARTALA – KOLKATA,27081.5,AGARTALA,KOLKATA,True,True,,
2021-05-01,BENGALURU – MANGALURU,15936.0,BENGALURU,MANGALURU,True,True,,
2021-05-01,DELHI – LEH,50181.0,DELHI,LEH,True,True,,
2021-05-01,BENGALURU – BHUBANESWAR,19173.5,BENGALURU,BHUBANESWAR,True,True,,
2021-05-01,BENGALURU – VARANASI,11138.5,BENGALURU,VARANASI,True,True,,
2021-05-01,BENGALURU – LUCKNOW,22048.0,BENGALURU,LUCKNOW,True,True,,
2021-05-01,CHENNAI – PUNE,7888.5,CHENNAI,PUNE,True,True,,
2021-05-01,MUMBAI – NAGPUR,25750.0,MUMBAI,NAGPUR,True,True,,
2021-05-01,INDORE – MUMBAI,9701.5,INDORE,MUMBAI,True,True,,
2021-05-01,DELHI – NAGPUR,17431.5,DELHI,NAGPUR,True,True,,
2021-05-01,BENGALURU – GUWAHATI,24451.0,BENGALURU,GUWAHATI,True,True,,
2021-05-01,HYDERABAD – KOCHI,14127.5,HYDERABAD,KOCHI,True,True,,
2021-05-01,BENGALURU – JAIPUR,18193.5,BENGALURU,JAIPUR,True,True,,
2021-05-01,HYDERABAD – PUNE,9451.5,HYDERABAD,PUNE,True,True,,
2021-05-01,BENGALURU – THIRUVANANTHAPURAM,11074.0,BENGALURU,THIRUVANANTHAPURAM,True,True,,
2021-05-01,DELHI – UDAIPUR,9314.5,DELHI,UDAIPUR,True,True,,
2021-05-01,DELHI – JAMMU,41730.5,DELHI,JAMMU,True,True,,
2021-05-01,CHENNAI – KOCHI,11860.5,CHENNAI,KOCHI,True,True,,
2021-05-01,HYDERABAD – TIRUPATI,21179.5,HYDERABAD,TIRUPATI,True,True,,
2021-06-01,DELHI – MUMBAI,112214.0,DELHI,MUMBAI,False,True,58959.0,53255.0
2021-06-01,BENGALURU – DELHI,71101.0,BENGALURU,DELHI,False,True,32893.0,38208.0
2021-06-01,BENGALURU – MUMBAI,42822.0,BENGALURU,MUMBAI,False,True,20984.0,21838.0
2021-06-01,DELHI – HYDERABAD,62583.0,DELHI,HYDERABAD,False,True,31671.0,30912.0
2021-06-01,DELHI – KOLKATA,64827.0,DELHI,KOLKATA,False,True,31252.0,33575.0
2021-06-01,DELHI – PUNE,53662.0,DELHI,PUNE,False,True,30374.0,23288.0
2021-06-01,AHMEDABAD – DELHI,58376.0,AHMEDABAD,DELHI,False,True,29909.0,28467.0
2021-06-01,CHENNAI – MUMBAI,28203.0,CHENNAI,MUMBAI,False,True,14354.0,13849.0
2021-06-01,KOLKATA – MUMBAI,24264.0,KOLKATA,MUMBAI,False,True,14567.0,9697.0
2021-06-01,HYDERABAD – MUMBAI,37948.0,HYDERABAD,MUMBAI,False,True,19148.0,18800.0
2021-06-01,CHENNAI – DELHI,49653.0,CHENNAI,DELHI,False,True,26022.0,23631.0
2021-06-01,BENGALURU – HYDERABAD,31049.0,BENGALURU,HYDERABAD,False,True,14866.0,16183.0
2021-06-01,BENGALURU – KOLKATA,47890.0,BENGALURU,KOLKATA,False,True,20491.0,27399.0
2021-06-01,AHMEDABAD – MUMBAI,36851.0,AHMEDABAD,MUMBAI,False,True,20024.0,16827.0
2021-06-01,DELHI – SRINAGAR,115790.0,DELHI,SRINAGAR,False,True,67386.0,48404.0
2021-06-01,BENGALURU – PUNE,15707.0,BENGALURU,PUNE,False,True,7408.0,8299.0
2021-06-01,DELHI – GUWAHATI,42269.0,DELHI,GUWAHATI,False,True,19249.0,23020.0
2021-06-01,DELHI – PATNA,73300.0,DELHI,PATNA,False,True,30807.0,42493.0
2021-06-01,BENGALURU – CHENNAI,20993.0,BENGALURU,CHENNAI,False,True,9911.0,11082.0
2021-06-01,DELHI – LUCKNOW,41572.0,DELHI,LUCKNOW,False,True,19220.0,22352.0
2021-06-01,CHENNAI – HYDERABAD,25338.0,CHENNAI,HYDERABAD,False,True,11926.0,13412.0
2021-06-01,BENGALURU – KOCHI,23583.0,BENGALURU,KOCHI,False,True,14405.0,9178.0
2021-06-01,KOCHI – MUMBAI,19574.0,KOCHI,MUMBAI,False,True,11335.0,8239.0
2021-06-01,BAGDOGRA – DELHI,37645.0,BAGDOGRA,DELHI,False,True,20085.0,17560.0
2021-06-01,BHUBANESWAR – DELHI,23059.0,BHUBANESWAR,DELHI,False,True,11567.0,11492.0
2021-06-01,AHMEDABAD – BENGALURU,30330.0,AHMEDABAD,BENGALURU,False,True,17404.0,12926.0
2021-06-01,JAIPUR – MUMBAI,17777.0,JAIPUR,MUMBAI,False,True,9590.0,8187.0
2021-06-01,CHENNAI – KOLKATA,16780.0,CHENNAI,KOLKATA,False,True,6058.0,10722.0
2021-06-01,DELHI – INDORE,20436.0,DELHI,INDORE,False,True,10561.0,9875.0
2021-06-01,AMRITSAR – DELHI,22605.0,AMRITSAR,DELHI,False,True,10901.0,11704.0
2021-06-01,HYDERABAD – VISAKHAPATNAM,27629.0,HYDERABAD,VISAKHAPATNAM,False,True,14127.0,13502.0
2021-06-01,HYDERABAD – KOLKATA,27844.0,HYDERABAD,KOLKATA,False,True,12528.0,15316.0
2021-06-01,DELHI – VARANASI,22163.0,DELHI,VARANASI,False,True,9941.0,12222.0
2021-06-01,GUWAHATI – KOLKATA,13827.0,GUWAHATI,KOLKATA,False,True,6836.0,6991.0
2021-06-01,LUCKNOW – MUMBAI,22704.0,LUCKNOW,MUMBAI,False,True,11427.0,11277.0
2021-06-01,DELHI – KOCHI,19649.0,DELHI,KOCHI,False,True,8767.0,10882.0
2021-06-01,MUMBAI – VARANASI,32080.0,MUMBAI,VARANASI,False,True,12187.0,19893.0
2021-06-01,DELHI – RANCHI,32406.0,DELHI,RANCHI,False,True,14503.0,17903.0
2021-06-01,CHANDIGARH – DELHI,30416.0,CHANDIGARH,DELHI,False,True,14827.0,15589.0
2021-06-01,CHENNAI – COIMBATORE,11014.0,CHENNAI,COIMBATORE,False,True,5185.0,5829.0
2021-06-01,DELHI – RAIPUR,27843.0,DELHI,RAIPUR,False,True,13969.0,13874.0
2021-06-01,AGARTALA – KOLKATA,16519.0,AGARTALA,KOLKATA,False,True,8054.0,8465.0
2021-06-01,BENGALURU – MANGALURU,9702.0,BENGALURU,MANGALURU,False,True,4468.0,5234.0
2021-06-01,DELHI – LEH,47790.0,DELHI,LEH,False,True,27570.0,20220.0
2021-06-01,BENGALURU – BHUBANESWAR,10977.0,BENGALURU,BHUBANESWAR,False,True,5099.0,5878.0
2021-06-01,BENGALURU – VARANASI,5283.0,BENGALURU,VARANASI,False,True,1706.0,3577.0
2021-06-01,BENGALURU – LUCKNOW,12855.0,BENGALURU,LUCKNOW,False,True,4862.0,7993.0
2021-06-01,CHENNAI – PUNE,5824.0,CHENNAI,PUNE,False,True,3220.0,2604.0
2021-06-01,MUMBAI – NAGPUR,31429.0,MUMBAI,NAGPUR,False,True,15263.0,16166.0
2021-06-01,INDORE – MUMBAI,10180.0,INDORE,MUMBAI,False,True,5859.0,4321.0
2021-06-01,DELHI – NAGPUR,18225.0,DELHI,NAGPUR,False,True,9244.0,8981.0
2021-06-01,BENGALURU – GUWAHATI,10487.0,BENGALURU,GUWAHATI,False,True,3322.0,7165.0
2021-06-01,HYDERABAD – KOCHI,8751.0,HYDERABAD,KOCHI,False,True,3853.0,4898.0
2021-06-01,BENGALURU – JAIPUR,7700.0,BENGALURU,JAIPUR,False,True,3185.0,4515.0
2021-06-01,HYDERABAD – PUNE,9070.0,HYDERABAD,PUNE,False,True,4830.0,4240.0
2021-06-01,BENGALURU – THIRUVANANTHAPURAM,5843.0,BENGALURU,THIRUVANANTHAPURAM,False,True,2738.0,3105.0
2021-06-01,DELHI – UDAIPUR,5872.0,DELHI,UDAIPUR,False,True,3394.0,2478.0
2021-06-01,DELHI – JAMMU,35711.0,DELHI,JAMMU,False,True,17742.0,17969.0
2021-06-01,CHENNAI – KOCHI,5320.0,CHENNAI,KOCHI,False,True,2569.0,2751.0
2021-06-01,HYDERABAD – TIRUPATI,14103.0,HYDERABAD,TIRUPATI,False,True,7058.0,7045.0
2021-07-01,DELHI – MUMBAI,175955.0,DELHI,MUMBAI,False,True,89662.0,86293.0
2021-07-01,BENGALURU – DELHI,126523.0,BENGALURU,DELHI,False,True,58221.0,68302.0
2021-07-01,BENGALURU – MUMBAI,77240.0,BENGALURU,MUMBAI,False,True,37605.0,39635.0
2021-07-01,DELHI – HYDERABAD,112190.0,DELHI,HYDERABAD,False,True,55874.0,56316.0
2021-07-01,DELHI – KOLKATA,107056.0,DELHI,KOLKATA,False,True,53837.0,53219.0
2021-07-01,DELHI – PUNE,82187.0,DELHI,PUNE,False,True,44097.0,38090.0
2021-07-01,AHMEDABAD – DELHI,83368.0,AHMEDABAD,DELHI,False,True,42162.0,41206.0
2021-07-01,CHENNAI – MUMBAI,47672.0,CHENNAI,MUMBAI,False,True,23441.0,24231.0
2021-07-01,KOLKATA – MUMBAI,36939.0,KOLKATA,MUMBAI,False,True,20030.0,16909.0
2021-07-01,HYDERABAD – MUMBAI,65185.0,HYDERABAD,MUMBAI,False,True,31696.0,33489.0
2021-07-01,CHENNAI – DELHI,71615.0,CHENNAI,DELHI,False,True,35999.0,35616.0
2021-07-01,BENGALURU – HYDERABAD,57517.0,BENGALURU,HYDERABAD,False,True,26167.0,31350.0
2021-07-01,BENGALURU – KOLKATA,82940.0,BENGALURU,KOLKATA,False,True,35886.0,47054.0
2021-07-01,AHMEDABAD – MUMBAI,54527.0,AHMEDABAD,MUMBAI,False,True,28211.0,26316.0
2021-07-01,DELHI – SRINAGAR,154145.0,DELHI,SRINAGAR,False,True,81014.0,73131.0
2021-07-01,BENGALURU – PUNE,27467.0,BENGALURU,PUNE,False,True,12332.0,15135.0
2021-07-01,DELHI – GUWAHATI,53346.0,DELHI,GUWAHATI,False,True,24251.0,29095.0
2021-07-01,DELHI – PATNA,88755.0,DELHI,PATNA,False,True,44276.0,44479.0
2021-07-01,BENGALURU – CHENNAI,41301.0,BENGALURU,CHENNAI,False,True,18666.0,22635.0
2021-07-01,DELHI – LUCKNOW,58443.0,DELHI,LUCKNOW,False,True,28625.0,29818.0
2021-07-01,CHENNAI – HYDERABAD,53938.0,CHENNAI,HYDERABAD,False,True,26332.0,27606.0
2021-07-01,BENGALURU – KOCHI,34365.0,BENGALURU,KOCHI,False,True,19546.0,14819.0
2021-07-01,KOCHI – MUMBAI,24553.0,KOCHI,MUMBAI,False,True,13100.0,11453.0
2021-07-01,BAGDOGRA – DELHI,53273.0,BAGDOGRA,DELHI,False,True,26088.0,27185.0
2021-07-01,BHUBANESWAR – DELHI,35799.0,BHUBANESWAR,DELHI,False,True,17878.0,17921.0
2021-07-01,AHMEDABAD – BENGALURU,36326.0,AHMEDABAD,BENGALURU,False,True,19117.0,17209.0
2021-07-01,JAIPUR – MUMBAI,33772.0,JAIPUR,MUMBAI,False,True,16980.0,16792.0
2021-07-01,CHENNAI – KOLKATA,29655.0,CHENNAI,KOLKATA,False,True,12779.0,16876.0
2021-07-01,DELHI – INDORE,36441.0,DELHI,INDORE,False,True,18448.0,17993.0
2021-07-01,AMRITSAR – DELHI,28506.0,AMRITSAR,DELHI,False,True,14610.0,13896.0
2021-07-01,HYDERABAD – VISAKHAPATNAM,44012.0,HYDERABAD,VISAKHAPATNAM,False,True,22681.0,21331.0
2021-07-01,HYDERABAD – KOLKATA,49541.0,HYDERABAD,KOLKATA,False,True,24715.0,24826.0
2021-07-01,DELHI – VARANASI,30082.0,DELHI,VARANASI,False,True,14398.0,15684.0
2021-07-01,GUWAHATI – KOLKATA,22782.0,GUWAHATI,KOLKATA,False,True,10568.0,12214.0
2021-07-01,LUCKNOW – MUMBAI,26801.0,LUCKNOW,MUMBAI,False,True,11982.0,14819.0
2021-07-01,DELHI – KOCHI,28679.0,DELHI,KOCHI,False,True,13338.0,15341.0
2021-07-01,MUMBAI – VARANASI,27498.0,MUMBAI,VARANASI,False,True,14390.0,13108.0
2021-07-01,DELHI – RANCHI,49248.0,DELHI,RANCHI,False,True,23607.0,25641.0
2021-07-01,CHANDIGARH – DELHI,38192.0,CHANDIGARH,DELHI,False,True,18152.0,20040.0
2021-07-01,CHENNAI – COIMBATORE,26407.0,CHENNAI,COIMBATORE,False,True,13502.0,12905.0
2021-07-01,DELHI – RAIPUR,45778.0,DELHI,RAIPUR,False,True,22843.0,22935.0
2021-07-01,AGARTALA – KOLKATA,28965.0,AGARTALA,KOLKATA,False,True,15980.0,12985.0
2021-07-01,BENGALURU – MANGALURU,18264.0,BENGALURU,MANGALURU,False,True,9230.0,9034.0
2021-07-01,DELHI – LEH,103683.0,DELHI,LEH,False,True,51908.0,51775.0
2021-07-01,BENGALURU – BHUBANESWAR,18590.0,BENGALURU,BHUBANESWAR,False,True,7764.0,10826.0
2021-07-01,BENGALURU – VARANASI,8044.0,BENGALURU,VARANASI,False,True,3007.0,5037.0
2021-07-01,BENGALURU – LUCKNOW,18854.0,BENGALURU,LUCKNOW,False,True,7574.0,11280.0
2021-07-01,CHENNAI – PUNE,11919.0,CHENNAI,PUNE,False,True,5904.0,6015.0
2021-07-01,MUMBAI – NAGPUR,41235.0,MUMBAI,NAGPUR,False,True,20655.0,20580.0
2021-07-01,INDORE – MUMBAI,20411.0,INDORE,MUMBAI,False,True,11395.0,9016.0
2021-07-01,DELHI – NAGPUR,26792.0,DELHI,NAGPUR,False,True,12278.0,14514.0
2021-07-01,BENGALURU – GUWAHATI,14778.0,BENGALURU,GUWAHATI,False,True,4893.0,9885.0
2021-07-01,HYDERABAD – KOCHI,13431.0,HYDERABAD,KOCHI,False,True,6470.0,6961.0
2021-07-01,BENGALURU – JAIPUR,17465.0,BENGALURU,JAIPUR,False,True,8129.0,9336.0
2021-07-01,HYDERABAD – PUNE,12512.0,HYDERABAD,PUNE,False,True,6278.0,6234.0
2021-07-01,BENGALURU – THIRUVANANTHAPURAM,9075.0,BENGALURU,THIRUVANANTHAPURAM,False,True,4601.0,4474.0
2021-07-01,DELHI – UDAIPUR,16851.0,DELHI,UDAIPUR,False,True,9009.0,7842.0
2021-07-01,DELHI – JAMMU,42932.0,DELHI,JAMMU,False,True,21279.0,21653.0
2021-07-01,CHENNAI – KOCHI,9254.0,CHENNAI,KOCHI,False,True,4454.0,4800.0
2021-07-01,HYDERABAD – TIRUPATI,30931.0,HYDERABAD,TIRUPATI,False,True,15661.0,15270.0
2021-08-01,DELHI – MUMBAI,242039.0,DELHI,MUMBAI,False,True,124739.0,117300.0
2021-08-01,BENGALURU – DELHI,177745.0,BENGALURU,DELHI,False,True,85511.0,92234.0
2021-08-01,BENGALURU – MUMBAI,110207.0,BENGALURU,MUMBAI,False,True,54889.0,55318.0
2021-08-01,DELHI – HYDERABAD,148349.0,DELHI,HYDERABAD,False,True,72922.0,75427.0
2021-08-01,DELHI – KOLKATA,150328.0,DELHI,KOLKATA,False,True,73816.0,76512.0
2021-08-01,DELHI – PUNE,113709.0,DELHI,PUNE,False,True,58432.0,55277.0
2021-08-01,AHMEDABAD – DELHI,100959.0,AHMEDABAD,DELHI,False,True,51506.0,49453.0
2021-08-01,CHENNAI – MUMBAI,72633.0,CHENNAI,MUMBAI,False,True,37443.0,35190.0
2021-08-01,KOLKATA – MUMBAI,56236.0,KOLKATA,MUMBAI,False,True,33069.0,23167.0
2021-08-01,HYDERABAD – MUMBAI,82824.0,HYDERABAD,MUMBAI,False,True,43003.0,39821.0
2021-08-01,CHENNAI – DELHI,104214.0,CHENNAI,DELHI,False,True,52283.0,51931.0
2021-08-01,BENGALURU – HYDERABAD,79528.0,BENGALURU,HYDERABAD,False,True,38247.0,41281.0
2021-08-01,BENGALURU – KOLKATA,105254.0,BENGALURU,KOLKATA,False,True,42072.0,63182.0
2021-08-01,AHMEDABAD – MUMBAI,72434.0,AHMEDABAD,MUMBAI,False,True,37330.0,35104.0
2021-08-01,DELHI – SRINAGAR,168794.0,DELHI,SRINAGAR,False,True,83858.0,84936.0
2021-08-01,BENGALURU – PUNE,43905.0,BENGALURU,PUNE,False,True,21707.0,22198.0
2021-08-01,DELHI – GUWAHATI,80152.0,DELHI,GUWAHATI,False,True,35436.0,44716.0
2021-08-01,DELHI – PATNA,104140.0,DELHI,PATNA,False,True,50623.0,53517.0
2021-08-01,BENGALURU – CHENNAI,51792.0,BENGALURU,CHENNAI,False,True,24602.0,27190.0
2021-08-01,DELHI – LUCKNOW,75650.0,DELHI,LUCKNOW,False,True,36402.0,39248.0
2021-08-01,CHENNAI – HYDERABAD,76978.0,CHENNAI,HYDERABAD,False,True,36928.0,40050.0
2021-08-01,BENGALURU – KOCHI,47690.0,BENGALURU,KOCHI,False,True,29828.0,17862.0
2021-08-01,KOCHI – MUMBAI,38324.0,KOCHI,MUMBAI,False,True,18874.0,19450.0
2021-08-01,BAGDOGRA – DELHI,65741.0,BAGDOGRA,DELHI,False,True,34199.0,31542.0
2021-08-01,BHUBANESWAR – DELHI,50330.0,BHUBANESWAR,DELHI,False,True,24627.0,25703.0
2021-08-01,AHMEDABAD – BENGALURU,43352.0,AHMEDABAD,BENGALURU,False,True,22432.0,20920.0
2021-08-01,JAIPUR – MUMBAI,48979.0,JAIPUR,MUMBAI,False,True,24321.0,24658.0
2021-08-01,CHENNAI – KOLKATA,45915.0,CHENNAI,KOLKATA,False,True,17215.0,28700.0
2021-08-01,DELHI – INDORE,51142.0,DELHI,INDORE,False,True,25821.0,25321.0
2021-08-01,AMRITSAR – DELHI,39978.0,AMRITSAR,DELHI,False,True,20312.0,19666.0
2021-08-01,HYDERABAD – VISAKHAPATNAM,61935.0,HYDERABAD,VISAKHAPATNAM,False,True,31527.0,30408.0
2021-08-01,HYDERABAD – KOLKATA,67752.0,HYDERABAD,KOLKATA,False,True,30696.0,37056.0
2021-08-01,DELHI – VARANASI,38599.0,DELHI,VARANASI,False,True,18524.0,20075.0
2021-08-01,GUWAHATI – KOLKATA,37659.0,GUWAHATI,KOLKATA,False,True,20389.0,17270.0
2021-08-01,LUCKNOW – MUMBAI,32069.0,LUCKNOW,MUMBAI,False,True,15520.0,16549.0
2021-08-01,DELHI – KOCHI,47192.0,DELHI,KOCHI,False,True,26146.0,21046.0
2021-08-01,MUMBAI – VARANASI,36817.0,MUMBAI,VARANASI,False,True,20276.0,16541.0
2021-08-01,DELHI – RANCHI,63613.0,DELHI,RANCHI,False,True,31164.0,32449.0
2021-08-01,CHANDIGARH – DELHI,50133.0,CHANDIGARH,DELHI,False,True,24501.0,25632.0
2021-08-01,CHENNAI – COIMBATORE,38514.0,CHENNAI,COIMBATORE,False,True,19796.0,18718.0
2021-08-01,DELHI – RAIPUR,50801.0,DELHI,RAIPUR,False,True,24875.0,25926.0
2021-08-01,AGARTALA – KOLKATA,48488.0,AGARTALA,KOLKATA,False,True,27319.0,21169.0
2021-08-01,BENGALURU – MANGALURU,20975.0,BENGALURU,MANGALURU,False,True,10066.0,10909.0
2021-08-01,DELHI – LEH,105508.0,DELHI,LEH,False,True,50029.0,55479.0
2021-08-01,BENGALURU – BHUBANESWAR,26421.0,BENGALURU,BHUBANESWAR,False,True,11514.0,14907.0
2021-08-01,BENGALURU – VARANASI,10033.0,BENGALURU,VARANASI,False,True,4133.0,5900.0
2021-08-01,BENGALURU – LUCKNOW,27277.0,BENGALURU,LUCKNOW,False,True,12685.0,14592.0
2021-08-01,CHENNAI – PUNE,20830.0,CHENNAI,PUNE,False,True,10006.0,10824.0
2021-08-01,MUMBAI – NAGPUR,53647.0,MUMBAI,NAGPUR,False,True,26307.0,27340.0
2021-08-01,INDORE – MUMBAI,31524.0,INDORE,MUMBAI,False,True,15870.0,15654.0
2021-08-01,DELHI – NAGPUR,31417.0,DELHI,NAGPUR,False,True,15601.0,15816.0
2021-08-01,BENGALURU – GUWAHATI,25983.0,BENGALURU,GUWAHATI,False,True,6736.0,19247.0
2021-08-01,HYDERABAD – KOCHI,20592.0,HYDERABAD,KOCHI,False,True,12162.0,8430.0
2021-08-01,BENGALURU – JAIPUR,24940.0,BENGALURU,JAIPUR,False,True,12424.0,12516.0
2021-08-01,HYDERABAD – PUNE,15733.0,HYDERABAD,PUNE,False,True,7362.0,8371.0
2021-08-01,BENGALURU – THIRUVANANTHAPURAM,17347.0,BENGALURU,THIRUVANANTHAPURAM,False,True,9844.0,7503.0
2021-08-01,DELHI – UDAIPUR,24814.0,DELHI,UDAIPUR,False,True,12256.0,12558.0
2021-08-01,DELHI – JAMMU,62362.0,DELHI,JAMMU,False,True,30433.0,31929.0
2021-08-01,CHENNAI – KOCHI,11738.0,CHENNAI,KOCHI,False,True,6498.0,5240.0
2021-08-01,HYDERABAD – TIRUPATI,44938.0,HYDERABAD,TIRUPATI,False,True,22196.0,22742.0
2021-09-01,DELHI – MUMBAI,256593.0,DELHI,MUMBAI,False,True,130155.0,126438.0
2021-09-01,BENGALURU – DELHI,189481.0,BENGALURU,DELHI,False,True,93135.0,96346.0
2021-09-01,BENGALURU – MUMBAI,129624.0,BENGALURU,MUMBAI,False,True,64998.0,64626.0
2021-09-01,DELHI – HYDERABAD,147012.0,DELHI,HYDERABAD,False,True,72782.0,74230.0
2021-09-01,DELHI – KOLKATA,156854.0,DELHI,KOLKATA,False,True,78472.0,78382.0
2021-09-01,DELHI – PUNE,119210.0,DELHI,PUNE,False,True,59852.0,59358.0
2021-09-01,AHMEDABAD – DELHI,100325.0,AHMEDABAD,DELHI,False,True,50789.0,49536.0
2021-09-01,CHENNAI – MUMBAI,85409.0,CHENNAI,MUMBAI,False,True,44726.0,40683.0
2021-09-01,KOLKATA – MUMBAI,60543.0,KOLKATA,MUMBAI,False,True,33880.0,26663.0
2021-09-01,HYDERABAD – MUMBAI,80970.0,HYDERABAD,MUMBAI,False,True,41931.0,39039.0
2021-09-01,CHENNAI – DELHI,118019.0,CHENNAI,DELHI,False,True,60288.0,57731.0
2021-09-01,BENGALURU – HYDERABAD,79145.0,BENGALURU,HYDERABAD,False,True,38055.0,41090.0
2021-09-01,BENGALURU – KOLKATA,99825.0,BENGALURU,KOLKATA,False,True,48453.0,51372.0
2021-09-01,AHMEDABAD – MUMBAI,69465.0,AHMEDABAD,MUMBAI,False,True,35083.0,34382.0
2021-09-01,DELHI – SRINAGAR,178088.0,DELHI,SRINAGAR,False,True,90619.0,87469.0
2021-09-01,BENGALURU – PUNE,45030.0,BENGALURU,PUNE,False,True,22656.0,22374.0
2021-09-01,DELHI – GUWAHATI,86616.0,DELHI,GUWAHATI,False,True,43235.0,43381.0
2021-09-01,DELHI – PATNA,98237.0,DELHI,PATNA,False,True,49183.0,49054.0
2021-09-01,BENGALURU – CHENNAI,54340.0,BENGALURU,CHENNAI,False,True,26266.0,28074.0
2021-09-01,DELHI – LUCKNOW,77406.0,DELHI,LUCKNOW,False,True,36730.0,40676.0
2021-09-01,CHENNAI – HYDERABAD,68107.0,CHENNAI,HYDERABAD,False,True,33871.0,34236.0
2021-09-01,BENGALURU – KOCHI,42162.0,BENGALURU,KOCHI,False,True,22636.0,19526.0
2021-09-01,KOCHI – MUMBAI,37116.0,KOCHI,MUMBAI,False,True,19743.0,17373.0
2021-09-01,BAGDOGRA – DELHI,73100.0,BAGDOGRA,DELHI,False,True,36913.0,36187.0
2021-09-01,BHUBANESWAR – DELHI,58041.0,BHUBANESWAR,DELHI,False,True,28384.0,29657.0
2021-09-01,AHMEDABAD – BENGALURU,46448.0,AHMEDABAD,BENGALURU,False,True,23493.0,22955.0
2021-09-01,JAIPUR – MUMBAI,49686.0,JAIPUR,MUMBAI,False,True,24031.0,25655.0
2021-09-01,CHENNAI – KOLKATA,47901.0,CHENNAI,KOLKATA,False,True,21236.0,26665.0
2021-09-01,DELHI – INDORE,50313.0,DELHI,INDORE,False,True,25078.0,25235.0
2021-09-01,AMRITSAR – DELHI,42421.0,AMRITSAR,DELHI,False,True,20815.0,21606.0
2021-09-01,HYDERABAD – VISAKHAPATNAM,50457.0,HYDERABAD,VISAKHAPATNAM,False,True,25187.0,25270.0
2021-09-01,HYDERABAD – KOLKATA,72465.0,HYDERABAD,KOLKATA,False,True,36550.0,35915.0
2021-09-01,DELHI – VARANASI,38902.0,DELHI,VARANASI,False,True,19724.0,19178.0
2021-09-01,GUWAHATI – KOLKATA,46895.0,GUWAHATI,KOLKATA,False,True,23129.0,23766.0
2021-09-01,LUCKNOW – MUMBAI,30474.0,LUCKNOW,MUMBAI,False,True,14638.0,15836.0
2021-09-01,DELHI – KOCHI,40351.0,DELHI,KOCHI,False,True,18893.0,21458.0
2021-09-01,MUMBAI – VARANASI,30157.0,MUMBAI,VARANASI,False,True,17148.0,13009.0
2021-09-01,DELHI – RANCHI,60940.0,DELHI,RANCHI,False,True,30050.0,30890.0
2021-09-01,CHANDIGARH – DELHI,58146.0,CHANDIGARH,DELHI,False,True,29190.0,28956.0
2021-09-01,CHENNAI – COIMBATORE,44698.0,CHENNAI,COIMBATORE,False,True,22597.0,22101.0
2021-09-01,DELHI – RAIPUR,48472.0,DELHI,RAIPUR,False,True,23489.0,24983.0
2021-09-01,AGARTALA – KOLKATA,57031.0,AGARTALA,KOLKATA,False,True,30097.0,26934.0
2021-09-01,BENGALURU – MANGALURU,22392.0,BENGALURU,MANGALURU,False,True,10950.0,11442.0
2021-09-01,DELHI – LEH,112281.0,DELHI,LEH,False,True,52137.0,60144.0
2021-09-01,BENGALURU – BHUBANESWAR,28702.0,BENGALURU,BHUBANESWAR,False,True,13477.0,15225.0
2021-09-01,BENGALURU – VARANASI,8713.0,BENGALURU,VARANASI,False,True,3962.0,4751.0
2021-09-01,BENGALURU – LUCKNOW,24039.0,BENGALURU,LUCKNOW,False,True,11801.0,12238.0
2021-09-01,CHENNAI – PUNE,22700.0,CHENNAI,PUNE,False,True,11206.0,11494.0
2021-09-01,MUMBAI – NAGPUR,52267.0,MUMBAI,NAGPUR,False,True,25649.0,26618.0
2021-09-01,INDORE – MUMBAI,28755.0,INDORE,MUMBAI,False,True,15290.0,13465.0
2021-09-01,DELHI – NAGPUR,31819.0,DELHI,NAGPUR,False,True,15138.0,16681.0
2021-09-01,BENGALURU – GUWAHATI,29490.0,BENGALURU,GUWAHATI,False,True,11387.0,18103.0
2021-09-01,HYDERABAD – KOCHI,18480.0,HYDERABAD,KOCHI,False,True,9901.0,8579.0
2021-09-01,BENGALURU – JAIPUR,28919.0,BENGALURU,JAIPUR,False,True,14039.0,14880.0
2021-09-01,HYDERABAD – PUNE,17483.0,HYDERABAD,PUNE,False,True,8215.0,9268.0
2021-09-01,BENGALURU – THIRUVANANTHAPURAM,12113.0,BENGALURU,THIRUVANANTHAPURAM,False,True,6156.0,5957.0
2021-09-01,DELHI – UDAIPUR,29527.0,DELHI,UDAIPUR,False,True,14959.0,14568.0
2021-09-01,DELHI – JAMMU,65750.0,DELHI,JAMMU,False,True,32556.0,33194.0
2021-09-01,CHENNAI – KOCHI,12767.0,CHENNAI,KOCHI,False,True,6015.0,6752.0
2021-09-01,HYDERABAD – TIRUPATI,41991.0,HYDERABAD,TIRUPATI,False,True,21186.0,20805.0
2021-10-01,DELHI – MUMBAI,362015.0,DELHI,MUMBAI,False,True,173611.0,188404.0
2021-10-01,BENGALURU – DELHI,244608.0,BENGALURU,DELHI,False,True,130529.0,114079.0
2021-10-01,BENGALURU – MUMBAI,175709.0,BENGALURU,MUMBAI,False,True,88946.0,86763.0
2021-10-01,DELHI – HYDERABAD,176269.0,DELHI,HYDERABAD,False,True,84927.0,91342.0
2021-10-01,DELHI – KOLKATA,228570.0,DELHI,KOLKATA,False,True,117852.0,110718.0
2021-10-01,DELHI – PUNE,78782.0,DELHI,PUNE,False,True,38210.0,40572.0
2021-10-01,AHMEDABAD – DELHI,113150.0,AHMEDABAD,DELHI,False,True,60055.0,53095.0
2021-10-01,CHENNAI – MUMBAI,107394.0,CHENNAI,MUMBAI,False,True,52902.0,54492.0
2021-10-01,KOLKATA – MUMBAI,90001.0,KOLKATA,MUMBAI,False,True,48163.0,41838.0
2021-10-01,HYDERABAD – MUMBAI,101086.0,HYDERABAD,MUMBAI,False,True,48413.0,52673.0
2021-10-01,CHENNAI – DELHI,136040.0,CHENNAI,DELHI,False,True,70064.0,65976.0
2021-10-01,BENGALURU – HYDERABAD,98003.0,BENGALURU,HYDERABAD,False,True,50712.0,47291.0
2021-10-01,BENGALURU – KOLKATA,147813.0,BENGALURU,KOLKATA,False,True,82780.0,65033.0
2021-10-01,AHMEDABAD – MUMBAI,84200.0,AHMEDABAD,MUMBAI,False,True,41625.0,42575.0
2021-10-01,DELHI – SRINAGAR,214553.0,DELHI,SRINAGAR,False,True,98345.0,116208.0
2021-10-01,BENGALURU – PUNE,33354.0,BENGALURU,PUNE,False,True,17107.0,16247.0
2021-10-01,DELHI – GUWAHATI,123802.0,DELHI,GUWAHATI,False,True,61118.0,62684.0
2021-10-01,DELHI – PATNA,136174.0,DELHI,PATNA,False,True,78676.0,57498.0
2021-10-01,BENGALURU – CHENNAI,61971.0,BENGALURU,CHENNAI,False,True,30995.0,30976.0
2021-10-01,DELHI – LUCKNOW,98088.0,DELHI,LUCKNOW,False,True,50682.0,47406.0
2021-10-01,CHENNAI – HYDERABAD,79830.0,CHENNAI,HYDERABAD,False,True,40271.0,39559.0
2021-10-01,BENGALURU – KOCHI,56194.0,BENGALURU,KOCHI,False,True,29944.0,26250.0
2021-10-01,KOCHI – MUMBAI,51807.0,KOCHI,MUMBAI,False,True,26354.0,25453.0
2021-10-01,BAGDOGRA – DELHI,108473.0,BAGDOGRA,DELHI,False,True,53888.0,54585.0
2021-10-01,BHUBANESWAR – DELHI,72947.0,BHUBANESWAR,DELHI,False,True,35718.0,37229.0
2021-10-01,AHMEDABAD – BENGALURU,53335.0,AHMEDABAD,BENGALURU,False,True,26833.0,26502.0
2021-10-01,JAIPUR – MUMBAI,71848.0,JAIPUR,MUMBAI,False,True,32010.0,39838.0
2021-10-01,CHENNAI – KOLKATA,58942.0,CHENNAI,KOLKATA,False,True,29477.0,29465.0
2021-10-01,DELHI – INDORE,55539.0,DELHI,INDORE,False,True,28230.0,27309.0
2021-10-01,AMRITSAR – DELHI,54161.0,AMRITSAR,DELHI,False,True,25978.0,28183.0
2021-10-01,HYDERABAD – VISAKHAPATNAM,67948.0,HYDERABAD,VISAKHAPATNAM,False,True,35589.0,32359.0
2021-10-01,HYDERABAD – KOLKATA,94438.0,HYDERABAD,KOLKATA,False,True,51306.0,43132.0
2021-10-01,DELHI – VARANASI,50901.0,DELHI,VARANASI,False,True,27325.0,23576.0
2021-10-01,GUWAHATI – KOLKATA,75790.0,GUWAHATI,KOLKATA,False,True,37726.0,38064.0
2021-10-01,LUCKNOW – MUMBAI,44727.0,LUCKNOW,MUMBAI,False,True,17624.0,27103.0
2021-10-01,DELHI – KOCHI,51465.0,DELHI,KOCHI,False,True,23495.0,27970.0
2021-10-01,MUMBAI – VARANASI,43136.0,MUMBAI,VARANASI,False,True,27408.0,15728.0
2021-10-01,DELHI – RANCHI,81146.0,DELHI,RANCHI,False,True,43046.0,38100.0
2021-10-01,CHANDIGARH – DELHI,64811.0,CHANDIGARH,DELHI,False,True,32258.0,32553.0
2021-10-01,CHENNAI – COIMBATORE,47289.0,CHENNAI,COIMBATORE,False,True,24451.0,22838.0
2021-10-01,DELHI – RAIPUR,58051.0,DELHI,RAIPUR,False,True,29509.0,28542.0
2021-10-01,AGARTALA – KOLKATA,64069.0,AGARTALA,KOLKATA,False,True,33611.0,30458.0
2021-10-01,BENGALURU – MANGALURU,33634.0,BENGALURU,MANGALURU,False,True,17087.0,16547.0
2021-10-01,DELHI – LEH,95525.0,DELHI,LEH,False,True,35485.0,60040.0
2021-10-01,BENGALURU – BHUBANESWAR,43862.0,BENGALURU,BHUBANESWAR,False,True,23263.0,20599.0
2021-10-01,BENGALURU – VARANASI,15360.0,BENGALURU,VARANASI,False,True,8266.0,7094.0
2021-10-01,BENGALURU – LUCKNOW,35524.0,BENGALURU,LUCKNOW,False,True,20786.0,14738.0
2021-10-01,CHENNAI – PUNE,13915.0,CHENNAI,PUNE,False,True,6974.0,6941.0
2021-10-01,MUMBAI – NAGPUR,64675.0,MUMBAI,NAGPUR,False,True,33982.0,30693.0
2021-10-01,INDORE – MUMBAI,34380.0,INDORE,MUMBAI,False,True,16738.0,17642.0
2021-10-01,DELHI – NAGPUR,37863.0,DELHI,NAGPUR,False,True,19108.0,18755.0
2021-10-01,BENGALURU – GUWAHATI,42900.0,BENGALURU,GUWAHATI,False,True,21334.0,21566.0
2021-10-01,HYDERABAD – KOCHI,22130.0,HYDERABAD,KOCHI,False,True,11375.0,10755.0
2021-10-01,BENGALURU – JAIPUR,39275.0,BENGALURU,JAIPUR,False,True,21880.0,17395.0
2021-10-01,HYDERABAD – PUNE,12098.0,HYDERABAD,PUNE,False,True,5615.0,6483.0
2021-10-01,BENGALURU – THIRUVANANTHAPURAM,15194.0,BENGALURU,THIRUVANANTHAPURAM,False,True,8011.0,7183.0
2021-10-01,DELHI – UDAIPUR,35093.0,DELHI,UDAIPUR,False,True,17256.0,17837.0
2021-10-01,DELHI – JAMMU,88890.0,DELHI,JAMMU,False,True,42689.0,46201.0
2021-10-01,CHENNAI – KOCHI,15570.0,CHENNAI,KOCHI,False,True,7060.0,8510.0
2021-10-01,HYDERABAD – TIRUPATI,44238.0,HYDERABAD,TIRUPATI,False,True,22244.0,21994.0
2021-11-01,DELHI – MUMBAI,445457.0,DELHI,MUMBAI,False,True,226760.0,218697.0
2021-11-01,BENGALURU – DELHI,275024.0,BENGALURU,DELHI,False,True,131274.0,143750.0
2021-11-01,BENGALURU – MUMBAI,192510.0,BENGALURU,MUMBAI,False,True,95898.0,96612.0
2021-11-01,DELHI – HYDERABAD,201214.0,DELHI,HYDERABAD,False,True,99247.0,101967.0
2021-11-01,DELHI – KOLKATA,232958.0,DELHI,KOLKATA,False,True,121632.0,111326.0
2021-11-01,DELHI – PUNE,163194.0,DELHI,PUNE,False,True,81765.0,81429.0
2021-11-01,AHMEDABAD – DELHI,161634.0,AHMEDABAD,DELHI,False,True,78046.0,83588.0
2021-11-01,CHENNAI – MUMBAI,119723.0,CHENNAI,MUMBAI,False,True,64089.0,55634.0
2021-11-01,KOLKATA – MUMBAI,109073.0,KOLKATA,MUMBAI,False,True,54429.0,54644.0
2021-11-01,HYDERABAD – MUMBAI,108587.0,HYDERABAD,MUMBAI,False,True,55268.0,53319.0
2021-11-01,CHENNAI – DELHI,146814.0,CHENNAI,DELHI,False,True,76506.0,70308.0
2021-11-01,BENGALURU – HYDERABAD,115515.0,BENGALURU,HYDERABAD,False,True,55892.0,59623.0
2021-11-01,BENGALURU – KOLKATA,154485.0,BENGALURU,KOLKATA,False,True,78571.0,75914.0
2021-11-01,AHMEDABAD – MUMBAI,101387.0,AHMEDABAD,MUMBAI,False,True,49708.0,51679.0
2021-11-01,DELHI – SRINAGAR,224416.0,DELHI,SRINAGAR,False,True,105296.0,119120.0
2021-11-01,BENGALURU – PUNE,76045.0,BENGALURU,PUNE,False,True,39009.0,37036.0
2021-11-01,DELHI – GUWAHATI,124636.0,DELHI,GUWAHATI,False,True,63754.0,60882.0
2021-11-01,DELHI – PATNA,173705.0,DELHI,PATNA,False,True,92615.0,81090.0
2021-11-01,BENGALURU – CHENNAI,62939.0,BENGALURU,CHENNAI,False,True,29607.0,33332.0
2021-11-01,DELHI – LUCKNOW,122982.0,DELHI,LUCKNOW,False,True,60736.0,62246.0
2021-11-01,CHENNAI – HYDERABAD,84541.0,CHENNAI,HYDERABAD,False,True,43860.0,40681.0
2021-11-01,BENGALURU – KOCHI,66046.0,BENGALURU,KOCHI,False,True,33193.0,32853.0
2021-11-01,KOCHI – MUMBAI,63060.0,KOCHI,MUMBAI,False,True,32017.0,31043.0
2021-11-01,BAGDOGRA – DELHI,110000.0,BAGDOGRA,DELHI,False,True,55177.0,54823.0
2021-11-01,BHUBANESWAR – DELHI,82192.0,BHUBANESWAR,DELHI,False,True,39649.0,42543.0
2021-11-01,AHMEDABAD – BENGALURU,70315.0,AHMEDABAD,BENGALURU,False,True,35792.0,34523.0
2021-11-01,JAIPUR – MUMBAI,102469.0,JAIPUR,MUMBAI,False,True,49702.0,52767.0
2021-11-01,CHENNAI – KOLKATA,67765.0,CHENNAI,KOLKATA,False,True,34723.0,33042.0
2021-11-01,DELHI – INDORE,62029.0,DELHI,INDORE,False,True,30762.0,31267.0
2021-11-01,AMRITSAR – DELHI,79877.0,AMRITSAR,DELHI,False,True,39827.0,40050.0
2021-11-01,HYDERABAD – VISAKHAPATNAM,63972.0,HYDERABAD,VISAKHAPATNAM,False,True,32390.0,31582.0
2021-11-01,HYDERABAD – KOLKATA,90038.0,HYDERABAD,KOLKATA,False,True,47589.0,42449.0
2021-11-01,DELHI – VARANASI,80426.0,DELHI,VARANASI,False,True,43196.0,37230.0
2021-11-01,GUWAHATI – KOLKATA,79318.0,GUWAHATI,KOLKATA,False,True,38409.0,40909.0
2021-11-01,LUCKNOW – MUMBAI,63075.0,LUCKNOW,MUMBAI,False,True,29949.0,33126.0
2021-11-01,DELHI – KOCHI,56024.0,DELHI,KOCHI,False,True,26858.0,29166.0
2021-11-01,MUMBAI – VARANASI,62630.0,MUMBAI,VARANASI,False,True,33690.0,28940.0
2021-11-01,DELHI – RANCHI,99059.0,DELHI,RANCHI,False,True,51185.0,47874.0
2021-11-01,CHANDIGARH – DELHI,70206.0,CHANDIGARH,DELHI,False,True,35942.0,34264.0
2021-11-01,CHENNAI – COIMBATORE,51135.0,CHENNAI,COIMBATORE,False,True,26142.0,24993.0
2021-11-01,DELHI – RAIPUR,66545.0,DELHI,RAIPUR,False,True,32824.0,33721.0
2021-11-01,AGARTALA – KOLKATA,73863.0,AGARTALA,KOLKATA,False,True,38728.0,35135.0
2021-11-01,BENGALURU – MANGALURU,37107.0,BENGALURU,MANGALURU,False,True,18659.0,18448.0
2021-11-01,DELHI – LEH,49895.0,DELHI,LEH,False,True,21350.0,28545.0
2021-11-01,BENGALURU – BHUBANESWAR,45125.0,BENGALURU,BHUBANESWAR,False,True,22985.0,22140.0
2021-11-01,BENGALURU – VARANASI,27747.0,BENGALURU,VARANASI,False,True,14524.0,13223.0
2021-11-01,BENGALURU – LUCKNOW,39316.0,BENGALURU,LUCKNOW,False,True,19125.0,20191.0
2021-11-01,CHENNAI – PUNE,28170.0,CHENNAI,PUNE,False,True,14068.0,14102.0
2021-11-01,MUMBAI – NAGPUR,76258.0,MUMBAI,NAGPUR,False,True,36746.0,39512.0
2021-11-01,INDORE – MUMBAI,41144.0,INDORE,MUMBAI,False,True,20736.0,20408.0
2021-11-01,DELHI – NAGPUR,40829.0,DELHI,NAGPUR,False,True,20136.0,20693.0
2021-11-01,BENGALURU – GUWAHATI,37760.0,BENGALURU,GUWAHATI,False,True,17621.0,20139.0
2021-11-01,HYDERABAD – KOCHI,24139.0,HYDERABAD,KOCHI,False,True,12138.0,12001.0
2021-11-01,BENGALURU – JAIPUR,46354.0,BENGALURU,JAIPUR,False,True,23819.0,22535.0
2021-11-01,HYDERABAD – PUNE,27630.0,HYDERABAD,PUNE,False,True,14362.0,13268.0
2021-11-01,BENGALURU – THIRUVANANTHAPURAM,25542.0,BENGALURU,THIRUVANANTHAPURAM,False,True,12448.0,13094.0
2021-11-01,DELHI – UDAIPUR,45991.0,DELHI,UDAIPUR,False,True,23105.0,22886.0
2021-11-01,DELHI – JAMMU,88443.0,DELHI,JAMMU,False,True,45225.0,43218.0
2021-11-01,CHENNAI – KOCHI,22442.0,CHENNAI,KOCHI,False,True,11475.0,10967.0
2021-11-01,HYDERABAD – TIRUPATI,43758.0,HYDERABAD,TIRUPATI,False,True,21603.0,22155.0
2021-12-01,DELHI – MUMBAI,434519.0,DELHI,MUMBAI,False,True,230602.0,203917.0
2021-12-01,BENGALURU – DELHI,289000.0,BENGALURU,DELHI,False,True,133714.0,155286.0
2021-12-01,BENGALURU – MUMBAI,202621.0,BENGALURU,MUMBAI,False,True,99060.0,103561.0
2021-12-01,DELHI – HYDERABAD,217995.0,DELHI,HYDERABAD,False,True,111496.0,106499.0
2021-12-01,DELHI – KOLKATA,243477.0,DELHI,KOLKATA,False,True,129929.0,113548.0
2021-12-01,DELHI – PUNE,185674.0,DELHI,PUNE,False,True,99881.0,85793.0
2021-12-01,AHMEDABAD – DELHI,158504.0,AHMEDABAD,DELHI,False,True,76332.0,82172.0
2021-12-01,CHENNAI – MUMBAI,133652.0,CHENNAI,MUMBAI,False,True,67870.0,65782.0
2021-12-01,KOLKATA – MUMBAI,129408.0,KOLKATA,MUMBAI,False,True,65557.0,63851.0
2021-12-01,HYDERABAD – MUMBAI,116272.0,HYDERABAD,MUMBAI,False,True,59063.0,57209.0
2021-12-01,CHENNAI – DELHI,172146.0,CHENNAI,DELHI,False,True,84055.0,88091.0
2021-12-01,BENGALURU – HYDERABAD,131208.0,BENGALURU,HYDERABAD,False,True,63890.0,67318.0
2021-12-01,BENGALURU – KOLKATA,174238.0,BENGALURU,KOLKATA,False,True,89296.0,84942.0
2021-12-01,AHMEDABAD – MUMBAI,98279.0,AHMEDABAD,MUMBAI,False,True,49586.0,48693.0
2021-12-01,DELHI – SRINAGAR,231425.0,DELHI,SRINAGAR,False,True,112474.0,118951.0
2021-12-01,BENGALURU – PUNE,89929.0,BENGALURU,PUNE,False,True,46674.0,43255.0
2021-12-01,DELHI – GUWAHATI,131795.0,DELHI,GUWAHATI,False,True,70885.0,60910.0
2021-12-01,DELHI – PATNA,149838.0,DELHI,PATNA,False,True,70211.0,79627.0
2021-12-01,BENGALURU – CHENNAI,72377.0,BENGALURU,CHENNAI,False,True,35992.0,36385.0
2021-12-01,DELHI – LUCKNOW,116839.0,DELHI,LUCKNOW,False,True,53178.0,63661.0
2021-12-01,CHENNAI – HYDERABAD,94192.0,CHENNAI,HYDERABAD,False,True,47324.0,46868.0
2021-12-01,BENGALURU – KOCHI,84733.0,BENGALURU,KOCHI,False,True,47656.0,37077.0
2021-12-01,KOCHI – MUMBAI,69110.0,KOCHI,MUMBAI,False,True,33483.0,35627.0
2021-12-01,BAGDOGRA – DELHI,110166.0,BAGDOGRA,DELHI,False,True,53478.0,56688.0
2021-12-01,BHUBANESWAR – DELHI,90716.0,BHUBANESWAR,DELHI,False,True,44019.0,46697.0
2021-12-01,AHMEDABAD – BENGALURU,69265.0,AHMEDABAD,BENGALURU,False,True,36378.0,32887.0
2021-12-01,JAIPUR – MUMBAI,102523.0,JAIPUR,MUMBAI,False,True,52119.0,50404.0
2021-12-01,CHENNAI – KOLKATA,89696.0,CHENNAI,KOLKATA,False,True,45272.0,44424.0
2021-12-01,DELHI – INDORE,66613.0,DELHI,INDORE,False,True,33836.0,32777.0
2021-12-01,AMRITSAR – DELHI,84120.0,AMRITSAR,DELHI,False,True,42561.0,41559.0
2021-12-01,HYDERABAD – VISAKHAPATNAM,69510.0,HYDERABAD,VISAKHAPATNAM,False,True,36286.0,33224.0
2021-12-01,HYDERABAD – KOLKATA,86332.0,HYDERABAD,KOLKATA,False,True,44140.0,42192.0
2021-12-01,DELHI – VARANASI,66645.0,DELHI,VARANASI,False,True,30271.0,36374.0
2021-12-01,GUWAHATI – KOLKATA,93100.0,GUWAHATI,KOLKATA,False,True,42789.0,50311.0
2021-12-01,LUCKNOW – MUMBAI,55472.0,LUCKNOW,MUMBAI,False,True,31782.0,23690.0
2021-12-01,DELHI – KOCHI,64546.0,DELHI,KOCHI,False,True,35759.0,28787.0
2021-12-01,MUMBAI – VARANASI,52226.0,MUMBAI,VARANASI,False,True,23014.0,29212.0
2021-12-01,DELHI – RANCHI,92136.0,DELHI,RANCHI,False,True,47180.0,44956.0
2021-12-01,CHANDIGARH – DELHI,77398.0,CHANDIGARH,DELHI,False,True,38525.0,38873.0
2021-12-01,CHENNAI – COIMBATORE,62713.0,CHENNAI,COIMBATORE,False,True,32647.0,30066.0
2021-12-01,DELHI – RAIPUR,66480.0,DELHI,RAIPUR,False,True,34398.0,32082.0
2021-12-01,AGARTALA – KOLKATA,77362.0,AGARTALA,KOLKATA,False,True,39685.0,37677.0
2021-12-01,BENGALURU – MANGALURU,43910.0,BENGALURU,MANGALURU,False,True,22787.0,21123.0
2021-12-01,DELHI – LEH,37240.0,DELHI,LEH,False,True,15230.0,22010.0
2021-12-01,BENGALURU – BHUBANESWAR,50933.0,BENGALURU,BHUBANESWAR,False,True,24696.0,26237.0
2021-12-01,BENGALURU – VARANASI,23674.0,BENGALURU,VARANASI,False,True,9551.0,14123.0
2021-12-01,BENGALURU – LUCKNOW,39014.0,BENGALURU,LUCKNOW,False,True,16629.0,22385.0
2021-12-01,CHENNAI – PUNE,33871.0,CHENNAI,PUNE,False,True,16564.0,17307.0
2021-12-01,MUMBAI – NAGPUR,71395.0,MUMBAI,NAGPUR,False,True,35183.0,36212.0
2021-12-01,INDORE – MUMBAI,43238.0,INDORE,MUMBAI,False,True,21825.0,21413.0
2021-12-01,DELHI – NAGPUR,55147.0,DELHI,NAGPUR,False,True,28483.0,26664.0
2021-12-01,BENGALURU – GUWAHATI,42655.0,BENGALURU,GUWAHATI,False,True,21477.0,21178.0
2021-12-01,HYDERABAD – KOCHI,46441.0,HYDERABAD,KOCHI,False,True,23991.0,22450.0
2021-12-01,BENGALURU – JAIPUR,46261.0,BENGALURU,JAIPUR,False,True,22164.0,24097.0
2021-12-01,HYDERABAD – PUNE,29381.0,HYDERABAD,PUNE,False,True,13857.0,15524.0
2021-12-01,BENGALURU – THIRUVANANTHAPURAM,29102.0,BENGALURU,THIRUVANANTHAPURAM,False,True,15539.0,13563.0
2021-12-01,DELHI – UDAIPUR,60986.0,DELHI,UDAIPUR,False,True,30568.0,30418.0
2021-12-01,DELHI – JAMMU,87878.0,DELHI,JAMMU,False,True,45198.0,42680.0
2021-12-01,CHENNAI – KOCHI,35244.0,CHENNAI,KOCHI,False,True,18108.0,17136.0
2021-12-01,HYDERABAD – TIRUPATI,50960.0,HYDERABAD,TIRUPATI,False,True,25722.0,25238.0
2022-01-01,DELHI – MUMBAI,211360.0,DELHI,MUMBAI,False,True,104898.0,106462.0
2022-01-01,BENGALURU – DELHI,147992.0,BENGALURU,DELHI,False,True,76912.0,71080.0
2022-01-01,BENGALURU – MUMBAI,94613.0,BENGALURU,MUMBAI,False,True,49217.0,45396.0
2022-01-01,DELHI – HYDERABAD,132753.0,DELHI,HYDERABAD,False,True,62685.0,70068.0
2022-01-01,DELHI – KOLKATA,101180.0,DELHI,KOLKATA,False,True,46033.0,55147.0
2022-01-01,DELHI – PUNE,112853.0,DELHI,PUNE,False,True,54946.0,57907.0
2022-01-01,AHMEDABAD – DELHI,101518.0,AHMEDABAD,DELHI,False,True,50723.0,50795.0
2022-01-01,CHENNAI – MUMBAI,79022.0,CHENNAI,MUMBAI,False,True,41545.0,37477.0
2022-01-01,KOLKATA – MUMBAI,63938.0,KOLKATA,MUMBAI,False,True,35757.0,28181.0
2022-01-01,HYDERABAD – MUMBAI,64230.0,HYDERABAD,MUMBAI,False,True,32492.0,31738.0
2022-01-01,CHENNAI – DELHI,109501.0,CHENNAI,DELHI,False,True,57220.0,52281.0
2022-01-01,BENGALURU – HYDERABAD,63112.0,BENGALURU,HYDERABAD,False,True,30702.0,32410.0
2022-01-01,BENGALURU – KOLKATA,113864.0,BENGALURU,KOLKATA,False,True,63994.0,49870.0
2022-01-01,AHMEDABAD – MUMBAI,50421.0,AHMEDABAD,MUMBAI,False,True,25464.0,24957.0
2022-01-01,DELHI – SRINAGAR,154790.0,DELHI,SRINAGAR,False,True,74157.0,80633.0
2022-01-01,BENGALURU – PUNE,50058.0,BENGALURU,PUNE,False,True,25643.0,24415.0
2022-01-01,DELHI – GUWAHATI,84824.0,DELHI,GUWAHATI,False,True,43249.0,41575.0
2022-01-01,DELHI – PATNA,86186.0,DELHI,PATNA,False,True,47065.0,39121.0
2022-01-01,BENGALURU – CHENNAI,32867.0,BENGALURU,CHENNAI,False,True,16491.0,16376.0
2022-01-01,DELHI – LUCKNOW,59157.0,DELHI,LUCKNOW,False,True,29970.0,29187.0
2022-01-01,CHENNAI – HYDERABAD,58732.0,CHENNAI,HYDERABAD,False,True,30542.0,28190.0
2022-01-01,BENGALURU – KOCHI,50781.0,BENGALURU,KOCHI,False,True,23758.0,27023.0
2022-01-01,KOCHI – MUMBAI,47717.0,KOCHI,MUMBAI,False,True,25105.0,22612.0
2022-01-01,BAGDOGRA – DELHI,48802.0,BAGDOGRA,DELHI,False,True,28322.0,20480.0
2022-01-01,BHUBANESWAR – DELHI,50298.0,BHUBANESWAR,DELHI,False,True,25703.0,24595.0
2022-01-01,AHMEDABAD – BENGALURU,45003.0,AHMEDABAD,BENGALURU,False,True,22479.0,22524.0
2022-01-01,JAIPUR – MUMBAI,56805.0,JAIPUR,MUMBAI,False,True,27982.0,28823.0
2022-01-01,CHENNAI – KOLKATA,57124.0,CHENNAI,KOLKATA,False,True,31171.0,25953.0
2022-01-01,DELHI – INDORE,33667.0,DELHI,INDORE,False,True,16902.0,16765.0
2022-01-01,AMRITSAR – DELHI,47862.0,AMRITSAR,DELHI,False,True,24371.0,23491.0
2022-01-01,HYDERABAD – VISAKHAPATNAM,46984.0,HYDERABAD,VISAKHAPATNAM,False,True,24362.0,22622.0
2022-01-01,HYDERABAD – KOLKATA,64129.0,HYDERABAD,KOLKATA,False,True,36897.0,27232.0
2022-01-01,DELHI – VARANASI,34837.0,DELHI,VARANASI,False,True,18306.0,16531.0
2022-01-01,GUWAHATI – KOLKATA,53065.0,GUWAHATI,KOLKATA,False,True,24722.0,28343.0
2022-01-01,LUCKNOW – MUMBAI,31467.0,LUCKNOW,MUMBAI,False,True,14351.0,17116.0
2022-01-01,DELHI – KOCHI,46489.0,DELHI,KOCHI,False,True,20473.0,26016.0
2022-01-01,MUMBAI – VARANASI,32500.0,MUMBAI,VARANASI,False,True,17953.0,14547.0
2022-01-01,DELHI – RANCHI,48773.0,DELHI,RANCHI,False,True,25945.0,22828.0
2022-01-01,CHANDIGARH – DELHI,41884.0,CHANDIGARH,DELHI,False,True,22478.0,19406.0
2022-01-01,CHENNAI – COIMBATORE,36337.0,CHENNAI,COIMBATORE,False,True,17934.0,18403.0
2022-01-01,DELHI – RAIPUR,33071.0,DELHI,RAIPUR,False,True,17707.0,15364.0
2022-01-01,AGARTALA – KOLKATA,48469.0,AGARTALA,KOLKATA,False,True,21159.0,27310.0
2022-01-01,BENGALURU – MANGALURU,24348.0,BENGALURU,MANGALURU,False,True,10364.0,13984.0
2022-01-01,DELHI – LEH,24855.0,DELHI,LEH,False,True,11363.0,13492.0
2022-01-01,BENGALURU – BHUBANESWAR,27880.0,BENGALURU,BHUBANESWAR,False,True,14345.0,13535.0
2022-01-01,BENGALURU – VARANASI,12786.0,BENGALURU,VARANASI,False,True,6780.0,6006.0
2022-01-01,BENGALURU – LUCKNOW,23360.0,BENGALURU,LUCKNOW,False,True,12727.0,10633.0
2022-01-01,CHENNAI – PUNE,19742.0,CHENNAI,PUNE,False,True,9311.0,10431.0
2022-01-01,MUMBAI – NAGPUR,40524.0,MUMBAI,NAGPUR,False,True,19331.0,21193.0
2022-01-01,INDORE – MUMBAI,22509.0,INDORE,MUMBAI,False,True,11339.0,11170.0
2022-01-01,DELHI – NAGPUR,27475.0,DELHI,NAGPUR,False,True,13128.0,14347.0
2022-01-01,BENGALURU – GUWAHATI,30741.0,BENGALURU,GUWAHATI,False,True,15950.0,14791.0
2022-01-01,HYDERABAD – KOCHI,40658.0,HYDERABAD,KOCHI,False,True,19743.0,20915.0
2022-01-01,BENGALURU – JAIPUR,24469.0,BENGALURU,JAIPUR,False,True,13226.0,11243.0
2022-01-01,HYDERABAD – PUNE,16424.0,HYDERABAD,PUNE,False,True,8089.0,8335.0
2022-01-01,BENGALURU – THIRUVANANTHAPURAM,15449.0,BENGALURU,THIRUVANANTHAPURAM,False,True,7307.0,8142.0
2022-01-01,DELHI – UDAIPUR,23786.0,DELHI,UDAIPUR,False,True,10563.0,13223.0
2022-01-01,DELHI – JAMMU,54567.0,DELHI,JAMMU,False,True,28024.0,26543.0
2022-01-01,CHENNAI – KOCHI,18749.0,CHENNAI,KOCHI,False,True,8706.0,10043.0
2022-01-01,HYDERABAD – TIRUPATI,39319.0,HYDERABAD,TIRUPATI,False,True,19375.0,19944.0
2022-02-01,DELHI – MUMBAI,329222.0,DELHI,MUMBAI,False,True,162764.0,166458.0
2022-02-01,BENGALURU – DELHI,213850.0,BENGALURU,DELHI,False,True,107635.0,106215.0
2022-02-01,BENGALURU – MUMBAI,152299.0,BENGALURU,MUMBAI,False,True,76242.0,76057.0
2022-02-01,DELHI – HYDERABAD,165098.0,DELHI,HYDERABAD,False,True,78021.0,87077.0
2022-02-01,DELHI – KOLKATA,169236.0,DELHI,KOLKATA,False,True,82061.0,87175.0
2022-02-01,DELHI – PUNE,150443.0,DELHI,PUNE,False,True,75909.0,74534.0
2022-02-01,AHMEDABAD – DELHI,123061.0,AHMEDABAD,DELHI,False,True,65702.0,57359.0
2022-02-01,CHENNAI – MUMBAI,107005.0,CHENNAI,MUMBAI,False,True,54092.0,52913.0
2022-02-01,KOLKATA – MUMBAI,104125.0,KOLKATA,MUMBAI,False,True,53445.0,50680.0
2022-02-01,HYDERABAD – MUMBAI,89378.0,HYDERABAD,MUMBAI,False,True,46330.0,43048.0
2022-02-01,CHENNAI – DELHI,141739.0,CHENNAI,DELHI,False,True,74273.0,67466.0
2022-02-01,BENGALURU – HYDERABAD,89552.0,BENGALURU,HYDERABAD,False,True,43190.0,46362.0
2022-02-01,BENGALURU – KOLKATA,96162.0,BENGALURU,KOLKATA,False,True,45069.0,51093.0
2022-02-01,AHMEDABAD – MUMBAI,75481.0,AHMEDABAD,MUMBAI,False,True,37948.0,37533.0
2022-02-01,DELHI – SRINAGAR,173307.0,DELHI,SRINAGAR,False,True,89067.0,84240.0
2022-02-01,BENGALURU – PUNE,57876.0,BENGALURU,PUNE,False,True,28866.0,29010.0
2022-02-01,DELHI – GUWAHATI,97477.0,DELHI,GUWAHATI,False,True,47243.0,50234.0
2022-02-01,DELHI – PATNA,129933.0,DELHI,PATNA,False,True,64801.0,65132.0
2022-02-01,BENGALURU – CHENNAI,47165.0,BENGALURU,CHENNAI,False,True,23405.0,23760.0
2022-02-01,DELHI – LUCKNOW,72206.0,DELHI,LUCKNOW,False,True,35627.0,36579.0
2022-02-01,CHENNAI – HYDERABAD,70850.0,CHENNAI,HYDERABAD,False,True,35665.0,35185.0
2022-02-01,BENGALURU – KOCHI,51506.0,BENGALURU,KOCHI,False,True,24585.0,26921.0
2022-02-01,KOCHI – MUMBAI,54279.0,KOCHI,MUMBAI,False,True,28256.0,26023.0
2022-02-01,BAGDOGRA – DELHI,67445.0,BAGDOGRA,DELHI,False,True,36060.0,31385.0
2022-02-01,BHUBANESWAR – DELHI,71088.0,BHUBANESWAR,DELHI,False,True,35269.0,35819.0
2022-02-01,AHMEDABAD – BENGALURU,51143.0,AHMEDABAD,BENGALURU,False,True,26013.0,25130.0
2022-02-01,JAIPUR – MUMBAI,86568.0,JAIPUR,MUMBAI,False,True,42098.0,44470.0
2022-02-01,CHENNAI – KOLKATA,57579.0,CHENNAI,KOLKATA,False,True,29696.0,27883.0
2022-02-01,DELHI – INDORE,51813.0,DELHI,INDORE,False,True,25253.0,26560.0
2022-02-01,AMRITSAR – DELHI,60359.0,AMRITSAR,DELHI,False,True,29294.0,31065.0
2022-02-01,HYDERABAD – VISAKHAPATNAM,49965.0,HYDERABAD,VISAKHAPATNAM,False,True,25324.0,24641.0
2022-02-01,HYDERABAD – KOLKATA,63825.0,HYDERABAD,KOLKATA,False,True,33880.0,29945.0
2022-02-01,DELHI – VARANASI,56747.0,DELHI,VARANASI,False,True,29093.0,27654.0
2022-02-01,GUWAHATI – KOLKATA,51295.0,GUWAHATI,KOLKATA,False,True,25903.0,25392.0
2022-02-01,LUCKNOW – MUMBAI,47837.0,LUCKNOW,MUMBAI,False,True,22671.0,25166.0
2022-02-01,DELHI – KOCHI,49574.0,DELHI,KOCHI,False,True,22610.0,26964.0
2022-02-01,MUMBAI – VARANASI,46831.0,MUMBAI,VARANASI,False,True,24355.0,22476.0
2022-02-01,DELHI – RANCHI,72971.0,DELHI,RANCHI,False,True,35389.0,37582.0
2022-02-01,CHANDIGARH – DELHI,51575.0,CHANDIGARH,DELHI,False,True,25983.0,25592.0
2022-02-01,CHENNAI – COIMBATORE,40748.0,CHENNAI,COIMBATORE,False,True,20344.0,20404.0
2022-02-01,DELHI – RAIPUR,48377.0,DELHI,RAIPUR,False,True,22992.0,25385.0
2022-02-01,AGARTALA – KOLKATA,45948.0,AGARTALA,KOLKATA,False,True,24647.0,21301.0
2022-02-01,BENGALURU – MANGALURU,29131.0,BENGALURU,MANGALURU,False,True,13741.0,15390.0
2022-02-01,DELHI – LEH,39903.0,DELHI,LEH,False,True,26000.0,13903.0
2022-02-01,BENGALURU – BHUBANESWAR,34956.0,BENGALURU,BHUBANESWAR,False,True,17848.0,17108.0
2022-02-01,BENGALURU – VARANASI,15824.0,BENGALURU,VARANASI,False,True,8156.0,7668.0
2022-02-01,BENGALURU – LUCKNOW,24680.0,BENGALURU,LUCKNOW,False,True,12362.0,12318.0
2022-02-01,CHENNAI – PUNE,23933.0,CHENNAI,PUNE,False,True,11607.0,12326.0
2022-02-01,MUMBAI – NAGPUR,49085.0,MUMBAI,NAGPUR,False,True,24232.0,24853.0
2022-02-01,INDORE – MUMBAI,29446.0,INDORE,MUMBAI,False,True,14359.0,15087.0
2022-02-01,DELHI – NAGPUR,33417.0,DELHI,NAGPUR,False,True,15413.0,18004.0
2022-02-01,BENGALURU – GUWAHATI,28862.0,BENGALURU,GUWAHATI,False,True,13856.0,15006.0
2022-02-01,HYDERABAD – KOCHI,23234.0,HYDERABAD,KOCHI,False,True,11599.0,11635.0
2022-02-01,BENGALURU – JAIPUR,36656.0,BENGALURU,JAIPUR,False,True,19032.0,17624.0
2022-02-01,HYDERABAD – PUNE,18033.0,HYDERABAD,PUNE,False,True,9418.0,8615.0
2022-02-01,BENGALURU – THIRUVANANTHAPURAM,9625.0,BENGALURU,THIRUVANANTHAPURAM,False,True,4969.0,4656.0
2022-02-01,DELHI – UDAIPUR,38327.0,DELHI,UDAIPUR,False,True,19738.0,18589.0
2022-02-01,DELHI – JAMMU,62669.0,DELHI,JAMMU,False,True,31582.0,31087.0
2022-02-01,CHENNAI – KOCHI,17777.0,CHENNAI,KOCHI,False,True,8649.0,9128.0
2022-02-01,HYDERABAD – TIRUPATI,43231.0,HYDERABAD,TIRUPATI,False,True,21337.0,21894.0
2022-03-01,DELHI – MUMBAI,449635.0,DELHI,MUMBAI,False,True,226538.0,223097.0
2022-03-01,BENGALURU – DELHI,308520.0,BENGALURU,DELHI,False,True,151853.0,156667.0
2022-03-01,BENGALURU – MUMBAI,228521.0,BENGALURU,MUMBAI,False,True,113340.0,115181.0
2022-03-01,DELHI – HYDERABAD,203233.0,DELHI,HYDERABAD,False,True,101543.0,101690.0
2022-03-01,DELHI – KOLKATA,233724.0,DELHI,KOLKATA,False,True,115990.0,117734.0
2022-03-01,DELHI – PUNE,195767.0,DELHI,PUNE,False,True,99692.0,96075.0
2022-03-01,AHMEDABAD – DELHI,150471.0,AHMEDABAD,DELHI,False,True,76759.0,73712.0
2022-03-01,CHENNAI – MUMBAI,134556.0,CHENNAI,MUMBAI,False,True,67926.0,66630.0
2022-03-01,KOLKATA – MUMBAI,126419.0,KOLKATA,MUMBAI,False,True,64562.0,61857.0
2022-03-01,HYDERABAD – MUMBAI,114527.0,HYDERABAD,MUMBAI,False,True,57827.0,56700.0
2022-03-01,CHENNAI – DELHI,179532.0,CHENNAI,DELHI,False,True,89110.0,90422.0
2022-03-01,BENGALURU – HYDERABAD,128229.0,BENGALURU,HYDERABAD,False,True,63044.0,65185.0
2022-03-01,BENGALURU – KOLKATA,145468.0,BENGALURU,KOLKATA,False,True,70599.0,74869.0
2022-03-01,AHMEDABAD – MUMBAI,98272.0,AHMEDABAD,MUMBAI,False,True,49231.0,49041.0
2022-03-01,DELHI – SRINAGAR,245154.0,DELHI,SRINAGAR,False,True,128266.0,116888.0
2022-03-01,BENGALURU – PUNE,89064.0,BENGALURU,PUNE,False,True,45683.0,43381.0
2022-03-01,DELHI – GUWAHATI,123678.0,DELHI,GUWAHATI,False,True,61085.0,62593.0
2022-03-01,DELHI – PATNA,142597.0,DELHI,PATNA,False,True,73630.0,68967.0
2022-03-01,BENGALURU – CHENNAI,76936.0,BENGALURU,CHENNAI,False,True,36935.0,40001.0
2022-03-01,DELHI – LUCKNOW,97721.0,DELHI,LUCKNOW,False,True,47751.0,49970.0
2022-03-01,CHENNAI – HYDERABAD,101856.0,CHENNAI,HYDERABAD,False,True,50964.0,50892.0
2022-03-01,BENGALURU – KOCHI,79122.0,BENGALURU,KOCHI,False,True,39615.0,39507.0
2022-03-01,KOCHI – MUMBAI,65473.0,KOCHI,MUMBAI,False,True,33563.0,31910.0
2022-03-01,BAGDOGRA – DELHI,95960.0,BAGDOGRA,DELHI,False,True,48792.0,47168.0
2022-03-01,BHUBANESWAR – DELHI,90550.0,BHUBANESWAR,DELHI,False,True,45822.0,44728.0
2022-03-01,AHMEDABAD – BENGALURU,59454.0,AHMEDABAD,BENGALURU,False,True,31073.0,28381.0
2022-03-01,JAIPUR – MUMBAI,94278.0,JAIPUR,MUMBAI,False,True,46756.0,47522.0
2022-03-01,CHENNAI – KOLKATA,77268.0,CHENNAI,KOLKATA,False,True,38687.0,38581.0
2022-03-01,DELHI – INDORE,67745.0,DELHI,INDORE,False,True,33840.0,33905.0
2022-03-01,AMRITSAR – DELHI,76111.0,AMRITSAR,DELHI,False,True,37983.0,38128.0
2022-03-01,HYDERABAD – VISAKHAPATNAM,62488.0,HYDERABAD,VISAKHAPATNAM,False,True,31979.0,30509.0
2022-03-01,HYDERABAD – KOLKATA,88230.0,HYDERABAD,KOLKATA,False,True,46441.0,41789.0
2022-03-01,DELHI – VARANASI,73663.0,DELHI,VARANASI,False,True,37602.0,36061.0
2022-03-01,GUWAHATI – KOLKATA,81753.0,GUWAHATI,KOLKATA,False,True,40231.0,41522.0
2022-03-01,LUCKNOW – MUMBAI,53058.0,LUCKNOW,MUMBAI,False,True,25387.0,27671.0
2022-03-01,DELHI – KOCHI,70355.0,DELHI,KOCHI,False,True,36335.0,34020.0
2022-03-01,MUMBAI – VARANASI,54383.0,MUMBAI,VARANASI,False,True,27872.0,26511.0
2022-03-01,DELHI – RANCHI,83896.0,DELHI,RANCHI,False,True,42839.0,41057.0
2022-03-01,CHANDIGARH – DELHI,61014.0,CHANDIGARH,DELHI,False,True,29740.0,31274.0
2022-03-01,CHENNAI – COIMBATORE,62715.0,CHENNAI,COIMBATORE,False,True,31537.0,31178.0
2022-03-01,DELHI – RAIPUR,63786.0,DELHI,RAIPUR,False,True,32014.0,31772.0
2022-03-01,AGARTALA – KOLKATA,68555.0,AGARTALA,KOLKATA,False,True,36607.0,31948.0
2022-03-01,BENGALURU – MANGALURU,38224.0,BENGALURU,MANGALURU,False,True,19185.0,19039.0
2022-03-01,DELHI – LEH,58493.0,DELHI,LEH,False,True,42193.0,16300.0
2022-03-01,BENGALURU – BHUBANESWAR,42219.0,BENGALURU,BHUBANESWAR,False,True,19996.0,22223.0
2022-03-01,BENGALURU – VARANASI,26983.0,BENGALURU,VARANASI,False,True,13174.0,13809.0
2022-03-01,BENGALURU – LUCKNOW,39696.0,BENGALURU,LUCKNOW,False,True,20087.0,19609.0
2022-03-01,CHENNAI – PUNE,37642.0,CHENNAI,PUNE,False,True,18553.0,19089.0
2022-03-01,MUMBAI – NAGPUR,72559.0,MUMBAI,NAGPUR,False,True,35609.0,36950.0
2022-03-01,INDORE – MUMBAI,44558.0,INDORE,MUMBAI,False,True,22736.0,21822.0
2022-03-01,DELHI – NAGPUR,41710.0,DELHI,NAGPUR,False,True,20088.0,21622.0
2022-03-01,BENGALURU – GUWAHATI,40253.0,BENGALURU,GUWAHATI,False,True,19155.0,21098.0
2022-03-01,HYDERABAD – KOCHI,35682.0,HYDERABAD,KOCHI,False,True,18632.0,17050.0
2022-03-01,BENGALURU – JAIPUR,44177.0,BENGALURU,JAIPUR,False,True,22081.0,22096.0
2022-03-01,HYDERABAD – PUNE,29492.0,HYDERABAD,PUNE,False,True,13908.0,15584.0
2022-03-01,BENGALURU – THIRUVANANTHAPURAM,30180.0,BENGALURU,THIRUVANANTHAPURAM,False,True,14527.0,15653.0
2022-03-01,DELHI – UDAIPUR,43297.0,DELHI,UDAIPUR,False,True,21040.0,22257.0
2022-03-01,DELHI – JAMMU,86091.0,DELHI,JAMMU,False,True,43956.0,42135.0
2022-03-01,CHENNAI – KOCHI,29983.0,CHENNAI,KOCHI,False,True,14905.0,15078.0
2022-03-01,HYDERABAD – TIRUPATI,52176.0,HYDERABAD,TIRUPATI,False,True,25769.0,26407.0
2022-04-01,DELHI – MUMBAI,443089.0,DELHI,MUMBAI,False,False,214247.0,228842.0
2022-04-01,BENGALURU – DELHI,347866.0,BENGALURU,DELHI,False,False,175445.0,172421.0
2022-04-01,BENGALURU – MUMBAI,254555.0,BENGALURU,MUMBAI,False,False,127362.0,127193.0
2022-04-01,DELHI – HYDERABAD,210588.0,DELHI,HYDERABAD,False,False,105525.0,105063.0
2022-04-01,DELHI – KOLKATA,216983.0,DELHI,KOLKATA,False,False,115328.0,101655.0
2022-04-01,DELHI – PUNE,188936.0,DELHI,PUNE,False,False,93641.0,95295.0
2022-04-01,AHMEDABAD – DELHI,145577.0,AHMEDABAD,DELHI,False,False,76376.0,69201.0
2022-04-01,CHENNAI – MUMBAI,129688.0,CHENNAI,MUMBAI,False,False,64848.0,64840.0
2022-04-01,KOLKATA – MUMBAI,127589.0,KOLKATA,MUMBAI,False,False,59603.0,67986.0
2022-04-01,HYDERABAD – MUMBAI,122946.0,HYDERABAD,MUMBAI,False,False,60958.0,61988.0
2022-04-01,CHENNAI – DELHI,167155.0,CHENNAI,DELHI,False,False,84299.0,82856.0
2022-04-01,BENGALURU – HYDERABAD,123836.0,BENGALURU,HYDERABAD,False,False,62003.0,61833.0
2022-04-01,BENGALURU – KOLKATA,149255.0,BENGALURU,KOLKATA,False,False,78765.0,70490.0
2022-04-01,AHMEDABAD – MUMBAI,97578.0,AHMEDABAD,MUMBAI,False,False,48715.0,48863.0
2022-04-01,DELHI – SRINAGAR,274155.0,DELHI,SRINAGAR,False,False,144415.0,129740.0
2022-04-01,BENGALURU – PUNE,89112.0,BENGALURU,PUNE,False,False,44107.0,45005.0
2022-04-01,DELHI – GUWAHATI,123183.0,DELHI,GUWAHATI,False,False,62009.0,61174.0
2022-04-01,DELHI – PATNA,129436.0,DELHI,PATNA,False,False,74674.0,54762.0
2022-04-01,BENGALURU – CHENNAI,69311.0,BENGALURU,CHENNAI,False,False,34192.0,35119.0
2022-04-01,DELHI – LUCKNOW,93358.0,DELHI,LUCKNOW,False,False,48702.0,44656.0
2022-04-01,CHENNAI – HYDERABAD,90289.0,CHENNAI,HYDERABAD,False,False,45891.0,44398.0
2022-04-01,BENGALURU – KOCHI,83357.0,BENGALURU,KOCHI,False,False,42633.0,40724.0
2022-04-01,KOCHI – MUMBAI,71833.0,KOCHI,MUMBAI,False,False,34952.0,36881.0
2022-04-01,BAGDOGRA – DELHI,39470.0,BAGDOGRA,DELHI,False,False,19122.0,20348.0
2022-04-01,BHUBANESWAR – DELHI,79904.0,BHUBANESWAR,DELHI,False,False,39496.0,40408.0
2022-04-01,AHMEDABAD – BENGALURU,58982.0,AHMEDABAD,BENGALURU,False,False,29523.0,29459.0
2022-04-01,JAIPUR – MUMBAI,77479.0,JAIPUR,MUMBAI,False,False,36418.0,41061.0
2022-04-01,CHENNAI – KOLKATA,87154.0,CHENNAI,KOLKATA,False,False,47473.0,39681.0
2022-04-01,DELHI – INDORE,63232.0,DELHI,INDORE,False,False,31096.0,32136.0
2022-04-01,AMRITSAR – DELHI,64346.0,AMRITSAR,DELHI,False,False,32364.0,31982.0
2022-04-01,HYDERABAD – VISAKHAPATNAM,63736.0,HYDERABAD,VISAKHAPATNAM,False,False,33011.0,30725.0
2022-04-01,HYDERABAD – KOLKATA,79229.0,HYDERABAD,KOLKATA,False,False,44451.0,34778.0
2022-04-01,DELHI – VARANASI,70313.0,DELHI,VARANASI,False,False,38843.0,31470.0
2022-04-01,GUWAHATI – KOLKATA,78538.0,GUWAHATI,KOLKATA,False,False,36723.0,41815.0
2022-04-01,LUCKNOW – MUMBAI,55142.0,LUCKNOW,MUMBAI,False,False,22102.0,33040.0
2022-04-01,DELHI – KOCHI,76354.0,DELHI,KOCHI,False,False,37740.0,38614.0
2022-04-01,MUMBAI – VARANASI,52530.0,MUMBAI,VARANASI,False,False,29701.0,22829.0
2022-04-01,DELHI – RANCHI,76756.0,DELHI,RANCHI,False,False,41238.0,35518.0
2022-04-01,CHANDIGARH – DELHI,67509.0,CHANDIGARH,DELHI,False,False,33001.0,34508.0
2022-04-01,CHENNAI – COIMBATORE,60675.0,CHENNAI,COIMBATORE,False,False,30623.0,30052.0
2022-04-01,DELHI – RAIPUR,59318.0,DELHI,RAIPUR,False,False,29013.0,30305.0
2022-04-01,AGARTALA – KOLKATA,71822.0,AGARTALA,KOLKATA,False,False,36691.0,35131.0
2022-04-01,BENGALURU – MANGALURU,39696.0,BENGALURU,MANGALURU,False,False,20191.0,19505.0
2022-04-01,DELHI – LEH,92370.0,DELHI,LEH,False,False,54140.0,38230.0
2022-04-01,BENGALURU – BHUBANESWAR,46132.0,BENGALURU,BHUBANESWAR,False,False,23071.0,23061.0
2022-04-01,BENGALURU – VARANASI,32009.0,BENGALURU,VARANASI,False,False,15967.0,16042.0
2022-04-01,BENGALURU – LUCKNOW,44347.0,BENGALURU,LUCKNOW,False,False,23492.0,20855.0
2022-04-01,CHENNAI – PUNE,43519.0,CHENNAI,PUNE,False,False,21294.0,22225.0
2022-04-01,MUMBAI – NAGPUR,62192.0,MUMBAI,NAGPUR,False,False,29969.0,32223.0
2022-04-01,INDORE – MUMBAI,44265.0,INDORE,MUMBAI,False,False,21588.0,22677.0
2022-04-01,DELHI – NAGPUR,44584.0,DELHI,NAGPUR,False,False,21421.0,23163.0
2022-04-01,BENGALURU – GUWAHATI,50236.0,BENGALURU,GUWAHATI,False,False,26810.0,23426.0
2022-04-01,HYDERABAD – KOCHI,36276.0,HYDERABAD,KOCHI,False,False,18862.0,17414.0
2022-04-01,BENGALURU – JAIPUR,39808.0,BENGALURU,JAIPUR,False,False,20060.0,19748.0
2022-04-01,HYDERABAD – PUNE,23911.0,HYDERABAD,PUNE,False,False,11320.0,12591.0
2022-04-01,BENGALURU – THIRUVANANTHAPURAM,34533.0,BENGALURU,THIRUVANANTHAPURAM,False,False,17238.0,17295.0
2022-04-01,DELHI – UDAIPUR,28244.0,DELHI,UDAIPUR,False,False,13947.0,14297.0
2022-04-01,DELHI – JAMMU,84967.0,DELHI,JAMMU,False,False,42368.0,42599.0
2022-04-01,CHENNAI – KOCHI,36816.0,CHENNAI,KOCHI,False,False,18435.0,18381.0
2022-04-01,HYDERABAD – TIRUPATI,46214.0,HYDERABAD,TIRUPATI,False,False,23262.0,22952.0
2022-05-01,DELHI – MUMBAI,511400.0,DELHI,MUMBAI,False,False,257349.0,254051.0
2022-05-01,BENGALURU – DELHI,355124.0,BENGALURU,DELHI,False,False,165452.0,189672.0
2022-05-01,BENGALURU – MUMBAI,273611.0,BENGALURU,MUMBAI,False,False,126806.0,146805.0
2022-05-01,DELHI – HYDERABAD,221542.0,DELHI,HYDERABAD,False,False,115216.0,106326.0
2022-05-01,DELHI – KOLKATA,228940.0,DELHI,KOLKATA,False,False,117834.0,111106.0
2022-05-01,DELHI – PUNE,210059.0,DELHI,PUNE,False,False,107142.0,102917.0
2022-05-01,AHMEDABAD – DELHI,180690.0,AHMEDABAD,DELHI,False,False,93291.0,87399.0
2022-05-01,CHENNAI – MUMBAI,139251.0,CHENNAI,MUMBAI,False,False,67031.0,72220.0
2022-05-01,KOLKATA – MUMBAI,138288.0,KOLKATA,MUMBAI,False,False,69397.0,68891.0
2022-05-01,HYDERABAD – MUMBAI,134805.0,HYDERABAD,MUMBAI,False,False,65501.0,69304.0
2022-05-01,CHENNAI – DELHI,166338.0,CHENNAI,DELHI,False,False,78095.0,88243.0
2022-05-01,BENGALURU – HYDERABAD,129276.0,BENGALURU,HYDERABAD,False,False,61141.0,68135.0
2022-05-01,BENGALURU – KOLKATA,164126.0,BENGALURU,KOLKATA,False,False,77445.0,86681.0
2022-05-01,AHMEDABAD – MUMBAI,110026.0,AHMEDABAD,MUMBAI,False,False,58395.0,51631.0
2022-05-01,DELHI – SRINAGAR,300964.0,DELHI,SRINAGAR,False,False,156583.0,144381.0
2022-05-01,BENGALURU – PUNE,98832.0,BENGALURU,PUNE,False,False,46483.0,52349.0
2022-05-01,DELHI – GUWAHATI,110265.0,DELHI,GUWAHATI,False,False,55032.0,55233.0
2022-05-01,DELHI – PATNA,140312.0,DELHI,PATNA,False,False,70609.0,69703.0
2022-05-01,BENGALURU – CHENNAI,68223.0,BENGALURU,CHENNAI,False,False,31665.0,36558.0
2022-05-01,DELHI – LUCKNOW,91556.0,DELHI,LUCKNOW,False,False,46238.0,45318.0
2022-05-01,CHENNAI – HYDERABAD,86142.0,CHENNAI,HYDERABAD,False,False,41854.0,44288.0
2022-05-01,BENGALURU – KOCHI,86613.0,BENGALURU,KOCHI,False,False,45677.0,40936.0
2022-05-01,KOCHI – MUMBAI,71732.0,KOCHI,MUMBAI,False,False,35313.0,36419.0
2022-05-01,BAGDOGRA – DELHI,93025.0,BAGDOGRA,DELHI,False,False,43864.0,49161.0
2022-05-01,BHUBANESWAR – DELHI,75287.0,BHUBANESWAR,DELHI,False,False,36976.0,38311.0
2022-05-01,AHMEDABAD – BENGALURU,71932.0,AHMEDABAD,BENGALURU,False,False,38170.0,33762.0
2022-05-01,JAIPUR – MUMBAI,74402.0,JAIPUR,MUMBAI,False,False,38547.0,35855.0
2022-05-01,CHENNAI – KOLKATA,92178.0,CHENNAI,KOLKATA,False,False,45043.0,47135.0
2022-05-01,DELHI – INDORE,62481.0,DELHI,INDORE,False,False,30815.0,31666.0
2022-05-01,AMRITSAR – DELHI,57034.0,AMRITSAR,DELHI,False,False,29288.0,27746.0
2022-05-01,HYDERABAD – VISAKHAPATNAM,59820.0,HYDERABAD,VISAKHAPATNAM,False,False,30057.0,29763.0
2022-05-01,HYDERABAD – KOLKATA,80714.0,HYDERABAD,KOLKATA,False,False,40729.0,39985.0
2022-05-01,DELHI – VARANASI,62370.0,DELHI,VARANASI,False,False,34385.0,27985.0
2022-05-01,GUWAHATI – KOLKATA,82097.0,GUWAHATI,KOLKATA,False,False,39569.0,42528.0
2022-05-01,LUCKNOW – MUMBAI,67631.0,LUCKNOW,MUMBAI,False,False,31843.0,35788.0
2022-05-01,DELHI – KOCHI,80791.0,DELHI,KOCHI,False,False,41691.0,39100.0
2022-05-01,MUMBAI – VARANASI,63383.0,MUMBAI,VARANASI,False,False,32505.0,30878.0
2022-05-01,DELHI – RANCHI,76473.0,DELHI,RANCHI,False,False,38140.0,38333.0
2022-05-01,CHANDIGARH – DELHI,67944.0,CHANDIGARH,DELHI,False,False,34116.0,33828.0
2022-05-01,CHENNAI – COIMBATORE,62886.0,CHENNAI,COIMBATORE,False,False,32581.0,30305.0
2022-05-01,DELHI – RAIPUR,62583.0,DELHI,RAIPUR,False,False,30857.0,31726.0
2022-05-01,AGARTALA – KOLKATA,84050.0,AGARTALA,KOLKATA,False,False,43215.0,40835.0
2022-05-01,BENGALURU – MANGALURU,41689.0,BENGALURU,MANGALURU,False,False,19850.0,21839.0
2022-05-01,DELHI – LEH,111115.0,DELHI,LEH,False,False,60408.0,50707.0
2022-05-01,BENGALURU – BHUBANESWAR,44045.0,BENGALURU,BHUBANESWAR,False,False,18388.0,25657.0
2022-05-01,BENGALURU – VARANASI,29223.0,BENGALURU,VARANASI,False,False,12391.0,16832.0
2022-05-01,BENGALURU – LUCKNOW,41424.0,BENGALURU,LUCKNOW,False,False,18455.0,22969.0
2022-05-01,CHENNAI – PUNE,47957.0,CHENNAI,PUNE,False,False,23638.0,24319.0
2022-05-01,MUMBAI – NAGPUR,65863.0,MUMBAI,NAGPUR,False,False,30726.0,35137.0
2022-05-01,INDORE – MUMBAI,45274.0,INDORE,MUMBAI,False,False,22442.0,22832.0
2022-05-01,DELHI – NAGPUR,53136.0,DELHI,NAGPUR,False,False,26300.0,26836.0
2022-05-01,BENGALURU – GUWAHATI,45200.0,BENGALURU,GUWAHATI,False,False,19605.0,25595.0
2022-05-01,HYDERABAD – KOCHI,34944.0,HYDERABAD,KOCHI,False,False,17839.0,17105.0
2022-05-01,BENGALURU – JAIPUR,41534.0,BENGALURU,JAIPUR,False,False,18498.0,23036.0
2022-05-01,HYDERABAD – PUNE,26440.0,HYDERABAD,PUNE,False,False,12444.0,13996.0
2022-05-01,BENGALURU – THIRUVANANTHAPURAM,41209.0,BENGALURU,THIRUVANANTHAPURAM,False,False,20305.0,20904.0
2022-05-01,DELHI – UDAIPUR,25977.0,DELHI,UDAIPUR,False,False,12836.0,13141.0
2022-05-01,DELHI – JAMMU,82468.0,DELHI,JAMMU,False,False,38809.0,43659.0
2022-05-01,CHENNAI – KOCHI,42332.0,CHENNAI,KOCHI,False,False,21462.0,20870.0
2022-05-01,HYDERABAD – TIRUPATI,46311.0,HYDERABAD,TIRUPATI,False,False,22907.0,23404.0
2022-06-01,DELHI – MUMBAI,405097.0,DELHI,MUMBAI,False,False,220435.0,184662.0
2022-06-01,BENGALURU – DELHI,338559.0,BENGALURU,DELHI,False,False,162580.0,175979.0
2022-06-01,BENGALURU – MUMBAI,229255.0,BENGALURU,MUMBAI,False,False,114881.0,114374.0
2022-06-01,DELHI – HYDERABAD,202534.0,DELHI,HYDERABAD,False,False,109543.0,92991.0
2022-06-01,DELHI – KOLKATA,219096.0,DELHI,KOLKATA,False,False,120274.0,98822.0
2022-06-01,DELHI – PUNE,180956.0,DELHI,PUNE,False,False,98654.0,82302.0
2022-06-01,AHMEDABAD – DELHI,140169.0,AHMEDABAD,DELHI,False,False,62593.0,77576.0
2022-06-01,CHENNAI – MUMBAI,134812.0,CHENNAI,MUMBAI,False,False,66582.0,68230.0
2022-06-01,KOLKATA – MUMBAI,119800.0,KOLKATA,MUMBAI,False,False,61093.0,58707.0
2022-06-01,HYDERABAD – MUMBAI,132701.0,HYDERABAD,MUMBAI,False,False,63730.0,68971.0
2022-06-01,CHENNAI – DELHI,158931.0,CHENNAI,DELHI,False,False,75439.0,83492.0
2022-06-01,BENGALURU – HYDERABAD,122342.0,BENGALURU,HYDERABAD,False,False,62705.0,59637.0
2022-06-01,BENGALURU – KOLKATA,140790.0,BENGALURU,KOLKATA,False,False,72111.0,68679.0
2022-06-01,AHMEDABAD – MUMBAI,95962.0,AHMEDABAD,MUMBAI,False,False,48280.0,47682.0
2022-06-01,DELHI – SRINAGAR,290460.0,DELHI,SRINAGAR,False,False,147395.0,143065.0
2022-06-01,BENGALURU – PUNE,84968.0,BENGALURU,PUNE,False,False,43245.0,41723.0
2022-06-01,DELHI – GUWAHATI,106780.0,DELHI,GUWAHATI,False,False,53555.0,53225.0
2022-06-01,DELHI – PATNA,140371.0,DELHI,PATNA,False,False,68285.0,72086.0
2022-06-01,BENGALURU – CHENNAI,65089.0,BENGALURU,CHENNAI,False,False,32228.0,32861.0
2022-06-01,DELHI – LUCKNOW,92026.0,DELHI,LUCKNOW,False,False,43095.0,48931.0
2022-06-01,CHENNAI – HYDERABAD,85242.0,CHENNAI,HYDERABAD,False,False,44241.0,41001.0
2022-06-01,BENGALURU – KOCHI,69179.0,BENGALURU,KOCHI,False,False,32975.0,36204.0
2022-06-01,KOCHI – MUMBAI,58747.0,KOCHI,MUMBAI,False,False,30301.0,28446.0
2022-06-01,BAGDOGRA – DELHI,89241.0,BAGDOGRA,DELHI,False,False,42932.0,46309.0
2022-06-01,BHUBANESWAR – DELHI,80697.0,BHUBANESWAR,DELHI,False,False,37873.0,42824.0
2022-06-01,AHMEDABAD – BENGALURU,55776.0,AHMEDABAD,BENGALURU,False,False,27615.0,28161.0
2022-06-01,JAIPUR – MUMBAI,64201.0,JAIPUR,MUMBAI,False,False,33244.0,30957.0
2022-06-01,CHENNAI – KOLKATA,80009.0,CHENNAI,KOLKATA,False,False,41061.0,38948.0
2022-06-01,DELHI – INDORE,57839.0,DELHI,INDORE,False,False,31120.0,26719.0
2022-06-01,AMRITSAR – DELHI,51369.0,AMRITSAR,DELHI,False,False,27072.0,24297.0
2022-06-01,HYDERABAD – VISAKHAPATNAM,63407.0,HYDERABAD,VISAKHAPATNAM,False,False,32151.0,31256.0
2022-06-01,HYDERABAD – KOLKATA,70293.0,HYDERABAD,KOLKATA,False,False,35335.0,34958.0
2022-06-01,DELHI – VARANASI,58539.0,DELHI,VARANASI,False,False,29031.0,29508.0
2022-06-01,GUWAHATI – KOLKATA,67988.0,GUWAHATI,KOLKATA,False,False,34588.0,33400.0
2022-06-01,LUCKNOW – MUMBAI,59180.0,LUCKNOW,MUMBAI,False,False,33552.0,25628.0
2022-06-01,DELHI – KOCHI,75229.0,DELHI,KOCHI,False,False,38597.0,36632.0
2022-06-01,MUMBAI – VARANASI,51547.0,MUMBAI,VARANASI,False,False,22605.0,28942.0
2022-06-01,DELHI – RANCHI,75917.0,DELHI,RANCHI,False,False,40002.0,35915.0
2022-06-01,CHANDIGARH – DELHI,62618.0,CHANDIGARH,DELHI,False,False,32309.0,30309.0
2022-06-01,CHENNAI – COIMBATORE,62789.0,CHENNAI,COIMBATORE,False,False,31258.0,31531.0
2022-06-01,DELHI – RAIPUR,63582.0,DELHI,RAIPUR,False,False,33621.0,29961.0
2022-06-01,AGARTALA – KOLKATA,70119.0,AGARTALA,KOLKATA,False,False,34670.0,35449.0
2022-06-01,BENGALURU – MANGALURU,34006.0,BENGALURU,MANGALURU,False,False,16506.0,17500.0
2022-06-01,DELHI – LEH,108159.0,DELHI,LEH,False,False,56960.0,51199.0
2022-06-01,BENGALURU – BHUBANESWAR,42421.0,BENGALURU,BHUBANESWAR,False,False,20830.0,21591.0
2022-06-01,BENGALURU – VARANASI,27512.0,BENGALURU,VARANASI,False,False,10321.0,17191.0
2022-06-01,BENGALURU – LUCKNOW,37228.0,BENGALURU,LUCKNOW,False,False,17062.0,20166.0
2022-06-01,CHENNAI – PUNE,46478.0,CHENNAI,PUNE,False,False,23780.0,22698.0
2022-06-01,MUMBAI – NAGPUR,58391.0,MUMBAI,NAGPUR,False,False,27370.0,31021.0
2022-06-01,INDORE – MUMBAI,44995.0,INDORE,MUMBAI,False,False,22596.0,22399.0
2022-06-01,DELHI – NAGPUR,48057.0,DELHI,NAGPUR,False,False,26140.0,21917.0
2022-06-01,BENGALURU – GUWAHATI,36801.0,BENGALURU,GUWAHATI,False,False,16624.0,20177.0
2022-06-01,HYDERABAD – KOCHI,35299.0,HYDERABAD,KOCHI,False,False,17724.0,17575.0
2022-06-01,BENGALURU – JAIPUR,39630.0,BENGALURU,JAIPUR,False,False,19382.0,20248.0
2022-06-01,HYDERABAD – PUNE,29066.0,HYDERABAD,PUNE,False,False,14360.0,14706.0
2022-06-01,BENGALURU – THIRUVANANTHAPURAM,31614.0,BENGALURU,THIRUVANANTHAPURAM,False,False,15278.0,16336.0
2022-06-01,DELHI – UDAIPUR,27551.0,DELHI,UDAIPUR,False,False,14232.0,13319.0
2022-06-01,DELHI – JAMMU,73061.0,DELHI,JAMMU,False,False,34022.0,39039.0
2022-06-01,CHENNAI – KOCHI,38345.0,CHENNAI,KOCHI,False,False,18983.0,19362.0
2022-06-01,HYDERABAD – TIRUPATI,46628.0,HYDERABAD,TIRUPATI,False,False,23093.0,23535.0
2022-07-01,DELHI – MUMBAI,373704.0,DELHI,MUMBAI,False,False,188988.0,184716.0
2022-07-01,BENGALURU – DELHI,343352.0,BENGALURU,DELHI,False,False,169558.0,173794.0
2022-07-01,BENGALURU – MUMBAI,231007.0,BENGALURU,MUMBAI,False,False,112750.0,118257.0
2022-07-01,DELHI – HYDERABAD,214800.0,DELHI,HYDERABAD,False,False,108301.0,106499.0
2022-07-01,DELHI – KOLKATA,200475.0,DELHI,KOLKATA,False,False,103244.0,97231.0
2022-07-01,DELHI – PUNE,171128.0,DELHI,PUNE,False,False,88473.0,82655.0
2022-07-01,AHMEDABAD – DELHI,122633.0,AHMEDABAD,DELHI,False,False,60981.0,61652.0
2022-07-01,CHENNAI – MUMBAI,130623.0,CHENNAI,MUMBAI,False,False,63919.0,66704.0
2022-07-01,KOLKATA – MUMBAI,119318.0,KOLKATA,MUMBAI,False,False,58771.0,60547.0
2022-07-01,HYDERABAD – MUMBAI,128296.0,HYDERABAD,MUMBAI,False,False,63197.0,65099.0
2022-07-01,CHENNAI – DELHI,163788.0,CHENNAI,DELHI,False,False,80898.0,82890.0
2022-07-01,BENGALURU – HYDERABAD,116247.0,BENGALURU,HYDERABAD,False,False,58000.0,58247.0
2022-07-01,BENGALURU – KOLKATA,135368.0,BENGALURU,KOLKATA,False,False,68218.0,67150.0
2022-07-01,AHMEDABAD – MUMBAI,91648.0,AHMEDABAD,MUMBAI,False,False,47390.0,44258.0
2022-07-01,DELHI – SRINAGAR,260211.0,DELHI,SRINAGAR,False,False,129341.0,130870.0
2022-07-01,BENGALURU – PUNE,93282.0,BENGALURU,PUNE,False,False,45256.0,48026.0
2022-07-01,DELHI – GUWAHATI,120690.0,DELHI,GUWAHATI,False,False,59693.0,60997.0
2022-07-01,DELHI – PATNA,116347.0,DELHI,PATNA,False,False,58077.0,58270.0
2022-07-01,BENGALURU – CHENNAI,61951.0,BENGALURU,CHENNAI,False,False,29978.0,31973.0
2022-07-01,DELHI – LUCKNOW,85634.0,DELHI,LUCKNOW,False,False,41793.0,43841.0
2022-07-01,CHENNAI – HYDERABAD,85948.0,CHENNAI,HYDERABAD,False,False,43476.0,42472.0
2022-07-01,BENGALURU – KOCHI,77339.0,BENGALURU,KOCHI,False,False,36562.0,40777.0
2022-07-01,KOCHI – MUMBAI,54818.0,KOCHI,MUMBAI,False,False,26930.0,27888.0
2022-07-01,BAGDOGRA – DELHI,76533.0,BAGDOGRA,DELHI,False,False,39416.0,37117.0
2022-07-01,BHUBANESWAR – DELHI,68428.0,BHUBANESWAR,DELHI,False,False,34837.0,33591.0
2022-07-01,AHMEDABAD – BENGALURU,50058.0,AHMEDABAD,BENGALURU,False,False,24961.0,25097.0
2022-07-01,JAIPUR – MUMBAI,63201.0,JAIPUR,MUMBAI,False,False,31404.0,31797.0
2022-07-01,CHENNAI – KOLKATA,73123.0,CHENNAI,KOLKATA,False,False,37647.0,35476.0
2022-07-01,DELHI – INDORE,50866.0,DELHI,INDORE,False,False,26078.0,24788.0
2022-07-01,AMRITSAR – DELHI,51880.0,AMRITSAR,DELHI,False,False,25721.0,26159.0
2022-07-01,HYDERABAD – VISAKHAPATNAM,54798.0,HYDERABAD,VISAKHAPATNAM,False,False,28212.0,26586.0
2022-07-01,HYDERABAD – KOLKATA,68595.0,HYDERABAD,KOLKATA,False,False,34371.0,34224.0
2022-07-01,DELHI – VARANASI,47015.0,DELHI,VARANASI,False,False,23523.0,23492.0
2022-07-01,GUWAHATI – KOLKATA,72572.0,GUWAHATI,KOLKATA,False,False,35680.0,36892.0
2022-07-01,LUCKNOW – MUMBAI,48507.0,LUCKNOW,MUMBAI,False,False,23723.0,24784.0
2022-07-01,DELHI – KOCHI,70018.0,DELHI,KOCHI,False,False,34795.0,35223.0
2022-07-01,MUMBAI – VARANASI,37181.0,MUMBAI,VARANASI,False,False,19364.0,17817.0
2022-07-01,DELHI – RANCHI,62318.0,DELHI,RANCHI,False,False,30695.0,31623.0
2022-07-01,CHANDIGARH – DELHI,57109.0,CHANDIGARH,DELHI,False,False,28261.0,28848.0
2022-07-01,CHENNAI – COIMBATORE,61531.0,CHENNAI,COIMBATORE,False,False,31069.0,30462.0
2022-07-01,DELHI – RAIPUR,55206.0,DELHI,RAIPUR,False,False,27119.0,28087.0
2022-07-01,AGARTALA – KOLKATA,74842.0,AGARTALA,KOLKATA,False,False,39576.0,35266.0
2022-07-01,BENGALURU – MANGALURU,36146.0,BENGALURU,MANGALURU,False,False,18386.0,17760.0
2022-07-01,DELHI – LEH,123294.0,DELHI,LEH,False,False,58515.0,64779.0
2022-07-01,BENGALURU – BHUBANESWAR,41695.0,BENGALURU,BHUBANESWAR,False,False,18999.0,22696.0
2022-07-01,BENGALURU – VARANASI,23120.0,BENGALURU,VARANASI,False,False,10576.0,12544.0
2022-07-01,BENGALURU – LUCKNOW,35282.0,BENGALURU,LUCKNOW,False,False,15889.0,19393.0
2022-07-01,CHENNAI – PUNE,43129.0,CHENNAI,PUNE,False,False,21225.0,21904.0
2022-07-01,MUMBAI – NAGPUR,51116.0,MUMBAI,NAGPUR,False,False,24737.0,26379.0
2022-07-01,INDORE – MUMBAI,45969.0,INDORE,MUMBAI,False,False,23233.0,22736.0
2022-07-01,DELHI – NAGPUR,35782.0,DELHI,NAGPUR,False,False,17881.0,17901.0
2022-07-01,BENGALURU – GUWAHATI,31769.0,BENGALURU,GUWAHATI,False,False,15919.0,15850.0
2022-07-01,HYDERABAD – KOCHI,32971.0,HYDERABAD,KOCHI,False,False,17293.0,15678.0
2022-07-01,BENGALURU – JAIPUR,38515.0,BENGALURU,JAIPUR,False,False,19278.0,19237.0
2022-07-01,HYDERABAD – PUNE,34553.0,HYDERABAD,PUNE,False,False,17358.0,17195.0
2022-07-01,BENGALURU – THIRUVANANTHAPURAM,30685.0,BENGALURU,THIRUVANANTHAPURAM,False,False,15081.0,15604.0
2022-07-01,DELHI – UDAIPUR,31059.0,DELHI,UDAIPUR,False,False,15489.0,15570.0
2022-07-01,DELHI – JAMMU,63158.0,DELHI,JAMMU,False,False,29305.0,33853.0
2022-07-01,CHENNAI – KOCHI,35325.0,CHENNAI,KOCHI,False,False,17849.0,17476.0
2022-07-01,HYDERABAD – TIRUPATI,48802.0,HYDERABAD,TIRUPATI,False,False,24541.0,24261.0
2022-08-01,DELHI – MUMBAI,417207.0,DELHI,MUMBAI,False,False,213319.0,203888.0
2022-08-01,BENGALURU – DELHI,347501.0,BENGALURU,DELHI,False,False,172791.0,174710.0
2022-08-01,BENGALURU – MUMBAI,267365.0,BENGALURU,MUMBAI,False,False,135172.0,132193.0
2022-08-01,DELHI – HYDERABAD,222327.0,DELHI,HYDERABAD,False,False,106809.0,115518.0
2022-08-01,DELHI – KOLKATA,200533.0,DELHI,KOLKATA,False,False,99209.0,101324.0
2022-08-01,DELHI – PUNE,195134.0,DELHI,PUNE,False,False,101115.0,94019.0
2022-08-01,AHMEDABAD – DELHI,144771.0,AHMEDABAD,DELHI,False,False,70771.0,74000.0
2022-08-01,CHENNAI – MUMBAI,157869.0,CHENNAI,MUMBAI,False,False,80680.0,77189.0
2022-08-01,KOLKATA – MUMBAI,128759.0,KOLKATA,MUMBAI,False,False,66975.0,61784.0
2022-08-01,HYDERABAD – MUMBAI,140609.0,HYDERABAD,MUMBAI,False,False,75101.0,65508.0
2022-08-01,CHENNAI – DELHI,167816.0,CHENNAI,DELHI,False,False,85556.0,82260.0
2022-08-01,BENGALURU – HYDERABAD,124630.0,BENGALURU,HYDERABAD,False,False,61089.0,63541.0
2022-08-01,BENGALURU – KOLKATA,132430.0,BENGALURU,KOLKATA,False,False,64156.0,68274.0
2022-08-01,AHMEDABAD – MUMBAI,135300.0,AHMEDABAD,MUMBAI,False,False,70629.0,64671.0
2022-08-01,DELHI – SRINAGAR,203373.0,DELHI,SRINAGAR,False,False,97144.0,106229.0
2022-08-01,BENGALURU – PUNE,113730.0,BENGALURU,PUNE,False,False,56104.0,57626.0
2022-08-01,DELHI – GUWAHATI,109780.0,DELHI,GUWAHATI,False,False,54259.0,55521.0
2022-08-01,DELHI – PATNA,118461.0,DELHI,PATNA,False,False,58530.0,59931.0
2022-08-01,BENGALURU – CHENNAI,64787.0,BENGALURU,CHENNAI,False,False,31602.0,33185.0
2022-08-01,DELHI – LUCKNOW,103403.0,DELHI,LUCKNOW,False,False,49217.0,54186.0
2022-08-01,CHENNAI – HYDERABAD,81666.0,CHENNAI,HYDERABAD,False,False,40300.0,41366.0
2022-08-01,BENGALURU – KOCHI,101054.0,BENGALURU,KOCHI,False,False,51480.0,49574.0
2022-08-01,KOCHI – MUMBAI,64365.0,KOCHI,MUMBAI,False,False,34126.0,30239.0
2022-08-01,BAGDOGRA – DELHI,76616.0,BAGDOGRA,DELHI,False,False,39217.0,37399.0
2022-08-01,BHUBANESWAR – DELHI,70223.0,BHUBANESWAR,DELHI,False,False,35262.0,34961.0
2022-08-01,AHMEDABAD – BENGALURU,61198.0,AHMEDABAD,BENGALURU,False,False,29913.0,31285.0
2022-08-01,JAIPUR – MUMBAI,69567.0,JAIPUR,MUMBAI,False,False,34457.0,35110.0
2022-08-01,CHENNAI – KOLKATA,71639.0,CHENNAI,KOLKATA,False,False,34390.0,37249.0
2022-08-01,DELHI – INDORE,54167.0,DELHI,INDORE,False,False,27288.0,26879.0
2022-08-01,AMRITSAR – DELHI,57078.0,AMRITSAR,DELHI,False,False,28017.0,29061.0
2022-08-01,HYDERABAD – VISAKHAPATNAM,62958.0,HYDERABAD,VISAKHAPATNAM,False,False,31470.0,31488.0
2022-08-01,HYDERABAD – KOLKATA,64397.0,HYDERABAD,KOLKATA,False,False,32669.0,31728.0
2022-08-01,DELHI – VARANASI,48315.0,DELHI,VARANASI,False,False,23877.0,24438.0
2022-08-01,GUWAHATI – KOLKATA,61544.0,GUWAHATI,KOLKATA,False,False,30058.0,31486.0
2022-08-01,LUCKNOW – MUMBAI,49007.0,LUCKNOW,MUMBAI,False,False,25271.0,23736.0
2022-08-01,DELHI – KOCHI,70246.0,DELHI,KOCHI,False,False,35341.0,34905.0
2022-08-01,MUMBAI – VARANASI,40463.0,MUMBAI,VARANASI,False,False,19904.0,20559.0
2022-08-01,DELHI – RANCHI,62209.0,DELHI,RANCHI,False,False,30669.0,31540.0
2022-08-01,CHANDIGARH – DELHI,60695.0,CHANDIGARH,DELHI,False,False,29706.0,30989.0
2022-08-01,CHENNAI – COIMBATORE,67192.0,CHENNAI,COIMBATORE,False,False,34480.0,32712.0
2022-08-01,DELHI – RAIPUR,54907.0,DELHI,RAIPUR,False,False,27319.0,27588.0
2022-08-01,AGARTALA – KOLKATA,68998.0,AGARTALA,KOLKATA,False,False,36747.0,32251.0
2022-08-01,BENGALURU – MANGALURU,39777.0,BENGALURU,MANGALURU,False,False,20345.0,19432.0
2022-08-01,DELHI – LEH,107432.0,DELHI,LEH,False,False,52647.0,54785.0
2022-08-01,BENGALURU – BHUBANESWAR,39138.0,BENGALURU,BHUBANESWAR,False,False,18208.0,20930.0
2022-08-01,BENGALURU – VARANASI,20519.0,BENGALURU,VARANASI,False,False,9514.0,11005.0
2022-08-01,BENGALURU – LUCKNOW,42222.0,BENGALURU,LUCKNOW,False,False,19420.0,22802.0
2022-08-01,CHENNAI – PUNE,43499.0,CHENNAI,PUNE,False,False,21105.0,22394.0
2022-08-01,MUMBAI – NAGPUR,60596.0,MUMBAI,NAGPUR,False,False,29337.0,31259.0
2022-08-01,INDORE – MUMBAI,48034.0,INDORE,MUMBAI,False,False,24679.0,23355.0
2022-08-01,DELHI – NAGPUR,39162.0,DELHI,NAGPUR,False,False,19821.0,19341.0
2022-08-01,BENGALURU – GUWAHATI,32043.0,BENGALURU,GUWAHATI,False,False,13960.0,18083.0
2022-08-01,HYDERABAD – KOCHI,33999.0,HYDERABAD,KOCHI,False,False,18232.0,15767.0
2022-08-01,BENGALURU – JAIPUR,42607.0,BENGALURU,JAIPUR,False,False,20985.0,21622.0
2022-08-01,HYDERABAD – PUNE,40091.0,HYDERABAD,PUNE,False,False,20328.0,19763.0
2022-08-01,BENGALURU – THIRUVANANTHAPURAM,31770.0,BENGALURU,THIRUVANANTHAPURAM,False,False,15768.0,16002.0
2022-08-01,DELHI – UDAIPUR,33635.0,DELHI,UDAIPUR,False,False,16458.0,17177.0
2022-08-01,DELHI – JAMMU,64786.0,DELHI,JAMMU,False,False,31175.0,33611.0
2022-08-01,CHENNAI – KOCHI,36037.0,CHENNAI,KOCHI,False,False,18763.0,17274.0
2022-08-01,HYDERABAD – TIRUPATI,48956.0,HYDERABAD,TIRUPATI,False,False,24097.0,24859.0
2022-09-01,DELHI – MUMBAI,437993.0,DELHI,MUMBAI,False,False,216928.0,221065.0
2022-09-01,BENGALURU – DELHI,335307.0,BENGALURU,DELHI,False,False,175630.0,159677.0
2022-09-01,BENGALURU – MUMBAI,313345.0,BENGALURU,MUMBAI,False,False,160687.0,152658.0
2022-09-01,DELHI – HYDERABAD,209657.0,DELHI,HYDERABAD,False,False,98944.0,110713.0
2022-09-01,DELHI – KOLKATA,215167.0,DELHI,KOLKATA,False,False,112036.0,103131.0
2022-09-01,DELHI – PUNE,197360.0,DELHI,PUNE,False,False,95708.0,101652.0
2022-09-01,AHMEDABAD – DELHI,163407.0,AHMEDABAD,DELHI,False,False,80115.0,83292.0
2022-09-01,CHENNAI – MUMBAI,190283.0,CHENNAI,MUMBAI,False,False,103205.0,87078.0
2022-09-01,KOLKATA – MUMBAI,131938.0,KOLKATA,MUMBAI,False,False,64636.0,67302.0
2022-09-01,HYDERABAD – MUMBAI,145774.0,HYDERABAD,MUMBAI,False,False,77245.0,68529.0
2022-09-01,CHENNAI – DELHI,163565.0,CHENNAI,DELHI,False,False,86942.0,76623.0
2022-09-01,BENGALURU – HYDERABAD,129972.0,BENGALURU,HYDERABAD,False,False,65318.0,64654.0
2022-09-01,BENGALURU – KOLKATA,124101.0,BENGALURU,KOLKATA,False,False,67704.0,56397.0
2022-09-01,AHMEDABAD – MUMBAI,172630.0,AHMEDABAD,MUMBAI,False,False,85802.0,86828.0
2022-09-01,DELHI – SRINAGAR,204435.0,DELHI,SRINAGAR,False,False,102122.0,102313.0
2022-09-01,BENGALURU – PUNE,113931.0,BENGALURU,PUNE,False,False,56823.0,57108.0
2022-09-01,DELHI – GUWAHATI,114452.0,DELHI,GUWAHATI,False,False,57965.0,56487.0
2022-09-01,DELHI – PATNA,119934.0,DELHI,PATNA,False,False,62906.0,57028.0
2022-09-01,BENGALURU – CHENNAI,81843.0,BENGALURU,CHENNAI,False,False,39744.0,42099.0
2022-09-01,DELHI – LUCKNOW,110256.0,DELHI,LUCKNOW,False,False,54315.0,55941.0
2022-09-01,CHENNAI – HYDERABAD,79621.0,CHENNAI,HYDERABAD,False,False,39852.0,39769.0
2022-09-01,BENGALURU – KOCHI,141218.0,BENGALURU,KOCHI,False,False,69490.0,71728.0
2022-09-01,KOCHI – MUMBAI,66444.0,KOCHI,MUMBAI,False,False,35113.0,31331.0
2022-09-01,BAGDOGRA – DELHI,82304.0,BAGDOGRA,DELHI,False,False,39610.0,42694.0
2022-09-01,BHUBANESWAR – DELHI,75676.0,BHUBANESWAR,DELHI,False,False,37829.0,37847.0
2022-09-01,AHMEDABAD – BENGALURU,77629.0,AHMEDABAD,BENGALURU,False,False,37391.0,40238.0
2022-09-01,JAIPUR – MUMBAI,70163.0,JAIPUR,MUMBAI,False,False,34138.0,36025.0
2022-09-01,CHENNAI – KOLKATA,63896.0,CHENNAI,KOLKATA,False,False,32680.0,31216.0
2022-09-01,DELHI – INDORE,55635.0,DELHI,INDORE,False,False,27729.0,27906.0
2022-09-01,AMRITSAR – DELHI,65232.0,AMRITSAR,DELHI,False,False,30816.0,34416.0
2022-09-01,HYDERABAD – VISAKHAPATNAM,50832.0,HYDERABAD,VISAKHAPATNAM,False,False,24759.0,26073.0
2022-09-01,HYDERABAD – KOLKATA,67205.0,HYDERABAD,KOLKATA,False,False,37329.0,29876.0
2022-09-01,DELHI – VARANASI,56647.0,DELHI,VARANASI,False,False,29241.0,27406.0
2022-09-01,GUWAHATI – KOLKATA,66735.0,GUWAHATI,KOLKATA,False,False,32173.0,34562.0
2022-09-01,LUCKNOW – MUMBAI,54501.0,LUCKNOW,MUMBAI,False,False,25571.0,28930.0
2022-09-01,DELHI – KOCHI,73891.0,DELHI,KOCHI,False,False,34062.0,39829.0
2022-09-01,MUMBAI – VARANASI,43035.0,MUMBAI,VARANASI,False,False,23170.0,19865.0
2022-09-01,DELHI – RANCHI,58014.0,DELHI,RANCHI,False,False,29545.0,28469.0
2022-09-01,CHANDIGARH – DELHI,62823.0,CHANDIGARH,DELHI,False,False,30407.0,32416.0
2022-09-01,CHENNAI – COIMBATORE,69052.0,CHENNAI,COIMBATORE,False,False,34860.0,34192.0
2022-09-01,DELHI – RAIPUR,57577.0,DELHI,RAIPUR,False,False,27807.0,29770.0
2022-09-01,AGARTALA – KOLKATA,71823.0,AGARTALA,KOLKATA,False,False,35747.0,36076.0
2022-09-01,BENGALURU – MANGALURU,39818.0,BENGALURU,MANGALURU,False,False,19870.0,19948.0
2022-09-01,DELHI – LEH,84775.0,DELHI,LEH,False,False,40697.0,44078.0
2022-09-01,BENGALURU – BHUBANESWAR,42650.0,BENGALURU,BHUBANESWAR,False,False,22358.0,20292.0
2022-09-01,BENGALURU – VARANASI,22776.0,BENGALURU,VARANASI,False,False,12321.0,10455.0
2022-09-01,BENGALURU – LUCKNOW,44318.0,BENGALURU,LUCKNOW,False,False,23641.0,20677.0
2022-09-01,CHENNAI – PUNE,38575.0,CHENNAI,PUNE,False,False,18851.0,19724.0
2022-09-01,MUMBAI – NAGPUR,62253.0,MUMBAI,NAGPUR,False,False,29573.0,32680.0
2022-09-01,INDORE – MUMBAI,47844.0,INDORE,MUMBAI,False,False,24386.0,23458.0
2022-09-01,DELHI – NAGPUR,36216.0,DELHI,NAGPUR,False,False,17402.0,18814.0
2022-09-01,BENGALURU – GUWAHATI,27737.0,BENGALURU,GUWAHATI,False,False,14738.0,12999.0
2022-09-01,HYDERABAD – KOCHI,47858.0,HYDERABAD,KOCHI,False,False,25361.0,22497.0
2022-09-01,BENGALURU – JAIPUR,37951.0,BENGALURU,JAIPUR,False,False,19958.0,17993.0
2022-09-01,HYDERABAD – PUNE,36693.0,HYDERABAD,PUNE,False,False,19017.0,17676.0
2022-09-01,BENGALURU – THIRUVANANTHAPURAM,32996.0,BENGALURU,THIRUVANANTHAPURAM,False,False,16369.0,16627.0
2022-09-01,DELHI – UDAIPUR,34714.0,DELHI,UDAIPUR,False,False,17375.0,17339.0
2022-09-01,DELHI – JAMMU,76256.0,DELHI,JAMMU,False,False,38194.0,38062.0
2022-09-01,CHENNAI – KOCHI,39035.0,CHENNAI,KOCHI,False,False,19690.0,19345.0
2022-09-01,HYDERABAD – TIRUPATI,42573.0,HYDERABAD,TIRUPATI,False,False,21203.0,21370.0
2022-10-01,DELHI – MUMBAI,451952.0,DELHI,MUMBAI,False,False,208688.0,243264.0
2022-10-01,BENGALURU – DELHI,366823.0,BENGALURU,DELHI,False,False,191082.0,175741.0
2022-10-01,BENGALURU – MUMBAI,320765.0,BENGALURU,MUMBAI,False,False,156864.0,163901.0
2022-10-01,DELHI – HYDERABAD,213075.0,DELHI,HYDERABAD,False,False,105267.0,107808.0
2022-10-01,DELHI – KOLKATA,256124.0,DELHI,KOLKATA,False,False,133758.0,122366.0
2022-10-01,DELHI – PUNE,200977.0,DELHI,PUNE,False,False,91892.0,109085.0
2022-10-01,AHMEDABAD – DELHI,183344.0,AHMEDABAD,DELHI,False,False,97758.0,85586.0
2022-10-01,CHENNAI – MUMBAI,189154.0,CHENNAI,MUMBAI,False,False,91036.0,98118.0
2022-10-01,KOLKATA – MUMBAI,133492.0,KOLKATA,MUMBAI,False,False,61758.0,71734.0
2022-10-01,HYDERABAD – MUMBAI,140013.0,HYDERABAD,MUMBAI,False,False,66839.0,73174.0
2022-10-01,CHENNAI – DELHI,149267.0,CHENNAI,DELHI,False,False,76149.0,73118.0
2022-10-01,BENGALURU – HYDERABAD,136471.0,BENGALURU,HYDERABAD,False,False,70114.0,66357.0
2022-10-01,BENGALURU – KOLKATA,175266.0,BENGALURU,KOLKATA,False,False,93565.0,81701.0
2022-10-01,AHMEDABAD – MUMBAI,168199.0,AHMEDABAD,MUMBAI,False,False,84406.0,83793.0
2022-10-01,DELHI – SRINAGAR,234177.0,DELHI,SRINAGAR,False,False,113218.0,120959.0
2022-10-01,BENGALURU – PUNE,120387.0,BENGALURU,PUNE,False,False,57015.0,63372.0
2022-10-01,DELHI – GUWAHATI,136910.0,DELHI,GUWAHATI,False,False,67085.0,69825.0
2022-10-01,DELHI – PATNA,114022.0,DELHI,PATNA,False,False,65636.0,48386.0
2022-10-01,BENGALURU – CHENNAI,94954.0,BENGALURU,CHENNAI,False,False,47760.0,47194.0
2022-10-01,DELHI – LUCKNOW,122020.0,DELHI,LUCKNOW,False,False,65939.0,56081.0
2022-10-01,CHENNAI – HYDERABAD,90434.0,CHENNAI,HYDERABAD,False,False,44875.0,45559.0
2022-10-01,BENGALURU – KOCHI,140724.0,BENGALURU,KOCHI,False,False,70290.0,70434.0
2022-10-01,KOCHI – MUMBAI,51958.0,KOCHI,MUMBAI,False,False,24803.0,27155.0
2022-10-01,BAGDOGRA – DELHI,95212.0,BAGDOGRA,DELHI,False,False,44291.0,50921.0
2022-10-01,BHUBANESWAR – DELHI,86893.0,BHUBANESWAR,DELHI,False,False,41234.0,45659.0
2022-10-01,AHMEDABAD – BENGALURU,91381.0,AHMEDABAD,BENGALURU,False,False,46782.0,44599.0
2022-10-01,JAIPUR – MUMBAI,80838.0,JAIPUR,MUMBAI,False,False,35935.0,44903.0
2022-10-01,CHENNAI – KOLKATA,67759.0,CHENNAI,KOLKATA,False,False,35398.0,32361.0
2022-10-01,DELHI – INDORE,63877.0,DELHI,INDORE,False,False,32165.0,31712.0
2022-10-01,AMRITSAR – DELHI,68692.0,AMRITSAR,DELHI,False,False,32857.0,35835.0
2022-10-01,HYDERABAD – VISAKHAPATNAM,54686.0,HYDERABAD,VISAKHAPATNAM,False,False,27605.0,27081.0
2022-10-01,HYDERABAD – KOLKATA,84631.0,HYDERABAD,KOLKATA,False,False,45198.0,39433.0
2022-10-01,DELHI – VARANASI,59787.0,DELHI,VARANASI,False,False,31683.0,28104.0
2022-10-01,GUWAHATI – KOLKATA,89103.0,GUWAHATI,KOLKATA,False,False,43385.0,45718.0
2022-10-01,LUCKNOW – MUMBAI,60499.0,LUCKNOW,MUMBAI,False,False,24523.0,35976.0
2022-10-01,DELHI – KOCHI,77336.0,DELHI,KOCHI,False,False,36428.0,40908.0
2022-10-01,MUMBAI – VARANASI,52578.0,MUMBAI,VARANASI,False,False,30667.0,21911.0
2022-10-01,DELHI – RANCHI,78840.0,DELHI,RANCHI,False,False,42418.0,36422.0
2022-10-01,CHANDIGARH – DELHI,62530.0,CHANDIGARH,DELHI,False,False,30397.0,32133.0
2022-10-01,CHENNAI – COIMBATORE,65731.0,CHENNAI,COIMBATORE,False,False,33047.0,32684.0
2022-10-01,DELHI – RAIPUR,61071.0,DELHI,RAIPUR,False,False,31028.0,30043.0
2022-10-01,AGARTALA – KOLKATA,72502.0,AGARTALA,KOLKATA,False,False,39460.0,33042.0
2022-10-01,BENGALURU – MANGALURU,42873.0,BENGALURU,MANGALURU,False,False,21138.0,21735.0
2022-10-01,DELHI – LEH,68648.0,DELHI,LEH,False,False,28754.0,39894.0
2022-10-01,BENGALURU – BHUBANESWAR,54022.0,BENGALURU,BHUBANESWAR,False,False,28510.0,25512.0
2022-10-01,BENGALURU – VARANASI,30475.0,BENGALURU,VARANASI,False,False,16935.0,13540.0
2022-10-01,BENGALURU – LUCKNOW,46197.0,BENGALURU,LUCKNOW,False,False,25684.0,20513.0
2022-10-01,CHENNAI – PUNE,37949.0,CHENNAI,PUNE,False,False,17914.0,20035.0
2022-10-01,MUMBAI – NAGPUR,57434.0,MUMBAI,NAGPUR,False,False,30154.0,27280.0
2022-10-01,INDORE – MUMBAI,43073.0,INDORE,MUMBAI,False,False,20108.0,22965.0
2022-10-01,DELHI – NAGPUR,30444.0,DELHI,NAGPUR,False,False,14862.0,15582.0
2022-10-01,BENGALURU – GUWAHATI,52044.0,BENGALURU,GUWAHATI,False,False,27273.0,24771.0
2022-10-01,HYDERABAD – KOCHI,42045.0,HYDERABAD,KOCHI,False,False,20731.0,21314.0
2022-10-01,BENGALURU – JAIPUR,41047.0,BENGALURU,JAIPUR,False,False,22187.0,18860.0
2022-10-01,HYDERABAD – PUNE,41043.0,HYDERABAD,PUNE,False,False,18634.0,22409.0
2022-10-01,BENGALURU – THIRUVANANTHAPURAM,30874.0,BENGALURU,THIRUVANANTHAPURAM,False,False,14775.0,16099.0
2022-10-01,DELHI – UDAIPUR,40707.0,DELHI,UDAIPUR,False,False,19784.0,20923.0
2022-10-01,DELHI – JAMMU,68872.0,DELHI,JAMMU,False,False,34851.0,34021.0
2022-10-01,CHENNAI – KOCHI,41965.0,CHENNAI,KOCHI,False,False,20467.0,21498.0
2022-10-01,HYDERABAD – TIRUPATI,41605.0,HYDERABAD,TIRUPATI,False,False,20652.0,20953.0
2022-11-01,DELHI – MUMBAI,493998.0,DELHI,MUMBAI,False,False,259241.0,234757.0
2022-11-01,BENGALURU – DELHI,402778.0,BENGALURU,DELHI,False,False,194739.0,208039.0
2022-11-01,BENGALURU – MUMBAI,338194.0,BENGALURU,MUMBAI,False,False,169506.0,168688.0
2022-11-01,DELHI – HYDERABAD,213510.0,DELHI,HYDERABAD,False,False,110402.0,103108.0
2022-11-01,DELHI – KOLKATA,225925.0,DELHI,KOLKATA,False,False,115176.0,110749.0
2022-11-01,DELHI – PUNE,221576.0,DELHI,PUNE,False,False,116754.0,104822.0
2022-11-01,AHMEDABAD – DELHI,197440.0,AHMEDABAD,DELHI,False,False,94535.0,102905.0
2022-11-01,CHENNAI – MUMBAI,197504.0,CHENNAI,MUMBAI,False,False,101670.0,95834.0
2022-11-01,KOLKATA – MUMBAI,128629.0,KOLKATA,MUMBAI,False,False,65164.0,63465.0
2022-11-01,HYDERABAD – MUMBAI,136880.0,HYDERABAD,MUMBAI,False,False,69517.0,67363.0
2022-11-01,CHENNAI – DELHI,160908.0,CHENNAI,DELHI,False,False,78577.0,82331.0
2022-11-01,BENGALURU – HYDERABAD,156205.0,BENGALURU,HYDERABAD,False,False,75235.0,80970.0
2022-11-01,BENGALURU – KOLKATA,127758.0,BENGALURU,KOLKATA,False,False,62117.0,65641.0
2022-11-01,AHMEDABAD – MUMBAI,183960.0,AHMEDABAD,MUMBAI,False,False,91430.0,92530.0
2022-11-01,DELHI – SRINAGAR,204724.0,DELHI,SRINAGAR,False,False,97619.0,107105.0
2022-11-01,BENGALURU – PUNE,138608.0,BENGALURU,PUNE,False,False,68683.0,69925.0
2022-11-01,DELHI – GUWAHATI,135454.0,DELHI,GUWAHATI,False,False,64548.0,70906.0
2022-11-01,DELHI – PATNA,134587.0,DELHI,PATNA,False,False,63137.0,71450.0
2022-11-01,BENGALURU – CHENNAI,117484.0,BENGALURU,CHENNAI,False,False,55570.0,61914.0
2022-11-01,DELHI – LUCKNOW,128224.0,DELHI,LUCKNOW,False,False,64080.0,64144.0
2022-11-01,CHENNAI – HYDERABAD,100742.0,CHENNAI,HYDERABAD,False,False,50339.0,50403.0
2022-11-01,BENGALURU – KOCHI,127502.0,BENGALURU,KOCHI,False,False,63037.0,64465.0
2022-11-01,KOCHI – MUMBAI,66085.0,KOCHI,MUMBAI,False,False,33635.0,32450.0
2022-11-01,BAGDOGRA – DELHI,88692.0,BAGDOGRA,DELHI,False,False,42302.0,46390.0
2022-11-01,BHUBANESWAR – DELHI,93033.0,BHUBANESWAR,DELHI,False,False,44233.0,48800.0
2022-11-01,AHMEDABAD – BENGALURU,90402.0,AHMEDABAD,BENGALURU,False,False,45022.0,45380.0
2022-11-01,JAIPUR – MUMBAI,107168.0,JAIPUR,MUMBAI,False,False,55813.0,51355.0
2022-11-01,CHENNAI – KOLKATA,58563.0,CHENNAI,KOLKATA,False,False,28968.0,29595.0
2022-11-01,DELHI – INDORE,67976.0,DELHI,INDORE,False,False,34220.0,33756.0
2022-11-01,AMRITSAR – DELHI,73456.0,AMRITSAR,DELHI,False,False,36098.0,37358.0
2022-11-01,HYDERABAD – VISAKHAPATNAM,46701.0,HYDERABAD,VISAKHAPATNAM,False,False,24083.0,22618.0
2022-11-01,HYDERABAD – KOLKATA,76265.0,HYDERABAD,KOLKATA,False,False,37980.0,38285.0
2022-11-01,DELHI – VARANASI,79857.0,DELHI,VARANASI,False,False,39910.0,39947.0
2022-11-01,GUWAHATI – KOLKATA,73426.0,GUWAHATI,KOLKATA,False,False,36767.0,36659.0
2022-11-01,LUCKNOW – MUMBAI,77346.0,LUCKNOW,MUMBAI,False,False,39673.0,37673.0
2022-11-01,DELHI – KOCHI,77497.0,DELHI,KOCHI,False,False,39329.0,38168.0
2022-11-01,MUMBAI – VARANASI,58122.0,MUMBAI,VARANASI,False,False,29274.0,28848.0
2022-11-01,DELHI – RANCHI,73987.0,DELHI,RANCHI,False,False,34489.0,39498.0
2022-11-01,CHANDIGARH – DELHI,62776.0,CHANDIGARH,DELHI,False,False,31607.0,31169.0
2022-11-01,CHENNAI – COIMBATORE,59419.0,CHENNAI,COIMBATORE,False,False,30386.0,29033.0
2022-11-01,DELHI – RAIPUR,59422.0,DELHI,RAIPUR,False,False,29990.0,29432.0
2022-11-01,AGARTALA – KOLKATA,55999.0,AGARTALA,KOLKATA,False,False,27406.0,28593.0
2022-11-01,BENGALURU – MANGALURU,47441.0,BENGALURU,MANGALURU,False,False,23353.0,24088.0
2022-11-01,DELHI – LEH,38510.0,DELHI,LEH,False,False,16883.0,21627.0
2022-11-01,BENGALURU – BHUBANESWAR,53634.0,BENGALURU,BHUBANESWAR,False,False,25015.0,28619.0
2022-11-01,BENGALURU – VARANASI,29738.0,BENGALURU,VARANASI,False,False,14495.0,15243.0
2022-11-01,BENGALURU – LUCKNOW,56430.0,BENGALURU,LUCKNOW,False,False,25675.0,30755.0
2022-11-01,CHENNAI – PUNE,44384.0,CHENNAI,PUNE,False,False,23165.0,21219.0
2022-11-01,MUMBAI – NAGPUR,65266.0,MUMBAI,NAGPUR,False,False,30970.0,34296.0
2022-11-01,INDORE – MUMBAI,50150.0,INDORE,MUMBAI,False,False,25637.0,24513.0
2022-11-01,DELHI – NAGPUR,42219.0,DELHI,NAGPUR,False,False,21950.0,20269.0
2022-11-01,BENGALURU – GUWAHATI,59239.0,BENGALURU,GUWAHATI,False,False,29980.0,29259.0
2022-11-01,HYDERABAD – KOCHI,42860.0,HYDERABAD,KOCHI,False,False,20960.0,21900.0
2022-11-01,BENGALURU – JAIPUR,51798.0,BENGALURU,JAIPUR,False,False,24719.0,27079.0
2022-11-01,HYDERABAD – PUNE,37531.0,HYDERABAD,PUNE,False,False,19408.0,18123.0
2022-11-01,BENGALURU – THIRUVANANTHAPURAM,45127.0,BENGALURU,THIRUVANANTHAPURAM,False,False,20874.0,24253.0
2022-11-01,DELHI – UDAIPUR,61257.0,DELHI,UDAIPUR,False,False,31299.0,29958.0
2022-11-01,DELHI – JAMMU,64648.0,DELHI,JAMMU,False,False,31911.0,32737.0
2022-11-01,CHENNAI – KOCHI,52357.0,CHENNAI,KOCHI,False,False,25657.0,26700.0
2022-11-01,HYDERABAD – TIRUPATI,47154.0,HYDERABAD,TIRUPATI,False,False,23637.0,23517.0
2022-12-01,DELHI – MUMBAI,531674.0,DELHI,MUMBAI,False,False,276687.0,254987.0
2022-12-01,BENGALURU – DELHI,436273.0,BENGALURU,DELHI,False,False,214390.0,221883.0
2022-12-01,BENGALURU – MUMBAI,373436.0,BENGALURU,MUMBAI,False,False,185988.0,187448.0
2022-12-01,DELHI – HYDERABAD,223810.0,DELHI,HYDERABAD,False,False,114690.0,109120.0
2022-12-01,DELHI – KOLKATA,246801.0,DELHI,KOLKATA,False,False,129427.0,117374.0
2022-12-01,DELHI – PUNE,244606.0,DELHI,PUNE,False,False,124744.0,119862.0
2022-12-01,AHMEDABAD – DELHI,208707.0,AHMEDABAD,DELHI,False,False,101909.0,106798.0
2022-12-01,CHENNAI – MUMBAI,208491.0,CHENNAI,MUMBAI,False,False,103137.0,105354.0
2022-12-01,KOLKATA – MUMBAI,145795.0,KOLKATA,MUMBAI,False,False,71763.0,74032.0
2022-12-01,HYDERABAD – MUMBAI,152782.0,HYDERABAD,MUMBAI,False,False,76474.0,76308.0
2022-12-01,CHENNAI – DELHI,183222.0,CHENNAI,DELHI,False,False,86108.0,97114.0
2022-12-01,BENGALURU – HYDERABAD,174303.0,BENGALURU,HYDERABAD,False,False,88518.0,85785.0
2022-12-01,BENGALURU – KOLKATA,148367.0,BENGALURU,KOLKATA,False,False,75246.0,73121.0
2022-12-01,AHMEDABAD – MUMBAI,194719.0,AHMEDABAD,MUMBAI,False,False,97932.0,96787.0
2022-12-01,DELHI – SRINAGAR,214983.0,DELHI,SRINAGAR,False,False,106471.0,108512.0
2022-12-01,BENGALURU – PUNE,169501.0,BENGALURU,PUNE,False,False,83504.0,85997.0
2022-12-01,DELHI – GUWAHATI,137589.0,DELHI,GUWAHATI,False,False,69161.0,68428.0
2022-12-01,DELHI – PATNA,130918.0,DELHI,PATNA,False,False,66119.0,64799.0
2022-12-01,BENGALURU – CHENNAI,119307.0,BENGALURU,CHENNAI,False,False,58571.0,60736.0
2022-12-01,DELHI – LUCKNOW,137296.0,DELHI,LUCKNOW,False,False,67285.0,70011.0
2022-12-01,CHENNAI – HYDERABAD,108156.0,CHENNAI,HYDERABAD,False,False,54430.0,53726.0
2022-12-01,BENGALURU – KOCHI,136139.0,BENGALURU,KOCHI,False,False,71301.0,64838.0
2022-12-01,KOCHI – MUMBAI,71525.0,KOCHI,MUMBAI,False,False,34317.0,37208.0
2022-12-01,BAGDOGRA – DELHI,94345.0,BAGDOGRA,DELHI,False,False,43762.0,50583.0
2022-12-01,BHUBANESWAR – DELHI,108306.0,BHUBANESWAR,DELHI,False,False,52356.0,55950.0
2022-12-01,AHMEDABAD – BENGALURU,91881.0,AHMEDABAD,BENGALURU,False,False,46809.0,45072.0
2022-12-01,JAIPUR – MUMBAI,123561.0,JAIPUR,MUMBAI,False,False,62357.0,61204.0
2022-12-01,CHENNAI – KOLKATA,64649.0,CHENNAI,KOLKATA,False,False,32425.0,32224.0
2022-12-01,DELHI – INDORE,70652.0,DELHI,INDORE,False,False,35568.0,35084.0
2022-12-01,AMRITSAR – DELHI,84833.0,AMRITSAR,DELHI,False,False,41530.0,43303.0
2022-12-01,HYDERABAD – VISAKHAPATNAM,61993.0,HYDERABAD,VISAKHAPATNAM,False,False,31333.0,30660.0
2022-12-01,HYDERABAD – KOLKATA,85661.0,HYDERABAD,KOLKATA,False,False,43332.0,42329.0
2022-12-01,DELHI – VARANASI,63220.0,DELHI,VARANASI,False,False,31573.0,31647.0
2022-12-01,GUWAHATI – KOLKATA,90521.0,GUWAHATI,KOLKATA,False,False,44425.0,46096.0
2022-12-01,LUCKNOW – MUMBAI,86997.0,LUCKNOW,MUMBAI,False,False,46147.0,40850.0
2022-12-01,DELHI – KOCHI,84595.0,DELHI,KOCHI,False,False,44532.0,40063.0
2022-12-01,MUMBAI – VARANASI,54968.0,MUMBAI,VARANASI,False,False,26485.0,28483.0
2022-12-01,DELHI – RANCHI,86748.0,DELHI,RANCHI,False,False,45124.0,41624.0
2022-12-01,CHANDIGARH – DELHI,63969.0,CHANDIGARH,DELHI,False,False,31518.0,32451.0
2022-12-01,CHENNAI – COIMBATORE,70284.0,CHENNAI,COIMBATORE,False,False,35879.0,34405.0
2022-12-01,DELHI – RAIPUR,64589.0,DELHI,RAIPUR,False,False,34001.0,30588.0
2022-12-01,AGARTALA – KOLKATA,69229.0,AGARTALA,KOLKATA,False,False,33537.0,35692.0
2022-12-01,BENGALURU – MANGALURU,49982.0,BENGALURU,MANGALURU,False,False,25709.0,24273.0
2022-12-01,DELHI – LEH,38201.0,DELHI,LEH,False,False,15805.0,22396.0
2022-12-01,BENGALURU – BHUBANESWAR,61411.0,BENGALURU,BHUBANESWAR,False,False,30792.0,30619.0
2022-12-01,BENGALURU – VARANASI,26194.0,BENGALURU,VARANASI,False,False,12693.0,13501.0
2022-12-01,BENGALURU – LUCKNOW,63674.0,BENGALURU,LUCKNOW,False,False,29454.0,34220.0
2022-12-01,CHENNAI – PUNE,47707.0,CHENNAI,PUNE,False,False,24191.0,23516.0
2022-12-01,MUMBAI – NAGPUR,66104.0,MUMBAI,NAGPUR,False,False,32919.0,33185.0
2022-12-01,INDORE – MUMBAI,52133.0,INDORE,MUMBAI,False,False,25960.0,26173.0
2022-12-01,DELHI – NAGPUR,47998.0,DELHI,NAGPUR,False,False,25156.0,22842.0
2022-12-01,BENGALURU – GUWAHATI,62396.0,BENGALURU,GUWAHATI,False,False,31998.0,30398.0
2022-12-01,HYDERABAD – KOCHI,48841.0,HYDERABAD,KOCHI,False,False,24554.0,24287.0
2022-12-01,BENGALURU – JAIPUR,57758.0,BENGALURU,JAIPUR,False,False,28211.0,29547.0
2022-12-01,HYDERABAD – PUNE,37911.0,HYDERABAD,PUNE,False,False,19143.0,18768.0
2022-12-01,BENGALURU – THIRUVANANTHAPURAM,50278.0,BENGALURU,THIRUVANANTHAPURAM,False,False,25826.0,24452.0
2022-12-01,DELHI – UDAIPUR,76106.0,DELHI,UDAIPUR,False,False,39287.0,36819.0
2022-12-01,DELHI – JAMMU,61080.0,DELHI,JAMMU,False,False,28390.0,32690.0
2022-12-01,CHENNAI – KOCHI,53551.0,CHENNAI,KOCHI,False,False,28287.0,25264.0
2022-12-01,HYDERABAD – TIRUPATI,54004.0,HYDERABAD,TIRUPATI,False,False,27104.0,26900.0
2023-01-01,DELHI – MUMBAI,495235.0,DELHI,MUMBAI,False,False,245843.0,249392.0
2023-01-01,BENGALURU – DELHI,412036.0,BENGALURU,DELHI,False,False,206890.0,205146.0
2023-01-01,BENGALURU – MUMBAI,385330.0,BENGALURU,MUMBAI,False,False,192637.0,192693.0
2023-01-01,DELHI – HYDERABAD,222118.0,DELHI,HYDERABAD,False,False,109622.0,112496.0
2023-01-01,DELHI – KOLKATA,230222.0,DELHI,KOLKATA,False,False,115389.0,114833.0
2023-01-01,DELHI – PUNE,238442.0,DELHI,PUNE,False,False,118262.0,120180.0
2023-01-01,AHMEDABAD – DELHI,209569.0,AHMEDABAD,DELHI,False,False,104853.0,104716.0
2023-01-01,CHENNAI – MUMBAI,217711.0,CHENNAI,MUMBAI,False,False,107770.0,109941.0
2023-01-01,KOLKATA – MUMBAI,147786.0,KOLKATA,MUMBAI,False,False,72950.0,74836.0
2023-01-01,HYDERABAD – MUMBAI,156658.0,HYDERABAD,MUMBAI,False,False,79018.0,77640.0
2023-01-01,CHENNAI – DELHI,181745.0,CHENNAI,DELHI,False,False,89785.0,91960.0
2023-01-01,BENGALURU – HYDERABAD,177044.0,BENGALURU,HYDERABAD,False,False,86422.0,90622.0
2023-01-01,BENGALURU – KOLKATA,148832.0,BENGALURU,KOLKATA,False,False,75628.0,73204.0
2023-01-01,AHMEDABAD – MUMBAI,207357.0,AHMEDABAD,MUMBAI,False,False,104113.0,103244.0
2023-01-01,DELHI – SRINAGAR,195484.0,DELHI,SRINAGAR,False,False,94458.0,101026.0
2023-01-01,BENGALURU – PUNE,172830.0,BENGALURU,PUNE,False,False,84767.0,88063.0
2023-01-01,DELHI – GUWAHATI,131439.0,DELHI,GUWAHATI,False,False,62199.0,69240.0
2023-01-01,DELHI – PATNA,114429.0,DELHI,PATNA,False,False,58670.0,55759.0
2023-01-01,BENGALURU – CHENNAI,138376.0,BENGALURU,CHENNAI,False,False,69533.0,68843.0
2023-01-01,DELHI – LUCKNOW,125305.0,DELHI,LUCKNOW,False,False,61632.0,63673.0
2023-01-01,CHENNAI – HYDERABAD,105163.0,CHENNAI,HYDERABAD,False,False,52059.0,53104.0
2023-01-01,BENGALURU – KOCHI,158181.0,BENGALURU,KOCHI,False,False,76553.0,81628.0
2023-01-01,KOCHI – MUMBAI,72474.0,KOCHI,MUMBAI,False,False,36950.0,35524.0
2023-01-01,BAGDOGRA – DELHI,87463.0,BAGDOGRA,DELHI,False,False,42253.0,45210.0
2023-01-01,BHUBANESWAR – DELHI,99354.0,BHUBANESWAR,DELHI,False,False,50312.0,49042.0
2023-01-01,AHMEDABAD – BENGALURU,94993.0,AHMEDABAD,BENGALURU,False,False,47514.0,47479.0
2023-01-01,JAIPUR – MUMBAI,121709.0,JAIPUR,MUMBAI,False,False,59300.0,62409.0
2023-01-01,CHENNAI – KOLKATA,68622.0,CHENNAI,KOLKATA,False,False,33725.0,34897.0
2023-01-01,DELHI – INDORE,66995.0,DELHI,INDORE,False,False,32793.0,34202.0
2023-01-01,AMRITSAR – DELHI,81587.0,AMRITSAR,DELHI,False,False,38815.0,42772.0
2023-01-01,HYDERABAD – VISAKHAPATNAM,57260.0,HYDERABAD,VISAKHAPATNAM,False,False,29219.0,28041.0
2023-01-01,HYDERABAD – KOLKATA,80320.0,HYDERABAD,KOLKATA,False,False,41449.0,38871.0
2023-01-01,DELHI – VARANASI,60029.0,DELHI,VARANASI,False,False,30161.0,29868.0
2023-01-01,GUWAHATI – KOLKATA,86428.0,GUWAHATI,KOLKATA,False,False,41648.0,44780.0
2023-01-01,LUCKNOW – MUMBAI,93211.0,LUCKNOW,MUMBAI,False,False,43961.0,49250.0
2023-01-01,DELHI – KOCHI,80576.0,DELHI,KOCHI,False,False,38282.0,42294.0
2023-01-01,MUMBAI – VARANASI,52130.0,MUMBAI,VARANASI,False,False,27028.0,25102.0
2023-01-01,DELHI – RANCHI,81556.0,DELHI,RANCHI,False,False,38660.0,42896.0
2023-01-01,CHANDIGARH – DELHI,59443.0,CHANDIGARH,DELHI,False,False,29157.0,30286.0
2023-01-01,CHENNAI – COIMBATORE,73509.0,CHENNAI,COIMBATORE,False,False,36354.0,37155.0
2023-01-01,DELHI – RAIPUR,56292.0,DELHI,RAIPUR,False,False,27461.0,28831.0
2023-01-01,AGARTALA – KOLKATA,66428.0,AGARTALA,KOLKATA,False,False,32722.0,33706.0
2023-01-01,BENGALURU – MANGALURU,47763.0,BENGALURU,MANGALURU,False,False,22900.0,24863.0
2023-01-01,DELHI – LEH,37179.0,DELHI,LEH,False,False,18472.0,18707.0
2023-01-01,BENGALURU – BHUBANESWAR,59247.0,BENGALURU,BHUBANESWAR,False,False,28926.0,30321.0
2023-01-01,BENGALURU – VARANASI,25977.0,BENGALURU,VARANASI,False,False,12847.0,13130.0
2023-01-01,BENGALURU – LUCKNOW,75703.0,BENGALURU,LUCKNOW,False,False,37732.0,37971.0
2023-01-01,CHENNAI – PUNE,46323.0,CHENNAI,PUNE,False,False,23113.0,23210.0
2023-01-01,MUMBAI – NAGPUR,70446.0,MUMBAI,NAGPUR,False,False,34617.0,35829.0
2023-01-01,INDORE – MUMBAI,57846.0,INDORE,MUMBAI,False,False,30053.0,27793.0
2023-01-01,DELHI – NAGPUR,47741.0,DELHI,NAGPUR,False,False,22618.0,25123.0
2023-01-01,BENGALURU – GUWAHATI,61431.0,BENGALURU,GUWAHATI,False,False,30903.0,30528.0
2023-01-01,HYDERABAD – KOCHI,48358.0,HYDERABAD,KOCHI,False,False,24029.0,24329.0
2023-01-01,BENGALURU – JAIPUR,53463.0,BENGALURU,JAIPUR,False,False,26565.0,26898.0
2023-01-01,HYDERABAD – PUNE,35858.0,HYDERABAD,PUNE,False,False,17955.0,17903.0
2023-01-01,BENGALURU – THIRUVANANTHAPURAM,45318.0,BENGALURU,THIRUVANANTHAPURAM,False,False,19220.0,26098.0
2023-01-01,DELHI – UDAIPUR,63708.0,DELHI,UDAIPUR,False,False,29672.0,34036.0
2023-01-01,DELHI – JAMMU,57232.0,DELHI,JAMMU,False,False,27070.0,30162.0
2023-01-01,CHENNAI – KOCHI,49953.0,CHENNAI,KOCHI,False,False,24822.0,25131.0
2023-01-01,HYDERABAD – TIRUPATI,53542.0,HYDERABAD,TIRUPATI,False,False,26648.0,26894.0
2023-02-01,DELHI – MUMBAI,521088.0,DELHI,MUMBAI,False,False,256563.0,264525.0
2023-02-01,BENGALURU – DELHI,373924.0,BENGALURU,DELHI,False,False,189950.0,183974.0
2023-02-01,BENGALURU – MUMBAI,336449.0,BENGALURU,MUMBAI,False,False,168265.0,168184.0
2023-02-01,DELHI – HYDERABAD,215785.0,DELHI,HYDERABAD,False,False,106126.0,109659.0
2023-02-01,DELHI – KOLKATA,220280.0,DELHI,KOLKATA,False,False,109646.0,110634.0
2023-02-01,DELHI – PUNE,239079.0,DELHI,PUNE,False,False,117775.0,121304.0
2023-02-01,AHMEDABAD – DELHI,190751.0,AHMEDABAD,DELHI,False,False,96915.0,93836.0
2023-02-01,CHENNAI – MUMBAI,204569.0,CHENNAI,MUMBAI,False,False,102169.0,102400.0
2023-02-01,KOLKATA – MUMBAI,137150.0,KOLKATA,MUMBAI,False,False,67422.0,69728.0
2023-02-01,HYDERABAD – MUMBAI,144189.0,HYDERABAD,MUMBAI,False,False,71655.0,72534.0
2023-02-01,CHENNAI – DELHI,185488.0,CHENNAI,DELHI,False,False,95616.0,89872.0
2023-02-01,BENGALURU – HYDERABAD,185380.0,BENGALURU,HYDERABAD,False,False,92089.0,93291.0
2023-02-01,BENGALURU – KOLKATA,142979.0,BENGALURU,KOLKATA,False,False,73147.0,69832.0
2023-02-01,AHMEDABAD – MUMBAI,186637.0,AHMEDABAD,MUMBAI,False,False,94436.0,92201.0
2023-02-01,DELHI – SRINAGAR,201509.0,DELHI,SRINAGAR,False,False,102888.0,98621.0
2023-02-01,BENGALURU – PUNE,154855.0,BENGALURU,PUNE,False,False,76766.0,78089.0
2023-02-01,DELHI – GUWAHATI,122561.0,DELHI,GUWAHATI,False,False,58437.0,64124.0
2023-02-01,DELHI – PATNA,130471.0,DELHI,PATNA,False,False,67620.0,62851.0
2023-02-01,BENGALURU – CHENNAI,122029.0,BENGALURU,CHENNAI,False,False,59915.0,62114.0
2023-02-01,DELHI – LUCKNOW,128854.0,DELHI,LUCKNOW,False,False,64886.0,63968.0
2023-02-01,CHENNAI – HYDERABAD,97776.0,CHENNAI,HYDERABAD,False,False,49189.0,48587.0
2023-02-01,BENGALURU – KOCHI,141767.0,BENGALURU,KOCHI,False,False,69726.0,72041.0
2023-02-01,KOCHI – MUMBAI,68110.0,KOCHI,MUMBAI,False,False,34075.0,34035.0
2023-02-01,BAGDOGRA – DELHI,85227.0,BAGDOGRA,DELHI,False,False,40401.0,44826.0
2023-02-01,BHUBANESWAR – DELHI,97161.0,BHUBANESWAR,DELHI,False,False,49311.0,47850.0
2023-02-01,AHMEDABAD – BENGALURU,93256.0,AHMEDABAD,BENGALURU,False,False,47099.0,46157.0
2023-02-01,JAIPUR – MUMBAI,118917.0,JAIPUR,MUMBAI,False,False,59437.0,59480.0
2023-02-01,CHENNAI – KOLKATA,61063.0,CHENNAI,KOLKATA,False,False,30667.0,30396.0
2023-02-01,DELHI – INDORE,66654.0,DELHI,INDORE,False,False,32849.0,33805.0
2023-02-01,AMRITSAR – DELHI,87663.0,AMRITSAR,DELHI,False,False,43046.0,44617.0
2023-02-01,HYDERABAD – VISAKHAPATNAM,62030.0,HYDERABAD,VISAKHAPATNAM,False,False,32075.0,29955.0
2023-02-01,HYDERABAD – KOLKATA,72214.0,HYDERABAD,KOLKATA,False,False,37073.0,35141.0
2023-02-01,DELHI – VARANASI,72409.0,DELHI,VARANASI,False,False,36410.0,35999.0
2023-02-01,GUWAHATI – KOLKATA,82863.0,GUWAHATI,KOLKATA,False,False,39416.0,43447.0
2023-02-01,LUCKNOW – MUMBAI,87788.0,LUCKNOW,MUMBAI,False,False,41980.0,45808.0
2023-02-01,DELHI – KOCHI,78851.0,DELHI,KOCHI,False,False,38442.0,40409.0
2023-02-01,MUMBAI – VARANASI,55484.0,MUMBAI,VARANASI,False,False,28429.0,27055.0
2023-02-01,DELHI – RANCHI,85981.0,DELHI,RANCHI,False,False,42264.0,43717.0
2023-02-01,CHANDIGARH – DELHI,58606.0,CHANDIGARH,DELHI,False,False,28595.0,30011.0
2023-02-01,CHENNAI – COIMBATORE,67239.0,CHENNAI,COIMBATORE,False,False,33727.0,33512.0
2023-02-01,DELHI – RAIPUR,60350.0,DELHI,RAIPUR,False,False,29747.0,30603.0
2023-02-01,AGARTALA – KOLKATA,60527.0,AGARTALA,KOLKATA,False,False,31661.0,28866.0
2023-02-01,BENGALURU – MANGALURU,35133.0,BENGALURU,MANGALURU,False,False,17374.0,17759.0
2023-02-01,DELHI – LEH,41369.0,DELHI,LEH,False,False,25521.0,15848.0
2023-02-01,BENGALURU – BHUBANESWAR,50646.0,BENGALURU,BHUBANESWAR,False,False,24733.0,25913.0
2023-02-01,BENGALURU – VARANASI,31978.0,BENGALURU,VARANASI,False,False,16239.0,15739.0
2023-02-01,BENGALURU – LUCKNOW,67807.0,BENGALURU,LUCKNOW,False,False,34275.0,33532.0
2023-02-01,CHENNAI – PUNE,43324.0,CHENNAI,PUNE,False,False,21731.0,21593.0
2023-02-01,MUMBAI – NAGPUR,67441.0,MUMBAI,NAGPUR,False,False,33542.0,33899.0
2023-02-01,INDORE – MUMBAI,51470.0,INDORE,MUMBAI,False,False,25599.0,25871.0
2023-02-01,DELHI – NAGPUR,51059.0,DELHI,NAGPUR,False,False,24611.0,26448.0
2023-02-01,BENGALURU – GUWAHATI,53912.0,BENGALURU,GUWAHATI,False,False,26437.0,27475.0
2023-02-01,HYDERABAD – KOCHI,42263.0,HYDERABAD,KOCHI,False,False,21029.0,21234.0
2023-02-01,BENGALURU – JAIPUR,47408.0,BENGALURU,JAIPUR,False,False,23687.0,23721.0
2023-02-01,HYDERABAD – PUNE,35400.0,HYDERABAD,PUNE,False,False,18042.0,17358.0
2023-02-01,BENGALURU – THIRUVANANTHAPURAM,40521.0,BENGALURU,THIRUVANANTHAPURAM,False,False,18860.0,21661.0
2023-02-01,DELHI – UDAIPUR,66923.0,DELHI,UDAIPUR,False,False,32663.0,34260.0
2023-02-01,DELHI – JAMMU,61469.0,DELHI,JAMMU,False,False,28503.0,32966.0
2023-02-01,CHENNAI – KOCHI,48747.0,CHENNAI,KOCHI,False,False,24532.0,24215.0
2023-02-01,HYDERABAD – TIRUPATI,50903.0,HYDERABAD,TIRUPATI,False,False,25514.0,25389.0
2023-03-01,DELHI – MUMBAI,533482.0,DELHI,MUMBAI,False,False,272879.0,260603.0
2023-03-01,BENGALURU – DELHI,404938.0,BENGALURU,DELHI,False,False,202622.0,202316.0
2023-03-01,BENGALURU – MUMBAI,338472.0,BENGALURU,MUMBAI,False,False,169387.0,169085.0
2023-03-01,DELHI – HYDERABAD,228078.0,DELHI,HYDERABAD,False,False,115659.0,112419.0
2023-03-01,DELHI – KOLKATA,243377.0,DELHI,KOLKATA,False,False,125504.0,117873.0
2023-03-01,DELHI – PUNE,243684.0,DELHI,PUNE,False,False,121572.0,122112.0
2023-03-01,AHMEDABAD – DELHI,202580.0,AHMEDABAD,DELHI,False,False,100090.0,102490.0
2023-03-01,CHENNAI – MUMBAI,205487.0,CHENNAI,MUMBAI,False,False,103318.0,102169.0
2023-03-01,KOLKATA – MUMBAI,138641.0,KOLKATA,MUMBAI,False,False,68131.0,70510.0
2023-03-01,HYDERABAD – MUMBAI,149835.0,HYDERABAD,MUMBAI,False,False,74347.0,75488.0
2023-03-01,CHENNAI – DELHI,198149.0,CHENNAI,DELHI,False,False,98258.0,99891.0
2023-03-01,BENGALURU – HYDERABAD,217800.0,BENGALURU,HYDERABAD,False,False,107566.0,110234.0
2023-03-01,BENGALURU – KOLKATA,153550.0,BENGALURU,KOLKATA,False,False,78487.0,75063.0
2023-03-01,AHMEDABAD – MUMBAI,189717.0,AHMEDABAD,MUMBAI,False,False,96030.0,93687.0
2023-03-01,DELHI – SRINAGAR,217429.0,DELHI,SRINAGAR,False,False,112999.0,104430.0
2023-03-01,BENGALURU – PUNE,162880.0,BENGALURU,PUNE,False,False,80759.0,82121.0
2023-03-01,DELHI – GUWAHATI,140670.0,DELHI,GUWAHATI,False,False,68481.0,72189.0
2023-03-01,DELHI – PATNA,140837.0,DELHI,PATNA,False,False,71395.0,69442.0
2023-03-01,BENGALURU – CHENNAI,138771.0,BENGALURU,CHENNAI,False,False,68535.0,70236.0
2023-03-01,DELHI – LUCKNOW,125210.0,DELHI,LUCKNOW,False,False,61862.0,63348.0
2023-03-01,CHENNAI – HYDERABAD,100670.0,CHENNAI,HYDERABAD,False,False,51273.0,49397.0
2023-03-01,BENGALURU – KOCHI,158360.0,BENGALURU,KOCHI,False,False,77785.0,80575.0
2023-03-01,KOCHI – MUMBAI,68978.0,KOCHI,MUMBAI,False,False,35108.0,33870.0
2023-03-01,BAGDOGRA – DELHI,97934.0,BAGDOGRA,DELHI,False,False,46568.0,51366.0
2023-03-01,BHUBANESWAR – DELHI,105368.0,BHUBANESWAR,DELHI,False,False,53131.0,52237.0
2023-03-01,AHMEDABAD – BENGALURU,94687.0,AHMEDABAD,BENGALURU,False,False,47469.0,47218.0
2023-03-01,JAIPUR – MUMBAI,114319.0,JAIPUR,MUMBAI,False,False,57465.0,56854.0
2023-03-01,CHENNAI – KOLKATA,78911.0,CHENNAI,KOLKATA,False,False,40325.0,38586.0
2023-03-01,DELHI – INDORE,72789.0,DELHI,INDORE,False,False,35791.0,36998.0
2023-03-01,AMRITSAR – DELHI,83463.0,AMRITSAR,DELHI,False,False,42125.0,41338.0
2023-03-01,HYDERABAD – VISAKHAPATNAM,78195.0,HYDERABAD,VISAKHAPATNAM,False,False,40196.0,37999.0
2023-03-01,HYDERABAD – KOLKATA,78975.0,HYDERABAD,KOLKATA,False,False,41104.0,37871.0
2023-03-01,DELHI – VARANASI,80408.0,DELHI,VARANASI,False,False,40398.0,40010.0
2023-03-01,GUWAHATI – KOLKATA,100329.0,GUWAHATI,KOLKATA,False,False,48599.0,51730.0
2023-03-01,LUCKNOW – MUMBAI,81697.0,LUCKNOW,MUMBAI,False,False,40854.0,40843.0
2023-03-01,DELHI – KOCHI,85230.0,DELHI,KOCHI,False,False,43014.0,42216.0
2023-03-01,MUMBAI – VARANASI,51436.0,MUMBAI,VARANASI,False,False,26075.0,25361.0
2023-03-01,DELHI – RANCHI,78633.0,DELHI,RANCHI,False,False,39492.0,39141.0
2023-03-01,CHANDIGARH – DELHI,65050.0,CHANDIGARH,DELHI,False,False,32089.0,32961.0
2023-03-01,CHENNAI – COIMBATORE,72127.0,CHENNAI,COIMBATORE,False,False,36761.0,35366.0
2023-03-01,DELHI – RAIPUR,65464.0,DELHI,RAIPUR,False,False,32428.0,33036.0
2023-03-01,AGARTALA – KOLKATA,75859.0,AGARTALA,KOLKATA,False,False,37714.0,38145.0
2023-03-01,BENGALURU – MANGALURU,39972.0,BENGALURU,MANGALURU,False,False,19452.0,20520.0
2023-03-01,DELHI – LEH,54041.0,DELHI,LEH,False,False,37317.0,16724.0
2023-03-01,BENGALURU – BHUBANESWAR,56562.0,BENGALURU,BHUBANESWAR,False,False,27250.0,29312.0
2023-03-01,BENGALURU – VARANASI,43836.0,BENGALURU,VARANASI,False,False,21168.0,22668.0
2023-03-01,BENGALURU – LUCKNOW,81364.0,BENGALURU,LUCKNOW,False,False,39816.0,41548.0
2023-03-01,CHENNAI – PUNE,45321.0,CHENNAI,PUNE,False,False,22478.0,22843.0
2023-03-01,MUMBAI – NAGPUR,69843.0,MUMBAI,NAGPUR,False,False,35084.0,34759.0
2023-03-01,INDORE – MUMBAI,54249.0,INDORE,MUMBAI,False,False,27035.0,27214.0
2023-03-01,DELHI – NAGPUR,52783.0,DELHI,NAGPUR,False,False,26271.0,26512.0
2023-03-01,BENGALURU – GUWAHATI,60529.0,BENGALURU,GUWAHATI,False,False,31205.0,29324.0
2023-03-01,HYDERABAD – KOCHI,40677.0,HYDERABAD,KOCHI,False,False,20095.0,20582.0
2023-03-01,BENGALURU – JAIPUR,50355.0,BENGALURU,JAIPUR,False,False,25030.0,25325.0
2023-03-01,HYDERABAD – PUNE,38661.0,HYDERABAD,PUNE,False,False,19824.0,18837.0
2023-03-01,BENGALURU – THIRUVANANTHAPURAM,39525.0,BENGALURU,THIRUVANANTHAPURAM,False,False,18513.0,21012.0
2023-03-01,DELHI – UDAIPUR,64892.0,DELHI,UDAIPUR,False,False,31721.0,33171.0
2023-03-01,DELHI – JAMMU,67341.0,DELHI,JAMMU,False,False,30495.0,36846.0
2023-03-01,CHENNAI – KOCHI,49578.0,CHENNAI,KOCHI,False,False,24738.0,24840.0
2023-03-01,HYDERABAD – TIRUPATI,53994.0,HYDERABAD,TIRUPATI,False,False,27013.0,26981.0
2023-04-01,DELHI – MUMBAI,545418.0,DELHI,MUMBAI,False,False,265591.0,279827.0
2023-04-01,BENGALURU – DELHI,412582.0,BENGALURU,DELHI,False,False,211000.0,201582.0
2023-04-01,BENGALURU – MUMBAI,362501.0,BENGALURU,MUMBAI,False,False,186349.0,176152.0
2023-04-01,DELHI – HYDERABAD,233631.0,DELHI,HYDERABAD,False,False,114693.0,118938.0
2023-04-01,DELHI – KOLKATA,238017.0,DELHI,KOLKATA,False,False,127300.0,110717.0
2023-04-01,DELHI – PUNE,248872.0,DELHI,PUNE,False,False,121081.0,127791.0
2023-04-01,AHMEDABAD – DELHI,208468.0,AHMEDABAD,DELHI,False,False,105871.0,102597.0
2023-04-01,CHENNAI – MUMBAI,196412.0,CHENNAI,MUMBAI,False,False,98636.0,97776.0
2023-04-01,KOLKATA – MUMBAI,129156.0,KOLKATA,MUMBAI,False,False,61401.0,67755.0
2023-04-01,HYDERABAD – MUMBAI,147798.0,HYDERABAD,MUMBAI,False,False,73328.0,74470.0
2023-04-01,CHENNAI – DELHI,194931.0,CHENNAI,DELHI,False,False,100764.0,94167.0
2023-04-01,BENGALURU – HYDERABAD,228467.0,BENGALURU,HYDERABAD,False,False,116205.0,112262.0
2023-04-01,BENGALURU – KOLKATA,138141.0,BENGALURU,KOLKATA,False,False,73335.0,64806.0
2023-04-01,AHMEDABAD – MUMBAI,162027.0,AHMEDABAD,MUMBAI,False,False,80432.0,81595.0
2023-04-01,DELHI – SRINAGAR,259486.0,DELHI,SRINAGAR,False,False,128026.0,131460.0
2023-04-01,BENGALURU – PUNE,137704.0,BENGALURU,PUNE,False,False,68621.0,69083.0
2023-04-01,DELHI – GUWAHATI,138286.0,DELHI,GUWAHATI,False,False,66839.0,71447.0
2023-04-01,DELHI – PATNA,126277.0,DELHI,PATNA,False,False,65434.0,60843.0
2023-04-01,BENGALURU – CHENNAI,137797.0,BENGALURU,CHENNAI,False,False,69784.0,68013.0
2023-04-01,DELHI – LUCKNOW,125086.0,DELHI,LUCKNOW,False,False,63761.0,61325.0
2023-04-01,CHENNAI – HYDERABAD,113376.0,CHENNAI,HYDERABAD,False,False,58809.0,54567.0
2023-04-01,BENGALURU – KOCHI,159801.0,BENGALURU,KOCHI,False,False,80314.0,79487.0
2023-04-01,KOCHI – MUMBAI,86907.0,KOCHI,MUMBAI,False,False,44796.0,42111.0
2023-04-01,BAGDOGRA – DELHI,92492.0,BAGDOGRA,DELHI,False,False,43356.0,49136.0
2023-04-01,BHUBANESWAR – DELHI,104249.0,BHUBANESWAR,DELHI,False,False,53830.0,50419.0
2023-04-01,AHMEDABAD – BENGALURU,92208.0,AHMEDABAD,BENGALURU,False,False,44849.0,47359.0
2023-04-01,JAIPUR – MUMBAI,93285.0,JAIPUR,MUMBAI,False,False,45137.0,48148.0
2023-04-01,CHENNAI – KOLKATA,68713.0,CHENNAI,KOLKATA,False,False,37308.0,31405.0
2023-04-01,DELHI – INDORE,74426.0,DELHI,INDORE,False,False,35912.0,38514.0
2023-04-01,AMRITSAR – DELHI,88952.0,AMRITSAR,DELHI,False,False,44896.0,44056.0
2023-04-01,HYDERABAD – VISAKHAPATNAM,73601.0,HYDERABAD,VISAKHAPATNAM,False,False,37851.0,35750.0
2023-04-01,HYDERABAD – KOLKATA,76663.0,HYDERABAD,KOLKATA,False,False,41011.0,35652.0
2023-04-01,DELHI – VARANASI,63513.0,DELHI,VARANASI,False,False,32398.0,31115.0
2023-04-01,GUWAHATI – KOLKATA,91419.0,GUWAHATI,KOLKATA,False,False,44898.0,46521.0
2023-04-01,LUCKNOW – MUMBAI,68048.0,LUCKNOW,MUMBAI,False,False,30854.0,37194.0
2023-04-01,DELHI – KOCHI,88622.0,DELHI,KOCHI,False,False,43251.0,45371.0
2023-04-01,MUMBAI – VARANASI,56319.0,MUMBAI,VARANASI,False,False,29812.0,26507.0
2023-04-01,DELHI – RANCHI,89793.0,DELHI,RANCHI,False,False,45030.0,44763.0
2023-04-01,CHANDIGARH – DELHI,73338.0,CHANDIGARH,DELHI,False,False,36189.0,37149.0
2023-04-01,CHENNAI – COIMBATORE,72545.0,CHENNAI,COIMBATORE,False,False,36467.0,36078.0
2023-04-01,DELHI – RAIPUR,62972.0,DELHI,RAIPUR,False,False,30860.0,32112.0
2023-04-01,AGARTALA – KOLKATA,76071.0,AGARTALA,KOLKATA,False,False,36408.0,39663.0
2023-04-01,BENGALURU – MANGALURU,39466.0,BENGALURU,MANGALURU,False,False,19937.0,19529.0
2023-04-01,DELHI – LEH,96342.0,DELHI,LEH,False,False,57086.0,39256.0
2023-04-01,BENGALURU – BHUBANESWAR,63806.0,BENGALURU,BHUBANESWAR,False,False,34197.0,29609.0
2023-04-01,BENGALURU – VARANASI,41196.0,BENGALURU,VARANASI,False,False,21774.0,19422.0
2023-04-01,BENGALURU – LUCKNOW,85192.0,BENGALURU,LUCKNOW,False,False,45444.0,39748.0
2023-04-01,CHENNAI – PUNE,45607.0,CHENNAI,PUNE,False,False,22824.0,22783.0
2023-04-01,MUMBAI – NAGPUR,71061.0,MUMBAI,NAGPUR,False,False,35819.0,35242.0
2023-04-01,INDORE – MUMBAI,52748.0,INDORE,MUMBAI,False,False,25411.0,27337.0
2023-04-01,DELHI – NAGPUR,47147.0,DELHI,NAGPUR,False,False,22241.0,24906.0
2023-04-01,BENGALURU – GUWAHATI,57864.0,BENGALURU,GUWAHATI,False,False,30228.0,27636.0
2023-04-01,HYDERABAD – KOCHI,59420.0,HYDERABAD,KOCHI,False,False,29169.0,30251.0
2023-04-01,BENGALURU – JAIPUR,48375.0,BENGALURU,JAIPUR,False,False,26088.0,22287.0
2023-04-01,HYDERABAD – PUNE,44126.0,HYDERABAD,PUNE,False,False,22147.0,21979.0
2023-04-01,BENGALURU – THIRUVANANTHAPURAM,36839.0,BENGALURU,THIRUVANANTHAPURAM,False,False,18365.0,18474.0
2023-04-01,DELHI – UDAIPUR,38787.0,DELHI,UDAIPUR,False,False,18620.0,20167.0
2023-04-01,DELHI – JAMMU,63938.0,DELHI,JAMMU,False,False,28812.0,35126.0
2023-04-01,CHENNAI – KOCHI,42497.0,CHENNAI,KOCHI,False,False,21255.0,21242.0
2023-04-01,HYDERABAD – TIRUPATI,49221.0,HYDERABAD,TIRUPATI,False,False,24683.0,24538.0
2023-05-01,DELHI – MUMBAI,552000.0,DELHI,MUMBAI,False,False,277243.0,274757.0
2023-05-01,BENGALURU – DELHI,395224.0,BENGALURU,DELHI,False,False,192506.0,202718.0
2023-05-01,BENGALURU – MUMBAI,387325.0,BENGALURU,MUMBAI,False,False,186541.0,200784.0
2023-05-01,DELHI – HYDERABAD,258265.0,DELHI,HYDERABAD,False,False,131919.0,126346.0
2023-05-01,DELHI – KOLKATA,245704.0,DELHI,KOLKATA,False,False,126070.0,119634.0
2023-05-01,DELHI – PUNE,225618.0,DELHI,PUNE,False,False,113552.0,112066.0
2023-05-01,AHMEDABAD – DELHI,197359.0,AHMEDABAD,DELHI,False,False,98538.0,98821.0
2023-05-01,CHENNAI – MUMBAI,214827.0,CHENNAI,MUMBAI,False,False,103841.0,110986.0
2023-05-01,KOLKATA – MUMBAI,145819.0,KOLKATA,MUMBAI,False,False,72569.0,73250.0
2023-05-01,HYDERABAD – MUMBAI,168991.0,HYDERABAD,MUMBAI,False,False,80612.0,88379.0
2023-05-01,CHENNAI – DELHI,202505.0,CHENNAI,DELHI,False,False,98398.0,104107.0
2023-05-01,BENGALURU – HYDERABAD,244625.0,BENGALURU,HYDERABAD,False,False,120030.0,124595.0
2023-05-01,BENGALURU – KOLKATA,141971.0,BENGALURU,KOLKATA,False,False,69721.0,72250.0
2023-05-01,AHMEDABAD – MUMBAI,158819.0,AHMEDABAD,MUMBAI,False,False,80887.0,77932.0
2023-05-01,DELHI – SRINAGAR,249157.0,DELHI,SRINAGAR,False,False,124708.0,124449.0
2023-05-01,BENGALURU – PUNE,134372.0,BENGALURU,PUNE,False,False,65955.0,68417.0
2023-05-01,DELHI – GUWAHATI,138413.0,DELHI,GUWAHATI,False,False,68103.0,70310.0
2023-05-01,DELHI – PATNA,120102.0,DELHI,PATNA,False,False,60971.0,59131.0
2023-05-01,BENGALURU – CHENNAI,143208.0,BENGALURU,CHENNAI,False,False,70038.0,73170.0
2023-05-01,DELHI – LUCKNOW,130059.0,DELHI,LUCKNOW,False,False,66519.0,63540.0
2023-05-01,CHENNAI – HYDERABAD,121316.0,CHENNAI,HYDERABAD,False,False,61191.0,60125.0
2023-05-01,BENGALURU – KOCHI,156946.0,BENGALURU,KOCHI,False,False,78892.0,78054.0
2023-05-01,KOCHI – MUMBAI,85671.0,KOCHI,MUMBAI,False,False,41885.0,43786.0
2023-05-01,BAGDOGRA – DELHI,81441.0,BAGDOGRA,DELHI,False,False,39558.0,41883.0
2023-05-01,BHUBANESWAR – DELHI,109775.0,BHUBANESWAR,DELHI,False,False,54600.0,55175.0
2023-05-01,AHMEDABAD – BENGALURU,93331.0,AHMEDABAD,BENGALURU,False,False,47769.0,45562.0
2023-05-01,JAIPUR – MUMBAI,98072.0,JAIPUR,MUMBAI,False,False,49985.0,48087.0
2023-05-01,CHENNAI – KOLKATA,73133.0,CHENNAI,KOLKATA,False,False,35790.0,37343.0
2023-05-01,DELHI – INDORE,76753.0,DELHI,INDORE,False,False,37640.0,39113.0
2023-05-01,AMRITSAR – DELHI,83343.0,AMRITSAR,DELHI,False,False,41209.0,42134.0
2023-05-01,HYDERABAD – VISAKHAPATNAM,83824.0,HYDERABAD,VISAKHAPATNAM,False,False,40951.0,42873.0
2023-05-01,HYDERABAD – KOLKATA,76488.0,HYDERABAD,KOLKATA,False,False,37367.0,39121.0
2023-05-01,DELHI – VARANASI,66113.0,DELHI,VARANASI,False,False,34461.0,31652.0
2023-05-01,GUWAHATI – KOLKATA,91561.0,GUWAHATI,KOLKATA,False,False,45439.0,46122.0
2023-05-01,LUCKNOW – MUMBAI,62837.0,LUCKNOW,MUMBAI,False,False,30602.0,32235.0
2023-05-01,DELHI – KOCHI,92468.0,DELHI,KOCHI,False,False,48359.0,44109.0
2023-05-01,MUMBAI – VARANASI,51097.0,MUMBAI,VARANASI,False,False,25884.0,25213.0
2023-05-01,DELHI – RANCHI,78017.0,DELHI,RANCHI,False,False,39193.0,38824.0
2023-05-01,CHANDIGARH – DELHI,76956.0,CHANDIGARH,DELHI,False,False,37806.0,39150.0
2023-05-01,CHENNAI – COIMBATORE,80200.0,CHENNAI,COIMBATORE,False,False,39870.0,40330.0
2023-05-01,DELHI – RAIPUR,67612.0,DELHI,RAIPUR,False,False,33867.0,33745.0
2023-05-01,AGARTALA – KOLKATA,76071.0,AGARTALA,KOLKATA,False,False,37985.0,38086.0
2023-05-01,BENGALURU – MANGALURU,42432.0,BENGALURU,MANGALURU,False,False,21170.0,21262.0
2023-05-01,DELHI – LEH,79757.0,DELHI,LEH,False,False,40276.0,39481.0
2023-05-01,BENGALURU – BHUBANESWAR,73691.0,BENGALURU,BHUBANESWAR,False,False,35928.0,37763.0
2023-05-01,BENGALURU – VARANASI,34624.0,BENGALURU,VARANASI,False,False,16938.0,17686.0
2023-05-01,BENGALURU – LUCKNOW,72327.0,BENGALURU,LUCKNOW,False,False,35969.0,36358.0
2023-05-01,CHENNAI – PUNE,48704.0,CHENNAI,PUNE,False,False,24077.0,24627.0
2023-05-01,MUMBAI – NAGPUR,68044.0,MUMBAI,NAGPUR,False,False,33432.0,34612.0
2023-05-01,INDORE – MUMBAI,65353.0,INDORE,MUMBAI,False,False,32531.0,32822.0
2023-05-01,DELHI – NAGPUR,42337.0,DELHI,NAGPUR,False,False,21694.0,20643.0
2023-05-01,BENGALURU – GUWAHATI,60646.0,BENGALURU,GUWAHATI,False,False,29947.0,30699.0
2023-05-01,HYDERABAD – KOCHI,52298.0,HYDERABAD,KOCHI,False,False,26418.0,25880.0
2023-05-01,BENGALURU – JAIPUR,51485.0,BENGALURU,JAIPUR,False,False,24851.0,26634.0
2023-05-01,HYDERABAD – PUNE,46387.0,HYDERABAD,PUNE,False,False,22406.0,23981.0
2023-05-01,BENGALURU – THIRUVANANTHAPURAM,40720.0,BENGALURU,THIRUVANANTHAPURAM,False,False,19795.0,20925.0
2023-05-01,DELHI – UDAIPUR,38894.0,DELHI,UDAIPUR,False,False,18863.0,20031.0
2023-05-01,DELHI – JAMMU,50429.0,DELHI,JAMMU,False,False,24473.0,25956.0
2023-05-01,CHENNAI – KOCHI,50514.0,CHENNAI,KOCHI,False,False,25743.0,24771.0
2023-05-01,HYDERABAD – TIRUPATI,52455.0,HYDERABAD,TIRUPATI,False,False,26521.0,25934.0
2023-06-01,DELHI – MUMBAI,507372.0,DELHI,MUMBAI,False,False,264260.0,243112.0
2023-06-01,BENGALURU – DELHI,371283.0,BENGALURU,DELHI,False,False,184262.0,187021.0
2023-06-01,BENGALURU – MUMBAI,358172.0,BENGALURU,MUMBAI,False,False,178377.0,179795.0
2023-06-01,DELHI – HYDERABAD,250627.0,DELHI,HYDERABAD,False,False,127168.0,123459.0
2023-06-01,DELHI – KOLKATA,226999.0,DELHI,KOLKATA,False,False,117487.0,109512.0
2023-06-01,DELHI – PUNE,227629.0,DELHI,PUNE,False,False,116447.0,111182.0
2023-06-01,AHMEDABAD – DELHI,187315.0,AHMEDABAD,DELHI,False,False,90085.0,97230.0
2023-06-01,CHENNAI – MUMBAI,193114.0,CHENNAI,MUMBAI,False,False,95050.0,98064.0
2023-06-01,KOLKATA – MUMBAI,138358.0,KOLKATA,MUMBAI,False,False,67797.0,70561.0
2023-06-01,HYDERABAD – MUMBAI,183869.0,HYDERABAD,MUMBAI,False,False,88041.0,95828.0
2023-06-01,CHENNAI – DELHI,182370.0,CHENNAI,DELHI,False,False,89218.0,93152.0
2023-06-01,BENGALURU – HYDERABAD,178256.0,BENGALURU,HYDERABAD,False,False,89742.0,88514.0
2023-06-01,BENGALURU – KOLKATA,148335.0,BENGALURU,KOLKATA,False,False,74169.0,74166.0
2023-06-01,AHMEDABAD – MUMBAI,162732.0,AHMEDABAD,MUMBAI,False,False,81066.0,81666.0
2023-06-01,DELHI – SRINAGAR,259084.0,DELHI,SRINAGAR,False,False,131747.0,127337.0
2023-06-01,BENGALURU – PUNE,141247.0,BENGALURU,PUNE,False,False,70557.0,70690.0
2023-06-01,DELHI – GUWAHATI,135130.0,DELHI,GUWAHATI,False,False,66655.0,68475.0
2023-06-01,DELHI – PATNA,113401.0,DELHI,PATNA,False,False,57708.0,55693.0
2023-06-01,BENGALURU – CHENNAI,123250.0,BENGALURU,CHENNAI,False,False,61275.0,61975.0
2023-06-01,DELHI – LUCKNOW,122744.0,DELHI,LUCKNOW,False,False,61962.0,60782.0
2023-06-01,CHENNAI – HYDERABAD,114327.0,CHENNAI,HYDERABAD,False,False,57681.0,56646.0
2023-06-01,BENGALURU – KOCHI,142752.0,BENGALURU,KOCHI,False,False,70405.0,72347.0
2023-06-01,KOCHI – MUMBAI,88510.0,KOCHI,MUMBAI,False,False,42906.0,45604.0
2023-06-01,BAGDOGRA – DELHI,84847.0,BAGDOGRA,DELHI,False,False,41341.0,43506.0
2023-06-01,BHUBANESWAR – DELHI,101033.0,BHUBANESWAR,DELHI,False,False,48877.0,52156.0
2023-06-01,AHMEDABAD – BENGALURU,88784.0,AHMEDABAD,BENGALURU,False,False,44269.0,44515.0
2023-06-01,JAIPUR – MUMBAI,97864.0,JAIPUR,MUMBAI,False,False,48884.0,48980.0
2023-06-01,CHENNAI – KOLKATA,68917.0,CHENNAI,KOLKATA,False,False,34888.0,34029.0
2023-06-01,DELHI – INDORE,67152.0,DELHI,INDORE,False,False,34249.0,32903.0
2023-06-01,AMRITSAR – DELHI,75942.0,AMRITSAR,DELHI,False,False,38471.0,37471.0
2023-06-01,HYDERABAD – VISAKHAPATNAM,76636.0,HYDERABAD,VISAKHAPATNAM,False,False,37403.0,39233.0
2023-06-01,HYDERABAD – KOLKATA,89867.0,HYDERABAD,KOLKATA,False,False,44696.0,45171.0
2023-06-01,DELHI – VARANASI,63998.0,DELHI,VARANASI,False,False,32277.0,31721.0
2023-06-01,GUWAHATI – KOLKATA,91922.0,GUWAHATI,KOLKATA,False,False,46580.0,45342.0
2023-06-01,LUCKNOW – MUMBAI,71845.0,LUCKNOW,MUMBAI,False,False,36878.0,34967.0
2023-06-01,DELHI – KOCHI,85535.0,DELHI,KOCHI,False,False,45029.0,40506.0
2023-06-01,MUMBAI – VARANASI,60632.0,MUMBAI,VARANASI,False,False,30184.0,30448.0
2023-06-01,DELHI – RANCHI,76111.0,DELHI,RANCHI,False,False,38357.0,37754.0
2023-06-01,CHANDIGARH – DELHI,71440.0,CHANDIGARH,DELHI,False,False,35806.0,35634.0
2023-06-01,CHENNAI – COIMBATORE,74347.0,CHENNAI,COIMBATORE,False,False,37180.0,37167.0
2023-06-01,DELHI – RAIPUR,61710.0,DELHI,RAIPUR,False,False,31221.0,30489.0
2023-06-01,AGARTALA – KOLKATA,70465.0,AGARTALA,KOLKATA,False,False,34237.0,36228.0
2023-06-01,BENGALURU – MANGALURU,37281.0,BENGALURU,MANGALURU,False,False,18447.0,18834.0
2023-06-01,DELHI – LEH,91553.0,DELHI,LEH,False,False,45191.0,46362.0
2023-06-01,BENGALURU – BHUBANESWAR,74963.0,BENGALURU,BHUBANESWAR,False,False,37633.0,37330.0
2023-06-01,BENGALURU – VARANASI,35882.0,BENGALURU,VARANASI,False,False,17452.0,18430.0
2023-06-01,BENGALURU – LUCKNOW,73240.0,BENGALURU,LUCKNOW,False,False,36661.0,36579.0
2023-06-01,CHENNAI – PUNE,47676.0,CHENNAI,PUNE,False,False,24100.0,23576.0
2023-06-01,MUMBAI – NAGPUR,69295.0,MUMBAI,NAGPUR,False,False,34650.0,34645.0
2023-06-01,INDORE – MUMBAI,64878.0,INDORE,MUMBAI,False,False,32722.0,32156.0
2023-06-01,DELHI – NAGPUR,37247.0,DELHI,NAGPUR,False,False,19369.0,17878.0
2023-06-01,BENGALURU – GUWAHATI,62413.0,BENGALURU,GUWAHATI,False,False,31699.0,30714.0
2023-06-01,HYDERABAD – KOCHI,51419.0,HYDERABAD,KOCHI,False,False,25381.0,26038.0
2023-06-01,BENGALURU – JAIPUR,50114.0,BENGALURU,JAIPUR,False,False,24964.0,25150.0
2023-06-01,HYDERABAD – PUNE,44690.0,HYDERABAD,PUNE,False,False,21974.0,22716.0
2023-06-01,BENGALURU – THIRUVANANTHAPURAM,31837.0,BENGALURU,THIRUVANANTHAPURAM,False,False,15378.0,16459.0
2023-06-01,DELHI – UDAIPUR,38774.0,DELHI,UDAIPUR,False,False,20757.0,18017.0
2023-06-01,DELHI – JAMMU,54249.0,DELHI,JAMMU,False,False,26875.0,27374.0
2023-06-01,CHENNAI – KOCHI,45425.0,CHENNAI,KOCHI,False,False,22183.0,23242.0
2023-06-01,HYDERABAD – TIRUPATI,49324.0,HYDERABAD,TIRUPATI,False,False,24473.0,24851.0
2023-07-01,DELHI – MUMBAI,460599.0,DELHI,MUMBAI,False,False,234722.0,225877.0
2023-07-01,BENGALURU – DELHI,400658.0,BENGALURU,DELHI,False,False,196823.0,203835.0
2023-07-01,BENGALURU – MUMBAI,362112.0,BENGALURU,MUMBAI,False,False,177695.0,184417.0
2023-07-01,DELHI – HYDERABAD,255126.0,DELHI,HYDERABAD,False,False,127624.0,127502.0
2023-07-01,DELHI – KOLKATA,220338.0,DELHI,KOLKATA,False,False,107528.0,112810.0
2023-07-01,DELHI – PUNE,230303.0,DELHI,PUNE,False,False,120731.0,109572.0
2023-07-01,AHMEDABAD – DELHI,198944.0,AHMEDABAD,DELHI,False,False,98377.0,100567.0
2023-07-01,CHENNAI – MUMBAI,195202.0,CHENNAI,MUMBAI,False,False,95745.0,99457.0
2023-07-01,KOLKATA – MUMBAI,139429.0,KOLKATA,MUMBAI,False,False,71945.0,67484.0
2023-07-01,HYDERABAD – MUMBAI,183748.0,HYDERABAD,MUMBAI,False,False,90167.0,93581.0
2023-07-01,CHENNAI – DELHI,176328.0,CHENNAI,DELHI,False,False,86509.0,89819.0
2023-07-01,BENGALURU – HYDERABAD,181849.0,BENGALURU,HYDERABAD,False,False,89956.0,91893.0
2023-07-01,BENGALURU – KOLKATA,140927.0,BENGALURU,KOLKATA,False,False,64641.0,76286.0
2023-07-01,AHMEDABAD – MUMBAI,168342.0,AHMEDABAD,MUMBAI,False,False,85179.0,83163.0
2023-07-01,DELHI – SRINAGAR,266843.0,DELHI,SRINAGAR,False,False,128587.0,138256.0
2023-07-01,BENGALURU – PUNE,148286.0,BENGALURU,PUNE,False,False,72502.0,75784.0
2023-07-01,DELHI – GUWAHATI,132324.0,DELHI,GUWAHATI,False,False,63546.0,68778.0
2023-07-01,DELHI – PATNA,109298.0,DELHI,PATNA,False,False,54054.0,55244.0
2023-07-01,BENGALURU – CHENNAI,101227.0,BENGALURU,CHENNAI,False,False,50295.0,50932.0
2023-07-01,DELHI – LUCKNOW,116759.0,DELHI,LUCKNOW,False,False,57944.0,58815.0
2023-07-01,CHENNAI – HYDERABAD,105821.0,CHENNAI,HYDERABAD,False,False,53977.0,51844.0
2023-07-01,BENGALURU – KOCHI,146022.0,BENGALURU,KOCHI,False,False,72930.0,73092.0
2023-07-01,KOCHI – MUMBAI,82384.0,KOCHI,MUMBAI,False,False,39514.0,42870.0
2023-07-01,BAGDOGRA – DELHI,94567.0,BAGDOGRA,DELHI,False,False,47996.0,46571.0
2023-07-01,BHUBANESWAR – DELHI,87070.0,BHUBANESWAR,DELHI,False,False,45395.0,41675.0
2023-07-01,AHMEDABAD – BENGALURU,74624.0,AHMEDABAD,BENGALURU,False,False,38961.0,35663.0
2023-07-01,JAIPUR – MUMBAI,99361.0,JAIPUR,MUMBAI,False,False,48940.0,50421.0
2023-07-01,CHENNAI – KOLKATA,71221.0,CHENNAI,KOLKATA,False,False,34106.0,37115.0
2023-07-01,DELHI – INDORE,68287.0,DELHI,INDORE,False,False,33741.0,34546.0
2023-07-01,AMRITSAR – DELHI,79881.0,AMRITSAR,DELHI,False,False,39860.0,40021.0
2023-07-01,HYDERABAD – VISAKHAPATNAM,69835.0,HYDERABAD,VISAKHAPATNAM,False,False,33527.0,36308.0
2023-07-01,HYDERABAD – KOLKATA,83669.0,HYDERABAD,KOLKATA,False,False,39671.0,43998.0
2023-07-01,DELHI – VARANASI,63479.0,DELHI,VARANASI,False,False,31286.0,32193.0
2023-07-01,GUWAHATI – KOLKATA,93169.0,GUWAHATI,KOLKATA,False,False,47696.0,45473.0
2023-07-01,LUCKNOW – MUMBAI,80086.0,LUCKNOW,MUMBAI,False,False,41074.0,39012.0
2023-07-01,DELHI – KOCHI,85124.0,DELHI,KOCHI,False,False,43900.0,41224.0
2023-07-01,MUMBAI – VARANASI,56986.0,MUMBAI,VARANASI,False,False,27244.0,29742.0
2023-07-01,DELHI – RANCHI,75726.0,DELHI,RANCHI,False,False,35257.0,40469.0
2023-07-01,CHANDIGARH – DELHI,68307.0,CHANDIGARH,DELHI,False,False,33854.0,34453.0
2023-07-01,CHENNAI – COIMBATORE,77047.0,CHENNAI,COIMBATORE,False,False,38189.0,38858.0
2023-07-01,DELHI – RAIPUR,60443.0,DELHI,RAIPUR,False,False,30366.0,30077.0
2023-07-01,AGARTALA – KOLKATA,74660.0,AGARTALA,KOLKATA,False,False,38432.0,36228.0
2023-07-01,BENGALURU – MANGALURU,38545.0,BENGALURU,MANGALURU,False,False,19694.0,18851.0
2023-07-01,DELHI – LEH,91955.0,DELHI,LEH,False,False,44941.0,47014.0
2023-07-01,BENGALURU – BHUBANESWAR,68545.0,BENGALURU,BHUBANESWAR,False,False,31799.0,36746.0
2023-07-01,BENGALURU – VARANASI,34189.0,BENGALURU,VARANASI,False,False,15892.0,18297.0
2023-07-01,BENGALURU – LUCKNOW,70107.0,BENGALURU,LUCKNOW,False,False,34289.0,35818.0
2023-07-01,CHENNAI – PUNE,45793.0,CHENNAI,PUNE,False,False,22129.0,23664.0
2023-07-01,MUMBAI – NAGPUR,63879.0,MUMBAI,NAGPUR,False,False,31422.0,32457.0
2023-07-01,INDORE – MUMBAI,62867.0,INDORE,MUMBAI,False,False,31817.0,31050.0
2023-07-01,DELHI – NAGPUR,42019.0,DELHI,NAGPUR,False,False,21184.0,20835.0
2023-07-01,BENGALURU – GUWAHATI,63487.0,BENGALURU,GUWAHATI,False,False,32433.0,31054.0
2023-07-01,HYDERABAD – KOCHI,52078.0,HYDERABAD,KOCHI,False,False,26260.0,25818.0
2023-07-01,BENGALURU – JAIPUR,46863.0,BENGALURU,JAIPUR,False,False,22475.0,24388.0
2023-07-01,HYDERABAD – PUNE,42499.0,HYDERABAD,PUNE,False,False,21956.0,20543.0
2023-07-01,BENGALURU – THIRUVANANTHAPURAM,38621.0,BENGALURU,THIRUVANANTHAPURAM,False,False,18317.0,20304.0
2023-07-01,DELHI – UDAIPUR,40802.0,DELHI,UDAIPUR,False,False,20374.0,20428.0
2023-07-01,DELHI – JAMMU,58022.0,DELHI,JAMMU,False,False,28345.0,29677.0
2023-07-01,CHENNAI – KOCHI,48926.0,CHENNAI,KOCHI,False,False,25087.0,23839.0
2023-07-01,HYDERABAD – TIRUPATI,49778.0,HYDERABAD,TIRUPATI,False,False,25158.0,24620.0
2023-08-01,DELHI – MUMBAI,509130.0,DELHI,MUMBAI,False,False,255324.0,253806.0
2023-08-01,BENGALURU – DELHI,404790.0,BENGALURU,DELHI,False,False,209179.0,195611.0
2023-08-01,BENGALURU – MUMBAI,383612.0,BENGALURU,MUMBAI,False,False,195430.0,188182.0
2023-08-01,DELHI – HYDERABAD,249375.0,DELHI,HYDERABAD,False,False,120417.0,128958.0
2023-08-01,DELHI – KOLKATA,227234.0,DELHI,KOLKATA,False,False,112938.0,114296.0
2023-08-01,DELHI – PUNE,243213.0,DELHI,PUNE,False,False,120850.0,122363.0
2023-08-01,AHMEDABAD – DELHI,210015.0,AHMEDABAD,DELHI,False,False,104769.0,105246.0
2023-08-01,CHENNAI – MUMBAI,213964.0,CHENNAI,MUMBAI,False,False,108351.0,105613.0
2023-08-01,KOLKATA – MUMBAI,146546.0,KOLKATA,MUMBAI,False,False,73910.0,72636.0
2023-08-01,HYDERABAD – MUMBAI,192289.0,HYDERABAD,MUMBAI,False,False,97773.0,94516.0
2023-08-01,CHENNAI – DELHI,178864.0,CHENNAI,DELHI,False,False,91018.0,87846.0
2023-08-01,BENGALURU – HYDERABAD,185321.0,BENGALURU,HYDERABAD,False,False,93740.0,91581.0
2023-08-01,BENGALURU – KOLKATA,150214.0,BENGALURU,KOLKATA,False,False,72822.0,77392.0
2023-08-01,AHMEDABAD – MUMBAI,181132.0,AHMEDABAD,MUMBAI,False,False,91588.0,89544.0
2023-08-01,DELHI – SRINAGAR,213378.0,DELHI,SRINAGAR,False,False,99768.0,113610.0
2023-08-01,BENGALURU – PUNE,151319.0,BENGALURU,PUNE,False,False,75961.0,75358.0
2023-08-01,DELHI – GUWAHATI,122464.0,DELHI,GUWAHATI,False,False,57290.0,65174.0
2023-08-01,DELHI – PATNA,118212.0,DELHI,PATNA,False,False,58994.0,59218.0
2023-08-01,BENGALURU – CHENNAI,97971.0,BENGALURU,CHENNAI,False,False,49061.0,48910.0
2023-08-01,DELHI – LUCKNOW,123339.0,DELHI,LUCKNOW,False,False,63065.0,60274.0
2023-08-01,CHENNAI – HYDERABAD,107359.0,CHENNAI,HYDERABAD,False,False,55452.0,51907.0
2023-08-01,BENGALURU – KOCHI,126122.0,BENGALURU,KOCHI,False,False,64116.0,62006.0
2023-08-01,KOCHI – MUMBAI,84423.0,KOCHI,MUMBAI,False,False,43056.0,41367.0
2023-08-01,BAGDOGRA – DELHI,97510.0,BAGDOGRA,DELHI,False,False,48010.0,49500.0
2023-08-01,BHUBANESWAR – DELHI,91599.0,BHUBANESWAR,DELHI,False,False,45674.0,45925.0
2023-08-01,AHMEDABAD – BENGALURU,65023.0,AHMEDABAD,BENGALURU,False,False,32242.0,32781.0
2023-08-01,JAIPUR – MUMBAI,111569.0,JAIPUR,MUMBAI,False,False,54401.0,57168.0
2023-08-01,CHENNAI – KOLKATA,74996.0,CHENNAI,KOLKATA,False,False,38176.0,36820.0
2023-08-01,DELHI – INDORE,75344.0,DELHI,INDORE,False,False,37910.0,37434.0
2023-08-01,AMRITSAR – DELHI,82478.0,AMRITSAR,DELHI,False,False,39176.0,43302.0
2023-08-01,HYDERABAD – VISAKHAPATNAM,81753.0,HYDERABAD,VISAKHAPATNAM,False,False,39534.0,42219.0
2023-08-01,HYDERABAD – KOLKATA,87809.0,HYDERABAD,KOLKATA,False,False,43187.0,44622.0
2023-08-01,DELHI – VARANASI,65259.0,DELHI,VARANASI,False,False,32890.0,32369.0
2023-08-01,GUWAHATI – KOLKATA,88217.0,GUWAHATI,KOLKATA,False,False,45091.0,43126.0
2023-08-01,LUCKNOW – MUMBAI,89246.0,LUCKNOW,MUMBAI,False,False,44178.0,45068.0
2023-08-01,DELHI – KOCHI,92638.0,DELHI,KOCHI,False,False,45965.0,46673.0
2023-08-01,MUMBAI – VARANASI,61331.0,MUMBAI,VARANASI,False,False,30610.0,30721.0
2023-08-01,DELHI – RANCHI,79349.0,DELHI,RANCHI,False,False,37373.0,41976.0
2023-08-01,CHANDIGARH – DELHI,65654.0,CHANDIGARH,DELHI,False,False,32211.0,33443.0
2023-08-01,CHENNAI – COIMBATORE,80873.0,CHENNAI,COIMBATORE,False,False,39990.0,40883.0
2023-08-01,DELHI – RAIPUR,61777.0,DELHI,RAIPUR,False,False,30862.0,30915.0
2023-08-01,AGARTALA – KOLKATA,74855.0,AGARTALA,KOLKATA,False,False,38875.0,35980.0
2023-08-01,BENGALURU – MANGALURU,41090.0,BENGALURU,MANGALURU,False,False,20655.0,20435.0
2023-08-01,DELHI – LEH,96760.0,DELHI,LEH,False,False,45345.0,51415.0
2023-08-01,BENGALURU – BHUBANESWAR,68205.0,BENGALURU,BHUBANESWAR,False,False,33354.0,34851.0
2023-08-01,BENGALURU – VARANASI,33201.0,BENGALURU,VARANASI,False,False,16410.0,16791.0
2023-08-01,BENGALURU – LUCKNOW,64905.0,BENGALURU,LUCKNOW,False,False,33017.0,31888.0
2023-08-01,CHENNAI – PUNE,45259.0,CHENNAI,PUNE,False,False,22541.0,22718.0
2023-08-01,MUMBAI – NAGPUR,62502.0,MUMBAI,NAGPUR,False,False,30764.0,31738.0
2023-08-01,INDORE – MUMBAI,64576.0,INDORE,MUMBAI,False,False,31436.0,33140.0
2023-08-01,DELHI – NAGPUR,44810.0,DELHI,NAGPUR,False,False,22482.0,22328.0
2023-08-01,BENGALURU – GUWAHATI,68311.0,BENGALURU,GUWAHATI,False,False,34618.0,33693.0
2023-08-01,HYDERABAD – KOCHI,55815.0,HYDERABAD,KOCHI,False,False,27703.0,28112.0
2023-08-01,BENGALURU – JAIPUR,45770.0,BENGALURU,JAIPUR,False,False,23240.0,22530.0
2023-08-01,HYDERABAD – PUNE,56668.0,HYDERABAD,PUNE,False,False,28521.0,28147.0
2023-08-01,BENGALURU – THIRUVANANTHAPURAM,43625.0,BENGALURU,THIRUVANANTHAPURAM,False,False,21497.0,22128.0
2023-08-01,DELHI – UDAIPUR,41638.0,DELHI,UDAIPUR,False,False,20822.0,20816.0
2023-08-01,DELHI – JAMMU,57403.0,DELHI,JAMMU,False,False,29702.0,27701.0
2023-08-01,CHENNAI – KOCHI,51370.0,CHENNAI,KOCHI,False,False,26125.0,25245.0
2023-08-01,HYDERABAD – TIRUPATI,48718.0,HYDERABAD,TIRUPATI,False,False,24577.0,24141.0
2023-09-01,DELHI – MUMBAI,505273.0,DELHI,MUMBAI,False,False,254808.0,250465.0
2023-09-01,BENGALURU – DELHI,380492.0,BENGALURU,DELHI,False,False,191576.0,188916.0
2023-09-01,BENGALURU – MUMBAI,370862.0,BENGALURU,MUMBAI,False,False,186922.0,183940.0
2023-09-01,DELHI – HYDERABAD,227717.0,DELHI,HYDERABAD,False,False,112723.0,114994.0
2023-09-01,DELHI – KOLKATA,219176.0,DELHI,KOLKATA,False,False,110987.0,108189.0
2023-09-01,DELHI – PUNE,235025.0,DELHI,PUNE,False,False,118785.0,116240.0
2023-09-01,AHMEDABAD – DELHI,205411.0,AHMEDABAD,DELHI,False,False,101886.0,103525.0
2023-09-01,CHENNAI – MUMBAI,203777.0,CHENNAI,MUMBAI,False,False,104940.0,98837.0
2023-09-01,KOLKATA – MUMBAI,141846.0,KOLKATA,MUMBAI,False,False,69745.0,72101.0
2023-09-01,HYDERABAD – MUMBAI,190260.0,HYDERABAD,MUMBAI,False,False,96245.0,94015.0
2023-09-01,CHENNAI – DELHI,178017.0,CHENNAI,DELHI,False,False,90299.0,87718.0
2023-09-01,BENGALURU – HYDERABAD,179418.0,BENGALURU,HYDERABAD,False,False,90447.0,88971.0
2023-09-01,BENGALURU – KOLKATA,144900.0,BENGALURU,KOLKATA,False,False,72402.0,72498.0
2023-09-01,AHMEDABAD – MUMBAI,174372.0,AHMEDABAD,MUMBAI,False,False,87701.0,86671.0
2023-09-01,DELHI – SRINAGAR,215309.0,DELHI,SRINAGAR,False,False,111489.0,103820.0
2023-09-01,BENGALURU – PUNE,143488.0,BENGALURU,PUNE,False,False,72505.0,70983.0
2023-09-01,DELHI – GUWAHATI,126987.0,DELHI,GUWAHATI,False,False,64275.0,62712.0
2023-09-01,DELHI – PATNA,113430.0,DELHI,PATNA,False,False,56824.0,56606.0
2023-09-01,BENGALURU – CHENNAI,90830.0,BENGALURU,CHENNAI,False,False,44929.0,45901.0
2023-09-01,DELHI – LUCKNOW,119158.0,DELHI,LUCKNOW,False,False,60201.0,58957.0
2023-09-01,CHENNAI – HYDERABAD,109750.0,CHENNAI,HYDERABAD,False,False,56888.0,52862.0
2023-09-01,BENGALURU – KOCHI,119535.0,BENGALURU,KOCHI,False,False,59043.0,60492.0
2023-09-01,KOCHI – MUMBAI,88700.0,KOCHI,MUMBAI,False,False,46288.0,42412.0
2023-09-01,BAGDOGRA – DELHI,89986.0,BAGDOGRA,DELHI,False,False,43829.0,46157.0
2023-09-01,BHUBANESWAR – DELHI,91324.0,BHUBANESWAR,DELHI,False,False,44875.0,46449.0
2023-09-01,AHMEDABAD – BENGALURU,58439.0,AHMEDABAD,BENGALURU,False,False,29162.0,29277.0
2023-09-01,JAIPUR – MUMBAI,105867.0,JAIPUR,MUMBAI,False,False,52074.0,53793.0
2023-09-01,CHENNAI – KOLKATA,66276.0,CHENNAI,KOLKATA,False,False,33501.0,32775.0
2023-09-01,DELHI – INDORE,71033.0,DELHI,INDORE,False,False,35057.0,35976.0
2023-09-01,AMRITSAR – DELHI,87499.0,AMRITSAR,DELHI,False,False,41492.0,46007.0
2023-09-01,HYDERABAD – VISAKHAPATNAM,70019.0,HYDERABAD,VISAKHAPATNAM,False,False,33409.0,36610.0
2023-09-01,HYDERABAD – KOLKATA,87583.0,HYDERABAD,KOLKATA,False,False,44212.0,43371.0
2023-09-01,DELHI – VARANASI,62108.0,DELHI,VARANASI,False,False,31078.0,31030.0
2023-09-01,GUWAHATI – KOLKATA,86981.0,GUWAHATI,KOLKATA,False,False,42489.0,44492.0
2023-09-01,LUCKNOW – MUMBAI,82914.0,LUCKNOW,MUMBAI,False,False,40039.0,42875.0
2023-09-01,DELHI – KOCHI,86559.0,DELHI,KOCHI,False,False,41748.0,44811.0
2023-09-01,MUMBAI – VARANASI,65375.0,MUMBAI,VARANASI,False,False,32908.0,32467.0
2023-09-01,DELHI – RANCHI,74422.0,DELHI,RANCHI,False,False,35746.0,38676.0
2023-09-01,CHANDIGARH – DELHI,64399.0,CHANDIGARH,DELHI,False,False,31443.0,32956.0
2023-09-01,CHENNAI – COIMBATORE,80629.0,CHENNAI,COIMBATORE,False,False,40222.0,40407.0
2023-09-01,DELHI – RAIPUR,62525.0,DELHI,RAIPUR,False,False,31096.0,31429.0
2023-09-01,AGARTALA – KOLKATA,73240.0,AGARTALA,KOLKATA,False,False,36862.0,36378.0
2023-09-01,BENGALURU – MANGALURU,38404.0,BENGALURU,MANGALURU,False,False,18999.0,19405.0
2023-09-01,DELHI – LEH,96981.0,DELHI,LEH,False,False,47787.0,49194.0
2023-09-01,BENGALURU – BHUBANESWAR,65156.0,BENGALURU,BHUBANESWAR,False,False,33167.0,31989.0
2023-09-01,BENGALURU – VARANASI,32687.0,BENGALURU,VARANASI,False,False,16093.0,16594.0
2023-09-01,BENGALURU – LUCKNOW,58602.0,BENGALURU,LUCKNOW,False,False,29432.0,29170.0
2023-09-01,CHENNAI – PUNE,45897.0,CHENNAI,PUNE,False,False,23034.0,22863.0
2023-09-01,MUMBAI – NAGPUR,58500.0,MUMBAI,NAGPUR,False,False,29168.0,29332.0
2023-09-01,INDORE – MUMBAI,61014.0,INDORE,MUMBAI,False,False,31062.0,29952.0
2023-09-01,DELHI – NAGPUR,40292.0,DELHI,NAGPUR,False,False,19772.0,20520.0
2023-09-01,BENGALURU – GUWAHATI,63902.0,BENGALURU,GUWAHATI,False,False,32881.0,31021.0
2023-09-01,HYDERABAD – KOCHI,52428.0,HYDERABAD,KOCHI,False,False,24706.0,27722.0
2023-09-01,BENGALURU – JAIPUR,43097.0,BENGALURU,JAIPUR,False,False,21847.0,21250.0
2023-09-01,HYDERABAD – PUNE,50976.0,HYDERABAD,PUNE,False,False,26378.0,24598.0
2023-09-01,BENGALURU – THIRUVANANTHAPURAM,40461.0,BENGALURU,THIRUVANANTHAPURAM,False,False,18827.0,21634.0
2023-09-01,DELHI – UDAIPUR,40097.0,DELHI,UDAIPUR,False,False,20213.0,19884.0
2023-09-01,DELHI – JAMMU,58306.0,DELHI,JAMMU,False,False,30122.0,28184.0
2023-09-01,CHENNAI – KOCHI,45316.0,CHENNAI,KOCHI,False,False,22559.0,22757.0
2023-09-01,HYDERABAD – TIRUPATI,44145.0,HYDERABAD,TIRUPATI,False,False,22539.0,21606.0
2023-10-01,DELHI – MUMBAI,536700.0,DELHI,MUMBAI,False,False,260769.0,275931.0
2023-10-01,BENGALURU – DELHI,411145.0,BENGALURU,DELHI,False,False,215227.0,195918.0
2023-10-01,BENGALURU – MUMBAI,363305.0,BENGALURU,MUMBAI,False,False,184411.0,178894.0
2023-10-01,DELHI – HYDERABAD,243116.0,DELHI,HYDERABAD,False,False,119546.0,123570.0
2023-10-01,DELHI – KOLKATA,244104.0,DELHI,KOLKATA,False,False,124895.0,119209.0
2023-10-01,DELHI – PUNE,233296.0,DELHI,PUNE,False,False,112293.0,121003.0
2023-10-01,AHMEDABAD – DELHI,177935.0,AHMEDABAD,DELHI,False,False,90301.0,87634.0
2023-10-01,CHENNAI – MUMBAI,190226.0,CHENNAI,MUMBAI,False,False,95649.0,94577.0
2023-10-01,KOLKATA – MUMBAI,153925.0,KOLKATA,MUMBAI,False,False,72670.0,81255.0
2023-10-01,HYDERABAD – MUMBAI,173355.0,HYDERABAD,MUMBAI,False,False,84979.0,88376.0
2023-10-01,CHENNAI – DELHI,188373.0,CHENNAI,DELHI,False,False,96613.0,91760.0
2023-10-01,BENGALURU – HYDERABAD,181490.0,BENGALURU,HYDERABAD,False,False,92355.0,89135.0
2023-10-01,BENGALURU – KOLKATA,159890.0,BENGALURU,KOLKATA,False,False,85501.0,74389.0
2023-10-01,AHMEDABAD – MUMBAI,171591.0,AHMEDABAD,MUMBAI,False,False,84484.0,87107.0
2023-10-01,DELHI – SRINAGAR,208898.0,DELHI,SRINAGAR,False,False,95371.0,113527.0
2023-10-01,BENGALURU – PUNE,143164.0,BENGALURU,PUNE,False,False,72534.0,70630.0
2023-10-01,DELHI – GUWAHATI,136551.0,DELHI,GUWAHATI,False,False,68917.0,67634.0
2023-10-01,DELHI – PATNA,124791.0,DELHI,PATNA,False,False,65666.0,59125.0
2023-10-01,BENGALURU – CHENNAI,91339.0,BENGALURU,CHENNAI,False,False,46560.0,44779.0
2023-10-01,DELHI – LUCKNOW,119810.0,DELHI,LUCKNOW,False,False,63774.0,56036.0
2023-10-01,CHENNAI – HYDERABAD,112560.0,CHENNAI,HYDERABAD,False,False,57961.0,54599.0
2023-10-01,BENGALURU – KOCHI,125683.0,BENGALURU,KOCHI,False,False,64386.0,61297.0
2023-10-01,KOCHI – MUMBAI,77967.0,KOCHI,MUMBAI,False,False,41576.0,36391.0
2023-10-01,BAGDOGRA – DELHI,97711.0,BAGDOGRA,DELHI,False,False,46299.0,51412.0
2023-10-01,BHUBANESWAR – DELHI,99139.0,BHUBANESWAR,DELHI,False,False,49074.0,50065.0
2023-10-01,AHMEDABAD – BENGALURU,66419.0,AHMEDABAD,BENGALURU,False,False,32249.0,34170.0
2023-10-01,JAIPUR – MUMBAI,97417.0,JAIPUR,MUMBAI,False,False,46422.0,50995.0
2023-10-01,CHENNAI – KOLKATA,68366.0,CHENNAI,KOLKATA,False,False,35842.0,32524.0
2023-10-01,DELHI – INDORE,70892.0,DELHI,INDORE,False,False,35169.0,35723.0
2023-10-01,AMRITSAR – DELHI,92609.0,AMRITSAR,DELHI,False,False,44585.0,48024.0
2023-10-01,HYDERABAD – VISAKHAPATNAM,68004.0,HYDERABAD,VISAKHAPATNAM,False,False,33261.0,34743.0
2023-10-01,HYDERABAD – KOLKATA,101456.0,HYDERABAD,KOLKATA,False,False,52828.0,48628.0
2023-10-01,DELHI – VARANASI,65771.0,DELHI,VARANASI,False,False,33855.0,31916.0
2023-10-01,GUWAHATI – KOLKATA,106184.0,GUWAHATI,KOLKATA,False,False,52088.0,54096.0
2023-10-01,LUCKNOW – MUMBAI,84144.0,LUCKNOW,MUMBAI,False,False,36750.0,47394.0
2023-10-01,DELHI – KOCHI,86466.0,DELHI,KOCHI,False,False,40688.0,45778.0
2023-10-01,MUMBAI – VARANASI,62298.0,MUMBAI,VARANASI,False,False,33457.0,28841.0
2023-10-01,DELHI – RANCHI,84040.0,DELHI,RANCHI,False,False,44518.0,39522.0
2023-10-01,CHANDIGARH – DELHI,68165.0,CHANDIGARH,DELHI,False,False,33184.0,34981.0
2023-10-01,CHENNAI – COIMBATORE,74332.0,CHENNAI,COIMBATORE,False,False,37075.0,37257.0
2023-10-01,DELHI – RAIPUR,63597.0,DELHI,RAIPUR,False,False,32061.0,31536.0
2023-10-01,AGARTALA – KOLKATA,73623.0,AGARTALA,KOLKATA,False,False,35815.0,37808.0
2023-10-01,BENGALURU – MANGALURU,39924.0,BENGALURU,MANGALURU,False,False,19717.0,20207.0
2023-10-01,DELHI – LEH,73869.0,DELHI,LEH,False,False,29760.0,44109.0
2023-10-01,BENGALURU – BHUBANESWAR,69212.0,BENGALURU,BHUBANESWAR,False,False,37433.0,31779.0
2023-10-01,BENGALURU – VARANASI,34574.0,BENGALURU,VARANASI,False,False,17872.0,16702.0
2023-10-01,BENGALURU – LUCKNOW,55264.0,BENGALURU,LUCKNOW,False,False,29885.0,25379.0
2023-10-01,CHENNAI – PUNE,43382.0,CHENNAI,PUNE,False,False,21131.0,22251.0
2023-10-01,MUMBAI – NAGPUR,54556.0,MUMBAI,NAGPUR,False,False,27790.0,26766.0
2023-10-01,INDORE – MUMBAI,51547.0,INDORE,MUMBAI,False,False,24573.0,26974.0
2023-10-01,DELHI – NAGPUR,41096.0,DELHI,NAGPUR,False,False,20034.0,21062.0
2023-10-01,BENGALURU – GUWAHATI,67830.0,BENGALURU,GUWAHATI,False,False,36622.0,31208.0
2023-10-01,HYDERABAD – KOCHI,49142.0,HYDERABAD,KOCHI,False,False,24266.0,24876.0
2023-10-01,BENGALURU – JAIPUR,45339.0,BENGALURU,JAIPUR,False,False,24261.0,21078.0
2023-10-01,HYDERABAD – PUNE,55885.0,HYDERABAD,PUNE,False,False,27919.0,27966.0
2023-10-01,BENGALURU – THIRUVANANTHAPURAM,42711.0,BENGALURU,THIRUVANANTHAPURAM,False,False,20694.0,22017.0
2023-10-01,DELHI – UDAIPUR,42599.0,DELHI,UDAIPUR,False,False,21071.0,21528.0
2023-10-01,DELHI – JAMMU,59554.0,DELHI,JAMMU,False,False,31013.0,28541.0
2023-10-01,CHENNAI – KOCHI,42331.0,CHENNAI,KOCHI,False,False,20575.0,21756.0
2023-10-01,HYDERABAD – TIRUPATI,45811.0,HYDERABAD,TIRUPATI,False,False,23586.0,22225.0
2023-11-01,DELHI – MUMBAI,530408.0,DELHI,MUMBAI,False,False,254129.0,276279.0
2023-11-01,BENGALURU – DELHI,374165.0,BENGALURU,DELHI,False,False,188673.0,185492.0
2023-11-01,BENGALURU – MUMBAI,362437.0,BENGALURU,MUMBAI,False,False,175795.0,186642.0
2023-11-01,DELHI – HYDERABAD,244905.0,DELHI,HYDERABAD,False,False,119604.0,125301.0
2023-11-01,DELHI – KOLKATA,237093.0,DELHI,KOLKATA,False,False,124240.0,112853.0
2023-11-01,DELHI – PUNE,220192.0,DELHI,PUNE,False,False,106287.0,113905.0
2023-11-01,AHMEDABAD – DELHI,197318.0,AHMEDABAD,DELHI,False,False,100935.0,96383.0
2023-11-01,CHENNAI – MUMBAI,212656.0,CHENNAI,MUMBAI,False,False,104423.0,108233.0
2023-11-01,KOLKATA – MUMBAI,157716.0,KOLKATA,MUMBAI,False,False,74470.0,83246.0
2023-11-01,HYDERABAD – MUMBAI,185394.0,HYDERABAD,MUMBAI,False,False,91566.0,93828.0
2023-11-01,CHENNAI – DELHI,203287.0,CHENNAI,DELHI,False,False,104840.0,98447.0
2023-11-01,BENGALURU – HYDERABAD,159883.0,BENGALURU,HYDERABAD,False,False,80809.0,79074.0
2023-11-01,BENGALURU – KOLKATA,181830.0,BENGALURU,KOLKATA,False,False,94344.0,87486.0
2023-11-01,AHMEDABAD – MUMBAI,172302.0,AHMEDABAD,MUMBAI,False,False,84511.0,87791.0
2023-11-01,DELHI – SRINAGAR,181983.0,DELHI,SRINAGAR,False,False,88470.0,93513.0
2023-11-01,BENGALURU – PUNE,144536.0,BENGALURU,PUNE,False,False,71596.0,72940.0
2023-11-01,DELHI – GUWAHATI,127178.0,DELHI,GUWAHATI,False,False,65832.0,61346.0
2023-11-01,DELHI – PATNA,119488.0,DELHI,PATNA,False,False,64438.0,55050.0
2023-11-01,BENGALURU – CHENNAI,93364.0,BENGALURU,CHENNAI,False,False,45379.0,47985.0
2023-11-01,DELHI – LUCKNOW,124932.0,DELHI,LUCKNOW,False,False,67049.0,57883.0
2023-11-01,CHENNAI – HYDERABAD,108441.0,CHENNAI,HYDERABAD,False,False,55663.0,52778.0
2023-11-01,BENGALURU – KOCHI,118936.0,BENGALURU,KOCHI,False,False,59443.0,59493.0
2023-11-01,KOCHI – MUMBAI,89562.0,KOCHI,MUMBAI,False,False,42938.0,46624.0
2023-11-01,BAGDOGRA – DELHI,89378.0,BAGDOGRA,DELHI,False,False,43383.0,45995.0
2023-11-01,BHUBANESWAR – DELHI,98911.0,BHUBANESWAR,DELHI,False,False,46997.0,51914.0
2023-11-01,AHMEDABAD – BENGALURU,66691.0,AHMEDABAD,BENGALURU,False,False,33353.0,33338.0
2023-11-01,JAIPUR – MUMBAI,110868.0,JAIPUR,MUMBAI,False,False,51548.0,59320.0
2023-11-01,CHENNAI – KOLKATA,66978.0,CHENNAI,KOLKATA,False,False,34782.0,32196.0
2023-11-01,DELHI – INDORE,68863.0,DELHI,INDORE,False,False,34537.0,34326.0
2023-11-01,AMRITSAR – DELHI,92265.0,AMRITSAR,DELHI,False,False,44603.0,47662.0
2023-11-01,HYDERABAD – VISAKHAPATNAM,58888.0,HYDERABAD,VISAKHAPATNAM,False,False,28974.0,29914.0
2023-11-01,HYDERABAD – KOLKATA,95983.0,HYDERABAD,KOLKATA,False,False,49214.0,46769.0
2023-11-01,DELHI – VARANASI,75048.0,DELHI,VARANASI,False,False,39627.0,35421.0
2023-11-01,GUWAHATI – KOLKATA,100227.0,GUWAHATI,KOLKATA,False,False,50433.0,49794.0
2023-11-01,LUCKNOW – MUMBAI,72680.0,LUCKNOW,MUMBAI,False,False,32452.0,40228.0
2023-11-01,DELHI – KOCHI,86375.0,DELHI,KOCHI,False,False,42731.0,43644.0
2023-11-01,MUMBAI – VARANASI,59164.0,MUMBAI,VARANASI,False,False,32577.0,26587.0
2023-11-01,DELHI – RANCHI,74403.0,DELHI,RANCHI,False,False,39838.0,34565.0
2023-11-01,CHANDIGARH – DELHI,61542.0,CHANDIGARH,DELHI,False,False,30238.0,31304.0
2023-11-01,CHENNAI – COIMBATORE,62481.0,CHENNAI,COIMBATORE,False,False,31107.0,31374.0
2023-11-01,DELHI – RAIPUR,62881.0,DELHI,RAIPUR,False,False,31498.0,31383.0
2023-11-01,AGARTALA – KOLKATA,71647.0,AGARTALA,KOLKATA,False,False,36539.0,35108.0
2023-11-01,BENGALURU – MANGALURU,53819.0,BENGALURU,MANGALURU,False,False,26107.0,27712.0
2023-11-01,DELHI – LEH,41545.0,DELHI,LEH,False,False,19992.0,21553.0
2023-11-01,BENGALURU – BHUBANESWAR,65200.0,BENGALURU,BHUBANESWAR,False,False,33196.0,32004.0
2023-11-01,BENGALURU – VARANASI,44230.0,BENGALURU,VARANASI,False,False,24101.0,20129.0
2023-11-01,BENGALURU – LUCKNOW,66613.0,BENGALURU,LUCKNOW,False,False,36097.0,30516.0
2023-11-01,CHENNAI – PUNE,52400.0,CHENNAI,PUNE,False,False,26404.0,25996.0
2023-11-01,MUMBAI – NAGPUR,56074.0,MUMBAI,NAGPUR,False,False,28795.0,27279.0
2023-11-01,INDORE – MUMBAI,50309.0,INDORE,MUMBAI,False,False,25078.0,25231.0
2023-11-01,DELHI – NAGPUR,43006.0,DELHI,NAGPUR,False,False,21533.0,21473.0
2023-11-01,BENGALURU – GUWAHATI,67117.0,BENGALURU,GUWAHATI,False,False,34294.0,32823.0
2023-11-01,HYDERABAD – KOCHI,58409.0,HYDERABAD,KOCHI,False,False,29124.0,29285.0
2023-11-01,BENGALURU – JAIPUR,57940.0,BENGALURU,JAIPUR,False,False,30116.0,27824.0
2023-11-01,HYDERABAD – PUNE,48359.0,HYDERABAD,PUNE,False,False,24074.0,24285.0
2023-11-01,BENGALURU – THIRUVANANTHAPURAM,55922.0,BENGALURU,THIRUVANANTHAPURAM,False,False,25825.0,30097.0
2023-11-01,DELHI – UDAIPUR,52446.0,DELHI,UDAIPUR,False,False,26828.0,25618.0
2023-11-01,DELHI – JAMMU,56798.0,DELHI,JAMMU,False,False,28819.0,27979.0
2023-11-01,CHENNAI – KOCHI,45776.0,CHENNAI,KOCHI,False,False,22862.0,22914.0
2023-11-01,HYDERABAD – TIRUPATI,51871.0,HYDERABAD,TIRUPATI,False,False,26341.0,25530.0
2023-12-01,DELHI – MUMBAI,593256.0,DELHI,MUMBAI,False,False,308682.0,284574.0
2023-12-01,BENGALURU – DELHI,424131.0,BENGALURU,DELHI,False,False,204471.0,219660.0
2023-12-01,BENGALURU – MUMBAI,389681.0,BENGALURU,MUMBAI,False,False,190394.0,199287.0
2023-12-01,DELHI – HYDERABAD,276396.0,DELHI,HYDERABAD,False,False,141392.0,135004.0
2023-12-01,DELHI – KOLKATA,249290.0,DELHI,KOLKATA,False,False,128495.0,120795.0
2023-12-01,DELHI – PUNE,238576.0,DELHI,PUNE,False,False,122630.0,115946.0
2023-12-01,AHMEDABAD – DELHI,212509.0,AHMEDABAD,DELHI,False,False,101064.0,111445.0
2023-12-01,CHENNAI – MUMBAI,222837.0,CHENNAI,MUMBAI,False,False,110747.0,112090.0
2023-12-01,KOLKATA – MUMBAI,165694.0,KOLKATA,MUMBAI,False,False,83096.0,82598.0
2023-12-01,HYDERABAD – MUMBAI,221026.0,HYDERABAD,MUMBAI,False,False,109922.0,111104.0
2023-12-01,CHENNAI – DELHI,206253.0,CHENNAI,DELHI,False,False,99967.0,106286.0
2023-12-01,BENGALURU – HYDERABAD,168728.0,BENGALURU,HYDERABAD,False,False,84401.0,84327.0
2023-12-01,BENGALURU – KOLKATA,198451.0,BENGALURU,KOLKATA,False,False,98370.0,100081.0
2023-12-01,AHMEDABAD – MUMBAI,186933.0,AHMEDABAD,MUMBAI,False,False,94190.0,92743.0
2023-12-01,DELHI – SRINAGAR,196818.0,DELHI,SRINAGAR,False,False,98692.0,98126.0
2023-12-01,BENGALURU – PUNE,165911.0,BENGALURU,PUNE,False,False,82795.0,83116.0
2023-12-01,DELHI – GUWAHATI,129712.0,DELHI,GUWAHATI,False,False,67357.0,62355.0
2023-12-01,DELHI – PATNA,117707.0,DELHI,PATNA,False,False,58802.0,58905.0
2023-12-01,BENGALURU – CHENNAI,94673.0,BENGALURU,CHENNAI,False,False,45905.0,48768.0
2023-12-01,DELHI – LUCKNOW,139921.0,DELHI,LUCKNOW,False,False,69718.0,70203.0
2023-12-01,CHENNAI – HYDERABAD,107329.0,CHENNAI,HYDERABAD,False,False,54862.0,52467.0
2023-12-01,BENGALURU – KOCHI,121805.0,BENGALURU,KOCHI,False,False,62244.0,59561.0
2023-12-01,KOCHI – MUMBAI,112667.0,KOCHI,MUMBAI,False,False,54078.0,58589.0
2023-12-01,BAGDOGRA – DELHI,99413.0,BAGDOGRA,DELHI,False,False,48886.0,50527.0
2023-12-01,BHUBANESWAR – DELHI,104022.0,BHUBANESWAR,DELHI,False,False,51226.0,52796.0
2023-12-01,AHMEDABAD – BENGALURU,65325.0,AHMEDABAD,BENGALURU,False,False,33132.0,32193.0
2023-12-01,JAIPUR – MUMBAI,121993.0,JAIPUR,MUMBAI,False,False,63466.0,58527.0
2023-12-01,CHENNAI – KOLKATA,71102.0,CHENNAI,KOLKATA,False,False,35038.0,36064.0
2023-12-01,DELHI – INDORE,76970.0,DELHI,INDORE,False,False,39320.0,37650.0
2023-12-01,AMRITSAR – DELHI,96411.0,AMRITSAR,DELHI,False,False,47013.0,49398.0
2023-12-01,HYDERABAD – VISAKHAPATNAM,60271.0,HYDERABAD,VISAKHAPATNAM,False,False,30476.0,29795.0
2023-12-01,HYDERABAD – KOLKATA,89935.0,HYDERABAD,KOLKATA,False,False,44377.0,45558.0
2023-12-01,DELHI – VARANASI,65636.0,DELHI,VARANASI,False,False,32657.0,32979.0
2023-12-01,GUWAHATI – KOLKATA,96994.0,GUWAHATI,KOLKATA,False,False,47420.0,49574.0
2023-12-01,LUCKNOW – MUMBAI,83066.0,LUCKNOW,MUMBAI,False,False,41900.0,41166.0
2023-12-01,DELHI – KOCHI,92114.0,DELHI,KOCHI,False,False,48555.0,43559.0
2023-12-01,MUMBAI – VARANASI,64356.0,MUMBAI,VARANASI,False,False,31820.0,32536.0
2023-12-01,DELHI – RANCHI,82528.0,DELHI,RANCHI,False,False,42162.0,40366.0
2023-12-01,CHANDIGARH – DELHI,60376.0,CHANDIGARH,DELHI,False,False,29910.0,30466.0
2023-12-01,CHENNAI – COIMBATORE,65105.0,CHENNAI,COIMBATORE,False,False,32256.0,32849.0
2023-12-01,DELHI – RAIPUR,69830.0,DELHI,RAIPUR,False,False,35440.0,34390.0
2023-12-01,AGARTALA – KOLKATA,70309.0,AGARTALA,KOLKATA,False,False,34262.0,36047.0
2023-12-01,BENGALURU – MANGALURU,68671.0,BENGALURU,MANGALURU,False,False,34570.0,34101.0
2023-12-01,DELHI – LEH,45811.0,DELHI,LEH,False,False,22225.0,23586.0
2023-12-01,BENGALURU – BHUBANESWAR,70379.0,BENGALURU,BHUBANESWAR,False,False,34304.0,36075.0
2023-12-01,BENGALURU – VARANASI,50374.0,BENGALURU,VARANASI,False,False,24437.0,25937.0
2023-12-01,BENGALURU – LUCKNOW,69250.0,BENGALURU,LUCKNOW,False,False,32977.0,36273.0
2023-12-01,CHENNAI – PUNE,57572.0,CHENNAI,PUNE,False,False,28569.0,29003.0
2023-12-01,MUMBAI – NAGPUR,52001.0,MUMBAI,NAGPUR,False,False,25570.0,26431.0
2023-12-01,INDORE – MUMBAI,61558.0,INDORE,MUMBAI,False,False,32374.0,29184.0
2023-12-01,DELHI – NAGPUR,53531.0,DELHI,NAGPUR,False,False,28188.0,25343.0
2023-12-01,BENGALURU – GUWAHATI,72591.0,BENGALURU,GUWAHATI,False,False,37351.0,35240.0
2023-12-01,HYDERABAD – KOCHI,78085.0,HYDERABAD,KOCHI,False,False,39357.0,38728.0
2023-12-01,BENGALURU – JAIPUR,62173.0,BENGALURU,JAIPUR,False,False,29882.0,32291.0
2023-12-01,HYDERABAD – PUNE,49781.0,HYDERABAD,PUNE,False,False,24616.0,25165.0
2023-12-01,BENGALURU – THIRUVANANTHAPURAM,69580.0,BENGALURU,THIRUVANANTHAPURAM,False,False,34925.0,34655.0
2023-12-01,DELHI – UDAIPUR,61793.0,DELHI,UDAIPUR,False,False,32815.0,28978.0
2023-12-01,DELHI – JAMMU,50586.0,DELHI,JAMMU,False,False,25212.0,25374.0
2023-12-01,CHENNAI – KOCHI,46941.0,CHENNAI,KOCHI,False,False,24398.0,22543.0
2023-12-01,HYDERABAD – TIRUPATI,53042.0,HYDERABAD,TIRUPATI,False,False,26557.0,26485.0
2024-01-01,DELHI – MUMBAI,573931.0,DELHI,MUMBAI,False,False,284143.0,289788.0
2024-01-01,BENGALURU – DELHI,404139.0,BENGALURU,DELHI,False,False,202724.0,201415.0
2024-01-01,BENGALURU – MUMBAI,379145.0,BENGALURU,MUMBAI,False,False,185646.0,193499.0
2024-01-01,DELHI – HYDERABAD,257062.0,DELHI,HYDERABAD,False,False,125954.0,131108.0
2024-01-01,DELHI – KOLKATA,238116.0,DELHI,KOLKATA,False,False,119251.0,118865.0
2024-01-01,DELHI – PUNE,227222.0,DELHI,PUNE,False,False,113725.0,113497.0
2024-01-01,AHMEDABAD – DELHI,205375.0,AHMEDABAD,DELHI,False,False,103380.0,101995.0
2024-01-01,CHENNAI – MUMBAI,235137.0,CHENNAI,MUMBAI,False,False,114843.0,120294.0
2024-01-01,KOLKATA – MUMBAI,157783.0,KOLKATA,MUMBAI,False,False,78355.0,79428.0
2024-01-01,HYDERABAD – MUMBAI,213956.0,HYDERABAD,MUMBAI,False,False,108612.0,105344.0
2024-01-01,CHENNAI – DELHI,207080.0,CHENNAI,DELHI,False,False,102766.0,104314.0
2024-01-01,BENGALURU – HYDERABAD,181045.0,BENGALURU,HYDERABAD,False,False,88636.0,92409.0
2024-01-01,BENGALURU – KOLKATA,192166.0,BENGALURU,KOLKATA,False,False,97699.0,94467.0
2024-01-01,AHMEDABAD – MUMBAI,197477.0,AHMEDABAD,MUMBAI,False,False,98595.0,98882.0
2024-01-01,DELHI – SRINAGAR,182400.0,DELHI,SRINAGAR,False,False,88501.0,93899.0
2024-01-01,BENGALURU – PUNE,158972.0,BENGALURU,PUNE,False,False,78547.0,80425.0
2024-01-01,DELHI – GUWAHATI,129006.0,DELHI,GUWAHATI,False,False,63194.0,65812.0
2024-01-01,DELHI – PATNA,100166.0,DELHI,PATNA,False,False,50016.0,50150.0
2024-01-01,BENGALURU – CHENNAI,100796.0,BENGALURU,CHENNAI,False,False,48808.0,51988.0
2024-01-01,DELHI – LUCKNOW,129991.0,DELHI,LUCKNOW,False,False,65374.0,64617.0
2024-01-01,CHENNAI – HYDERABAD,121429.0,CHENNAI,HYDERABAD,False,False,59733.0,61696.0
2024-01-01,BENGALURU – KOCHI,117998.0,BENGALURU,KOCHI,False,False,57592.0,60406.0
2024-01-01,KOCHI – MUMBAI,114608.0,KOCHI,MUMBAI,False,False,59340.0,55268.0
2024-01-01,BAGDOGRA – DELHI,92050.0,BAGDOGRA,DELHI,False,False,46195.0,45855.0
2024-01-01,BHUBANESWAR – DELHI,95856.0,BHUBANESWAR,DELHI,False,False,48161.0,47695.0
2024-01-01,AHMEDABAD – BENGALURU,67255.0,AHMEDABAD,BENGALURU,False,False,34025.0,33230.0
2024-01-01,JAIPUR – MUMBAI,123079.0,JAIPUR,MUMBAI,False,False,61338.0,61741.0
2024-01-01,CHENNAI – KOLKATA,64212.0,CHENNAI,KOLKATA,False,False,32088.0,32124.0
2024-01-01,DELHI – INDORE,70253.0,DELHI,INDORE,False,False,35305.0,34948.0
2024-01-01,AMRITSAR – DELHI,90246.0,AMRITSAR,DELHI,False,False,42781.0,47465.0
2024-01-01,HYDERABAD – VISAKHAPATNAM,58220.0,HYDERABAD,VISAKHAPATNAM,False,False,28579.0,29641.0
2024-01-01,HYDERABAD – KOLKATA,85955.0,HYDERABAD,KOLKATA,False,False,43717.0,42238.0
2024-01-01,DELHI – VARANASI,52929.0,DELHI,VARANASI,False,False,26000.0,26929.0
2024-01-01,GUWAHATI – KOLKATA,87242.0,GUWAHATI,KOLKATA,False,False,43634.0,43608.0
2024-01-01,LUCKNOW – MUMBAI,83359.0,LUCKNOW,MUMBAI,False,False,41520.0,41839.0
2024-01-01,DELHI – KOCHI,86989.0,DELHI,KOCHI,False,False,43050.0,43939.0
2024-01-01,MUMBAI – VARANASI,56267.0,MUMBAI,VARANASI,False,False,28185.0,28082.0
2024-01-01,DELHI – RANCHI,72703.0,DELHI,RANCHI,False,False,36184.0,36519.0
2024-01-01,CHANDIGARH – DELHI,52948.0,CHANDIGARH,DELHI,False,False,26291.0,26657.0
2024-01-01,CHENNAI – COIMBATORE,60776.0,CHENNAI,COIMBATORE,False,False,29284.0,31492.0
2024-01-01,DELHI – RAIPUR,63426.0,DELHI,RAIPUR,False,False,31441.0,31985.0
2024-01-01,AGARTALA – KOLKATA,63227.0,AGARTALA,KOLKATA,False,False,30666.0,32561.0
2024-01-01,BENGALURU – MANGALURU,53509.0,BENGALURU,MANGALURU,False,False,25564.0,27945.0
2024-01-01,DELHI – LEH,43256.0,DELHI,LEH,False,False,21739.0,21517.0
2024-01-01,BENGALURU – BHUBANESWAR,72502.0,BENGALURU,BHUBANESWAR,False,False,35557.0,36945.0
2024-01-01,BENGALURU – VARANASI,41035.0,BENGALURU,VARANASI,False,False,20582.0,20453.0
2024-01-01,BENGALURU – LUCKNOW,66539.0,BENGALURU,LUCKNOW,False,False,32573.0,33966.0
2024-01-01,CHENNAI – PUNE,61495.0,CHENNAI,PUNE,False,False,29458.0,32037.0
2024-01-01,MUMBAI – NAGPUR,55278.0,MUMBAI,NAGPUR,False,False,27323.0,27955.0
2024-01-01,INDORE – MUMBAI,59883.0,INDORE,MUMBAI,False,False,30827.0,29056.0
2024-01-01,DELHI – NAGPUR,47382.0,DELHI,NAGPUR,False,False,22875.0,24507.0
2024-01-01,BENGALURU – GUWAHATI,67109.0,BENGALURU,GUWAHATI,False,False,34368.0,32741.0
2024-01-01,HYDERABAD – KOCHI,65342.0,HYDERABAD,KOCHI,False,False,31830.0,33512.0
2024-01-01,BENGALURU – JAIPUR,59480.0,BENGALURU,JAIPUR,False,False,30206.0,29274.0
2024-01-01,HYDERABAD – PUNE,46672.0,HYDERABAD,PUNE,False,False,22792.0,23880.0
2024-01-01,BENGALURU – THIRUVANANTHAPURAM,64215.0,BENGALURU,THIRUVANANTHAPURAM,False,False,29573.0,34642.0
2024-01-01,DELHI – UDAIPUR,57266.0,DELHI,UDAIPUR,False,False,28195.0,29071.0
2024-01-01,DELHI – JAMMU,37604.0,DELHI,JAMMU,False,False,18739.0,18865.0
2024-01-01,CHENNAI – KOCHI,49211.0,CHENNAI,KOCHI,False,False,23572.0,25639.0
2024-01-01,HYDERABAD – TIRUPATI,57348.0,HYDERABAD,TIRUPATI,False,False,28907.0,28441.0
2024-02-01,DELHI – MUMBAI,573509.0,DELHI,MUMBAI,False,False,280016.0,293493.0
2024-02-01,BENGALURU – DELHI,396874.0,BENGALURU,DELHI,False,False,201616.0,195258.0
2024-02-01,BENGALURU – MUMBAI,367951.0,BENGALURU,MUMBAI,False,False,185132.0,182819.0
2024-02-01,DELHI – HYDERABAD,260428.0,DELHI,HYDERABAD,False,False,127583.0,132845.0
2024-02-01,DELHI – KOLKATA,229106.0,DELHI,KOLKATA,False,False,115415.0,113691.0
2024-02-01,DELHI – PUNE,230662.0,DELHI,PUNE,False,False,113664.0,116998.0
2024-02-01,AHMEDABAD – DELHI,196980.0,AHMEDABAD,DELHI,False,False,100290.0,96690.0
2024-02-01,CHENNAI – MUMBAI,219802.0,CHENNAI,MUMBAI,False,False,108650.0,111152.0
2024-02-01,KOLKATA – MUMBAI,150646.0,KOLKATA,MUMBAI,False,False,73696.0,76950.0
2024-02-01,HYDERABAD – MUMBAI,197354.0,HYDERABAD,MUMBAI,False,False,97310.0,100044.0
2024-02-01,CHENNAI – DELHI,199133.0,CHENNAI,DELHI,False,False,101243.0,97890.0
2024-02-01,BENGALURU – HYDERABAD,180185.0,BENGALURU,HYDERABAD,False,False,89404.0,90781.0
2024-02-01,BENGALURU – KOLKATA,167977.0,BENGALURU,KOLKATA,False,False,86009.0,81968.0
2024-02-01,AHMEDABAD – MUMBAI,188365.0,AHMEDABAD,MUMBAI,False,False,94448.0,93917.0
2024-02-01,DELHI – SRINAGAR,184932.0,DELHI,SRINAGAR,False,False,96158.0,88774.0
2024-02-01,BENGALURU – PUNE,156092.0,BENGALURU,PUNE,False,False,78466.0,77626.0
2024-02-01,DELHI – GUWAHATI,124371.0,DELHI,GUWAHATI,False,False,61836.0,62535.0
2024-02-01,DELHI – PATNA,118653.0,DELHI,PATNA,False,False,60299.0,58354.0
2024-02-01,BENGALURU – CHENNAI,104824.0,BENGALURU,CHENNAI,False,False,50428.0,54396.0
2024-02-01,DELHI – LUCKNOW,130158.0,DELHI,LUCKNOW,False,False,66488.0,63670.0
2024-02-01,CHENNAI – HYDERABAD,110896.0,CHENNAI,HYDERABAD,False,False,57715.0,53181.0
2024-02-01,BENGALURU – KOCHI,102591.0,BENGALURU,KOCHI,False,False,50902.0,51689.0
2024-02-01,KOCHI – MUMBAI,95509.0,KOCHI,MUMBAI,False,False,48188.0,47321.0
2024-02-01,BAGDOGRA – DELHI,91288.0,BAGDOGRA,DELHI,False,False,44799.0,46489.0
2024-02-01,BHUBANESWAR – DELHI,97325.0,BHUBANESWAR,DELHI,False,False,49254.0,48071.0
2024-02-01,AHMEDABAD – BENGALURU,60150.0,AHMEDABAD,BENGALURU,False,False,30321.0,29829.0
2024-02-01,JAIPUR – MUMBAI,110116.0,JAIPUR,MUMBAI,False,False,55401.0,54715.0
2024-02-01,CHENNAI – KOLKATA,63113.0,CHENNAI,KOLKATA,False,False,32266.0,30847.0
2024-02-01,DELHI – INDORE,71723.0,DELHI,INDORE,False,False,35392.0,36331.0
2024-02-01,AMRITSAR – DELHI,112208.0,AMRITSAR,DELHI,False,False,55048.0,57160.0
2024-02-01,HYDERABAD – VISAKHAPATNAM,59351.0,HYDERABAD,VISAKHAPATNAM,False,False,29992.0,29359.0
2024-02-01,HYDERABAD – KOLKATA,84496.0,HYDERABAD,KOLKATA,False,False,42825.0,41671.0
2024-02-01,DELHI – VARANASI,64353.0,DELHI,VARANASI,False,False,32282.0,32071.0
2024-02-01,GUWAHATI – KOLKATA,77926.0,GUWAHATI,KOLKATA,False,False,39288.0,38638.0
2024-02-01,LUCKNOW – MUMBAI,79332.0,LUCKNOW,MUMBAI,False,False,39481.0,39851.0
2024-02-01,DELHI – KOCHI,84761.0,DELHI,KOCHI,False,False,41711.0,43050.0
2024-02-01,MUMBAI – VARANASI,57457.0,MUMBAI,VARANASI,False,False,29713.0,27744.0
2024-02-01,DELHI – RANCHI,74941.0,DELHI,RANCHI,False,False,37492.0,37449.0
2024-02-01,CHANDIGARH – DELHI,65246.0,CHANDIGARH,DELHI,False,False,32753.0,32493.0
2024-02-01,CHENNAI – COIMBATORE,58143.0,CHENNAI,COIMBATORE,False,False,28601.0,29542.0
2024-02-01,DELHI – RAIPUR,61991.0,DELHI,RAIPUR,False,False,30970.0,31021.0
2024-02-01,AGARTALA – KOLKATA,64725.0,AGARTALA,KOLKATA,False,False,32045.0,32680.0
2024-02-01,BENGALURU – MANGALURU,47530.0,BENGALURU,MANGALURU,False,False,23339.0,24191.0
2024-02-01,DELHI – LEH,38457.0,DELHI,LEH,False,False,22295.0,16162.0
2024-02-01,BENGALURU – BHUBANESWAR,72694.0,BENGALURU,BHUBANESWAR,False,False,36257.0,36437.0
2024-02-01,BENGALURU – VARANASI,48600.0,BENGALURU,VARANASI,False,False,24743.0,23857.0
2024-02-01,BENGALURU – LUCKNOW,60047.0,BENGALURU,LUCKNOW,False,False,30919.0,29128.0
2024-02-01,CHENNAI – PUNE,49052.0,CHENNAI,PUNE,False,False,23704.0,25348.0
2024-02-01,MUMBAI – NAGPUR,52624.0,MUMBAI,NAGPUR,False,False,26352.0,26272.0
2024-02-01,INDORE – MUMBAI,57491.0,INDORE,MUMBAI,False,False,29159.0,28332.0
2024-02-01,DELHI – NAGPUR,45967.0,DELHI,NAGPUR,False,False,22792.0,23175.0
2024-02-01,BENGALURU – GUWAHATI,53714.0,BENGALURU,GUWAHATI,False,False,27528.0,26186.0
2024-02-01,HYDERABAD – KOCHI,53365.0,HYDERABAD,KOCHI,False,False,25372.0,27993.0
2024-02-01,BENGALURU – JAIPUR,52004.0,BENGALURU,JAIPUR,False,False,26747.0,25257.0
2024-02-01,HYDERABAD – PUNE,45031.0,HYDERABAD,PUNE,False,False,21839.0,23192.0
2024-02-01,BENGALURU – THIRUVANANTHAPURAM,55316.0,BENGALURU,THIRUVANANTHAPURAM,False,False,26360.0,28956.0
2024-02-01,DELHI – UDAIPUR,55137.0,DELHI,UDAIPUR,False,False,26915.0,28222.0
2024-02-01,DELHI – JAMMU,47078.0,DELHI,JAMMU,False,False,22728.0,24350.0
2024-02-01,CHENNAI – KOCHI,44186.0,CHENNAI,KOCHI,False,False,21303.0,22883.0
2024-02-01,HYDERABAD – TIRUPATI,55494.0,HYDERABAD,TIRUPATI,False,False,27874.0,27620.0
2024-03-01,DELHI – MUMBAI,579344.0,DELHI,MUMBAI,False,False,290453.0,288891.0
2024-03-01,BENGALURU – DELHI,403864.0,BENGALURU,DELHI,False,False,206370.0,197494.0
2024-03-01,BENGALURU – MUMBAI,346643.0,BENGALURU,MUMBAI,False,False,174332.0,172311.0
2024-03-01,DELHI – HYDERABAD,274535.0,DELHI,HYDERABAD,False,False,136046.0,138489.0
2024-03-01,DELHI – KOLKATA,245900.0,DELHI,KOLKATA,False,False,125476.0,120424.0
2024-03-01,DELHI – PUNE,244979.0,DELHI,PUNE,False,False,121645.0,123334.0
2024-03-01,AHMEDABAD – DELHI,204541.0,AHMEDABAD,DELHI,False,False,103625.0,100916.0
2024-03-01,CHENNAI – MUMBAI,188967.0,CHENNAI,MUMBAI,False,False,94590.0,94377.0
2024-03-01,KOLKATA – MUMBAI,152291.0,KOLKATA,MUMBAI,False,False,73853.0,78438.0
2024-03-01,HYDERABAD – MUMBAI,190865.0,HYDERABAD,MUMBAI,False,False,95517.0,95348.0
2024-03-01,CHENNAI – DELHI,200117.0,CHENNAI,DELHI,False,False,100786.0,99331.0
2024-03-01,BENGALURU – HYDERABAD,182712.0,BENGALURU,HYDERABAD,False,False,92431.0,90281.0
2024-03-01,BENGALURU – KOLKATA,192397.0,BENGALURU,KOLKATA,False,False,103143.0,89254.0
2024-03-01,AHMEDABAD – MUMBAI,184558.0,AHMEDABAD,MUMBAI,False,False,93952.0,90606.0
2024-03-01,DELHI – SRINAGAR,207195.0,DELHI,SRINAGAR,False,False,107123.0,100072.0
2024-03-01,BENGALURU – PUNE,158479.0,BENGALURU,PUNE,False,False,79286.0,79193.0
2024-03-01,DELHI – GUWAHATI,129475.0,DELHI,GUWAHATI,False,False,65945.0,63530.0
2024-03-01,DELHI – PATNA,128436.0,DELHI,PATNA,False,False,67213.0,61223.0
2024-03-01,BENGALURU – CHENNAI,116109.0,BENGALURU,CHENNAI,False,False,57872.0,58237.0
2024-03-01,DELHI – LUCKNOW,129528.0,DELHI,LUCKNOW,False,False,67683.0,61845.0
2024-03-01,CHENNAI – HYDERABAD,129269.0,CHENNAI,HYDERABAD,False,False,66021.0,63248.0
2024-03-01,BENGALURU – KOCHI,114472.0,BENGALURU,KOCHI,False,False,58474.0,55998.0
2024-03-01,KOCHI – MUMBAI,91997.0,KOCHI,MUMBAI,False,False,44795.0,47202.0
2024-03-01,BAGDOGRA – DELHI,97164.0,BAGDOGRA,DELHI,False,False,47610.0,49554.0
2024-03-01,BHUBANESWAR – DELHI,102505.0,BHUBANESWAR,DELHI,False,False,51325.0,51180.0
2024-03-01,AHMEDABAD – BENGALURU,68772.0,AHMEDABAD,BENGALURU,False,False,33622.0,35150.0
2024-03-01,JAIPUR – MUMBAI,108594.0,JAIPUR,MUMBAI,False,False,55506.0,53088.0
2024-03-01,CHENNAI – KOLKATA,82197.0,CHENNAI,KOLKATA,False,False,44472.0,37725.0
2024-03-01,DELHI – INDORE,79529.0,DELHI,INDORE,False,False,39730.0,39799.0
2024-03-01,AMRITSAR – DELHI,121425.0,AMRITSAR,DELHI,False,False,60569.0,60856.0
2024-03-01,HYDERABAD – VISAKHAPATNAM,65613.0,HYDERABAD,VISAKHAPATNAM,False,False,32869.0,32744.0
2024-03-01,HYDERABAD – KOLKATA,100602.0,HYDERABAD,KOLKATA,False,False,53274.0,47328.0
2024-03-01,DELHI – VARANASI,71480.0,DELHI,VARANASI,False,False,36544.0,34936.0
2024-03-01,GUWAHATI – KOLKATA,84588.0,GUWAHATI,KOLKATA,False,False,41811.0,42777.0
2024-03-01,LUCKNOW – MUMBAI,80604.0,LUCKNOW,MUMBAI,False,False,40975.0,39629.0
2024-03-01,DELHI – KOCHI,85487.0,DELHI,KOCHI,False,False,43576.0,41911.0
2024-03-01,MUMBAI – VARANASI,59772.0,MUMBAI,VARANASI,False,False,31406.0,28366.0
2024-03-01,DELHI – RANCHI,80422.0,DELHI,RANCHI,False,False,41943.0,38479.0
2024-03-01,CHANDIGARH – DELHI,63260.0,CHANDIGARH,DELHI,False,False,31632.0,31628.0
2024-03-01,CHENNAI – COIMBATORE,58306.0,CHENNAI,COIMBATORE,False,False,28760.0,29546.0
2024-03-01,DELHI – RAIPUR,64634.0,DELHI,RAIPUR,False,False,32143.0,32491.0
2024-03-01,AGARTALA – KOLKATA,73693.0,AGARTALA,KOLKATA,False,False,37092.0,36601.0
2024-03-01,BENGALURU – MANGALURU,51734.0,BENGALURU,MANGALURU,False,False,25399.0,26335.0
2024-03-01,DELHI – LEH,41737.0,DELHI,LEH,False,False,23951.0,17786.0
2024-03-01,BENGALURU – BHUBANESWAR,71191.0,BENGALURU,BHUBANESWAR,False,False,36191.0,35000.0
2024-03-01,BENGALURU – VARANASI,58384.0,BENGALURU,VARANASI,False,False,30259.0,28125.0
2024-03-01,BENGALURU – LUCKNOW,67223.0,BENGALURU,LUCKNOW,False,False,34731.0,32492.0
2024-03-01,CHENNAI – PUNE,48138.0,CHENNAI,PUNE,False,False,23200.0,24938.0
2024-03-01,MUMBAI – NAGPUR,55867.0,MUMBAI,NAGPUR,False,False,27919.0,27948.0
2024-03-01,INDORE – MUMBAI,57293.0,INDORE,MUMBAI,False,False,29301.0,27992.0
2024-03-01,DELHI – NAGPUR,48226.0,DELHI,NAGPUR,False,False,24178.0,24048.0
2024-03-01,BENGALURU – GUWAHATI,57474.0,BENGALURU,GUWAHATI,False,False,31729.0,25745.0
2024-03-01,HYDERABAD – KOCHI,54603.0,HYDERABAD,KOCHI,False,False,26287.0,28316.0
2024-03-01,BENGALURU – JAIPUR,50588.0,BENGALURU,JAIPUR,False,False,26450.0,24138.0
2024-03-01,HYDERABAD – PUNE,45945.0,HYDERABAD,PUNE,False,False,22138.0,23807.0
2024-03-01,BENGALURU – THIRUVANANTHAPURAM,59261.0,BENGALURU,THIRUVANANTHAPURAM,False,False,29341.0,29920.0
2024-03-01,DELHI – UDAIPUR,58037.0,DELHI,UDAIPUR,False,False,28890.0,29147.0
2024-03-01,DELHI – JAMMU,58009.0,DELHI,JAMMU,False,False,28849.0,29160.0
2024-03-01,CHENNAI – KOCHI,44611.0,CHENNAI,KOCHI,False,False,21705.0,22906.0
2024-03-01,HYDERABAD – TIRUPATI,66046.0,HYDERABAD,TIRUPATI,False,False,33261.0,32785.0
2024-04-01,DELHI – MUMBAI,578789.0,DELHI,MUMBAI,False,False,276200.0,302589.0
2024-04-01,BENGALURU – DELHI,400619.0,BENGALURU,DELHI,False,False,202807.0,197812.0
2024-04-01,BENGALURU – MUMBAI,354825.0,BENGALURU,MUMBAI,False,False,176021.0,178804.0
2024-04-01,DELHI – HYDERABAD,261121.0,DELHI,HYDERABAD,False,False,123479.0,137642.0
2024-04-01,DELHI – KOLKATA,228270.0,DELHI,KOLKATA,False,False,121262.0,107008.0
2024-04-01,DELHI – PUNE,242680.0,DELHI,PUNE,False,False,118809.0,123871.0
2024-04-01,AHMEDABAD – DELHI,188635.0,AHMEDABAD,DELHI,False,False,99232.0,89403.0
2024-04-01,CHENNAI – MUMBAI,174425.0,CHENNAI,MUMBAI,False,False,87665.0,86760.0
2024-04-01,KOLKATA – MUMBAI,171314.0,KOLKATA,MUMBAI,False,False,79037.0,92277.0
2024-04-01,HYDERABAD – MUMBAI,194726.0,HYDERABAD,MUMBAI,False,False,99889.0,94837.0
2024-04-01,CHENNAI – DELHI,196703.0,CHENNAI,DELHI,False,False,103449.0,93254.0
2024-04-01,BENGALURU – HYDERABAD,197354.0,BENGALURU,HYDERABAD,False,False,100190.0,97164.0
2024-04-01,BENGALURU – KOLKATA,192763.0,BENGALURU,KOLKATA,False,False,103477.0,89286.0
2024-04-01,AHMEDABAD – MUMBAI,171759.0,AHMEDABAD,MUMBAI,False,False,82317.0,89442.0
2024-04-01,DELHI – SRINAGAR,247882.0,DELHI,SRINAGAR,False,False,125671.0,122211.0
2024-04-01,BENGALURU – PUNE,160702.0,BENGALURU,PUNE,False,False,80466.0,80236.0
2024-04-01,DELHI – GUWAHATI,130464.0,DELHI,GUWAHATI,False,False,67932.0,62532.0
2024-04-01,DELHI – PATNA,114256.0,DELHI,PATNA,False,False,59649.0,54607.0
2024-04-01,BENGALURU – CHENNAI,121871.0,BENGALURU,CHENNAI,False,False,61328.0,60543.0
2024-04-01,DELHI – LUCKNOW,117107.0,DELHI,LUCKNOW,False,False,62994.0,54113.0
2024-04-01,CHENNAI – HYDERABAD,132770.0,CHENNAI,HYDERABAD,False,False,67331.0,65439.0
2024-04-01,BENGALURU – KOCHI,142420.0,BENGALURU,KOCHI,False,False,71560.0,70860.0
2024-04-01,KOCHI – MUMBAI,96032.0,KOCHI,MUMBAI,False,False,48058.0,47974.0
2024-04-01,BAGDOGRA – DELHI,89897.0,BAGDOGRA,DELHI,False,False,42695.0,47202.0
2024-04-01,BHUBANESWAR – DELHI,93571.0,BHUBANESWAR,DELHI,False,False,46402.0,47169.0
2024-04-01,AHMEDABAD – BENGALURU,77893.0,AHMEDABAD,BENGALURU,False,False,36287.0,41606.0
2024-04-01,JAIPUR – MUMBAI,101227.0,JAIPUR,MUMBAI,False,False,48523.0,52704.0
2024-04-01,CHENNAI – KOLKATA,82644.0,CHENNAI,KOLKATA,False,False,46559.0,36085.0
2024-04-01,DELHI – INDORE,69406.0,DELHI,INDORE,False,False,34419.0,34987.0
2024-04-01,AMRITSAR – DELHI,101305.0,AMRITSAR,DELHI,False,False,51511.0,49794.0
2024-04-01,HYDERABAD – VISAKHAPATNAM,60155.0,HYDERABAD,VISAKHAPATNAM,False,False,30617.0,29538.0
2024-04-01,HYDERABAD – KOLKATA,102724.0,HYDERABAD,KOLKATA,False,False,57302.0,45422.0
2024-04-01,DELHI – VARANASI,65548.0,DELHI,VARANASI,False,False,34189.0,31359.0
2024-04-01,GUWAHATI – KOLKATA,92524.0,GUWAHATI,KOLKATA,False,False,45102.0,47422.0
2024-04-01,LUCKNOW – MUMBAI,61689.0,LUCKNOW,MUMBAI,False,False,30291.0,31398.0
2024-04-01,DELHI – KOCHI,83610.0,DELHI,KOCHI,False,False,41472.0,42138.0
2024-04-01,MUMBAI – VARANASI,59635.0,MUMBAI,VARANASI,False,False,32289.0,27346.0
2024-04-01,DELHI – RANCHI,75061.0,DELHI,RANCHI,False,False,39009.0,36052.0
2024-04-01,CHANDIGARH – DELHI,76270.0,CHANDIGARH,DELHI,False,False,38374.0,37896.0
2024-04-01,CHENNAI – COIMBATORE,72019.0,CHENNAI,COIMBATORE,False,False,35769.0,36250.0
2024-04-01,DELHI – RAIPUR,65842.0,DELHI,RAIPUR,False,False,32853.0,32989.0
2024-04-01,AGARTALA – KOLKATA,61722.0,AGARTALA,KOLKATA,False,False,29983.0,31739.0
2024-04-01,BENGALURU – MANGALURU,61982.0,BENGALURU,MANGALURU,False,False,32738.0,29244.0
2024-04-01,DELHI – LEH,86966.0,DELHI,LEH,False,False,50900.0,36066.0
2024-04-01,BENGALURU – BHUBANESWAR,65710.0,BENGALURU,BHUBANESWAR,False,False,33118.0,32592.0
2024-04-01,BENGALURU – VARANASI,57150.0,BENGALURU,VARANASI,False,False,29900.0,27250.0
2024-04-01,BENGALURU – LUCKNOW,67709.0,BENGALURU,LUCKNOW,False,False,35024.0,32685.0
2024-04-01,CHENNAI – PUNE,45669.0,CHENNAI,PUNE,False,False,22391.0,23278.0
2024-04-01,MUMBAI – NAGPUR,51304.0,MUMBAI,NAGPUR,False,False,25916.0,25388.0
2024-04-01,INDORE – MUMBAI,56127.0,INDORE,MUMBAI,False,False,27284.0,28843.0
2024-04-01,DELHI – NAGPUR,49060.0,DELHI,NAGPUR,False,False,23944.0,25116.0
2024-04-01,BENGALURU – GUWAHATI,66206.0,BENGALURU,GUWAHATI,False,False,36787.0,29419.0
2024-04-01,HYDERABAD – KOCHI,50987.0,HYDERABAD,KOCHI,False,False,25898.0,25089.0
2024-04-01,BENGALURU – JAIPUR,57619.0,BENGALURU,JAIPUR,False,False,30387.0,27232.0
2024-04-01,HYDERABAD – PUNE,50136.0,HYDERABAD,PUNE,False,False,24331.0,25805.0
2024-04-01,BENGALURU – THIRUVANANTHAPURAM,76113.0,BENGALURU,THIRUVANANTHAPURAM,False,False,37831.0,38282.0
2024-04-01,DELHI – UDAIPUR,36606.0,DELHI,UDAIPUR,False,False,17339.0,19267.0
2024-04-01,DELHI – JAMMU,62450.0,DELHI,JAMMU,False,False,30321.0,32129.0
2024-04-01,CHENNAI – KOCHI,46118.0,CHENNAI,KOCHI,False,False,22784.0,23334.0
2024-04-01,HYDERABAD – TIRUPATI,55928.0,HYDERABAD,TIRUPATI,False,False,28178.0,27750.0
2024-05-01,DELHI – MUMBAI,584028.1752196033,DELHI,MUMBAI,True,False,,
2024-05-01,BENGALURU – DELHI,394088.5368611037,BENGALURU,DELHI,True,False,,
2024-05-01,BENGALURU – MUMBAI,360869.46867076156,BENGALURU,MUMBAI,True,False,,
2024-05-01,DELHI – HYDERABAD,283021.2071746816,DELHI,HYDERABAD,True,False,,
2024-05-01,DELHI – KOLKATA,228698.6850994791,DELHI,KOLKATA,True,False,,
2024-05-01,DELHI – PUNE,233318.0128942799,DELHI,PUNE,True,False,,
2024-05-01,AHMEDABAD – DELHI,203714.39462991996,AHMEDABAD,DELHI,True,False,,
2024-05-01,CHENNAI – MUMBAI,182068.28217637935,CHENNAI,MUMBAI,True,False,,
2024-05-01,KOLKATA – MUMBAI,179224.21648851893,KOLKATA,MUMBAI,True,False,,
2024-05-01,HYDERABAD – MUMBAI,197453.41961051256,HYDERABAD,MUMBAI,True,False,,
2024-05-01,CHENNAI – DELHI,202370.45273214116,CHENNAI,DELHI,True,False,,
2024-05-01,BENGALURU – HYDERABAD,216445.63696116593,BENGALURU,HYDERABAD,True,False,,
2024-05-01,BENGALURU – KOLKATA,186542.22482104847,BENGALURU,KOLKATA,True,False,,
2024-05-01,AHMEDABAD – MUMBAI,167294.79017578196,AHMEDABAD,MUMBAI,True,False,,
2024-05-01,DELHI – SRINAGAR,183571.02018606334,DELHI,SRINAGAR,True,False,,
2024-05-01,BENGALURU – PUNE,160986.9544359474,BENGALURU,PUNE,True,False,,
2024-05-01,DELHI – GUWAHATI,132376.48657148232,DELHI,GUWAHATI,True,False,,
2024-05-01,DELHI – PATNA,116268.57278325089,DELHI,PATNA,True,False,,
2024-05-01,BENGALURU – CHENNAI,128322.96263555478,BENGALURU,CHENNAI,True,False,,
2024-05-01,DELHI – LUCKNOW,121587.85243155525,DELHI,LUCKNOW,True,False,,
2024-05-01,CHENNAI – HYDERABAD,134134.50838538492,CHENNAI,HYDERABAD,True,False,,
2024-05-01,BENGALURU – KOCHI,134648.9928678757,BENGALURU,KOCHI,True,False,,
2024-05-01,KOCHI – MUMBAI,99659.72602716292,KOCHI,MUMBAI,True,False,,
2024-05-01,BAGDOGRA – DELHI,93241.62987006984,BAGDOGRA,DELHI,True,False,,
2024-05-01,BHUBANESWAR – DELHI,94843.77143059357,BHUBANESWAR,DELHI,True,False,,
2024-05-01,AHMEDABAD – BENGALURU,76270.11887224764,AHMEDABAD,BENGALURU,True,False,,
2024-05-01,JAIPUR – MUMBAI,104198.45408745854,JAIPUR,MUMBAI,True,False,,
2024-05-01,CHENNAI – KOLKATA,82991.15072498124,CHENNAI,KOLKATA,True,False,,
2024-05-01,DELHI – INDORE,69039.76378211497,DELHI,INDORE,True,False,,
2024-05-01,AMRITSAR – DELHI,76394.89319512376,AMRITSAR,DELHI,True,False,,
2024-05-01,HYDERABAD – VISAKHAPATNAM,70221.3151200212,HYDERABAD,VISAKHAPATNAM,True,False,,
2024-05-01,HYDERABAD – KOLKATA,96915.06292886793,HYDERABAD,KOLKATA,True,False,,
2024-05-01,DELHI – VARANASI,67838.19048310697,DELHI,VARANASI,True,False,,
2024-05-01,GUWAHATI – KOLKATA,93481.12596971176,GUWAHATI,KOLKATA,True,False,,
2024-05-01,LUCKNOW – MUMBAI,61477.63827601113,LUCKNOW,MUMBAI,True,False,,
2024-05-01,DELHI – KOCHI,85600.10333091469,DELHI,KOCHI,True,False,,
2024-05-01,MUMBAI – VARANASI,68283.57948794692,MUMBAI,VARANASI,True,False,,
2024-05-01,DELHI – RANCHI,75090.51656056158,DELHI,RANCHI,True,False,,
2024-05-01,CHANDIGARH – DELHI,70002.53343737902,CHANDIGARH,DELHI,True,False,,
2024-05-01,CHENNAI – COIMBATORE,79999.64797942393,CHENNAI,COIMBATORE,True,False,,
2024-05-01,DELHI – RAIPUR,69149.18750295464,DELHI,RAIPUR,True,False,,
2024-05-01,AGARTALA – KOLKATA,68361.52196931856,AGARTALA,KOLKATA,True,False,,
2024-05-01,BENGALURU – MANGALURU,59044.02916830161,BENGALURU,MANGALURU,True,False,,
2024-05-01,DELHI – LEH,72986.10481446359,DELHI,LEH,True,False,,
2024-05-01,BENGALURU – BHUBANESWAR,71619.4178396481,BENGALURU,BHUBANESWAR,True,False,,
2024-05-01,BENGALURU – VARANASI,57961.49821859423,BENGALURU,VARANASI,True,False,,
2024-05-01,BENGALURU – LUCKNOW,60995.36335803331,BENGALURU,LUCKNOW,True,False,,
2024-05-01,CHENNAI – PUNE,49270.97603321023,CHENNAI,PUNE,True,False,,
2024-05-01,MUMBAI – NAGPUR,52996.6576018003,MUMBAI,NAGPUR,True,False,,
2024-05-01,INDORE – MUMBAI,58198.628722832014,INDORE,MUMBAI,True,False,,
2024-05-01,DELHI – NAGPUR,48946.1103388603,DELHI,NAGPUR,True,False,,
2024-05-01,BENGALURU – GUWAHATI,68580.89017110248,BENGALURU,GUWAHATI,True,False,,
2024-05-01,HYDERABAD – KOCHI,52761.805874790014,HYDERABAD,KOCHI,True,False,,
2024-05-01,BENGALURU – JAIPUR,62418.09984054207,BENGALURU,JAIPUR,True,False,,
2024-05-01,HYDERABAD – PUNE,54559.35997234963,HYDERABAD,PUNE,True,False,,
2024-05-01,BENGALURU – THIRUVANANTHAPURAM,83928.96571530505,BENGALURU,THIRUVANANTHAPURAM,True,False,,
2024-05-01,DELHI – UDAIPUR,35673.84582572189,DELHI,UDAIPUR,True,False,,
2024-05-01,DELHI – JAMMU,43413.58139639552,DELHI,JAMMU,True,False,,
2024-05-01,CHENNAI – KOCHI,53704.551862564665,CHENNAI,KOCHI,True,False,,
2024-05-01,HYDERABAD – TIRUPATI,58993.96035571289,HYDERABAD,TIRUPATI,True,False,,
2024-06-01,DELHI – MUMBAI,553394.0,DELHI,MUMBAI,False,False,290790.0,262604.0
2024-06-01,BENGALURU – DELHI,388735.0,BENGALURU,DELHI,False,False,187355.0,201380.0
2024-06-01,BENGALURU – MUMBAI,330008.0,BENGALURU,MUMBAI,False,False,161808.0,168200.0
2024-06-01,DELHI – HYDERABAD,273230.0,DELHI,HYDERABAD,False,False,143661.0,129569.0
2024-06-01,DELHI – KOLKATA,217412.0,DELHI,KOLKATA,False,False,116303.0,101109.0
2024-06-01,DELHI – PUNE,240017.0,DELHI,PUNE,False,False,127274.0,112743.0
2024-06-01,AHMEDABAD – DELHI,196595.0,AHMEDABAD,DELHI,False,False,88880.0,107715.0
2024-06-01,CHENNAI – MUMBAI,171638.0,CHENNAI,MUMBAI,False,False,81225.0,90413.0
2024-06-01,KOLKATA – MUMBAI,161810.0,KOLKATA,MUMBAI,False,False,81635.0,80175.0
2024-06-01,HYDERABAD – MUMBAI,193367.0,HYDERABAD,MUMBAI,False,False,94337.0,99030.0
2024-06-01,CHENNAI – DELHI,195568.0,CHENNAI,DELHI,False,False,91150.0,104418.0
2024-06-01,BENGALURU – HYDERABAD,180227.0,BENGALURU,HYDERABAD,False,False,92263.0,87964.0
2024-06-01,BENGALURU – KOLKATA,188548.0,BENGALURU,KOLKATA,False,False,95922.0,92626.0
2024-06-01,AHMEDABAD – MUMBAI,169935.0,AHMEDABAD,MUMBAI,False,False,81345.0,88590.0
2024-06-01,DELHI – SRINAGAR,261727.0,DELHI,SRINAGAR,False,False,132450.0,129277.0
2024-06-01,BENGALURU – PUNE,164361.0,BENGALURU,PUNE,False,False,82652.0,81709.0
2024-06-01,DELHI – GUWAHATI,128564.0,DELHI,GUWAHATI,False,False,66172.0,62392.0
2024-06-01,DELHI – PATNA,114514.0,DELHI,PATNA,False,False,58646.0,55868.0
2024-06-01,BENGALURU – CHENNAI,122489.0,BENGALURU,CHENNAI,False,False,61002.0,61487.0
2024-06-01,DELHI – LUCKNOW,128663.0,DELHI,LUCKNOW,False,False,68311.0,60352.0
2024-06-01,CHENNAI – HYDERABAD,124077.0,CHENNAI,HYDERABAD,False,False,63165.0,60912.0
2024-06-01,BENGALURU – KOCHI,116556.0,BENGALURU,KOCHI,False,False,57206.0,59350.0
2024-06-01,KOCHI – MUMBAI,93590.0,KOCHI,MUMBAI,False,False,45873.0,47717.0
2024-06-01,BAGDOGRA – DELHI,89746.0,BAGDOGRA,DELHI,False,False,44879.0,44867.0
2024-06-01,BHUBANESWAR – DELHI,92683.0,BHUBANESWAR,DELHI,False,False,44484.0,48199.0
2024-06-01,AHMEDABAD – BENGALURU,67239.0,AHMEDABAD,BENGALURU,False,False,33554.0,33685.0
2024-06-01,JAIPUR – MUMBAI,98444.0,JAIPUR,MUMBAI,False,False,53284.0,45160.0
2024-06-01,CHENNAI – KOLKATA,92663.0,CHENNAI,KOLKATA,False,False,46624.0,46039.0
2024-06-01,DELHI – INDORE,67802.0,DELHI,INDORE,False,False,34958.0,32844.0
2024-06-01,AMRITSAR – DELHI,91176.0,AMRITSAR,DELHI,False,False,48407.0,42769.0
2024-06-01,HYDERABAD – VISAKHAPATNAM,68114.0,HYDERABAD,VISAKHAPATNAM,False,False,35257.0,32857.0
2024-06-01,HYDERABAD – KOLKATA,92230.0,HYDERABAD,KOLKATA,False,False,45240.0,46990.0
2024-06-01,DELHI – VARANASI,64350.0,DELHI,VARANASI,False,False,33150.0,31200.0
2024-06-01,GUWAHATI – KOLKATA,92798.0,GUWAHATI,KOLKATA,False,False,47752.0,45046.0
2024-06-01,LUCKNOW – MUMBAI,65280.0,LUCKNOW,MUMBAI,False,False,35203.0,30077.0
2024-06-01,DELHI – KOCHI,82112.0,DELHI,KOCHI,False,False,42280.0,39832.0
2024-06-01,MUMBAI – VARANASI,64186.0,MUMBAI,VARANASI,False,False,31621.0,32565.0
2024-06-01,DELHI – RANCHI,75669.0,DELHI,RANCHI,False,False,40028.0,35641.0
2024-06-01,CHANDIGARH – DELHI,83900.0,CHANDIGARH,DELHI,False,False,43631.0,40269.0
2024-06-01,CHENNAI – COIMBATORE,76733.0,CHENNAI,COIMBATORE,False,False,37520.0,39213.0
2024-06-01,DELHI – RAIPUR,61917.0,DELHI,RAIPUR,False,False,31498.0,30419.0
2024-06-01,AGARTALA – KOLKATA,68762.0,AGARTALA,KOLKATA,False,False,34136.0,34626.0
2024-06-01,BENGALURU – MANGALURU,47841.0,BENGALURU,MANGALURU,False,False,23469.0,24372.0
2024-06-01,DELHI – LEH,103060.0,DELHI,LEH,False,False,50603.0,52457.0
2024-06-01,BENGALURU – BHUBANESWAR,69777.0,BENGALURU,BHUBANESWAR,False,False,35049.0,34728.0
2024-06-01,BENGALURU – VARANASI,62677.0,BENGALURU,VARANASI,False,False,30608.0,32069.0
2024-06-01,BENGALURU – LUCKNOW,59689.0,BENGALURU,LUCKNOW,False,False,28967.0,30722.0
2024-06-01,CHENNAI – PUNE,48784.0,CHENNAI,PUNE,False,False,24207.0,24577.0
2024-06-01,MUMBAI – NAGPUR,52928.0,MUMBAI,NAGPUR,False,False,26494.0,26434.0
2024-06-01,INDORE – MUMBAI,57047.0,INDORE,MUMBAI,False,False,27873.0,29174.0
2024-06-01,DELHI – NAGPUR,47798.0,DELHI,NAGPUR,False,False,25576.0,22222.0
2024-06-01,BENGALURU – GUWAHATI,67574.0,BENGALURU,GUWAHATI,False,False,33238.0,34336.0
2024-06-01,HYDERABAD – KOCHI,47863.0,HYDERABAD,KOCHI,False,False,22735.0,25128.0
2024-06-01,BENGALURU – JAIPUR,56551.0,BENGALURU,JAIPUR,False,False,28408.0,28143.0
2024-06-01,HYDERABAD – PUNE,51712.0,HYDERABAD,PUNE,False,False,25688.0,26024.0
2024-06-01,BENGALURU – THIRUVANANTHAPURAM,63531.0,BENGALURU,THIRUVANANTHAPURAM,False,False,30726.0,32805.0
2024-06-01,DELHI – UDAIPUR,39395.0,DELHI,UDAIPUR,False,False,21198.0,18197.0
2024-06-01,DELHI – JAMMU,56933.0,DELHI,JAMMU,False,False,28445.0,28488.0
2024-06-01,CHENNAI – KOCHI,46344.0,CHENNAI,KOCHI,False,False,21350.0,24994.0
2024-06-01,HYDERABAD – TIRUPATI,56002.0,HYDERABAD,TIRUPATI,False,False,28497.0,27505.0
2024-07-01,DELHI – MUMBAI,547250.0,DELHI,MUMBAI,False,False,277921.0,269329.0
2024-07-01,BENGALURU – DELHI,396440.0,BENGALURU,DELHI,False,False,194677.0,201763.0
2024-07-01,BENGALURU – MUMBAI,341647.0,BENGALURU,MUMBAI,False,False,165896.0,175751.0
2024-07-01,DELHI – HYDERABAD,288368.0,DELHI,HYDERABAD,False,False,145674.0,142694.0
2024-07-01,DELHI – KOLKATA,221941.0,DELHI,KOLKATA,False,False,109039.0,112902.0
2024-07-01,DELHI – PUNE,241191.0,DELHI,PUNE,False,False,123462.0,117729.0
2024-07-01,AHMEDABAD – DELHI,205782.0,AHMEDABAD,DELHI,False,False,100492.0,105290.0
2024-07-01,CHENNAI – MUMBAI,179010.0,CHENNAI,MUMBAI,False,False,83743.0,95267.0
2024-07-01,KOLKATA – MUMBAI,166836.0,KOLKATA,MUMBAI,False,False,89171.0,77665.0
2024-07-01,HYDERABAD – MUMBAI,190934.0,HYDERABAD,MUMBAI,False,False,95689.0,95245.0
2024-07-01,CHENNAI – DELHI,202873.0,CHENNAI,DELHI,False,False,97954.0,104919.0
2024-07-01,BENGALURU – HYDERABAD,183692.0,BENGALURU,HYDERABAD,False,False,91988.0,91704.0
2024-07-01,BENGALURU – KOLKATA,187859.0,BENGALURU,KOLKATA,False,False,90629.0,97230.0
2024-07-01,AHMEDABAD – MUMBAI,169952.0,AHMEDABAD,MUMBAI,False,False,82645.0,87307.0
2024-07-01,DELHI – SRINAGAR,217240.0,DELHI,SRINAGAR,False,False,106367.0,110873.0
2024-07-01,BENGALURU – PUNE,160220.0,BENGALURU,PUNE,False,False,78135.0,82085.0
2024-07-01,DELHI – GUWAHATI,129225.0,DELHI,GUWAHATI,False,False,64085.0,65140.0
2024-07-01,DELHI – PATNA,117933.0,DELHI,PATNA,False,False,57143.0,60790.0
2024-07-01,BENGALURU – CHENNAI,127383.0,BENGALURU,CHENNAI,False,False,63975.0,63408.0
2024-07-01,DELHI – LUCKNOW,124158.0,DELHI,LUCKNOW,False,False,61487.0,62671.0
2024-07-01,CHENNAI – HYDERABAD,125864.0,CHENNAI,HYDERABAD,False,False,63246.0,62618.0
2024-07-01,BENGALURU – KOCHI,116622.0,BENGALURU,KOCHI,False,False,59458.0,57164.0
2024-07-01,KOCHI – MUMBAI,102851.0,KOCHI,MUMBAI,False,False,47903.0,54948.0
2024-07-01,BAGDOGRA – DELHI,86469.0,BAGDOGRA,DELHI,False,False,44141.0,42328.0
2024-07-01,BHUBANESWAR – DELHI,80016.0,BHUBANESWAR,DELHI,False,False,39111.0,40905.0
2024-07-01,AHMEDABAD – BENGALURU,71734.0,AHMEDABAD,BENGALURU,False,False,35490.0,36244.0
2024-07-01,JAIPUR – MUMBAI,104694.0,JAIPUR,MUMBAI,False,False,52528.0,52166.0
2024-07-01,CHENNAI – KOLKATA,88296.0,CHENNAI,KOLKATA,False,False,41965.0,46331.0
2024-07-01,DELHI – INDORE,75376.0,DELHI,INDORE,False,False,37393.0,37983.0
2024-07-01,AMRITSAR – DELHI,90421.0,AMRITSAR,DELHI,False,False,44159.0,46262.0
2024-07-01,HYDERABAD – VISAKHAPATNAM,63534.0,HYDERABAD,VISAKHAPATNAM,False,False,32703.0,30831.0
2024-07-01,HYDERABAD – KOLKATA,94440.0,HYDERABAD,KOLKATA,False,False,45178.0,49262.0
2024-07-01,DELHI – VARANASI,67599.0,DELHI,VARANASI,False,False,32150.0,35449.0
2024-07-01,GUWAHATI – KOLKATA,97845.0,GUWAHATI,KOLKATA,False,False,49755.0,48090.0
2024-07-01,LUCKNOW – MUMBAI,70397.0,LUCKNOW,MUMBAI,False,False,38392.0,32005.0
2024-07-01,DELHI – KOCHI,83189.0,DELHI,KOCHI,False,False,42595.0,40594.0
2024-07-01,MUMBAI – VARANASI,53359.0,MUMBAI,VARANASI,False,False,25568.0,27791.0
2024-07-01,DELHI – RANCHI,76380.0,DELHI,RANCHI,False,False,37688.0,38692.0
2024-07-01,CHANDIGARH – DELHI,75287.0,CHANDIGARH,DELHI,False,False,37846.0,37441.0
2024-07-01,CHENNAI – COIMBATORE,78512.0,CHENNAI,COIMBATORE,False,False,38848.0,39664.0
2024-07-01,DELHI – RAIPUR,65216.0,DELHI,RAIPUR,False,False,32584.0,32632.0
2024-07-01,AGARTALA – KOLKATA,68895.0,AGARTALA,KOLKATA,False,False,35004.0,33891.0
2024-07-01,BENGALURU – MANGALURU,49791.0,BENGALURU,MANGALURU,False,False,26134.0,23657.0
2024-07-01,DELHI – LEH,98072.0,DELHI,LEH,False,False,47621.0,50451.0
2024-07-01,BENGALURU – BHUBANESWAR,69973.0,BENGALURU,BHUBANESWAR,False,False,33158.0,36815.0
2024-07-01,BENGALURU – VARANASI,61137.0,BENGALURU,VARANASI,False,False,29398.0,31739.0
2024-07-01,BENGALURU – LUCKNOW,58553.0,BENGALURU,LUCKNOW,False,False,27662.0,30891.0
2024-07-01,CHENNAI – PUNE,53137.0,CHENNAI,PUNE,False,False,26066.0,27071.0
2024-07-01,MUMBAI – NAGPUR,56186.0,MUMBAI,NAGPUR,False,False,28441.0,27745.0
2024-07-01,INDORE – MUMBAI,56390.0,INDORE,MUMBAI,False,False,28309.0,28081.0
2024-07-01,DELHI – NAGPUR,45861.0,DELHI,NAGPUR,False,False,23166.0,22695.0
2024-07-01,BENGALURU – GUWAHATI,58300.0,BENGALURU,GUWAHATI,False,False,29570.0,28730.0
2024-07-01,HYDERABAD – KOCHI,46363.0,HYDERABAD,KOCHI,False,False,24648.0,21715.0
2024-07-01,BENGALURU – JAIPUR,55218.0,BENGALURU,JAIPUR,False,False,27985.0,27233.0
2024-07-01,HYDERABAD – PUNE,55610.0,HYDERABAD,PUNE,False,False,27433.0,28177.0
2024-07-01,BENGALURU – THIRUVANANTHAPURAM,65973.0,BENGALURU,THIRUVANANTHAPURAM,False,False,33216.0,32757.0
2024-07-01,DELHI – UDAIPUR,43085.0,DELHI,UDAIPUR,False,False,21624.0,21461.0
2024-07-01,DELHI – JAMMU,55781.0,DELHI,JAMMU,False,False,27671.0,28110.0
2024-07-01,CHENNAI – KOCHI,47690.0,CHENNAI,KOCHI,False,False,24198.0,23492.0
2024-07-01,HYDERABAD – TIRUPATI,56944.0,HYDERABAD,TIRUPATI,False,False,28740.0,28204.0
2024-08-01,DELHI – MUMBAI,580487.0,DELHI,MUMBAI,False,False,290187.0,290300.0
2024-08-01,BENGALURU – DELHI,392657.0,BENGALURU,DELHI,False,False,197396.0,195261.0
2024-08-01,BENGALURU – MUMBAI,358054.0,BENGALURU,MUMBAI,False,False,181664.0,176390.0
2024-08-01,DELHI – HYDERABAD,283752.0,DELHI,HYDERABAD,False,False,136422.0,147330.0
2024-08-01,DELHI – KOLKATA,205778.0,DELHI,KOLKATA,False,False,102142.0,103636.0
2024-08-01,DELHI – PUNE,238391.0,DELHI,PUNE,False,False,119895.0,118496.0
2024-08-01,AHMEDABAD – DELHI,217807.0,AHMEDABAD,DELHI,False,False,108574.0,109233.0
2024-08-01,CHENNAI – MUMBAI,187150.0,CHENNAI,MUMBAI,False,False,97209.0,89941.0
2024-08-01,KOLKATA – MUMBAI,164756.0,KOLKATA,MUMBAI,False,False,87800.0,76956.0
2024-08-01,HYDERABAD – MUMBAI,208440.0,HYDERABAD,MUMBAI,False,False,109924.0,98516.0
2024-08-01,CHENNAI – DELHI,207320.0,CHENNAI,DELHI,False,False,105534.0,101786.0
2024-08-01,BENGALURU – HYDERABAD,195185.0,BENGALURU,HYDERABAD,False,False,97638.0,97547.0
2024-08-01,BENGALURU – KOLKATA,183203.0,BENGALURU,KOLKATA,False,False,89605.0,93598.0
2024-08-01,AHMEDABAD – MUMBAI,174587.0,AHMEDABAD,MUMBAI,False,False,87703.0,86884.0
2024-08-01,DELHI – SRINAGAR,163730.0,DELHI,SRINAGAR,False,False,77395.0,86335.0
2024-08-01,BENGALURU – PUNE,163760.0,BENGALURU,PUNE,False,False,80701.0,83059.0
2024-08-01,DELHI – GUWAHATI,121209.0,DELHI,GUWAHATI,False,False,59721.0,61488.0
2024-08-01,DELHI – PATNA,114198.0,DELHI,PATNA,False,False,56818.0,57380.0
2024-08-01,BENGALURU – CHENNAI,130860.0,BENGALURU,CHENNAI,False,False,65548.0,65312.0
2024-08-01,DELHI – LUCKNOW,123254.0,DELHI,LUCKNOW,False,False,60609.0,62645.0
2024-08-01,CHENNAI – HYDERABAD,136855.0,CHENNAI,HYDERABAD,False,False,69357.0,67498.0
2024-08-01,BENGALURU – KOCHI,130182.0,BENGALURU,KOCHI,False,False,63838.0,66344.0
2024-08-01,KOCHI – MUMBAI,105012.0,KOCHI,MUMBAI,False,False,54558.0,50454.0
2024-08-01,BAGDOGRA – DELHI,82894.0,BAGDOGRA,DELHI,False,False,42186.0,40708.0
2024-08-01,BHUBANESWAR – DELHI,91267.0,BHUBANESWAR,DELHI,False,False,44769.0,46498.0
2024-08-01,AHMEDABAD – BENGALURU,77796.0,AHMEDABAD,BENGALURU,False,False,37083.0,40713.0
2024-08-01,JAIPUR – MUMBAI,102123.0,JAIPUR,MUMBAI,False,False,51462.0,50661.0
2024-08-01,CHENNAI – KOLKATA,87100.0,CHENNAI,KOLKATA,False,False,43546.0,43554.0
2024-08-01,DELHI – INDORE,77366.0,DELHI,INDORE,False,False,38289.0,39077.0
2024-08-01,AMRITSAR – DELHI,91820.0,AMRITSAR,DELHI,False,False,43762.0,48058.0
2024-08-01,HYDERABAD – VISAKHAPATNAM,71559.0,HYDERABAD,VISAKHAPATNAM,False,False,35978.0,35581.0
2024-08-01,HYDERABAD – KOLKATA,93815.0,HYDERABAD,KOLKATA,False,False,46153.0,47662.0
2024-08-01,DELHI – VARANASI,66160.0,DELHI,VARANASI,False,False,31958.0,34202.0
2024-08-01,GUWAHATI – KOLKATA,87790.0,GUWAHATI,KOLKATA,False,False,44117.0,43673.0
2024-08-01,LUCKNOW – MUMBAI,78930.0,LUCKNOW,MUMBAI,False,False,41542.0,37388.0
2024-08-01,DELHI – KOCHI,85987.0,DELHI,KOCHI,False,False,42495.0,43492.0
2024-08-01,MUMBAI – VARANASI,55339.0,MUMBAI,VARANASI,False,False,26146.0,29193.0
2024-08-01,DELHI – RANCHI,74891.0,DELHI,RANCHI,False,False,37546.0,37345.0
2024-08-01,CHANDIGARH – DELHI,75491.0,CHANDIGARH,DELHI,False,False,38154.0,37337.0
2024-08-01,CHENNAI – COIMBATORE,77292.0,CHENNAI,COIMBATORE,False,False,38620.0,38672.0
2024-08-01,DELHI – RAIPUR,65529.0,DELHI,RAIPUR,False,False,32864.0,32665.0
2024-08-01,AGARTALA – KOLKATA,66371.0,AGARTALA,KOLKATA,False,False,32172.0,34199.0
2024-08-01,BENGALURU – MANGALURU,59569.0,BENGALURU,MANGALURU,False,False,29426.0,30143.0
2024-08-01,DELHI – LEH,96147.0,DELHI,LEH,False,False,45734.0,50413.0
2024-08-01,BENGALURU – BHUBANESWAR,67613.0,BENGALURU,BHUBANESWAR,False,False,32535.0,35078.0
2024-08-01,BENGALURU – VARANASI,61343.0,BENGALURU,VARANASI,False,False,29853.0,31490.0
2024-08-01,BENGALURU – LUCKNOW,53702.0,BENGALURU,LUCKNOW,False,False,26189.0,27513.0
2024-08-01,CHENNAI – PUNE,53021.0,CHENNAI,PUNE,False,False,26642.0,26379.0
2024-08-01,MUMBAI – NAGPUR,55785.0,MUMBAI,NAGPUR,False,False,27778.0,28007.0
2024-08-01,INDORE – MUMBAI,58603.0,INDORE,MUMBAI,False,False,29997.0,28606.0
2024-08-01,DELHI – NAGPUR,49473.0,DELHI,NAGPUR,False,False,24813.0,24660.0
2024-08-01,BENGALURU – GUWAHATI,46172.0,BENGALURU,GUWAHATI,False,False,24363.0,21809.0
2024-08-01,HYDERABAD – KOCHI,48097.0,HYDERABAD,KOCHI,False,False,24703.0,23394.0
2024-08-01,BENGALURU – JAIPUR,59104.0,BENGALURU,JAIPUR,False,False,30173.0,28931.0
2024-08-01,HYDERABAD – PUNE,56191.0,HYDERABAD,PUNE,False,False,28291.0,27900.0
2024-08-01,BENGALURU – THIRUVANANTHAPURAM,71779.0,BENGALURU,THIRUVANANTHAPURAM,False,False,35423.0,36356.0
2024-08-01,DELHI – UDAIPUR,42325.0,DELHI,UDAIPUR,False,False,20950.0,21375.0
2024-08-01,DELHI – JAMMU,54894.0,DELHI,JAMMU,False,False,27619.0,27275.0
2024-08-01,CHENNAI – KOCHI,51606.0,CHENNAI,KOCHI,False,False,25488.0,26118.0
2024-08-01,HYDERABAD – TIRUPATI,58256.0,HYDERABAD,TIRUPATI,False,False,29302.0,28954.0
2024-09-01,DELHI – MUMBAI,581348.0,DELHI,MUMBAI,False,False,288534.0,292814.0
2024-09-01,BENGALURU – DELHI,383768.0,BENGALURU,DELHI,False,False,195132.0,188636.0
2024-09-01,BENGALURU – MUMBAI,347890.0,BENGALURU,MUMBAI,False,False,176527.0,171363.0
2024-09-01,DELHI – HYDERABAD,256920.0,DELHI,HYDERABAD,False,False,123034.0,133886.0
2024-09-01,DELHI – KOLKATA,208613.0,DELHI,KOLKATA,False,False,108371.0,100242.0
2024-09-01,DELHI – PUNE,233326.0,DELHI,PUNE,False,False,115280.0,118046.0
2024-09-01,AHMEDABAD – DELHI,216471.0,AHMEDABAD,DELHI,False,False,107966.0,108505.0
2024-09-01,CHENNAI – MUMBAI,178794.0,CHENNAI,MUMBAI,False,False,95339.0,83455.0
2024-09-01,KOLKATA – MUMBAI,169951.0,KOLKATA,MUMBAI,False,False,85272.0,84679.0
2024-09-01,HYDERABAD – MUMBAI,200774.0,HYDERABAD,MUMBAI,False,False,102814.0,97960.0
2024-09-01,CHENNAI – DELHI,198720.0,CHENNAI,DELHI,False,False,103544.0,95176.0
2024-09-01,BENGALURU – HYDERABAD,185331.0,BENGALURU,HYDERABAD,False,False,93420.0,91911.0
2024-09-01,BENGALURU – KOLKATA,191451.0,BENGALURU,KOLKATA,False,False,100303.0,91148.0
2024-09-01,AHMEDABAD – MUMBAI,171861.0,AHMEDABAD,MUMBAI,False,False,85902.0,85959.0
2024-09-01,DELHI – SRINAGAR,159015.0,DELHI,SRINAGAR,False,False,80495.0,78520.0
2024-09-01,BENGALURU – PUNE,166561.0,BENGALURU,PUNE,False,False,83060.0,83501.0
2024-09-01,DELHI – GUWAHATI,118082.0,DELHI,GUWAHATI,False,False,61688.0,56394.0
2024-09-01,DELHI – PATNA,106163.0,DELHI,PATNA,False,False,56957.0,49206.0
2024-09-01,BENGALURU – CHENNAI,139259.0,BENGALURU,CHENNAI,False,False,69705.0,69554.0
2024-09-01,DELHI – LUCKNOW,115062.0,DELHI,LUCKNOW,False,False,56770.0,58292.0
2024-09-01,CHENNAI – HYDERABAD,132590.0,CHENNAI,HYDERABAD,False,False,68919.0,63671.0
2024-09-01,BENGALURU – KOCHI,142310.0,BENGALURU,KOCHI,False,False,70799.0,71511.0
2024-09-01,KOCHI – MUMBAI,100527.0,KOCHI,MUMBAI,False,False,53260.0,47267.0
2024-09-01,BAGDOGRA – DELHI,79062.0,BAGDOGRA,DELHI,False,False,38648.0,40414.0
2024-09-01,BHUBANESWAR – DELHI,87754.0,BHUBANESWAR,DELHI,False,False,43113.0,44641.0
2024-09-01,AHMEDABAD – BENGALURU,76457.0,AHMEDABAD,BENGALURU,False,False,36518.0,39939.0
2024-09-01,JAIPUR – MUMBAI,100826.0,JAIPUR,MUMBAI,False,False,50570.0,50256.0
2024-09-01,CHENNAI – KOLKATA,91781.0,CHENNAI,KOLKATA,False,False,49351.0,42430.0
2024-09-01,DELHI – INDORE,77883.0,DELHI,INDORE,False,False,38228.0,39655.0
2024-09-01,AMRITSAR – DELHI,95019.0,AMRITSAR,DELHI,False,False,45218.0,49801.0
2024-09-01,HYDERABAD – VISAKHAPATNAM,67035.0,HYDERABAD,VISAKHAPATNAM,False,False,33777.0,33258.0
2024-09-01,HYDERABAD – KOLKATA,88616.0,HYDERABAD,KOLKATA,False,False,46815.0,41801.0
2024-09-01,DELHI – VARANASI,62002.0,DELHI,VARANASI,False,False,30898.0,31104.0
2024-09-01,GUWAHATI – KOLKATA,94152.0,GUWAHATI,KOLKATA,False,False,46589.0,47563.0
2024-09-01,LUCKNOW – MUMBAI,81521.0,LUCKNOW,MUMBAI,False,False,41439.0,40082.0
2024-09-01,DELHI – KOCHI,85451.0,DELHI,KOCHI,False,False,42434.0,43017.0
2024-09-01,MUMBAI – VARANASI,55908.0,MUMBAI,VARANASI,False,False,27859.0,28049.0
2024-09-01,DELHI – RANCHI,69582.0,DELHI,RANCHI,False,False,36097.0,33485.0
2024-09-01,CHANDIGARH – DELHI,71546.0,CHANDIGARH,DELHI,False,False,35614.0,35932.0
2024-09-01,CHENNAI – COIMBATORE,77477.0,CHENNAI,COIMBATORE,False,False,38301.0,39176.0
2024-09-01,DELHI – RAIPUR,64837.0,DELHI,RAIPUR,False,False,32375.0,32462.0
2024-09-01,AGARTALA – KOLKATA,67715.0,AGARTALA,KOLKATA,False,False,32595.0,35120.0
2024-09-01,BENGALURU – MANGALURU,56359.0,BENGALURU,MANGALURU,False,False,28152.0,28207.0
2024-09-01,DELHI – LEH,91840.0,DELHI,LEH,False,False,43578.0,48262.0
2024-09-01,BENGALURU – BHUBANESWAR,62359.0,BENGALURU,BHUBANESWAR,False,False,31874.0,30485.0
2024-09-01,BENGALURU – VARANASI,63653.0,BENGALURU,VARANASI,False,False,31928.0,31725.0
2024-09-01,BENGALURU – LUCKNOW,51102.0,BENGALURU,LUCKNOW,False,False,25419.0,25683.0
2024-09-01,CHENNAI – PUNE,52703.0,CHENNAI,PUNE,False,False,26501.0,26202.0
2024-09-01,MUMBAI – NAGPUR,56907.0,MUMBAI,NAGPUR,False,False,28341.0,28566.0
2024-09-01,INDORE – MUMBAI,58204.0,INDORE,MUMBAI,False,False,28667.0,29537.0
2024-09-01,DELHI – NAGPUR,55831.0,DELHI,NAGPUR,False,False,27515.0,28316.0
2024-09-01,BENGALURU – GUWAHATI,54899.0,BENGALURU,GUWAHATI,False,False,28768.0,26131.0
2024-09-01,HYDERABAD – KOCHI,57444.0,HYDERABAD,KOCHI,False,False,28530.0,28914.0
2024-09-01,BENGALURU – JAIPUR,57139.0,BENGALURU,JAIPUR,False,False,29523.0,27616.0
2024-09-01,HYDERABAD – PUNE,55196.0,HYDERABAD,PUNE,False,False,26820.0,28376.0
2024-09-01,BENGALURU – THIRUVANANTHAPURAM,77985.0,BENGALURU,THIRUVANANTHAPURAM,False,False,38821.0,39164.0
2024-09-01,DELHI – UDAIPUR,38230.0,DELHI,UDAIPUR,False,False,18815.0,19415.0
2024-09-01,DELHI – JAMMU,55475.0,DELHI,JAMMU,False,False,29183.0,26292.0
2024-09-01,CHENNAI – KOCHI,54369.0,CHENNAI,KOCHI,False,False,26097.0,28272.0
2024-09-01,HYDERABAD – TIRUPATI,57452.0,HYDERABAD,TIRUPATI,False,False,28796.0,28656.0
2024-10-01,DELHI – MUMBAI,559212.0,DELHI,MUMBAI,False,False,261087.0,298125.0
2024-10-01,BENGALURU – DELHI,384397.0,BENGALURU,DELHI,False,False,210278.0,174119.0
2024-10-01,BENGALURU – MUMBAI,343665.0,BENGALURU,MUMBAI,False,False,173522.0,170143.0
2024-10-01,DELHI – HYDERABAD,268657.0,DELHI,HYDERABAD,False,False,126055.0,142602.0
2024-10-01,DELHI – KOLKATA,249273.0,DELHI,KOLKATA,False,False,129537.0,119736.0
2024-10-01,DELHI – PUNE,243435.0,DELHI,PUNE,False,False,113908.0,129527.0
2024-10-01,AHMEDABAD – DELHI,217707.0,AHMEDABAD,DELHI,False,False,114835.0,102872.0
2024-10-01,CHENNAI – MUMBAI,167381.0,CHENNAI,MUMBAI,False,False,80449.0,86932.0
2024-10-01,KOLKATA – MUMBAI,187898.0,KOLKATA,MUMBAI,False,False,84155.0,103743.0
2024-10-01,HYDERABAD – MUMBAI,197765.0,HYDERABAD,MUMBAI,False,False,95696.0,102069.0
2024-10-01,CHENNAI – DELHI,184368.0,CHENNAI,DELHI,False,False,97862.0,86506.0
2024-10-01,BENGALURU – HYDERABAD,185931.0,BENGALURU,HYDERABAD,False,False,96543.0,89388.0
2024-10-01,BENGALURU – KOLKATA,220382.0,BENGALURU,KOLKATA,False,False,122296.0,98086.0
2024-10-01,AHMEDABAD – MUMBAI,163638.0,AHMEDABAD,MUMBAI,False,False,78060.0,85578.0
2024-10-01,DELHI – SRINAGAR,177158.0,DELHI,SRINAGAR,False,False,82538.0,94620.0
2024-10-01,BENGALURU – PUNE,168490.0,BENGALURU,PUNE,False,False,85876.0,82614.0
2024-10-01,DELHI – GUWAHATI,131105.0,DELHI,GUWAHATI,False,False,66246.0,64859.0
2024-10-01,DELHI – PATNA,110615.0,DELHI,PATNA,False,False,63596.0,47019.0
2024-10-01,BENGALURU – CHENNAI,128126.0,BENGALURU,CHENNAI,False,False,65638.0,62488.0
2024-10-01,DELHI – LUCKNOW,115261.0,DELHI,LUCKNOW,False,False,64283.0,50978.0
2024-10-01,CHENNAI – HYDERABAD,134370.0,CHENNAI,HYDERABAD,False,False,68756.0,65614.0
2024-10-01,BENGALURU – KOCHI,137173.0,BENGALURU,KOCHI,False,False,68599.0,68574.0
2024-10-01,KOCHI – MUMBAI,86788.0,KOCHI,MUMBAI,False,False,42724.0,44064.0
2024-10-01,BAGDOGRA – DELHI,84340.0,BAGDOGRA,DELHI,False,False,40334.0,44006.0
2024-10-01,BHUBANESWAR – DELHI,96783.0,BHUBANESWAR,DELHI,False,False,46137.0,50646.0
2024-10-01,AHMEDABAD – BENGALURU,83063.0,AHMEDABAD,BENGALURU,False,False,39880.0,43183.0
2024-10-01,JAIPUR – MUMBAI,91017.0,JAIPUR,MUMBAI,False,False,39244.0,51773.0
2024-10-01,CHENNAI – KOLKATA,99363.0,CHENNAI,KOLKATA,False,False,52942.0,46421.0
2024-10-01,DELHI – INDORE,76912.0,DELHI,INDORE,False,False,38807.0,38105.0
2024-10-01,AMRITSAR – DELHI,101433.0,AMRITSAR,DELHI,False,False,46482.0,54951.0
2024-10-01,HYDERABAD – VISAKHAPATNAM,84693.0,HYDERABAD,VISAKHAPATNAM,False,False,44927.0,39766.0
2024-10-01,HYDERABAD – KOLKATA,108757.0,HYDERABAD,KOLKATA,False,False,60585.0,48172.0
2024-10-01,DELHI – VARANASI,63964.0,DELHI,VARANASI,False,False,35107.0,28857.0
2024-10-01,GUWAHATI – KOLKATA,99974.0,GUWAHATI,KOLKATA,False,False,50785.0,49189.0
2024-10-01,LUCKNOW – MUMBAI,75158.0,LUCKNOW,MUMBAI,False,False,30858.0,44300.0
2024-10-01,DELHI – KOCHI,78390.0,DELHI,KOCHI,False,False,35515.0,42875.0
2024-10-01,MUMBAI – VARANASI,63488.0,MUMBAI,VARANASI,False,False,35578.0,27910.0
2024-10-01,DELHI – RANCHI,79445.0,DELHI,RANCHI,False,False,42716.0,36729.0
2024-10-01,CHANDIGARH – DELHI,78201.0,CHANDIGARH,DELHI,False,False,37339.0,40862.0
2024-10-01,CHENNAI – COIMBATORE,70493.0,CHENNAI,COIMBATORE,False,False,36096.0,34397.0
2024-10-01,DELHI – RAIPUR,64211.0,DELHI,RAIPUR,False,False,32874.0,31337.0
2024-10-01,AGARTALA – KOLKATA,66793.0,AGARTALA,KOLKATA,False,False,33339.0,33454.0
2024-10-01,BENGALURU – MANGALURU,66154.0,BENGALURU,MANGALURU,False,False,33398.0,32756.0
2024-10-01,DELHI – LEH,74815.0,DELHI,LEH,False,False,29274.0,45541.0
2024-10-01,BENGALURU – BHUBANESWAR,69760.0,BENGALURU,BHUBANESWAR,False,False,37365.0,32395.0
2024-10-01,BENGALURU – VARANASI,71243.0,BENGALURU,VARANASI,False,False,42539.0,28704.0
2024-10-01,BENGALURU – LUCKNOW,59662.0,BENGALURU,LUCKNOW,False,False,33570.0,26092.0
2024-10-01,CHENNAI – PUNE,49934.0,CHENNAI,PUNE,False,False,23590.0,26344.0
2024-10-01,MUMBAI – NAGPUR,59165.0,MUMBAI,NAGPUR,False,False,30927.0,28238.0
2024-10-01,INDORE – MUMBAI,59755.0,INDORE,MUMBAI,False,False,26885.0,32870.0
2024-10-01,DELHI – NAGPUR,57934.0,DELHI,NAGPUR,False,False,29249.0,28685.0
2024-10-01,BENGALURU – GUWAHATI,67446.0,BENGALURU,GUWAHATI,False,False,37045.0,30401.0
2024-10-01,HYDERABAD – KOCHI,62382.0,HYDERABAD,KOCHI,False,False,31645.0,30737.0
2024-10-01,BENGALURU – JAIPUR,68119.0,BENGALURU,JAIPUR,False,False,38989.0,29130.0
2024-10-01,HYDERABAD – PUNE,51010.0,HYDERABAD,PUNE,False,False,24380.0,26630.0
2024-10-01,BENGALURU – THIRUVANANTHAPURAM,80972.0,BENGALURU,THIRUVANANTHAPURAM,False,False,41046.0,39926.0
2024-10-01,DELHI – UDAIPUR,39343.0,DELHI,UDAIPUR,False,False,19399.0,19944.0
2024-10-01,DELHI – JAMMU,59193.0,DELHI,JAMMU,False,False,31632.0,27561.0
2024-10-01,CHENNAI – KOCHI,58673.0,CHENNAI,KOCHI,False,False,28747.0,29926.0
2024-10-01,HYDERABAD – TIRUPATI,56047.0,HYDERABAD,TIRUPATI,False,False,28049.0,27998.0
2024-11-01,DELHI – MUMBAI,580057.0,DELHI,MUMBAI,False,False,296267.0,283790.0
2024-11-01,BENGALURU – DELHI,397791.0,BENGALURU,DELHI,False,False,188317.0,209474.0
2024-11-01,BENGALURU – MUMBAI,348946.0,BENGALURU,MUMBAI,False,False,169509.0,179437.0
2024-11-01,DELHI – HYDERABAD,287130.0,DELHI,HYDERABAD,False,False,147397.0,139733.0
2024-11-01,DELHI – KOLKATA,247819.0,DELHI,KOLKATA,False,False,125031.0,122788.0
2024-11-01,DELHI – PUNE,248182.0,DELHI,PUNE,False,False,125164.0,123018.0
2024-11-01,AHMEDABAD – DELHI,211307.0,AHMEDABAD,DELHI,False,False,100450.0,110857.0
2024-11-01,CHENNAI – MUMBAI,173702.0,CHENNAI,MUMBAI,False,False,89708.0,83994.0
2024-11-01,KOLKATA – MUMBAI,197908.0,KOLKATA,MUMBAI,False,False,98940.0,98968.0
2024-11-01,HYDERABAD – MUMBAI,196299.0,HYDERABAD,MUMBAI,False,False,98997.0,97302.0
2024-11-01,CHENNAI – DELHI,200525.0,CHENNAI,DELHI,False,False,96677.0,103848.0
2024-11-01,BENGALURU – HYDERABAD,184903.0,BENGALURU,HYDERABAD,False,False,91887.0,93016.0
2024-11-01,BENGALURU – KOLKATA,220439.0,BENGALURU,KOLKATA,False,False,108705.0,111734.0
2024-11-01,AHMEDABAD – MUMBAI,179869.0,AHMEDABAD,MUMBAI,False,False,90248.0,89621.0
2024-11-01,DELHI – SRINAGAR,158603.0,DELHI,SRINAGAR,False,False,78534.0,80069.0
2024-11-01,BENGALURU – PUNE,143118.0,BENGALURU,PUNE,False,False,71294.0,71824.0
2024-11-01,DELHI – GUWAHATI,129479.0,DELHI,GUWAHATI,False,False,65523.0,63956.0
2024-11-01,DELHI – PATNA,127944.0,DELHI,PATNA,False,False,65663.0,62281.0
2024-11-01,BENGALURU – CHENNAI,97153.0,BENGALURU,CHENNAI,False,False,46712.0,50441.0
2024-11-01,DELHI – LUCKNOW,124647.0,DELHI,LUCKNOW,False,False,62768.0,61879.0
2024-11-01,CHENNAI – HYDERABAD,120566.0,CHENNAI,HYDERABAD,False,False,60607.0,59959.0
2024-11-01,BENGALURU – KOCHI,133738.0,BENGALURU,KOCHI,False,False,62678.0,71060.0
2024-11-01,KOCHI – MUMBAI,99444.0,KOCHI,MUMBAI,False,False,50654.0,48790.0
2024-11-01,BAGDOGRA – DELHI,85010.0,BAGDOGRA,DELHI,False,False,41968.0,43042.0
2024-11-01,BHUBANESWAR – DELHI,95862.0,BHUBANESWAR,DELHI,False,False,46993.0,48869.0
2024-11-01,AHMEDABAD – BENGALURU,91022.0,AHMEDABAD,BENGALURU,False,False,45675.0,45347.0
2024-11-01,JAIPUR – MUMBAI,109880.0,JAIPUR,MUMBAI,False,False,56044.0,53836.0
2024-11-01,CHENNAI – KOLKATA,78960.0,CHENNAI,KOLKATA,False,False,40000.0,38960.0
2024-11-01,DELHI – INDORE,81214.0,DELHI,INDORE,False,False,40828.0,40386.0
2024-11-01,AMRITSAR – DELHI,115808.0,AMRITSAR,DELHI,False,False,57858.0,57950.0
2024-11-01,HYDERABAD – VISAKHAPATNAM,83565.0,HYDERABAD,VISAKHAPATNAM,False,False,40491.0,43074.0
2024-11-01,HYDERABAD – KOLKATA,98677.0,HYDERABAD,KOLKATA,False,False,47780.0,50897.0
2024-11-01,DELHI – VARANASI,90912.0,DELHI,VARANASI,False,False,44949.0,45963.0
2024-11-01,GUWAHATI – KOLKATA,87229.0,GUWAHATI,KOLKATA,False,False,43168.0,44061.0
2024-11-01,LUCKNOW – MUMBAI,93889.0,LUCKNOW,MUMBAI,False,False,46134.0,47755.0
2024-11-01,DELHI – KOCHI,85138.0,DELHI,KOCHI,False,False,43876.0,41262.0
2024-11-01,MUMBAI – VARANASI,81447.0,MUMBAI,VARANASI,False,False,41707.0,39740.0
2024-11-01,DELHI – RANCHI,87018.0,DELHI,RANCHI,False,False,44144.0,42874.0
2024-11-01,CHANDIGARH – DELHI,74045.0,CHANDIGARH,DELHI,False,False,37263.0,36782.0
2024-11-01,CHENNAI – COIMBATORE,69657.0,CHENNAI,COIMBATORE,False,False,34552.0,35105.0
2024-11-01,DELHI – RAIPUR,68484.0,DELHI,RAIPUR,False,False,33906.0,34578.0
2024-11-01,AGARTALA – KOLKATA,60382.0,AGARTALA,KOLKATA,False,False,29721.0,30661.0
2024-11-01,BENGALURU – MANGALURU,60713.0,BENGALURU,MANGALURU,False,False,30120.0,30593.0
2024-11-01,DELHI – LEH,47920.0,DELHI,LEH,False,False,23362.0,24558.0
2024-11-01,BENGALURU – BHUBANESWAR,70411.0,BENGALURU,BHUBANESWAR,False,False,34722.0,35689.0
2024-11-01,BENGALURU – VARANASI,88511.0,BENGALURU,VARANASI,False,False,43231.0,45280.0
2024-11-01,BENGALURU – LUCKNOW,68274.0,BENGALURU,LUCKNOW,False,False,33751.0,34523.0
2024-11-01,CHENNAI – PUNE,68011.0,CHENNAI,PUNE,False,False,35383.0,32628.0
2024-11-01,MUMBAI – NAGPUR,60173.0,MUMBAI,NAGPUR,False,False,29590.0,30583.0
2024-11-01,INDORE – MUMBAI,64972.0,INDORE,MUMBAI,False,False,34141.0,30831.0
2024-11-01,DELHI – NAGPUR,64250.0,DELHI,NAGPUR,False,False,32759.0,31491.0
2024-11-01,BENGALURU – GUWAHATI,69078.0,BENGALURU,GUWAHATI,False,False,37103.0,31975.0
2024-11-01,HYDERABAD – KOCHI,69744.0,HYDERABAD,KOCHI,False,False,35706.0,34038.0
2024-11-01,BENGALURU – JAIPUR,64702.0,BENGALURU,JAIPUR,False,False,31654.0,33048.0
2024-11-01,HYDERABAD – PUNE,47591.0,HYDERABAD,PUNE,False,False,24031.0,23560.0
2024-11-01,BENGALURU – THIRUVANANTHAPURAM,79314.0,BENGALURU,THIRUVANANTHAPURAM,False,False,36790.0,42524.0
2024-11-01,DELHI – UDAIPUR,62801.0,DELHI,UDAIPUR,False,False,32595.0,30206.0
2024-11-01,DELHI – JAMMU,59796.0,DELHI,JAMMU,False,False,30949.0,28847.0
2024-11-01,CHENNAI – KOCHI,64386.0,CHENNAI,KOCHI,False,False,32946.0,31440.0
2024-11-01,HYDERABAD – TIRUPATI,59495.0,HYDERABAD,TIRUPATI,False,False,29992.0,29503.0
2024-12-01,DELHI – MUMBAI,566352.0,DELHI,MUMBAI,False,False,295226.0,271126.0
2024-12-01,BENGALURU – DELHI,396919.0,BENGALURU,DELHI,False,False,194427.0,202492.0
2024-12-01,BENGALURU – MUMBAI,348610.0,BENGALURU,MUMBAI,False,False,171109.0,177501.0
2024-12-01,DELHI – HYDERABAD,281228.0,DELHI,HYDERABAD,False,False,146637.0,134591.0
2024-12-01,DELHI – KOLKATA,253386.0,DELHI,KOLKATA,False,False,130761.0,122625.0
2024-12-01,DELHI – PUNE,259935.0,DELHI,PUNE,False,False,134175.0,125760.0
2024-12-01,AHMEDABAD – DELHI,219594.0,AHMEDABAD,DELHI,False,False,103569.0,116025.0
2024-12-01,CHENNAI – MUMBAI,186079.0,CHENNAI,MUMBAI,False,False,91337.0,94742.0
2024-12-01,KOLKATA – MUMBAI,199405.0,KOLKATA,MUMBAI,False,False,98172.0,101233.0
2024-12-01,HYDERABAD – MUMBAI,206134.0,HYDERABAD,MUMBAI,False,False,99982.0,106152.0
2024-12-01,CHENNAI – DELHI,224988.0,CHENNAI,DELHI,False,False,105787.0,119201.0
2024-12-01,BENGALURU – HYDERABAD,205643.0,BENGALURU,HYDERABAD,False,False,103815.0,101828.0
2024-12-01,BENGALURU – KOLKATA,210834.0,BENGALURU,KOLKATA,False,False,106293.0,104541.0
2024-12-01,AHMEDABAD – MUMBAI,184663.0,AHMEDABAD,MUMBAI,False,False,92420.0,92243.0
2024-12-01,DELHI – SRINAGAR,163296.0,DELHI,SRINAGAR,False,False,80676.0,82620.0
2024-12-01,BENGALURU – PUNE,147538.0,BENGALURU,PUNE,False,False,74399.0,73139.0
2024-12-01,DELHI – GUWAHATI,137450.0,DELHI,GUWAHATI,False,False,71432.0,66018.0
2024-12-01,DELHI – PATNA,116023.0,DELHI,PATNA,False,False,58882.0,57141.0
2024-12-01,BENGALURU – CHENNAI,118778.0,BENGALURU,CHENNAI,False,False,59701.0,59077.0
2024-12-01,DELHI – LUCKNOW,129602.0,DELHI,LUCKNOW,False,False,63093.0,66509.0
2024-12-01,CHENNAI – HYDERABAD,135258.0,CHENNAI,HYDERABAD,False,False,67843.0,67415.0
2024-12-01,BENGALURU – KOCHI,122348.0,BENGALURU,KOCHI,False,False,62750.0,59598.0
2024-12-01,KOCHI – MUMBAI,103735.0,KOCHI,MUMBAI,False,False,48982.0,54753.0
2024-12-01,BAGDOGRA – DELHI,86013.0,BAGDOGRA,DELHI,False,False,42511.0,43502.0
2024-12-01,BHUBANESWAR – DELHI,101634.0,BHUBANESWAR,DELHI,False,False,49836.0,51798.0
2024-12-01,AHMEDABAD – BENGALURU,92236.0,AHMEDABAD,BENGALURU,False,False,47073.0,45163.0
2024-12-01,JAIPUR – MUMBAI,107838.0,JAIPUR,MUMBAI,False,False,55255.0,52583.0
2024-12-01,CHENNAI – KOLKATA,89108.0,CHENNAI,KOLKATA,False,False,45382.0,43726.0
2024-12-01,DELHI – INDORE,88046.0,DELHI,INDORE,False,False,45799.0,42247.0
2024-12-01,AMRITSAR – DELHI,122055.0,AMRITSAR,DELHI,False,False,61164.0,60891.0
2024-12-01,HYDERABAD – VISAKHAPATNAM,91016.0,HYDERABAD,VISAKHAPATNAM,False,False,46339.0,44677.0
2024-12-01,HYDERABAD – KOLKATA,106900.0,HYDERABAD,KOLKATA,False,False,53977.0,52923.0
2024-12-01,DELHI – VARANASI,68325.0,DELHI,VARANASI,False,False,33605.0,34720.0
2024-12-01,GUWAHATI – KOLKATA,92174.0,GUWAHATI,KOLKATA,False,False,45628.0,46546.0
2024-12-01,LUCKNOW – MUMBAI,94735.0,LUCKNOW,MUMBAI,False,False,48539.0,46196.0
2024-12-01,DELHI – KOCHI,84645.0,DELHI,KOCHI,False,False,45869.0,38776.0
2024-12-01,MUMBAI – VARANASI,77111.0,MUMBAI,VARANASI,False,False,37184.0,39927.0
2024-12-01,DELHI – RANCHI,87358.0,DELHI,RANCHI,False,False,44830.0,42528.0
2024-12-01,CHANDIGARH – DELHI,79723.0,CHANDIGARH,DELHI,False,False,39039.0,40684.0
2024-12-01,CHENNAI – COIMBATORE,82172.0,CHENNAI,COIMBATORE,False,False,41336.0,40836.0
2024-12-01,DELHI – RAIPUR,69595.0,DELHI,RAIPUR,False,False,35745.0,33850.0
2024-12-01,AGARTALA – KOLKATA,64478.0,AGARTALA,KOLKATA,False,False,32054.0,32424.0
2024-12-01,BENGALURU – MANGALURU,62951.0,BENGALURU,MANGALURU,False,False,32340.0,30611.0
2024-12-01,DELHI – LEH,47325.0,DELHI,LEH,False,False,22532.0,24793.0
2024-12-01,BENGALURU – BHUBANESWAR,63297.0,BENGALURU,BHUBANESWAR,False,False,31999.0,31298.0
2024-12-01,BENGALURU – VARANASI,78321.0,BENGALURU,VARANASI,False,False,37882.0,40439.0
2024-12-01,BENGALURU – LUCKNOW,60686.0,BENGALURU,LUCKNOW,False,False,29299.0,31387.0
2024-12-01,CHENNAI – PUNE,69853.0,CHENNAI,PUNE,False,False,34250.0,35603.0
2024-12-01,MUMBAI – NAGPUR,64705.0,MUMBAI,NAGPUR,False,False,32035.0,32670.0
2024-12-01,INDORE – MUMBAI,67286.0,INDORE,MUMBAI,False,False,33798.0,33488.0
2024-12-01,DELHI – NAGPUR,65972.0,DELHI,NAGPUR,False,False,35176.0,30796.0
2024-12-01,BENGALURU – GUWAHATI,72671.0,BENGALURU,GUWAHATI,False,False,38627.0,34044.0
2024-12-01,HYDERABAD – KOCHI,80644.0,HYDERABAD,KOCHI,False,False,41883.0,38761.0
2024-12-01,BENGALURU – JAIPUR,70929.0,BENGALURU,JAIPUR,False,False,34917.0,36012.0
2024-12-01,HYDERABAD – PUNE,49563.0,HYDERABAD,PUNE,False,False,24590.0,24973.0
2024-12-01,BENGALURU – THIRUVANANTHAPURAM,85969.0,BENGALURU,THIRUVANANTHAPURAM,False,False,43761.0,42208.0
2024-12-01,DELHI – UDAIPUR,72762.0,DELHI,UDAIPUR,False,False,37534.0,35228.0
2024-12-01,DELHI – JAMMU,52338.0,DELHI,JAMMU,False,False,26616.0,25722.0
2024-12-01,CHENNAI – KOCHI,68426.0,CHENNAI,KOCHI,False,False,35369.0,33057.0
2024-12-01,HYDERABAD – TIRUPATI,65715.0,HYDERABAD,TIRUPATI,False,False,33356.0,32359.0
2025-01-01,DELHI – MUMBAI,561816.0,DELHI,MUMBAI,False,False,279457.0,282359.0
2025-01-01,BENGALURU – DELHI,387554.0,BENGALURU,DELHI,False,False,194935.0,192619.0
2025-01-01,BENGALURU – MUMBAI,348196.0,BENGALURU,MUMBAI,False,False,171397.0,176799.0
2025-01-01,DELHI – HYDERABAD,258077.0,DELHI,HYDERABAD,False,False,127462.0,130615.0
2025-01-01,DELHI – KOLKATA,244994.0,DELHI,KOLKATA,False,False,121831.0,123163.0
2025-01-01,DELHI – PUNE,248717.0,DELHI,PUNE,False,False,124651.0,124066.0
2025-01-01,AHMEDABAD – DELHI,228793.0,AHMEDABAD,DELHI,False,False,114735.0,114058.0
2025-01-01,CHENNAI – MUMBAI,178284.0,CHENNAI,MUMBAI,False,False,87813.0,90471.0
2025-01-01,KOLKATA – MUMBAI,194525.0,KOLKATA,MUMBAI,False,False,96998.0,97527.0
2025-01-01,HYDERABAD – MUMBAI,198497.0,HYDERABAD,MUMBAI,False,False,96955.0,101542.0
2025-01-01,CHENNAI – DELHI,217206.0,CHENNAI,DELHI,False,False,110168.0,107038.0
2025-01-01,BENGALURU – HYDERABAD,194196.0,BENGALURU,HYDERABAD,False,False,96188.0,98008.0
2025-01-01,BENGALURU – KOLKATA,196753.0,BENGALURU,KOLKATA,False,False,99123.0,97630.0
2025-01-01,AHMEDABAD – MUMBAI,185706.0,AHMEDABAD,MUMBAI,False,False,93727.0,91979.0
2025-01-01,DELHI – SRINAGAR,154663.0,DELHI,SRINAGAR,False,False,76135.0,78528.0
2025-01-01,BENGALURU – PUNE,154113.0,BENGALURU,PUNE,False,False,77990.0,76123.0
2025-01-01,DELHI – GUWAHATI,134308.0,DELHI,GUWAHATI,False,False,65528.0,68780.0
2025-01-01,DELHI – PATNA,101949.0,DELHI,PATNA,False,False,52105.0,49844.0
2025-01-01,BENGALURU – CHENNAI,125350.0,BENGALURU,CHENNAI,False,False,61468.0,63882.0
2025-01-01,DELHI – LUCKNOW,123757.0,DELHI,LUCKNOW,False,False,62684.0,61073.0
2025-01-01,CHENNAI – HYDERABAD,134774.0,CHENNAI,HYDERABAD,False,False,66939.0,67835.0
2025-01-01,BENGALURU – KOCHI,116924.0,BENGALURU,KOCHI,False,False,57117.0,59807.0
2025-01-01,KOCHI – MUMBAI,104104.0,KOCHI,MUMBAI,False,False,52503.0,51601.0
2025-01-01,BAGDOGRA – DELHI,73100.0,BAGDOGRA,DELHI,False,False,36114.0,36986.0
2025-01-01,BHUBANESWAR – DELHI,97524.0,BHUBANESWAR,DELHI,False,False,48812.0,48712.0
2025-01-01,AHMEDABAD – BENGALURU,95636.0,AHMEDABAD,BENGALURU,False,False,48818.0,46818.0
2025-01-01,JAIPUR – MUMBAI,101549.0,JAIPUR,MUMBAI,False,False,50064.0,51485.0
2025-01-01,CHENNAI – KOLKATA,88370.0,CHENNAI,KOLKATA,False,False,44780.0,43590.0
2025-01-01,DELHI – INDORE,82833.0,DELHI,INDORE,False,False,40145.0,42688.0
2025-01-01,AMRITSAR – DELHI,110262.0,AMRITSAR,DELHI,False,False,53380.0,56882.0
2025-01-01,HYDERABAD – VISAKHAPATNAM,93948.0,HYDERABAD,VISAKHAPATNAM,False,False,47150.0,46798.0
2025-01-01,HYDERABAD – KOLKATA,96672.0,HYDERABAD,KOLKATA,False,False,49624.0,47048.0
2025-01-01,DELHI – VARANASI,55810.0,DELHI,VARANASI,False,False,27370.0,28440.0
2025-01-01,GUWAHATI – KOLKATA,86211.0,GUWAHATI,KOLKATA,False,False,43396.0,42815.0
2025-01-01,LUCKNOW – MUMBAI,94942.0,LUCKNOW,MUMBAI,False,False,47553.0,47389.0
2025-01-01,DELHI – KOCHI,86993.0,DELHI,KOCHI,False,False,41969.0,45024.0
2025-01-01,MUMBAI – VARANASI,78342.0,MUMBAI,VARANASI,False,False,39168.0,39174.0
2025-01-01,DELHI – RANCHI,81412.0,DELHI,RANCHI,False,False,40297.0,41115.0
2025-01-01,CHANDIGARH – DELHI,74920.0,CHANDIGARH,DELHI,False,False,36747.0,38173.0
2025-01-01,CHENNAI – COIMBATORE,79522.0,CHENNAI,COIMBATORE,False,False,39688.0,39834.0
2025-01-01,DELHI – RAIPUR,61879.0,DELHI,RAIPUR,False,False,30851.0,31028.0
2025-01-01,AGARTALA – KOLKATA,59314.0,AGARTALA,KOLKATA,False,False,29428.0,29886.0
2025-01-01,BENGALURU – MANGALURU,65750.0,BENGALURU,MANGALURU,False,False,32710.0,33040.0
2025-01-01,DELHI – LEH,41587.0,DELHI,LEH,False,False,18865.0,22722.0
2025-01-01,BENGALURU – BHUBANESWAR,71824.0,BENGALURU,BHUBANESWAR,False,False,35538.0,36286.0
2025-01-01,BENGALURU – VARANASI,78399.0,BENGALURU,VARANASI,False,False,39857.0,38542.0
2025-01-01,BENGALURU – LUCKNOW,68068.0,BENGALURU,LUCKNOW,False,False,33846.0,34222.0
2025-01-01,CHENNAI – PUNE,74431.0,CHENNAI,PUNE,False,False,36614.0,37817.0
2025-01-01,MUMBAI – NAGPUR,63154.0,MUMBAI,NAGPUR,False,False,31479.0,31675.0
2025-01-01,INDORE – MUMBAI,64483.0,INDORE,MUMBAI,False,False,31823.0,32660.0
2025-01-01,DELHI – NAGPUR,59141.0,DELHI,NAGPUR,False,False,29134.0,30007.0
2025-01-01,BENGALURU – GUWAHATI,65063.0,BENGALURU,GUWAHATI,False,False,34174.0,30889.0
2025-01-01,HYDERABAD – KOCHI,78792.0,HYDERABAD,KOCHI,False,False,38618.0,40174.0
2025-01-01,BENGALURU – JAIPUR,72438.0,BENGALURU,JAIPUR,False,False,36579.0,35859.0
2025-01-01,HYDERABAD – PUNE,50815.0,HYDERABAD,PUNE,False,False,25418.0,25397.0
2025-01-01,BENGALURU – THIRUVANANTHAPURAM,56627.0,BENGALURU,THIRUVANANTHAPURAM,False,False,27716.0,28911.0
2025-01-01,DELHI – UDAIPUR,66154.0,DELHI,UDAIPUR,False,False,31596.0,34558.0
2025-01-01,DELHI – JAMMU,41932.0,DELHI,JAMMU,False,False,21324.0,20608.0
2025-01-01,CHENNAI – KOCHI,68602.0,CHENNAI,KOCHI,False,False,32157.0,36445.0
2025-01-01,HYDERABAD – TIRUPATI,64891.0,HYDERABAD,TIRUPATI,False,False,32780.0,32111.0
2025-02-01,DELHI – MUMBAI,554989.0,DELHI,MUMBAI,False,False,271320.0,283669.0
2025-02-01,BENGALURU – DELHI,361924.0,BENGALURU,DELHI,False,False,182478.0,179446.0
2025-02-01,BENGALURU – MUMBAI,292060.0,BENGALURU,MUMBAI,False,False,145266.0,146794.0
2025-02-01,DELHI – HYDERABAD,269298.0,DELHI,HYDERABAD,False,False,131586.0,137712.0
2025-02-01,DELHI – KOLKATA,230231.0,DELHI,KOLKATA,False,False,115354.0,114877.0
2025-02-01,DELHI – PUNE,222421.0,DELHI,PUNE,False,False,110248.0,112173.0
2025-02-01,AHMEDABAD – DELHI,211184.0,AHMEDABAD,DELHI,False,False,108007.0,103177.0
2025-02-01,CHENNAI – MUMBAI,163563.0,CHENNAI,MUMBAI,False,False,81532.0,82031.0
2025-02-01,KOLKATA – MUMBAI,178115.0,KOLKATA,MUMBAI,False,False,87209.0,90906.0
2025-02-01,HYDERABAD – MUMBAI,186502.0,HYDERABAD,MUMBAI,False,False,88795.0,97707.0
2025-02-01,CHENNAI – DELHI,211688.0,CHENNAI,DELHI,False,False,108491.0,103197.0
2025-02-01,BENGALURU – HYDERABAD,185036.0,BENGALURU,HYDERABAD,False,False,93484.0,91552.0
2025-02-01,BENGALURU – KOLKATA,157023.0,BENGALURU,KOLKATA,False,False,80547.0,76476.0
2025-02-01,AHMEDABAD – MUMBAI,168981.0,AHMEDABAD,MUMBAI,False,False,85128.0,83853.0
2025-02-01,DELHI – SRINAGAR,149977.0,DELHI,SRINAGAR,False,False,76199.0,73778.0
2025-02-01,BENGALURU – PUNE,129642.0,BENGALURU,PUNE,False,False,65898.0,63744.0
2025-02-01,DELHI – GUWAHATI,122000.0,DELHI,GUWAHATI,False,False,61255.0,60745.0
2025-02-01,DELHI – PATNA,99039.0,DELHI,PATNA,False,False,49737.0,49302.0
2025-02-01,BENGALURU – CHENNAI,109747.0,BENGALURU,CHENNAI,False,False,54317.0,55430.0
2025-02-01,DELHI – LUCKNOW,117410.0,DELHI,LUCKNOW,False,False,58569.0,58841.0
2025-02-01,CHENNAI – HYDERABAD,118968.0,CHENNAI,HYDERABAD,False,False,60140.0,58828.0
2025-02-01,BENGALURU – KOCHI,86698.0,BENGALURU,KOCHI,False,False,42447.0,44251.0
2025-02-01,KOCHI – MUMBAI,94019.0,KOCHI,MUMBAI,False,False,47305.0,46714.0
2025-02-01,BAGDOGRA – DELHI,77696.0,BAGDOGRA,DELHI,False,False,37371.0,40325.0
2025-02-01,BHUBANESWAR – DELHI,95648.0,BHUBANESWAR,DELHI,False,False,48139.0,47509.0
2025-02-01,AHMEDABAD – BENGALURU,82805.0,AHMEDABAD,BENGALURU,False,False,41223.0,41582.0
2025-02-01,JAIPUR – MUMBAI,96813.0,JAIPUR,MUMBAI,False,False,47740.0,49073.0
2025-02-01,CHENNAI – KOLKATA,77399.0,CHENNAI,KOLKATA,False,False,39340.0,38059.0
2025-02-01,DELHI – INDORE,77014.0,DELHI,INDORE,False,False,37445.0,39569.0
2025-02-01,AMRITSAR – DELHI,123440.0,AMRITSAR,DELHI,False,False,59957.0,63483.0
2025-02-01,HYDERABAD – VISAKHAPATNAM,85204.0,HYDERABAD,VISAKHAPATNAM,False,False,43377.0,41827.0
2025-02-01,HYDERABAD – KOLKATA,91337.0,HYDERABAD,KOLKATA,False,False,47222.0,44115.0
2025-02-01,DELHI – VARANASI,83041.0,DELHI,VARANASI,False,False,41053.0,41988.0
2025-02-01,GUWAHATI – KOLKATA,80000.0,GUWAHATI,KOLKATA,False,False,39011.0,40989.0
2025-02-01,LUCKNOW – MUMBAI,88911.0,LUCKNOW,MUMBAI,False,False,43873.0,45038.0
2025-02-01,DELHI – KOCHI,84289.0,DELHI,KOCHI,False,False,41278.0,43011.0
2025-02-01,MUMBAI – VARANASI,75647.0,MUMBAI,VARANASI,False,False,38030.0,37617.0
2025-02-01,DELHI – RANCHI,77761.0,DELHI,RANCHI,False,False,38920.0,38841.0
2025-02-01,CHANDIGARH – DELHI,81532.0,CHANDIGARH,DELHI,False,False,39331.0,42201.0
2025-02-01,CHENNAI – COIMBATORE,72764.0,CHENNAI,COIMBATORE,False,False,38299.0,34465.0
2025-02-01,DELHI – RAIPUR,65655.0,DELHI,RAIPUR,False,False,32189.0,33466.0
2025-02-01,AGARTALA – KOLKATA,54114.0,AGARTALA,KOLKATA,False,False,26757.0,27357.0
2025-02-01,BENGALURU – MANGALURU,52760.0,BENGALURU,MANGALURU,False,False,26653.0,26107.0
2025-02-01,DELHI – LEH,37842.0,DELHI,LEH,False,False,21119.0,16723.0
2025-02-01,BENGALURU – BHUBANESWAR,61665.0,BENGALURU,BHUBANESWAR,False,False,31415.0,30250.0
2025-02-01,BENGALURU – VARANASI,105498.0,BENGALURU,VARANASI,False,False,52974.0,52524.0
2025-02-01,BENGALURU – LUCKNOW,72114.0,BENGALURU,LUCKNOW,False,False,36390.0,35724.0
2025-02-01,CHENNAI – PUNE,67773.0,CHENNAI,PUNE,False,False,34079.0,33694.0
2025-02-01,MUMBAI – NAGPUR,58494.0,MUMBAI,NAGPUR,False,False,29368.0,29126.0
2025-02-01,INDORE – MUMBAI,59548.0,INDORE,MUMBAI,False,False,29133.0,30415.0
2025-02-01,DELHI – NAGPUR,60958.0,DELHI,NAGPUR,False,False,29570.0,31388.0
2025-02-01,BENGALURU – GUWAHATI,65183.0,BENGALURU,GUWAHATI,False,False,34490.0,30693.0
2025-02-01,HYDERABAD – KOCHI,68939.0,HYDERABAD,KOCHI,False,False,34359.0,34580.0
2025-02-01,BENGALURU – JAIPUR,60453.0,BENGALURU,JAIPUR,False,False,30378.0,30075.0
2025-02-01,HYDERABAD – PUNE,45604.0,HYDERABAD,PUNE,False,False,22561.0,23043.0
2025-02-01,BENGALURU – THIRUVANANTHAPURAM,44169.0,BENGALURU,THIRUVANANTHAPURAM,False,False,21743.0,22426.0
2025-02-01,DELHI – UDAIPUR,65167.0,DELHI,UDAIPUR,False,False,31967.0,33200.0
2025-02-01,DELHI – JAMMU,52202.0,DELHI,JAMMU,False,False,26333.0,25869.0
2025-02-01,CHENNAI – KOCHI,56311.0,CHENNAI,KOCHI,False,False,27933.0,28378.0
2025-02-01,HYDERABAD – TIRUPATI,65802.0,HYDERABAD,TIRUPATI,False,False,33593.0,32209.0
2025-03-01,DELHI – MUMBAI,575795.0,DELHI,MUMBAI,False,False,290413.0,285382.0
2025-03-01,BENGALURU – DELHI,374819.0,BENGALURU,DELHI,False,False,185461.0,189358.0
2025-03-01,BENGALURU – MUMBAI,322337.0,BENGALURU,MUMBAI,False,False,160854.0,161483.0
2025-03-01,DELHI – HYDERABAD,279853.0,DELHI,HYDERABAD,False,False,140650.0,139203.0
2025-03-01,DELHI – KOLKATA,250144.0,DELHI,KOLKATA,False,False,127340.0,122804.0
2025-03-01,DELHI – PUNE,249508.0,DELHI,PUNE,False,False,126739.0,122769.0
2025-03-01,AHMEDABAD – DELHI,214411.0,AHMEDABAD,DELHI,False,False,109326.0,105085.0
2025-03-01,CHENNAI – MUMBAI,161532.0,CHENNAI,MUMBAI,False,False,81523.0,80009.0
2025-03-01,KOLKATA – MUMBAI,193889.0,KOLKATA,MUMBAI,False,False,92609.0,101280.0
2025-03-01,HYDERABAD – MUMBAI,172157.0,HYDERABAD,MUMBAI,False,False,81610.0,90547.0
2025-03-01,CHENNAI – DELHI,205436.0,CHENNAI,DELHI,False,False,101807.0,103629.0
2025-03-01,BENGALURU – HYDERABAD,205978.0,BENGALURU,HYDERABAD,False,False,104936.0,101042.0
2025-03-01,BENGALURU – KOLKATA,189950.0,BENGALURU,KOLKATA,False,False,98985.0,90965.0
2025-03-01,AHMEDABAD – MUMBAI,169333.0,AHMEDABAD,MUMBAI,False,False,87364.0,81969.0
2025-03-01,DELHI – SRINAGAR,181502.0,DELHI,SRINAGAR,False,False,95385.0,86117.0
2025-03-01,BENGALURU – PUNE,152420.0,BENGALURU,PUNE,False,False,77626.0,74794.0
2025-03-01,DELHI – GUWAHATI,133299.0,DELHI,GUWAHATI,False,False,68842.0,64457.0
2025-03-01,DELHI – PATNA,115739.0,DELHI,PATNA,False,False,60291.0,55448.0
2025-03-01,BENGALURU – CHENNAI,132541.0,BENGALURU,CHENNAI,False,False,65189.0,67352.0
2025-03-01,DELHI – LUCKNOW,97835.0,DELHI,LUCKNOW,False,False,49424.0,48411.0
2025-03-01,CHENNAI – HYDERABAD,132326.0,CHENNAI,HYDERABAD,False,False,67266.0,65060.0
2025-03-01,BENGALURU – KOCHI,113877.0,BENGALURU,KOCHI,False,False,55764.0,58113.0
2025-03-01,KOCHI – MUMBAI,84759.0,KOCHI,MUMBAI,False,False,42583.0,42176.0
2025-03-01,BAGDOGRA – DELHI,89719.0,BAGDOGRA,DELHI,False,False,42926.0,46793.0
2025-03-01,BHUBANESWAR – DELHI,100006.0,BHUBANESWAR,DELHI,False,False,49345.0,50661.0
2025-03-01,AHMEDABAD – BENGALURU,85741.0,AHMEDABAD,BENGALURU,False,False,43663.0,42078.0
2025-03-01,JAIPUR – MUMBAI,95647.0,JAIPUR,MUMBAI,False,False,47862.0,47785.0
2025-03-01,CHENNAI – KOLKATA,82950.0,CHENNAI,KOLKATA,False,False,42789.0,40161.0
2025-03-01,DELHI – INDORE,85150.0,DELHI,INDORE,False,False,42275.0,42875.0
2025-03-01,AMRITSAR – DELHI,129543.0,AMRITSAR,DELHI,False,False,65075.0,64468.0
2025-03-01,HYDERABAD – VISAKHAPATNAM,87898.0,HYDERABAD,VISAKHAPATNAM,False,False,45010.0,42888.0
2025-03-01,HYDERABAD – KOLKATA,99524.0,HYDERABAD,KOLKATA,False,False,53615.0,45909.0
2025-03-01,DELHI – VARANASI,93789.0,DELHI,VARANASI,False,False,46057.0,47732.0
2025-03-01,GUWAHATI – KOLKATA,100044.0,GUWAHATI,KOLKATA,False,False,49043.0,51001.0
2025-03-01,LUCKNOW – MUMBAI,77370.0,LUCKNOW,MUMBAI,False,False,37815.0,39555.0
2025-03-01,DELHI – KOCHI,80138.0,DELHI,KOCHI,False,False,41534.0,38604.0
2025-03-01,MUMBAI – VARANASI,90516.0,MUMBAI,VARANASI,False,False,46108.0,44408.0
2025-03-01,DELHI – RANCHI,84290.0,DELHI,RANCHI,False,False,42853.0,41437.0
2025-03-01,CHANDIGARH – DELHI,93198.0,CHANDIGARH,DELHI,False,False,47817.0,45381.0
2025-03-01,CHENNAI – COIMBATORE,80716.0,CHENNAI,COIMBATORE,False,False,39939.0,40777.0
2025-03-01,DELHI – RAIPUR,68296.0,DELHI,RAIPUR,False,False,33941.0,34355.0
2025-03-01,AGARTALA – KOLKATA,61192.0,AGARTALA,KOLKATA,False,False,30230.0,30962.0
2025-03-01,BENGALURU – MANGALURU,65998.0,BENGALURU,MANGALURU,False,False,32744.0,33254.0
2025-03-01,DELHI – LEH,51417.0,DELHI,LEH,False,False,31355.0,20062.0
2025-03-01,BENGALURU – BHUBANESWAR,67794.0,BENGALURU,BHUBANESWAR,False,False,34219.0,33575.0
2025-03-01,BENGALURU – VARANASI,96954.0,BENGALURU,VARANASI,False,False,48169.0,48785.0
2025-03-01,BENGALURU – LUCKNOW,59727.0,BENGALURU,LUCKNOW,False,False,29840.0,29887.0
2025-03-01,CHENNAI – PUNE,68663.0,CHENNAI,PUNE,False,False,34434.0,34229.0
2025-03-01,MUMBAI – NAGPUR,57299.0,MUMBAI,NAGPUR,False,False,28859.0,28440.0
2025-03-01,INDORE – MUMBAI,61386.0,INDORE,MUMBAI,False,False,30524.0,30862.0
2025-03-01,DELHI – NAGPUR,59907.0,DELHI,NAGPUR,False,False,30548.0,29359.0
2025-03-01,BENGALURU – GUWAHATI,73337.0,BENGALURU,GUWAHATI,False,False,39010.0,34327.0
2025-03-01,HYDERABAD – KOCHI,56398.0,HYDERABAD,KOCHI,False,False,27044.0,29354.0
2025-03-01,BENGALURU – JAIPUR,59299.0,BENGALURU,JAIPUR,False,False,29929.0,29370.0
2025-03-01,HYDERABAD – PUNE,50913.0,HYDERABAD,PUNE,False,False,25055.0,25858.0
2025-03-01,BENGALURU – THIRUVANANTHAPURAM,51764.0,BENGALURU,THIRUVANANTHAPURAM,False,False,25571.0,26193.0
2025-03-01,DELHI – UDAIPUR,61466.0,DELHI,UDAIPUR,False,False,30444.0,31022.0
2025-03-01,DELHI – JAMMU,67178.0,DELHI,JAMMU,False,False,33345.0,33833.0
2025-03-01,CHENNAI – KOCHI,56554.0,CHENNAI,KOCHI,False,False,27977.0,28577.0
2025-03-01,HYDERABAD – TIRUPATI,75219.0,HYDERABAD,TIRUPATI,False,False,37991.0,37228.0
2025-04-01,DELHI – MUMBAI,552393.0,DELHI,MUMBAI,False,False,269338.0,283055.0
2025-04-01,BENGALURU – DELHI,368632.0,BENGALURU,DELHI,False,False,186608.0,182024.0
2025-04-01,BENGALURU – MUMBAI,325617.0,BENGALURU,MUMBAI,False,False,163612.0,162005.0
2025-04-01,DELHI – HYDERABAD,260739.0,DELHI,HYDERABAD,False,False,127180.0,133559.0
2025-04-01,DELHI – KOLKATA,234931.0,DELHI,KOLKATA,False,False,121844.0,113087.0
2025-04-01,DELHI – PUNE,234628.0,DELHI,PUNE,False,False,116279.0,118349.0
2025-04-01,AHMEDABAD – DELHI,209555.0,AHMEDABAD,DELHI,False,False,107579.0,101976.0
2025-04-01,CHENNAI – MUMBAI,159825.0,CHENNAI,MUMBAI,False,False,80399.0,79426.0
2025-04-01,KOLKATA – MUMBAI,196761.0,KOLKATA,MUMBAI,False,False,95768.0,100993.0
2025-04-01,HYDERABAD – MUMBAI,187591.0,HYDERABAD,MUMBAI,False,False,88851.0,98740.0
2025-04-01,CHENNAI – DELHI,194541.0,CHENNAI,DELHI,False,False,100891.0,93650.0
2025-04-01,BENGALURU – HYDERABAD,207170.0,BENGALURU,HYDERABAD,False,False,103811.0,103359.0
2025-04-01,BENGALURU – KOLKATA,194506.0,BENGALURU,KOLKATA,False,False,99653.0,94853.0
2025-04-01,AHMEDABAD – MUMBAI,166157.0,AHMEDABAD,MUMBAI,False,False,80340.0,85817.0
2025-04-01,DELHI – SRINAGAR,211519.0,DELHI,SRINAGAR,False,False,100244.0,111275.0
2025-04-01,BENGALURU – PUNE,158393.0,BENGALURU,PUNE,False,False,82283.0,76110.0
2025-04-01,DELHI – GUWAHATI,127762.0,DELHI,GUWAHATI,False,False,65185.0,62577.0
2025-04-01,DELHI – PATNA,119350.0,DELHI,PATNA,False,False,62241.0,57109.0
2025-04-01,BENGALURU – CHENNAI,119000.0,BENGALURU,CHENNAI,False,False,59885.0,59115.0
2025-04-01,DELHI – LUCKNOW,97225.0,DELHI,LUCKNOW,False,False,49879.0,47346.0
2025-04-01,CHENNAI – HYDERABAD,128055.0,CHENNAI,HYDERABAD,False,False,64280.0,63775.0
2025-04-01,BENGALURU – KOCHI,116054.0,BENGALURU,KOCHI,False,False,59000.0,57054.0
2025-04-01,KOCHI – MUMBAI,92814.0,KOCHI,MUMBAI,False,False,45063.0,47751.0
2025-04-01,BAGDOGRA – DELHI,81808.0,BAGDOGRA,DELHI,False,False,40043.0,41765.0
2025-04-01,BHUBANESWAR – DELHI,95409.0,BHUBANESWAR,DELHI,False,False,46596.0,48813.0
2025-04-01,AHMEDABAD – BENGALURU,96411.0,AHMEDABAD,BENGALURU,False,False,45139.0,51272.0
2025-04-01,JAIPUR – MUMBAI,60944.0,JAIPUR,MUMBAI,False,False,29854.0,31090.0
2025-04-01,CHENNAI – KOLKATA,78838.0,CHENNAI,KOLKATA,False,False,39906.0,38932.0
2025-04-01,DELHI – INDORE,90344.0,DELHI,INDORE,False,False,45349.0,44995.0
2025-04-01,AMRITSAR – DELHI,95577.0,AMRITSAR,DELHI,False,False,48711.0,46866.0
2025-04-01,HYDERABAD – VISAKHAPATNAM,86494.0,HYDERABAD,VISAKHAPATNAM,False,False,43849.0,42645.0
2025-04-01,HYDERABAD – KOLKATA,88319.0,HYDERABAD,KOLKATA,False,False,45224.0,43095.0
2025-04-01,DELHI – VARANASI,73206.0,DELHI,VARANASI,False,False,37437.0,35769.0
2025-04-01,GUWAHATI – KOLKATA,100800.0,GUWAHATI,KOLKATA,False,False,49681.0,51119.0
2025-04-01,LUCKNOW – MUMBAI,73738.0,LUCKNOW,MUMBAI,False,False,35829.0,37909.0
2025-04-01,DELHI – KOCHI,77959.0,DELHI,KOCHI,False,False,38430.0,39529.0
2025-04-01,MUMBAI – VARANASI,62023.0,MUMBAI,VARANASI,False,False,31496.0,30527.0
2025-04-01,DELHI – RANCHI,82570.0,DELHI,RANCHI,False,False,42571.0,39999.0
2025-04-01,CHANDIGARH – DELHI,86662.0,CHANDIGARH,DELHI,False,False,43353.0,43309.0
2025-04-01,CHENNAI – COIMBATORE,85671.0,CHENNAI,COIMBATORE,False,False,42344.0,43327.0
2025-04-01,DELHI – RAIPUR,62971.0,DELHI,RAIPUR,False,False,31332.0,31639.0
2025-04-01,AGARTALA – KOLKATA,72407.0,AGARTALA,KOLKATA,False,False,34630.0,37777.0
2025-04-01,BENGALURU – MANGALURU,72040.0,BENGALURU,MANGALURU,False,False,36830.0,35210.0
2025-04-01,DELHI – LEH,84936.0,DELHI,LEH,False,False,46086.0,38850.0
2025-04-01,BENGALURU – BHUBANESWAR,71098.0,BENGALURU,BHUBANESWAR,False,False,37653.0,33445.0
2025-04-01,BENGALURU – VARANASI,76378.0,BENGALURU,VARANASI,False,False,39382.0,36996.0
2025-04-01,BENGALURU – LUCKNOW,81173.0,BENGALURU,LUCKNOW,False,False,44457.0,36716.0
2025-04-01,CHENNAI – PUNE,68879.0,CHENNAI,PUNE,False,False,33292.0,35587.0
2025-04-01,MUMBAI – NAGPUR,59749.0,MUMBAI,NAGPUR,False,False,30761.0,28988.0
2025-04-01,INDORE – MUMBAI,59812.0,INDORE,MUMBAI,False,False,28323.0,31489.0
2025-04-01,DELHI – NAGPUR,58277.0,DELHI,NAGPUR,False,False,28353.0,29924.0
2025-04-01,BENGALURU – GUWAHATI,73507.0,BENGALURU,GUWAHATI,False,False,39101.0,34406.0
2025-04-01,HYDERABAD – KOCHI,78515.0,HYDERABAD,KOCHI,False,False,39597.0,38918.0
2025-04-01,BENGALURU – JAIPUR,38009.0,BENGALURU,JAIPUR,False,False,16676.0,21333.0
2025-04-01,HYDERABAD – PUNE,65698.0,HYDERABAD,PUNE,False,False,31613.0,34085.0
2025-04-01,BENGALURU – THIRUVANANTHAPURAM,70012.0,BENGALURU,THIRUVANANTHAPURAM,False,False,35274.0,34738.0
2025-04-01,DELHI – UDAIPUR,37066.0,DELHI,UDAIPUR,False,False,18427.0,18639.0
2025-04-01,DELHI – JAMMU,63442.0,DELHI,JAMMU,False,False,31920.0,31522.0
2025-04-01,CHENNAI – KOCHI,76424.0,CHENNAI,KOCHI,False,False,38632.0,37792.0
2025-04-01,HYDERABAD – TIRUPATI,69199.0,HYDERABAD,TIRUPATI,False,False,34855.0,34344.0
2025-05-01,DELHI – MUMBAI,538435.0,DELHI,MUMBAI,False,False,273585.0,264850.0
2025-05-01,BENGALURU – DELHI,369208.0,BENGALURU,DELHI,False,False,174792.0,194416.0
2025-05-01,BENGALURU – MUMBAI,335627.0,BENGALURU,MUMBAI,False,False,159891.0,175736.0
2025-05-01,DELHI – HYDERABAD,270066.0,DELHI,HYDERABAD,False,False,140072.0,129994.0
2025-05-01,DELHI – KOLKATA,226319.0,DELHI,KOLKATA,False,False,122010.0,104309.0
2025-05-01,DELHI – PUNE,231395.0,DELHI,PUNE,False,False,119217.0,112178.0
2025-05-01,AHMEDABAD – DELHI,217900.0,AHMEDABAD,DELHI,False,False,110302.0,107598.0
2025-05-01,CHENNAI – MUMBAI,165052.0,CHENNAI,MUMBAI,False,False,77053.0,87999.0
2025-05-01,KOLKATA – MUMBAI,206490.0,KOLKATA,MUMBAI,False,False,99356.0,107134.0
2025-05-01,HYDERABAD – MUMBAI,189033.0,HYDERABAD,MUMBAI,False,False,86754.0,102279.0
2025-05-01,CHENNAI – DELHI,190708.0,CHENNAI,DELHI,False,False,87953.0,102755.0
2025-05-01,BENGALURU – HYDERABAD,229282.0,BENGALURU,HYDERABAD,False,False,111354.0,117928.0
2025-05-01,BENGALURU – KOLKATA,190066.0,BENGALURU,KOLKATA,False,False,94796.0,95270.0
2025-05-01,AHMEDABAD – MUMBAI,148175.0,AHMEDABAD,MUMBAI,False,False,78110.0,70065.0
2025-05-01,DELHI – SRINAGAR,80413.0,DELHI,SRINAGAR,False,False,44691.0,35722.0
2025-05-01,BENGALURU – PUNE,160584.0,BENGALURU,PUNE,False,False,82463.0,78121.0
2025-05-01,DELHI – GUWAHATI,127716.0,DELHI,GUWAHATI,False,False,67933.0,59783.0
2025-05-01,DELHI – PATNA,121066.0,DELHI,PATNA,False,False,63980.0,57086.0
2025-05-01,BENGALURU – CHENNAI,116716.0,BENGALURU,CHENNAI,False,False,54471.0,62245.0
2025-05-01,DELHI – LUCKNOW,91532.0,DELHI,LUCKNOW,False,False,47272.0,44260.0
2025-05-01,CHENNAI – HYDERABAD,132624.0,CHENNAI,HYDERABAD,False,False,65787.0,66837.0
2025-05-01,BENGALURU – KOCHI,123086.0,BENGALURU,KOCHI,False,False,61884.0,61202.0
2025-05-01,KOCHI – MUMBAI,104084.0,KOCHI,MUMBAI,False,False,49555.0,54529.0
2025-05-01,BAGDOGRA – DELHI,101281.0,BAGDOGRA,DELHI,False,False,47194.0,54087.0
2025-05-01,BHUBANESWAR – DELHI,90008.0,BHUBANESWAR,DELHI,False,False,42642.0,47366.0
2025-05-01,AHMEDABAD – BENGALURU,102223.0,AHMEDABAD,BENGALURU,False,False,55869.0,46354.0
2025-05-01,JAIPUR – MUMBAI,69699.0,JAIPUR,MUMBAI,False,False,35651.0,34048.0
2025-05-01,CHENNAI – KOLKATA,66016.0,CHENNAI,KOLKATA,False,False,33540.0,32476.0
2025-05-01,DELHI – INDORE,84538.0,DELHI,INDORE,False,False,44076.0,40462.0
2025-05-01,AMRITSAR – DELHI,48932.0,AMRITSAR,DELHI,False,False,24990.0,23942.0
2025-05-01,HYDERABAD – VISAKHAPATNAM,91472.0,HYDERABAD,VISAKHAPATNAM,False,False,46623.0,44849.0
2025-05-01,HYDERABAD – KOLKATA,92972.0,HYDERABAD,KOLKATA,False,False,47862.0,45110.0
2025-05-01,DELHI – VARANASI,73875.0,DELHI,VARANASI,False,False,38238.0,35637.0
2025-05-01,GUWAHATI – KOLKATA,94712.0,GUWAHATI,KOLKATA,False,False,46142.0,48570.0
2025-05-01,LUCKNOW – MUMBAI,76655.0,LUCKNOW,MUMBAI,False,False,37839.0,38816.0
2025-05-01,DELHI – KOCHI,77325.0,DELHI,KOCHI,False,False,41016.0,36309.0
2025-05-01,MUMBAI – VARANASI,91466.0,MUMBAI,VARANASI,False,False,46013.0,45453.0
2025-05-01,DELHI – RANCHI,83569.0,DELHI,RANCHI,False,False,43345.0,40224.0
2025-05-01,CHANDIGARH – DELHI,57633.0,CHANDIGARH,DELHI,False,False,27835.0,29798.0
2025-05-01,CHENNAI – COIMBATORE,90093.0,CHENNAI,COIMBATORE,False,False,45504.0,44589.0
2025-05-01,DELHI – RAIPUR,66811.0,DELHI,RAIPUR,False,False,33594.0,33217.0
2025-05-01,AGARTALA – KOLKATA,73425.0,AGARTALA,KOLKATA,False,False,36370.0,37055.0
2025-05-01,BENGALURU – MANGALURU,69813.0,BENGALURU,MANGALURU,False,False,34108.0,35705.0
2025-05-01,DELHI – LEH,58842.0,DELHI,LEH,False,False,32926.0,25916.0
2025-05-01,BENGALURU – BHUBANESWAR,74593.0,BENGALURU,BHUBANESWAR,False,False,34735.0,39858.0
2025-05-01,BENGALURU – VARANASI,78177.0,BENGALURU,VARANASI,False,False,37609.0,40568.0
2025-05-01,BENGALURU – LUCKNOW,74304.0,BENGALURU,LUCKNOW,False,False,31584.0,42720.0
2025-05-01,CHENNAI – PUNE,70731.0,CHENNAI,PUNE,False,False,34234.0,36497.0
2025-05-01,MUMBAI – NAGPUR,63276.0,MUMBAI,NAGPUR,False,False,32377.0,30899.0
2025-05-01,INDORE – MUMBAI,56862.0,INDORE,MUMBAI,False,False,28074.0,28788.0
2025-05-01,DELHI – NAGPUR,56355.0,DELHI,NAGPUR,False,False,29453.0,26902.0
2025-05-01,BENGALURU – GUWAHATI,74673.0,BENGALURU,GUWAHATI,False,False,39072.0,35601.0
2025-05-01,HYDERABAD – KOCHI,83463.0,HYDERABAD,KOCHI,False,False,44310.0,39153.0
2025-05-01,BENGALURU – JAIPUR,51936.0,BENGALURU,JAIPUR,False,False,21631.0,30305.0
2025-05-01,HYDERABAD – PUNE,74713.0,HYDERABAD,PUNE,False,False,35782.0,38931.0
2025-05-01,BENGALURU – THIRUVANANTHAPURAM,77149.0,BENGALURU,THIRUVANANTHAPURAM,False,False,38319.0,38830.0
2025-05-01,DELHI – UDAIPUR,32172.0,DELHI,UDAIPUR,False,False,16127.0,16045.0
2025-05-01,DELHI – JAMMU,31832.0,DELHI,JAMMU,False,False,17164.0,14668.0
2025-05-01,CHENNAI – KOCHI,81106.0,CHENNAI,KOCHI,False,False,41209.0,39897.0
2025-05-01,HYDERABAD – TIRUPATI,72390.0,HYDERABAD,TIRUPATI,False,False,36744.0,35646.0
2025-06-01,DELHI – MUMBAI,508847.0,DELHI,MUMBAI,False,False,266944.0,241903.0
2025-06-01,BENGALURU – DELHI,378284.0,BENGALURU,DELHI,False,False,189828.0,188456.0
2025-06-01,BENGALURU – MUMBAI,324267.0,BENGALURU,MUMBAI,False,False,159910.0,164357.0
2025-06-01,DELHI – HYDERABAD,252707.0,DELHI,HYDERABAD,False,False,130462.0,122245.0
2025-06-01,DELHI – KOLKATA,219608.0,DELHI,KOLKATA,False,False,112711.0,106897.0
2025-06-01,DELHI – PUNE,234507.0,DELHI,PUNE,False,False,121021.0,113486.0
2025-06-01,AHMEDABAD – DELHI,180269.0,AHMEDABAD,DELHI,False,False,79112.0,101157.0
2025-06-01,CHENNAI – MUMBAI,169806.0,CHENNAI,MUMBAI,False,False,78856.0,90950.0
2025-06-01,KOLKATA – MUMBAI,192159.0,KOLKATA,MUMBAI,False,False,99839.0,92320.0
2025-06-01,HYDERABAD – MUMBAI,184494.0,HYDERABAD,MUMBAI,False,False,87326.0,97168.0
2025-06-01,CHENNAI – DELHI,190674.0,CHENNAI,DELHI,False,False,89628.0,101046.0
2025-06-01,BENGALURU – HYDERABAD,213506.0,BENGALURU,HYDERABAD,False,False,106410.0,107096.0
2025-06-01,BENGALURU – KOLKATA,199129.0,BENGALURU,KOLKATA,False,False,97293.0,101836.0
2025-06-01,AHMEDABAD – MUMBAI,136135.0,AHMEDABAD,MUMBAI,False,False,68915.0,67220.0
2025-06-01,DELHI – SRINAGAR,123578.0,DELHI,SRINAGAR,False,False,65560.0,58018.0
2025-06-01,BENGALURU – PUNE,157225.0,BENGALURU,PUNE,False,False,81233.0,75992.0
2025-06-01,DELHI – GUWAHATI,119814.0,DELHI,GUWAHATI,False,False,59677.0,60137.0
2025-06-01,DELHI – PATNA,115561.0,DELHI,PATNA,False,False,56976.0,58585.0
2025-06-01,BENGALURU – CHENNAI,113647.0,BENGALURU,CHENNAI,False,False,57068.0,56579.0
2025-06-01,DELHI – LUCKNOW,99765.0,DELHI,LUCKNOW,False,False,46162.0,53603.0
2025-06-01,CHENNAI – HYDERABAD,131134.0,CHENNAI,HYDERABAD,False,False,64311.0,66823.0
2025-06-01,BENGALURU – KOCHI,120142.0,BENGALURU,KOCHI,False,False,60068.0,60074.0
2025-06-01,KOCHI – MUMBAI,92140.0,KOCHI,MUMBAI,False,False,45571.0,46569.0
2025-06-01,BAGDOGRA – DELHI,93165.0,BAGDOGRA,DELHI,False,False,48305.0,44860.0
2025-06-01,BHUBANESWAR – DELHI,90680.0,BHUBANESWAR,DELHI,False,False,42453.0,48227.0
2025-06-01,AHMEDABAD – BENGALURU,94524.0,AHMEDABAD,BENGALURU,False,False,48302.0,46222.0
2025-06-01,JAIPUR – MUMBAI,70406.0,JAIPUR,MUMBAI,False,False,35020.0,35386.0
2025-06-01,CHENNAI – KOLKATA,80070.0,CHENNAI,KOLKATA,False,False,38893.0,41177.0
2025-06-01,DELHI – INDORE,91761.0,DELHI,INDORE,False,False,51487.0,40274.0
2025-06-01,AMRITSAR – DELHI,74115.0,AMRITSAR,DELHI,False,False,38470.0,35645.0
2025-06-01,HYDERABAD – VISAKHAPATNAM,83857.0,HYDERABAD,VISAKHAPATNAM,False,False,42019.0,41838.0
2025-06-01,HYDERABAD – KOLKATA,85483.0,HYDERABAD,KOLKATA,False,False,40781.0,44702.0
2025-06-01,DELHI – VARANASI,67242.0,DELHI,VARANASI,False,False,33451.0,33791.0
2025-06-01,GUWAHATI – KOLKATA,85111.0,GUWAHATI,KOLKATA,False,False,44990.0,40121.0
2025-06-01,LUCKNOW – MUMBAI,73900.0,LUCKNOW,MUMBAI,False,False,37211.0,36689.0
2025-06-01,DELHI – KOCHI,76041.0,DELHI,KOCHI,False,False,38367.0,37674.0
2025-06-01,MUMBAI – VARANASI,75307.0,MUMBAI,VARANASI,False,False,36239.0,39068.0
2025-06-01,DELHI – RANCHI,76275.0,DELHI,RANCHI,False,False,38966.0,37309.0
2025-06-01,CHANDIGARH – DELHI,81581.0,CHANDIGARH,DELHI,False,False,43249.0,38332.0
2025-06-01,CHENNAI – COIMBATORE,84434.0,CHENNAI,COIMBATORE,False,False,41483.0,42951.0
2025-06-01,DELHI – RAIPUR,60703.0,DELHI,RAIPUR,False,False,30795.0,29908.0
2025-06-01,AGARTALA – KOLKATA,66475.0,AGARTALA,KOLKATA,False,False,32463.0,34012.0
2025-06-01,BENGALURU – MANGALURU,61605.0,BENGALURU,MANGALURU,False,False,30610.0,30995.0
2025-06-01,DELHI – LEH,86269.0,DELHI,LEH,False,False,43336.0,42933.0
2025-06-01,BENGALURU – BHUBANESWAR,70665.0,BENGALURU,BHUBANESWAR,False,False,35466.0,35199.0
2025-06-01,BENGALURU – VARANASI,74481.0,BENGALURU,VARANASI,False,False,35549.0,38932.0
2025-06-01,BENGALURU – LUCKNOW,67127.0,BENGALURU,LUCKNOW,False,False,30999.0,36128.0
2025-06-01,CHENNAI – PUNE,66834.0,CHENNAI,PUNE,False,False,33137.0,33697.0
2025-06-01,MUMBAI – NAGPUR,59168.0,MUMBAI,NAGPUR,False,False,29716.0,29452.0
2025-06-01,INDORE – MUMBAI,60434.0,INDORE,MUMBAI,False,False,29833.0,30601.0
2025-06-01,DELHI – NAGPUR,52436.0,DELHI,NAGPUR,False,False,27763.0,24673.0
2025-06-01,BENGALURU – GUWAHATI,69803.0,BENGALURU,GUWAHATI,False,False,34917.0,34886.0
2025-06-01,HYDERABAD – KOCHI,61600.0,HYDERABAD,KOCHI,False,False,29253.0,32347.0
2025-06-01,BENGALURU – JAIPUR,52999.0,BENGALURU,JAIPUR,False,False,24039.0,28960.0
2025-06-01,HYDERABAD – PUNE,70365.0,HYDERABAD,PUNE,False,False,35477.0,34888.0
2025-06-01,BENGALURU – THIRUVANANTHAPURAM,56646.0,BENGALURU,THIRUVANANTHAPURAM,False,False,27318.0,29328.0
2025-06-01,DELHI – UDAIPUR,36502.0,DELHI,UDAIPUR,False,False,19204.0,17298.0
2025-06-01,DELHI – JAMMU,42449.0,DELHI,JAMMU,False,False,23073.0,19376.0
2025-06-01,CHENNAI – KOCHI,61717.0,CHENNAI,KOCHI,False,False,29252.0,32465.0
2025-06-01,HYDERABAD – TIRUPATI,69525.0,HYDERABAD,TIRUPATI,False,False,34855.0,34670.0
2025-07-01,DELHI – MUMBAI,493678.0,DELHI,MUMBAI,False,False,249657.0,244021.0
2025-07-01,BENGALURU – DELHI,381403.0,BENGALURU,DELHI,False,False,192671.0,188732.0
2025-07-01,BENGALURU – MUMBAI,333375.0,BENGALURU,MUMBAI,False,False,162822.0,170553.0
2025-07-01,DELHI – HYDERABAD,238986.0,DELHI,HYDERABAD,False,False,120111.0,118875.0
2025-07-01,DELHI – KOLKATA,196805.0,DELHI,KOLKATA,False,False,95199.0,101606.0
2025-07-01,DELHI – PUNE,218565.0,DELHI,PUNE,False,False,113912.0,104653.0
2025-07-01,AHMEDABAD – DELHI,171382.0,AHMEDABAD,DELHI,False,False,81739.0,89643.0
2025-07-01,CHENNAI – MUMBAI,172229.0,CHENNAI,MUMBAI,False,False,83196.0,89033.0
2025-07-01,KOLKATA – MUMBAI,182951.0,KOLKATA,MUMBAI,False,False,97183.0,85768.0
2025-07-01,HYDERABAD – MUMBAI,187430.0,HYDERABAD,MUMBAI,False,False,89098.0,98332.0
2025-07-01,CHENNAI – DELHI,176821.0,CHENNAI,DELHI,False,False,86050.0,90771.0
2025-07-01,BENGALURU – HYDERABAD,208611.0,BENGALURU,HYDERABAD,False,False,103027.0,105584.0
2025-07-01,BENGALURU – KOLKATA,174365.0,BENGALURU,KOLKATA,False,False,84261.0,90104.0
2025-07-01,AHMEDABAD – MUMBAI,144906.0,AHMEDABAD,MUMBAI,False,False,72991.0,71915.0
2025-07-01,DELHI – SRINAGAR,137047.0,DELHI,SRINAGAR,False,False,66274.0,70773.0
2025-07-01,BENGALURU – PUNE,156914.0,BENGALURU,PUNE,False,False,77912.0,79002.0
2025-07-01,DELHI – GUWAHATI,118280.0,DELHI,GUWAHATI,False,False,56398.0,61882.0
2025-07-01,DELHI – PATNA,110378.0,DELHI,PATNA,False,False,53528.0,56850.0
2025-07-01,BENGALURU – CHENNAI,128096.0,BENGALURU,CHENNAI,False,False,63815.0,64281.0
2025-07-01,DELHI – LUCKNOW,87404.0,DELHI,LUCKNOW,False,False,43513.0,43891.0
2025-07-01,CHENNAI – HYDERABAD,135217.0,CHENNAI,HYDERABAD,False,False,66897.0,68320.0
2025-07-01,BENGALURU – KOCHI,107668.0,BENGALURU,KOCHI,False,False,53765.0,53903.0
2025-07-01,KOCHI – MUMBAI,88929.0,KOCHI,MUMBAI,False,False,42267.0,46662.0
2025-07-01,BAGDOGRA – DELHI,73848.0,BAGDOGRA,DELHI,False,False,39205.0,34643.0
2025-07-01,BHUBANESWAR – DELHI,84509.0,BHUBANESWAR,DELHI,False,False,43232.0,41277.0
2025-07-01,AHMEDABAD – BENGALURU,85826.0,AHMEDABAD,BENGALURU,False,False,42491.0,43335.0
2025-07-01,JAIPUR – MUMBAI,83018.0,JAIPUR,MUMBAI,False,False,42133.0,40885.0
2025-07-01,CHENNAI – KOLKATA,82910.0,CHENNAI,KOLKATA,False,False,39904.0,43006.0
2025-07-01,DELHI – INDORE,90806.0,DELHI,INDORE,False,False,46094.0,44712.0
2025-07-01,AMRITSAR – DELHI,68887.0,AMRITSAR,DELHI,False,False,33295.0,35592.0
2025-07-01,HYDERABAD – VISAKHAPATNAM,82077.0,HYDERABAD,VISAKHAPATNAM,False,False,41340.0,40737.0
2025-07-01,HYDERABAD – KOLKATA,89604.0,HYDERABAD,KOLKATA,False,False,41096.0,48508.0
2025-07-01,DELHI – VARANASI,64088.0,DELHI,VARANASI,False,False,31190.0,32898.0
2025-07-01,GUWAHATI – KOLKATA,86452.0,GUWAHATI,KOLKATA,False,False,44470.0,41982.0
2025-07-01,LUCKNOW – MUMBAI,69024.0,LUCKNOW,MUMBAI,False,False,36320.0,32704.0
2025-07-01,DELHI – KOCHI,73638.0,DELHI,KOCHI,False,False,39726.0,33912.0
2025-07-01,MUMBAI – VARANASI,72831.0,MUMBAI,VARANASI,False,False,35697.0,37134.0
2025-07-01,DELHI – RANCHI,67248.0,DELHI,RANCHI,False,False,32596.0,34652.0
2025-07-01,CHANDIGARH – DELHI,60823.0,CHANDIGARH,DELHI,False,False,29520.0,31303.0
2025-07-01,CHENNAI – COIMBATORE,74256.0,CHENNAI,COIMBATORE,False,False,37485.0,36771.0
2025-07-01,DELHI – RAIPUR,58517.0,DELHI,RAIPUR,False,False,29066.0,29451.0
2025-07-01,AGARTALA – KOLKATA,68063.0,AGARTALA,KOLKATA,False,False,36643.0,31420.0
2025-07-01,BENGALURU – MANGALURU,62451.0,BENGALURU,MANGALURU,False,False,32714.0,29737.0
2025-07-01,DELHI – LEH,85858.0,DELHI,LEH,False,False,41905.0,43953.0
2025-07-01,BENGALURU – BHUBANESWAR,57719.0,BENGALURU,BHUBANESWAR,False,False,27392.0,30327.0
2025-07-01,BENGALURU – VARANASI,52944.0,BENGALURU,VARANASI,False,False,26196.0,26748.0
2025-07-01,BENGALURU – LUCKNOW,56145.0,BENGALURU,LUCKNOW,False,False,26276.0,29869.0
2025-07-01,CHENNAI – PUNE,65680.0,CHENNAI,PUNE,False,False,32924.0,32756.0
2025-07-01,MUMBAI – NAGPUR,60529.0,MUMBAI,NAGPUR,False,False,30396.0,30133.0
2025-07-01,INDORE – MUMBAI,53717.0,INDORE,MUMBAI,False,False,26888.0,26829.0
2025-07-01,DELHI – NAGPUR,45848.0,DELHI,NAGPUR,False,False,22972.0,22876.0
2025-07-01,BENGALURU – GUWAHATI,59586.0,BENGALURU,GUWAHATI,False,False,31229.0,28357.0
2025-07-01,HYDERABAD – KOCHI,53196.0,HYDERABAD,KOCHI,False,False,28608.0,24588.0
2025-07-01,BENGALURU – JAIPUR,52667.0,BENGALURU,JAIPUR,False,False,26484.0,26183.0
2025-07-01,HYDERABAD – PUNE,62655.0,HYDERABAD,PUNE,False,False,31373.0,31282.0
2025-07-01,BENGALURU – THIRUVANANTHAPURAM,56271.0,BENGALURU,THIRUVANANTHAPURAM,False,False,28361.0,27910.0
2025-07-01,DELHI – UDAIPUR,38099.0,DELHI,UDAIPUR,False,False,19601.0,18498.0
2025-07-01,DELHI – JAMMU,43759.0,DELHI,JAMMU,False,False,22857.0,20902.0
2025-07-01,CHENNAI – KOCHI,54463.0,CHENNAI,KOCHI,False,False,28293.0,26170.0
2025-07-01,HYDERABAD – TIRUPATI,68891.0,HYDERABAD,TIRUPATI,False,False,34816.0,34075.0
2025-08-01,DELHI – MUMBAI,507830.0,DELHI,MUMBAI,False,False,256618.0,251212.0
2025-08-01,BENGALURU – DELHI,387743.0,BENGALURU,DELHI,False,False,196656.0,191087.0
2025-08-01,BENGALURU – MUMBAI,339811.0,BENGALURU,MUMBAI,False,False,171829.0,167982.0
2025-08-01,DELHI – HYDERABAD,237768.0,DELHI,HYDERABAD,False,False,118151.0,119617.0
2025-08-01,DELHI – KOLKATA,196877.0,DELHI,KOLKATA,False,False,98650.0,98227.0
2025-08-01,DELHI – PUNE,228927.0,DELHI,PUNE,False,False,116794.0,112133.0
2025-08-01,AHMEDABAD – DELHI,192228.0,AHMEDABAD,DELHI,False,False,93875.0,98353.0
2025-08-01,CHENNAI – MUMBAI,171819.0,CHENNAI,MUMBAI,False,False,87122.0,84697.0
2025-08-01,KOLKATA – MUMBAI,181020.0,KOLKATA,MUMBAI,False,False,90815.0,90205.0
2025-08-01,HYDERABAD – MUMBAI,198743.0,HYDERABAD,MUMBAI,False,False,100673.0,98070.0
2025-08-01,CHENNAI – DELHI,180915.0,CHENNAI,DELHI,False,False,92144.0,88771.0
2025-08-01,BENGALURU – HYDERABAD,203759.0,BENGALURU,HYDERABAD,False,False,101005.0,102754.0
2025-08-01,BENGALURU – KOLKATA,165452.0,BENGALURU,KOLKATA,False,False,82232.0,83220.0
2025-08-01,AHMEDABAD – MUMBAI,166646.0,AHMEDABAD,MUMBAI,False,False,83863.0,82783.0
2025-08-01,DELHI – SRINAGAR,130641.0,DELHI,SRINAGAR,False,False,62492.0,68149.0
2025-08-01,BENGALURU – PUNE,155590.0,BENGALURU,PUNE,False,False,79106.0,76484.0
2025-08-01,DELHI – GUWAHATI,115317.0,DELHI,GUWAHATI,False,False,57176.0,58141.0
2025-08-01,DELHI – PATNA,110693.0,DELHI,PATNA,False,False,55239.0,55454.0
2025-08-01,BENGALURU – CHENNAI,121960.0,BENGALURU,CHENNAI,False,False,59789.0,62171.0
2025-08-01,DELHI – LUCKNOW,88460.0,DELHI,LUCKNOW,False,False,44531.0,43929.0
2025-08-01,CHENNAI – HYDERABAD,132911.0,CHENNAI,HYDERABAD,False,False,67025.0,65886.0
2025-08-01,BENGALURU – KOCHI,116533.0,BENGALURU,KOCHI,False,False,57855.0,58678.0
2025-08-01,KOCHI – MUMBAI,104457.0,KOCHI,MUMBAI,False,False,52676.0,51781.0
2025-08-01,BAGDOGRA – DELHI,73066.0,BAGDOGRA,DELHI,False,False,36482.0,36584.0
2025-08-01,BHUBANESWAR – DELHI,91565.0,BHUBANESWAR,DELHI,False,False,46197.0,45368.0
2025-08-01,AHMEDABAD – BENGALURU,85573.0,AHMEDABAD,BENGALURU,False,False,42511.0,43062.0
2025-08-01,JAIPUR – MUMBAI,88560.0,JAIPUR,MUMBAI,False,False,44500.0,44060.0
2025-08-01,CHENNAI – KOLKATA,81585.0,CHENNAI,KOLKATA,False,False,40682.0,40903.0
2025-08-01,DELHI – INDORE,93626.0,DELHI,INDORE,False,False,46509.0,47117.0
2025-08-01,AMRITSAR – DELHI,74502.0,AMRITSAR,DELHI,False,False,37179.0,37323.0
2025-08-01,HYDERABAD – VISAKHAPATNAM,85247.0,HYDERABAD,VISAKHAPATNAM,False,False,42375.0,42872.0
2025-08-01,HYDERABAD – KOLKATA,89577.0,HYDERABAD,KOLKATA,False,False,44064.0,45513.0
2025-08-01,DELHI – VARANASI,63883.0,DELHI,VARANASI,False,False,31629.0,32254.0
2025-08-01,GUWAHATI – KOLKATA,77483.0,GUWAHATI,KOLKATA,False,False,39834.0,37649.0
2025-08-01,LUCKNOW – MUMBAI,75592.0,LUCKNOW,MUMBAI,False,False,37374.0,38218.0
2025-08-01,DELHI – KOCHI,79102.0,DELHI,KOCHI,False,False,39537.0,39565.0
2025-08-01,MUMBAI – VARANASI,77867.0,MUMBAI,VARANASI,False,False,38369.0,39498.0
2025-08-01,DELHI – RANCHI,69095.0,DELHI,RANCHI,False,False,34312.0,34783.0
2025-08-01,CHANDIGARH – DELHI,63646.0,CHANDIGARH,DELHI,False,False,32361.0,31285.0
2025-08-01,CHENNAI – COIMBATORE,72593.0,CHENNAI,COIMBATORE,False,False,36598.0,35995.0
2025-08-01,DELHI – RAIPUR,56535.0,DELHI,RAIPUR,False,False,28526.0,28009.0
2025-08-01,AGARTALA – KOLKATA,64645.0,AGARTALA,KOLKATA,False,False,32519.0,32126.0
2025-08-01,BENGALURU – MANGALURU,68456.0,BENGALURU,MANGALURU,False,False,34328.0,34128.0
2025-08-01,DELHI – LEH,77746.0,DELHI,LEH,False,False,37612.0,40134.0
2025-08-01,BENGALURU – BHUBANESWAR,59889.0,BENGALURU,BHUBANESWAR,False,False,29628.0,30261.0
2025-08-01,BENGALURU – VARANASI,53039.0,BENGALURU,VARANASI,False,False,26708.0,26331.0
2025-08-01,BENGALURU – LUCKNOW,65938.0,BENGALURU,LUCKNOW,False,False,32529.0,33409.0
2025-08-01,CHENNAI – PUNE,63111.0,CHENNAI,PUNE,False,False,30926.0,32185.0
2025-08-01,MUMBAI – NAGPUR,62383.0,MUMBAI,NAGPUR,False,False,31060.0,31323.0
2025-08-01,INDORE – MUMBAI,56271.0,INDORE,MUMBAI,False,False,28183.0,28088.0
2025-08-01,DELHI – NAGPUR,51247.0,DELHI,NAGPUR,False,False,25234.0,26013.0
2025-08-01,BENGALURU – GUWAHATI,56549.0,BENGALURU,GUWAHATI,False,False,30150.0,26399.0
2025-08-01,HYDERABAD – KOCHI,57060.0,HYDERABAD,KOCHI,False,False,28651.0,28409.0
2025-08-01,BENGALURU – JAIPUR,55062.0,BENGALURU,JAIPUR,False,False,28086.0,26976.0
2025-08-01,HYDERABAD – PUNE,70120.0,HYDERABAD,PUNE,False,False,35263.0,34857.0
2025-08-01,BENGALURU – THIRUVANANTHAPURAM,60122.0,BENGALURU,THIRUVANANTHAPURAM,False,False,29802.0,30320.0
2025-08-01,DELHI – UDAIPUR,40699.0,DELHI,UDAIPUR,False,False,20578.0,20121.0
2025-08-01,DELHI – JAMMU,43563.0,DELHI,JAMMU,False,False,23248.0,20315.0
2025-08-01,CHENNAI – KOCHI,59435.0,CHENNAI,KOCHI,False,False,29411.0,30024.0
2025-08-01,HYDERABAD – TIRUPATI,66356.0,HYDERABAD,TIRUPATI,False,False,33529.0,32827.0
2025-09-01,DELHI – MUMBAI,503271.0,DELHI,MUMBAI,False,False,248779.0,254492.0
2025-09-01,BENGALURU – DELHI,363529.0,BENGALURU,DELHI,False,False,195924.0,167605.0
2025-09-01,BENGALURU – MUMBAI,329010.0,BENGALURU,MUMBAI,False,False,170427.0,158583.0
2025-09-01,DELHI – HYDERABAD,235098.0,DELHI,HYDERABAD,False,False,112842.0,122256.0
2025-09-01,DELHI – KOLKATA,200519.0,DELHI,KOLKATA,False,False,105742.0,94777.0
2025-09-01,DELHI – PUNE,215848.0,DELHI,PUNE,False,False,104237.0,111611.0
2025-09-01,AHMEDABAD – DELHI,190092.0,AHMEDABAD,DELHI,False,False,91111.0,98981.0
2025-09-01,CHENNAI – MUMBAI,165341.0,CHENNAI,MUMBAI,False,False,88133.0,77208.0
2025-09-01,KOLKATA – MUMBAI,198904.0,KOLKATA,MUMBAI,False,False,92256.0,106648.0
2025-09-01,HYDERABAD – MUMBAI,187828.0,HYDERABAD,MUMBAI,False,False,94788.0,93040.0
2025-09-01,CHENNAI – DELHI,176180.0,CHENNAI,DELHI,False,False,95295.0,80885.0
2025-09-01,BENGALURU – HYDERABAD,180293.0,BENGALURU,HYDERABAD,False,False,93294.0,86999.0
2025-09-01,BENGALURU – KOLKATA,173148.0,BENGALURU,KOLKATA,False,False,93740.0,79408.0
2025-09-01,AHMEDABAD – MUMBAI,159772.0,AHMEDABAD,MUMBAI,False,False,77727.0,82045.0
2025-09-01,DELHI – SRINAGAR,141620.0,DELHI,SRINAGAR,False,False,69433.0,72187.0
2025-09-01,BENGALURU – PUNE,148931.0,BENGALURU,PUNE,False,False,76247.0,72684.0
2025-09-01,DELHI – GUWAHATI,110917.0,DELHI,GUWAHATI,False,False,56753.0,54164.0
2025-09-01,DELHI – PATNA,104048.0,DELHI,PATNA,False,False,56797.0,47251.0
2025-09-01,BENGALURU – CHENNAI,136217.0,BENGALURU,CHENNAI,False,False,69564.0,66653.0
2025-09-01,DELHI – LUCKNOW,91341.0,DELHI,LUCKNOW,False,False,45681.0,45660.0
2025-09-01,CHENNAI – HYDERABAD,127808.0,CHENNAI,HYDERABAD,False,False,65560.0,62248.0
2025-09-01,BENGALURU – KOCHI,117436.0,BENGALURU,KOCHI,False,False,59068.0,58368.0
2025-09-01,KOCHI – MUMBAI,100484.0,KOCHI,MUMBAI,False,False,55266.0,45218.0
2025-09-01,BAGDOGRA – DELHI,77745.0,BAGDOGRA,DELHI,False,False,35864.0,41881.0
2025-09-01,BHUBANESWAR – DELHI,88064.0,BHUBANESWAR,DELHI,False,False,43683.0,44381.0
2025-09-01,AHMEDABAD – BENGALURU,93446.0,AHMEDABAD,BENGALURU,False,False,43120.0,50326.0
2025-09-01,JAIPUR – MUMBAI,84060.0,JAIPUR,MUMBAI,False,False,41271.0,42789.0
2025-09-01,CHENNAI – KOLKATA,74664.0,CHENNAI,KOLKATA,False,False,40650.0,34014.0
2025-09-01,DELHI – INDORE,82103.0,DELHI,INDORE,False,False,40453.0,41650.0
2025-09-01,AMRITSAR – DELHI,74952.0,AMRITSAR,DELHI,False,False,35878.0,39074.0
2025-09-01,HYDERABAD – VISAKHAPATNAM,78089.0,HYDERABAD,VISAKHAPATNAM,False,False,40085.0,38004.0
2025-09-01,HYDERABAD – KOLKATA,80315.0,HYDERABAD,KOLKATA,False,False,45032.0,35283.0
2025-09-01,DELHI – VARANASI,56726.0,DELHI,VARANASI,False,False,29940.0,26786.0
2025-09-01,GUWAHATI – KOLKATA,77303.0,GUWAHATI,KOLKATA,False,False,38246.0,39057.0
2025-09-01,LUCKNOW – MUMBAI,80226.0,LUCKNOW,MUMBAI,False,False,37422.0,42804.0
2025-09-01,DELHI – KOCHI,72391.0,DELHI,KOCHI,False,False,33000.0,39391.0
2025-09-01,MUMBAI – VARANASI,74262.0,MUMBAI,VARANASI,False,False,38194.0,36068.0
2025-09-01,DELHI – RANCHI,69144.0,DELHI,RANCHI,False,False,36424.0,32720.0
2025-09-01,CHANDIGARH – DELHI,60948.0,CHANDIGARH,DELHI,False,False,29890.0,31058.0
2025-09-01,CHENNAI – COIMBATORE,68135.0,CHENNAI,COIMBATORE,False,False,34025.0,34110.0
2025-09-01,DELHI – RAIPUR,56091.0,DELHI,RAIPUR,False,False,27917.0,28174.0
2025-09-01,AGARTALA – KOLKATA,60748.0,AGARTALA,KOLKATA,False,False,28415.0,32333.0
2025-09-01,BENGALURU – MANGALURU,63904.0,BENGALURU,MANGALURU,False,False,31678.0,32226.0
2025-09-01,DELHI – LEH,79127.0,DELHI,LEH,False,False,36074.0,43053.0
2025-09-01,BENGALURU – BHUBANESWAR,60111.0,BENGALURU,BHUBANESWAR,False,False,32213.0,27898.0
2025-09-01,BENGALURU – VARANASI,58207.0,BENGALURU,VARANASI,False,False,31443.0,26764.0
2025-09-01,BENGALURU – LUCKNOW,64263.0,BENGALURU,LUCKNOW,False,False,34979.0,29284.0
2025-09-01,CHENNAI – PUNE,61987.0,CHENNAI,PUNE,False,False,31675.0,30312.0
2025-09-01,MUMBAI – NAGPUR,65757.0,MUMBAI,NAGPUR,False,False,32451.0,33306.0
2025-09-01,INDORE – MUMBAI,53276.0,INDORE,MUMBAI,False,False,26515.0,26761.0
2025-09-01,DELHI – NAGPUR,45830.0,DELHI,NAGPUR,False,False,21912.0,23918.0
2025-09-01,BENGALURU – GUWAHATI,57160.0,BENGALURU,GUWAHATI,False,False,31841.0,25319.0
2025-09-01,HYDERABAD – KOCHI,75585.0,HYDERABAD,KOCHI,False,False,35780.0,39805.0
2025-09-01,BENGALURU – JAIPUR,48114.0,BENGALURU,JAIPUR,False,False,26324.0,21790.0
2025-09-01,HYDERABAD – PUNE,64919.0,HYDERABAD,PUNE,False,False,30897.0,34022.0
2025-09-01,BENGALURU – THIRUVANANTHAPURAM,56810.0,BENGALURU,THIRUVANANTHAPURAM,False,False,28333.0,28477.0
2025-09-01,DELHI – UDAIPUR,39221.0,DELHI,UDAIPUR,False,False,19777.0,19444.0
2025-09-01,DELHI – JAMMU,51937.0,DELHI,JAMMU,False,False,27700.0,24237.0
2025-09-01,CHENNAI – KOCHI,60978.0,CHENNAI,KOCHI,False,False,29739.0,31239.0
2025-09-01,HYDERABAD – TIRUPATI,57918.0,HYDERABAD,TIRUPATI,False,False,29183.0,28735.0
2025-10-01,DELHI – MUMBAI,548294.0,DELHI,MUMBAI,False,False,253111.0,295183.0
2025-10-01,BENGALURU – DELHI,374275.0,BENGALURU,DELHI,False,False,189596.0,184679.0
2025-10-01,BENGALURU – MUMBAI,318397.0,BENGALURU,MUMBAI,False,False,152514.0,165883.0
2025-10-01,DELHI – HYDERABAD,252190.0,DELHI,HYDERABAD,False,False,124438.0,127752.0
2025-10-01,DELHI – KOLKATA,231627.0,DELHI,KOLKATA,False,False,121148.0,110479.0
2025-10-01,DELHI – PUNE,229899.0,DELHI,PUNE,False,False,109349.0,120550.0
2025-10-01,AHMEDABAD – DELHI,190858.0,AHMEDABAD,DELHI,False,False,104821.0,86037.0
2025-10-01,CHENNAI – MUMBAI,171888.0,CHENNAI,MUMBAI,False,False,80161.0,91727.0
2025-10-01,KOLKATA – MUMBAI,176650.0,KOLKATA,MUMBAI,False,False,83194.0,93456.0
2025-10-01,HYDERABAD – MUMBAI,179741.0,HYDERABAD,MUMBAI,False,False,80183.0,99558.0
2025-10-01,CHENNAI – DELHI,176431.0,CHENNAI,DELHI,False,False,89247.0,87184.0
2025-10-01,BENGALURU – HYDERABAD,186854.0,BENGALURU,HYDERABAD,False,False,94514.0,92340.0
2025-10-01,BENGALURU – KOLKATA,202231.0,BENGALURU,KOLKATA,False,False,103186.0,99045.0
2025-10-01,AHMEDABAD – MUMBAI,168007.0,AHMEDABAD,MUMBAI,False,False,83400.0,84607.0
2025-10-01,DELHI – SRINAGAR,161475.0,DELHI,SRINAGAR,False,False,77521.0,83954.0
2025-10-01,BENGALURU – PUNE,144986.0,BENGALURU,PUNE,False,False,70666.0,74320.0
2025-10-01,DELHI – GUWAHATI,134133.0,DELHI,GUWAHATI,False,False,68636.0,65497.0
2025-10-01,DELHI – PATNA,131222.0,DELHI,PATNA,False,False,78635.0,52587.0
2025-10-01,BENGALURU – CHENNAI,129885.0,BENGALURU,CHENNAI,False,False,65149.0,64736.0
2025-10-01,DELHI – LUCKNOW,101775.0,DELHI,LUCKNOW,False,False,53053.0,48722.0
2025-10-01,CHENNAI – HYDERABAD,134341.0,CHENNAI,HYDERABAD,False,False,67639.0,66702.0
2025-10-01,BENGALURU – KOCHI,108283.0,BENGALURU,KOCHI,False,False,53276.0,55007.0
2025-10-01,KOCHI – MUMBAI,95079.0,KOCHI,MUMBAI,False,False,45577.0,49502.0
2025-10-01,BAGDOGRA – DELHI,99963.0,BAGDOGRA,DELHI,False,False,47079.0,52884.0
2025-10-01,BHUBANESWAR – DELHI,102334.0,BHUBANESWAR,DELHI,False,False,48145.0,54189.0
2025-10-01,AHMEDABAD – BENGALURU,98508.0,AHMEDABAD,BENGALURU,False,False,51070.0,47438.0
2025-10-01,JAIPUR – MUMBAI,88237.0,JAIPUR,MUMBAI,False,False,41028.0,47209.0
2025-10-01,CHENNAI – KOLKATA,88134.0,CHENNAI,KOLKATA,False,False,45739.0,42395.0
2025-10-01,DELHI – INDORE,90481.0,DELHI,INDORE,False,False,43874.0,46607.0
2025-10-01,AMRITSAR – DELHI,89236.0,AMRITSAR,DELHI,False,False,42357.0,46879.0
2025-10-01,HYDERABAD – VISAKHAPATNAM,82181.0,HYDERABAD,VISAKHAPATNAM,False,False,41543.0,40638.0
2025-10-01,HYDERABAD – KOLKATA,92920.0,HYDERABAD,KOLKATA,False,False,48484.0,44436.0
2025-10-01,DELHI – VARANASI,86990.0,DELHI,VARANASI,False,False,47473.0,39517.0
2025-10-01,GUWAHATI – KOLKATA,93875.0,GUWAHATI,KOLKATA,False,False,46473.0,47402.0
2025-10-01,LUCKNOW – MUMBAI,82367.0,LUCKNOW,MUMBAI,False,False,36951.0,45416.0
2025-10-01,DELHI – KOCHI,69625.0,DELHI,KOCHI,False,False,31905.0,37720.0
2025-10-01,MUMBAI – VARANASI,73526.0,MUMBAI,VARANASI,False,False,40514.0,33012.0
2025-10-01,DELHI – RANCHI,84495.0,DELHI,RANCHI,False,False,45160.0,39335.0
2025-10-01,CHANDIGARH – DELHI,61798.0,CHANDIGARH,DELHI,False,False,30569.0,31229.0
2025-10-01,CHENNAI – COIMBATORE,74002.0,CHENNAI,COIMBATORE,False,False,36599.0,37403.0
2025-10-01,DELHI – RAIPUR,64643.0,DELHI,RAIPUR,False,False,32073.0,32570.0
2025-10-01,AGARTALA – KOLKATA,70639.0,AGARTALA,KOLKATA,False,False,37795.0,32844.0
2025-10-01,BENGALURU – MANGALURU,72866.0,BENGALURU,MANGALURU,False,False,35375.0,37491.0
2025-10-01,DELHI – LEH,64571.0,DELHI,LEH,False,False,24607.0,39964.0
2025-10-01,BENGALURU – BHUBANESWAR,60215.0,BENGALURU,BHUBANESWAR,False,False,30920.0,29295.0
2025-10-01,BENGALURU – VARANASI,77403.0,BENGALURU,VARANASI,False,False,41366.0,36037.0
2025-10-01,BENGALURU – LUCKNOW,76301.0,BENGALURU,LUCKNOW,False,False,42695.0,33606.0
2025-10-01,CHENNAI – PUNE,68791.0,CHENNAI,PUNE,False,False,32131.0,36660.0
2025-10-01,MUMBAI – NAGPUR,66817.0,MUMBAI,NAGPUR,False,False,35949.0,30868.0
2025-10-01,INDORE – MUMBAI,51499.0,INDORE,MUMBAI,False,False,23839.0,27660.0
2025-10-01,DELHI – NAGPUR,56700.0,DELHI,NAGPUR,False,False,27442.0,29258.0
2025-10-01,BENGALURU – GUWAHATI,71108.0,BENGALURU,GUWAHATI,False,False,37881.0,33227.0
2025-10-01,HYDERABAD – KOCHI,69637.0,HYDERABAD,KOCHI,False,False,33455.0,36182.0
2025-10-01,BENGALURU – JAIPUR,64202.0,BENGALURU,JAIPUR,False,False,33847.0,30355.0
2025-10-01,HYDERABAD – PUNE,58649.0,HYDERABAD,PUNE,False,False,26544.0,32105.0
2025-10-01,BENGALURU – THIRUVANANTHAPURAM,59689.0,BENGALURU,THIRUVANANTHAPURAM,False,False,28565.0,31124.0
2025-10-01,DELHI – UDAIPUR,44183.0,DELHI,UDAIPUR,False,False,22249.0,21934.0
2025-10-01,DELHI – JAMMU,61318.0,DELHI,JAMMU,False,False,33567.0,27751.0
2025-10-01,CHENNAI – KOCHI,60946.0,CHENNAI,KOCHI,False,False,28185.0,32761.0
2025-10-01,HYDERABAD – TIRUPATI,65255.0,HYDERABAD,TIRUPATI,False,False,33060.0,32195.0
2025-11-01,DELHI – MUMBAI,602310.0,DELHI,MUMBAI,False,False,308118.0,294192.0
2025-11-01,BENGALURU – DELHI,444099.0,BENGALURU,DELHI,False,False,212038.0,232061.0
2025-11-01,BENGALURU – MUMBAI,340573.0,BENGALURU,MUMBAI,False,False,169920.0,170653.0
2025-11-01,DELHI – HYDERABAD,264228.0,DELHI,HYDERABAD,False,False,134940.0,129288.0
2025-11-01,DELHI – KOLKATA,252068.0,DELHI,KOLKATA,False,False,126976.0,125092.0
2025-11-01,DELHI – PUNE,251518.0,DELHI,PUNE,False,False,128354.0,123164.0
2025-11-01,AHMEDABAD – DELHI,202730.0,AHMEDABAD,DELHI,False,False,94749.0,107981.0
2025-11-01,CHENNAI – MUMBAI,202574.0,CHENNAI,MUMBAI,False,False,103719.0,98855.0
2025-11-01,KOLKATA – MUMBAI,188236.0,KOLKATA,MUMBAI,False,False,93883.0,94353.0
2025-11-01,HYDERABAD – MUMBAI,178562.0,HYDERABAD,MUMBAI,False,False,90031.0,88531.0
2025-11-01,CHENNAI – DELHI,192136.0,CHENNAI,DELHI,False,False,95369.0,96767.0
2025-11-01,BENGALURU – HYDERABAD,202380.0,BENGALURU,HYDERABAD,False,False,100749.0,101631.0
2025-11-01,BENGALURU – KOLKATA,199464.0,BENGALURU,KOLKATA,False,False,99987.0,99477.0
2025-11-01,AHMEDABAD – MUMBAI,186472.0,AHMEDABAD,MUMBAI,False,False,92227.0,94245.0
2025-11-01,DELHI – SRINAGAR,151868.0,DELHI,SRINAGAR,False,False,73026.0,78842.0
2025-11-01,BENGALURU – PUNE,144380.0,BENGALURU,PUNE,False,False,73168.0,71212.0
2025-11-01,DELHI – GUWAHATI,144126.0,DELHI,GUWAHATI,False,False,72007.0,72119.0
2025-11-01,DELHI – PATNA,151429.0,DELHI,PATNA,False,False,74188.0,77241.0
2025-11-01,BENGALURU – CHENNAI,141123.0,BENGALURU,CHENNAI,False,False,67227.0,73896.0
2025-11-01,DELHI – LUCKNOW,129875.0,DELHI,LUCKNOW,False,False,65184.0,64691.0
2025-11-01,CHENNAI – HYDERABAD,141382.0,CHENNAI,HYDERABAD,False,False,69940.0,71442.0
2025-11-01,BENGALURU – KOCHI,116829.0,BENGALURU,KOCHI,False,False,58714.0,58115.0
2025-11-01,KOCHI – MUMBAI,97957.0,KOCHI,MUMBAI,False,False,49817.0,48140.0
2025-11-01,BAGDOGRA – DELHI,107562.0,BAGDOGRA,DELHI,False,False,53375.0,54187.0
2025-11-01,BHUBANESWAR – DELHI,117071.0,BHUBANESWAR,DELHI,False,False,57022.0,60049.0
2025-11-01,AHMEDABAD – BENGALURU,100946.0,AHMEDABAD,BENGALURU,False,False,49681.0,51265.0
2025-11-01,JAIPUR – MUMBAI,108037.0,JAIPUR,MUMBAI,False,False,54410.0,53627.0
2025-11-01,CHENNAI – KOLKATA,104974.0,CHENNAI,KOLKATA,False,False,52974.0,52000.0
2025-11-01,DELHI – INDORE,102083.0,DELHI,INDORE,False,False,51936.0,50147.0
2025-11-01,AMRITSAR – DELHI,113377.0,AMRITSAR,DELHI,False,False,56533.0,56844.0
2025-11-01,HYDERABAD – VISAKHAPATNAM,90724.0,HYDERABAD,VISAKHAPATNAM,False,False,45648.0,45076.0
2025-11-01,HYDERABAD – KOLKATA,84268.0,HYDERABAD,KOLKATA,False,False,41835.0,42433.0
2025-11-01,DELHI – VARANASI,128939.0,DELHI,VARANASI,False,False,64144.0,64795.0
2025-11-01,GUWAHATI – KOLKATA,96407.0,GUWAHATI,KOLKATA,False,False,46939.0,49468.0
2025-11-01,LUCKNOW – MUMBAI,62257.0,LUCKNOW,MUMBAI,False,False,30892.0,31365.0
2025-11-01,DELHI – KOCHI,83576.0,DELHI,KOCHI,False,False,42509.0,41067.0
2025-11-01,MUMBAI – VARANASI,67861.0,MUMBAI,VARANASI,False,False,34118.0,33743.0
2025-11-01,DELHI – RANCHI,86209.0,DELHI,RANCHI,False,False,42457.0,43752.0
2025-11-01,CHANDIGARH – DELHI,65642.0,CHANDIGARH,DELHI,False,False,32714.0,32928.0
2025-11-01,CHENNAI – COIMBATORE,77324.0,CHENNAI,COIMBATORE,False,False,39028.0,38296.0
2025-11-01,DELHI – RAIPUR,79106.0,DELHI,RAIPUR,False,False,39766.0,39340.0
2025-11-01,AGARTALA – KOLKATA,74506.0,AGARTALA,KOLKATA,False,False,36902.0,37604.0
2025-11-01,BENGALURU – MANGALURU,74410.0,BENGALURU,MANGALURU,False,False,37521.0,36889.0
2025-11-01,DELHI – LEH,49802.0,DELHI,LEH,False,False,22723.0,27079.0
2025-11-01,BENGALURU – BHUBANESWAR,67772.0,BENGALURU,BHUBANESWAR,False,False,34587.0,33185.0
2025-11-01,BENGALURU – VARANASI,82352.0,BENGALURU,VARANASI,False,False,41168.0,41184.0
2025-11-01,BENGALURU – LUCKNOW,78044.0,BENGALURU,LUCKNOW,False,False,38463.0,39581.0
2025-11-01,CHENNAI – PUNE,75105.0,CHENNAI,PUNE,False,False,38362.0,36743.0
2025-11-01,MUMBAI – NAGPUR,67976.0,MUMBAI,NAGPUR,False,False,34013.0,33963.0
2025-11-01,INDORE – MUMBAI,62201.0,INDORE,MUMBAI,False,False,31108.0,31093.0
2025-11-01,DELHI – NAGPUR,75395.0,DELHI,NAGPUR,False,False,39295.0,36100.0
2025-11-01,BENGALURU – GUWAHATI,69053.0,BENGALURU,GUWAHATI,False,False,36873.0,32180.0
2025-11-01,HYDERABAD – KOCHI,77970.0,HYDERABAD,KOCHI,False,False,39186.0,38784.0
2025-11-01,BENGALURU – JAIPUR,76747.0,BENGALURU,JAIPUR,False,False,38467.0,38280.0
2025-11-01,HYDERABAD – PUNE,59137.0,HYDERABAD,PUNE,False,False,30218.0,28919.0
2025-11-01,BENGALURU – THIRUVANANTHAPURAM,64651.0,BENGALURU,THIRUVANANTHAPURAM,False,False,31297.0,33354.0
2025-11-01,DELHI – UDAIPUR,87204.0,DELHI,UDAIPUR,False,False,45377.0,41827.0
2025-11-01,DELHI – JAMMU,60462.0,DELHI,JAMMU,False,False,31309.0,29153.0
2025-11-01,CHENNAI – KOCHI,67660.0,CHENNAI,KOCHI,False,False,34214.0,33446.0
2025-11-01,HYDERABAD – TIRUPATI,66235.0,HYDERABAD,TIRUPATI,False,False,33509.0,32726.0
2025-12-01,DELHI – MUMBAI,587188.0,DELHI,MUMBAI,False,False,308186.0,279002.0
2025-12-01,BENGALURU – DELHI,421576.0,BENGALURU,DELHI,False,False,202828.0,218748.0
2025-12-01,BENGALURU – MUMBAI,324953.0,BENGALURU,MUMBAI,False,False,158734.0,166219.0
2025-12-01,DELHI – HYDERABAD,253895.0,DELHI,HYDERABAD,False,False,133107.0,120788.0
2025-12-01,DELHI – KOLKATA,252732.0,DELHI,KOLKATA,False,False,128356.0,124376.0
2025-12-01,DELHI – PUNE,233983.0,DELHI,PUNE,False,False,119639.0,114344.0
2025-12-01,AHMEDABAD – DELHI,194592.0,AHMEDABAD,DELHI,False,False,92637.0,101955.0
2025-12-01,CHENNAI – MUMBAI,194997.0,CHENNAI,MUMBAI,False,False,94501.0,100496.0
2025-12-01,KOLKATA – MUMBAI,189122.0,KOLKATA,MUMBAI,False,False,93389.0,95733.0
2025-12-01,HYDERABAD – MUMBAI,161384.0,HYDERABAD,MUMBAI,False,False,79181.0,82203.0
2025-12-01,CHENNAI – DELHI,181389.0,CHENNAI,DELHI,False,False,87184.0,94205.0
2025-12-01,BENGALURU – HYDERABAD,178387.0,BENGALURU,HYDERABAD,False,False,91015.0,87372.0
2025-12-01,BENGALURU – KOLKATA,157297.0,BENGALURU,KOLKATA,False,False,79004.0,78293.0
2025-12-01,AHMEDABAD – MUMBAI,155745.0,AHMEDABAD,MUMBAI,False,False,78529.0,77216.0
2025-12-01,DELHI – SRINAGAR,145562.0,DELHI,SRINAGAR,False,False,72405.0,73157.0
2025-12-01,BENGALURU – PUNE,134155.0,BENGALURU,PUNE,False,False,67007.0,67148.0
2025-12-01,DELHI – GUWAHATI,135387.0,DELHI,GUWAHATI,False,False,72466.0,62921.0
2025-12-01,DELHI – PATNA,119700.0,DELHI,PATNA,False,False,59943.0,59757.0
2025-12-01,BENGALURU – CHENNAI,114669.0,BENGALURU,CHENNAI,False,False,56177.0,58492.0
2025-12-01,DELHI – LUCKNOW,118629.0,DELHI,LUCKNOW,False,False,58453.0,60176.0
2025-12-01,CHENNAI – HYDERABAD,108437.0,CHENNAI,HYDERABAD,False,False,52998.0,55439.0
2025-12-01,BENGALURU – KOCHI,113106.0,BENGALURU,KOCHI,False,False,60344.0,52762.0
2025-12-01,KOCHI – MUMBAI,109234.0,KOCHI,MUMBAI,False,False,52395.0,56839.0
2025-12-01,BAGDOGRA – DELHI,116213.0,BAGDOGRA,DELHI,False,False,54231.0,61982.0
2025-12-01,BHUBANESWAR – DELHI,114724.0,BHUBANESWAR,DELHI,False,False,55986.0,58738.0
2025-12-01,AHMEDABAD – BENGALURU,93388.0,AHMEDABAD,BENGALURU,False,False,47189.0,46199.0
2025-12-01,JAIPUR – MUMBAI,115536.0,JAIPUR,MUMBAI,False,False,58242.0,57294.0
2025-12-01,CHENNAI – KOLKATA,102008.0,CHENNAI,KOLKATA,False,False,51775.0,50233.0
2025-12-01,DELHI – INDORE,88645.0,DELHI,INDORE,False,False,45284.0,43361.0
2025-12-01,AMRITSAR – DELHI,91933.0,AMRITSAR,DELHI,False,False,44790.0,47143.0
2025-12-01,HYDERABAD – VISAKHAPATNAM,74060.0,HYDERABAD,VISAKHAPATNAM,False,False,38313.0,35747.0
2025-12-01,HYDERABAD – KOLKATA,71802.0,HYDERABAD,KOLKATA,False,False,36677.0,35125.0
2025-12-01,DELHI – VARANASI,84526.0,DELHI,VARANASI,False,False,40768.0,43758.0
2025-12-01,GUWAHATI – KOLKATA,87216.0,GUWAHATI,KOLKATA,False,False,42902.0,44314.0
2025-12-01,LUCKNOW – MUMBAI,62270.0,LUCKNOW,MUMBAI,False,False,31844.0,30426.0
2025-12-01,DELHI – KOCHI,80191.0,DELHI,KOCHI,False,False,41323.0,38868.0
2025-12-01,MUMBAI – VARANASI,61396.0,MUMBAI,VARANASI,False,False,29240.0,32156.0
2025-12-01,DELHI – RANCHI,75668.0,DELHI,RANCHI,False,False,38806.0,36862.0
2025-12-01,CHANDIGARH – DELHI,75472.0,CHANDIGARH,DELHI,False,False,38422.0,37050.0
2025-12-01,CHENNAI – COIMBATORE,65902.0,CHENNAI,COIMBATORE,False,False,33663.0,32239.0
2025-12-01,DELHI – RAIPUR,73392.0,DELHI,RAIPUR,False,False,37610.0,35782.0
2025-12-01,AGARTALA – KOLKATA,70507.0,AGARTALA,KOLKATA,False,False,34342.0,36165.0
2025-12-01,BENGALURU – MANGALURU,71399.0,BENGALURU,MANGALURU,False,False,36919.0,34480.0
2025-12-01,DELHI – LEH,45316.0,DELHI,LEH,False,False,21368.0,23948.0
2025-12-01,BENGALURU – BHUBANESWAR,75747.0,BENGALURU,BHUBANESWAR,False,False,39044.0,36703.0
2025-12-01,BENGALURU – VARANASI,69315.0,BENGALURU,VARANASI,False,False,33956.0,35359.0
2025-12-01,BENGALURU – LUCKNOW,56527.0,BENGALURU,LUCKNOW,False,False,27389.0,29138.0
2025-12-01,CHENNAI – PUNE,62276.0,CHENNAI,PUNE,False,False,31039.0,31237.0
2025-12-01,MUMBAI – NAGPUR,57055.0,MUMBAI,NAGPUR,False,False,28646.0,28409.0
2025-12-01,INDORE – MUMBAI,61295.0,INDORE,MUMBAI,False,False,30320.0,30975.0
2025-12-01,DELHI – NAGPUR,60386.0,DELHI,NAGPUR,False,False,34076.0,26310.0
2025-12-01,BENGALURU – GUWAHATI,68133.0,BENGALURU,GUWAHATI,False,False,37505.0,30628.0
2025-12-01,HYDERABAD – KOCHI,78002.0,HYDERABAD,KOCHI,False,False,39191.0,38811.0
2025-12-01,BENGALURU – JAIPUR,65476.0,BENGALURU,JAIPUR,False,False,32127.0,33349.0
2025-12-01,HYDERABAD – PUNE,53842.0,HYDERABAD,PUNE,False,False,26439.0,27403.0
2025-12-01,BENGALURU – THIRUVANANTHAPURAM,62917.0,BENGALURU,THIRUVANANTHAPURAM,False,False,32256.0,30661.0
2025-12-01,DELHI – UDAIPUR,94542.0,DELHI,UDAIPUR,False,False,48977.0,45565.0
2025-12-01,DELHI – JAMMU,44939.0,DELHI,JAMMU,False,False,23180.0,21759.0
2025-12-01,CHENNAI – KOCHI,61277.0,CHENNAI,KOCHI,False,False,33045.0,28232.0
2025-12-01,HYDERABAD – TIRUPATI,57721.0,HYDERABAD,TIRUPATI,False,False,28218.0,29503.0
2026-01-01,DELHI – MUMBAI,588249.0,DELHI,MUMBAI,False,False,293603.0,294646.0
2026-01-01,BENGALURU – DELHI,415981.0,BENGALURU,DELHI,False,False,207251.0,208730.0
2026-01-01,BENGALURU – MUMBAI,366651.0,BENGALURU,MUMBAI,False,False,179699.0,186952.0
2026-01-01,DELHI – HYDERABAD,266185.0,DELHI,HYDERABAD,False,False,131514.0,134671.0
2026-01-01,DELHI – KOLKATA,268402.0,DELHI,KOLKATA,False,False,135487.0,132915.0
2026-01-01,DELHI – PUNE,247487.0,DELHI,PUNE,False,False,125954.0,121533.0
2026-01-01,AHMEDABAD – DELHI,214121.0,AHMEDABAD,DELHI,False,False,107213.0,106908.0
2026-01-01,CHENNAI – MUMBAI,213276.0,CHENNAI,MUMBAI,False,False,103380.0,109896.0
2026-01-01,KOLKATA – MUMBAI,209239.0,KOLKATA,MUMBAI,False,False,102004.0,107235.0
2026-01-01,HYDERABAD – MUMBAI,199542.0,HYDERABAD,MUMBAI,False,False,98656.0,100886.0
2026-01-01,CHENNAI – DELHI,190317.0,CHENNAI,DELHI,False,False,95009.0,95308.0
2026-01-01,BENGALURU – HYDERABAD,179081.0,BENGALURU,HYDERABAD,False,False,89055.0,90026.0
2026-01-01,BENGALURU – KOLKATA,171997.0,BENGALURU,KOLKATA,False,False,85825.0,86172.0
2026-01-01,AHMEDABAD – MUMBAI,191958.0,AHMEDABAD,MUMBAI,False,False,96492.0,95466.0
2026-01-01,DELHI – SRINAGAR,154543.0,DELHI,SRINAGAR,False,False,75235.0,79308.0
2026-01-01,BENGALURU – PUNE,152411.0,BENGALURU,PUNE,False,False,75055.0,77356.0
2026-01-01,DELHI – GUWAHATI,143978.0,DELHI,GUWAHATI,False,False,68889.0,75089.0
2026-01-01,DELHI – PATNA,119295.0,DELHI,PATNA,False,False,62417.0,56878.0
2026-01-01,BENGALURU – CHENNAI,130412.0,BENGALURU,CHENNAI,False,False,62794.0,67618.0
2026-01-01,DELHI – LUCKNOW,124667.0,DELHI,LUCKNOW,False,False,60884.0,63783.0
2026-01-01,CHENNAI – HYDERABAD,121454.0,CHENNAI,HYDERABAD,False,False,59827.0,61627.0
2026-01-01,BENGALURU – KOCHI,129151.0,BENGALURU,KOCHI,False,False,62865.0,66286.0
2026-01-01,KOCHI – MUMBAI,133412.0,KOCHI,MUMBAI,False,False,67989.0,65423.0
2026-01-01,BAGDOGRA – DELHI,110041.0,BAGDOGRA,DELHI,False,False,55188.0,54853.0
2026-01-01,BHUBANESWAR – DELHI,108685.0,BHUBANESWAR,DELHI,False,False,53221.0,55464.0
2026-01-01,AHMEDABAD – BENGALURU,99224.0,AHMEDABAD,BENGALURU,False,False,50114.0,49110.0
2026-01-01,JAIPUR – MUMBAI,127770.0,JAIPUR,MUMBAI,False,False,63009.0,64761.0
2026-01-01,CHENNAI – KOLKATA,100006.0,CHENNAI,KOLKATA,False,False,50866.0,49140.0
2026-01-01,DELHI – INDORE,98444.0,DELHI,INDORE,False,False,48063.0,50381.0
2026-01-01,AMRITSAR – DELHI,100194.0,AMRITSAR,DELHI,False,False,49163.0,51031.0
2026-01-01,HYDERABAD – VISAKHAPATNAM,90452.0,HYDERABAD,VISAKHAPATNAM,False,False,44735.0,45717.0
2026-01-01,HYDERABAD – KOLKATA,88837.0,HYDERABAD,KOLKATA,False,False,45629.0,43208.0
2026-01-01,DELHI – VARANASI,82398.0,DELHI,VARANASI,False,False,40047.0,42351.0
2026-01-01,GUWAHATI – KOLKATA,89008.0,GUWAHATI,KOLKATA,False,False,45147.0,43861.0
2026-01-01,LUCKNOW – MUMBAI,79078.0,LUCKNOW,MUMBAI,False,False,39284.0,39794.0
2026-01-01,DELHI – KOCHI,85600.0,DELHI,KOCHI,False,False,42050.0,43550.0
2026-01-01,MUMBAI – VARANASI,66416.0,MUMBAI,VARANASI,False,False,33263.0,33153.0
2026-01-01,DELHI – RANCHI,68167.0,DELHI,RANCHI,False,False,33600.0,34567.0
2026-01-01,CHANDIGARH – DELHI,92093.0,CHANDIGARH,DELHI,False,False,45854.0,46239.0
2026-01-01,CHENNAI – COIMBATORE,75549.0,CHENNAI,COIMBATORE,False,False,36223.0,39326.0
2026-01-01,DELHI – RAIPUR,70518.0,DELHI,RAIPUR,False,False,34558.0,35960.0
2026-01-01,AGARTALA – KOLKATA,76410.0,AGARTALA,KOLKATA,False,False,35231.0,41179.0
2026-01-01,BENGALURU – MANGALURU,77421.0,BENGALURU,MANGALURU,False,False,38313.0,39108.0
2026-01-01,DELHI – LEH,42223.0,DELHI,LEH,False,False,19664.0,22559.0
2026-01-01,BENGALURU – BHUBANESWAR,88761.0,BENGALURU,BHUBANESWAR,False,False,43447.0,45314.0
2026-01-01,BENGALURU – VARANASI,68356.0,BENGALURU,VARANASI,False,False,34561.0,33795.0
2026-01-01,BENGALURU – LUCKNOW,58088.0,BENGALURU,LUCKNOW,False,False,29314.0,28774.0
2026-01-01,CHENNAI – PUNE,74488.0,CHENNAI,PUNE,False,False,37237.0,37251.0
2026-01-01,MUMBAI – NAGPUR,73636.0,MUMBAI,NAGPUR,False,False,36307.0,37329.0
2026-01-01,INDORE – MUMBAI,72479.0,INDORE,MUMBAI,False,False,35920.0,36559.0
2026-01-01,DELHI – NAGPUR,69387.0,DELHI,NAGPUR,False,False,34615.0,34772.0
2026-01-01,BENGALURU – GUWAHATI,70109.0,BENGALURU,GUWAHATI,False,False,37994.0,32115.0
2026-01-01,HYDERABAD – KOCHI,66830.0,HYDERABAD,KOCHI,False,False,31977.0,34853.0
2026-01-01,BENGALURU – JAIPUR,73006.0,BENGALURU,JAIPUR,False,False,36636.0,36370.0
2026-01-01,HYDERABAD – PUNE,58628.0,HYDERABAD,PUNE,False,False,30354.0,28274.0
2026-01-01,BENGALURU – THIRUVANANTHAPURAM,72607.0,BENGALURU,THIRUVANANTHAPURAM,False,False,35206.0,37401.0
2026-01-01,DELHI – UDAIPUR,82716.0,DELHI,UDAIPUR,False,False,39782.0,42934.0
2026-01-01,DELHI – JAMMU,50515.0,DELHI,JAMMU,False,False,25573.0,24942.0
2026-01-01,CHENNAI – KOCHI,73696.0,CHENNAI,KOCHI,False,False,34040.0,39656.0
2026-01-01,HYDERABAD – TIRUPATI,64001.0,HYDERABAD,TIRUPATI,False,False,32623.0,31378.0
2026-02-01,DELHI – MUMBAI,605932.0,DELHI,MUMBAI,False,False,292194.0,313738.0
2026-02-01,BENGALURU – DELHI,427600.0,BENGALURU,DELHI,False,False,223588.0,204012.0
2026-02-01,BENGALURU – MUMBAI,341132.0,BENGALURU,MUMBAI,False,False,169465.0,171667.0
2026-02-01,DELHI – HYDERABAD,265783.0,DELHI,HYDERABAD,False,False,128909.0,136874.0
2026-02-01,DELHI – KOLKATA,261672.0,DELHI,KOLKATA,False,False,129698.0,131974.0
2026-02-01,DELHI – PUNE,245533.0,DELHI,PUNE,False,False,119436.0,126097.0
2026-02-01,AHMEDABAD – DELHI,201317.0,AHMEDABAD,DELHI,False,False,102532.0,98785.0
2026-02-01,CHENNAI – MUMBAI,188431.0,CHENNAI,MUMBAI,False,False,93216.0,95215.0
2026-02-01,KOLKATA – MUMBAI,184786.0,KOLKATA,MUMBAI,False,False,90489.0,94297.0
2026-02-01,HYDERABAD – MUMBAI,168724.0,HYDERABAD,MUMBAI,False,False,83124.0,85600.0
2026-02-01,CHENNAI – DELHI,193080.0,CHENNAI,DELHI,False,False,99487.0,93593.0
2026-02-01,BENGALURU – HYDERABAD,172963.0,BENGALURU,HYDERABAD,False,False,88845.0,84118.0
2026-02-01,BENGALURU – KOLKATA,164496.0,BENGALURU,KOLKATA,False,False,83278.0,81218.0
2026-02-01,AHMEDABAD – MUMBAI,173744.0,AHMEDABAD,MUMBAI,False,False,87794.0,85950.0
2026-02-01,DELHI – SRINAGAR,143306.0,DELHI,SRINAGAR,False,False,73091.0,70215.0
2026-02-01,BENGALURU – PUNE,134005.0,BENGALURU,PUNE,False,False,67108.0,66897.0
2026-02-01,DELHI – GUWAHATI,133221.0,DELHI,GUWAHATI,False,False,66438.0,66783.0
2026-02-01,DELHI – PATNA,132518.0,DELHI,PATNA,False,False,71414.0,61104.0
2026-02-01,BENGALURU – CHENNAI,124513.0,BENGALURU,CHENNAI,False,False,60278.0,64235.0
2026-02-01,DELHI – LUCKNOW,126518.0,DELHI,LUCKNOW,False,False,66257.0,60261.0
2026-02-01,CHENNAI – HYDERABAD,112171.0,CHENNAI,HYDERABAD,False,False,55990.0,56181.0
2026-02-01,BENGALURU – KOCHI,107950.0,BENGALURU,KOCHI,False,False,53489.0,54461.0
2026-02-01,KOCHI – MUMBAI,111540.0,KOCHI,MUMBAI,False,False,57981.0,53559.0
2026-02-01,BAGDOGRA – DELHI,104735.0,BAGDOGRA,DELHI,False,False,51720.0,53015.0
2026-02-01,BHUBANESWAR – DELHI,102099.0,BHUBANESWAR,DELHI,False,False,50674.0,51425.0
2026-02-01,AHMEDABAD – BENGALURU,87755.0,AHMEDABAD,BENGALURU,False,False,44237.0,43518.0
2026-02-01,JAIPUR – MUMBAI,119223.0,JAIPUR,MUMBAI,False,False,58106.0,61117.0
2026-02-01,CHENNAI – KOLKATA,94011.0,CHENNAI,KOLKATA,False,False,48222.0,45789.0
2026-02-01,DELHI – INDORE,92343.0,DELHI,INDORE,False,False,45873.0,46470.0
2026-02-01,AMRITSAR – DELHI,101718.0,AMRITSAR,DELHI,False,False,50101.0,51617.0
2026-02-01,HYDERABAD – VISAKHAPATNAM,74211.0,HYDERABAD,VISAKHAPATNAM,False,False,37229.0,36982.0
2026-02-01,HYDERABAD – KOLKATA,78181.0,HYDERABAD,KOLKATA,False,False,39917.0,38264.0
2026-02-01,DELHI – VARANASI,100228.0,DELHI,VARANASI,False,False,51633.0,48595.0
2026-02-01,GUWAHATI – KOLKATA,81725.0,GUWAHATI,KOLKATA,False,False,39931.0,41794.0
2026-02-01,LUCKNOW – MUMBAI,70236.0,LUCKNOW,MUMBAI,False,False,33979.0,36257.0
2026-02-01,DELHI – KOCHI,77429.0,DELHI,KOCHI,False,False,37872.0,39557.0
2026-02-01,MUMBAI – VARANASI,67688.0,MUMBAI,VARANASI,False,False,34825.0,32863.0
2026-02-01,DELHI – RANCHI,70345.0,DELHI,RANCHI,False,False,35697.0,34648.0
2026-02-01,CHANDIGARH – DELHI,73728.0,CHANDIGARH,DELHI,False,False,36191.0,37537.0
2026-02-01,CHENNAI – COIMBATORE,60823.0,CHENNAI,COIMBATORE,False,False,29259.0,31564.0
2026-02-01,DELHI – RAIPUR,75733.0,DELHI,RAIPUR,False,False,37290.0,38443.0
2026-02-01,AGARTALA – KOLKATA,62547.0,AGARTALA,KOLKATA,False,False,31779.0,30768.0
2026-02-01,BENGALURU – MANGALURU,64925.0,BENGALURU,MANGALURU,False,False,32247.0,32678.0
2026-02-01,DELHI – LEH,41854.0,DELHI,LEH,False,False,22646.0,19208.0
2026-02-01,BENGALURU – BHUBANESWAR,67631.0,BENGALURU,BHUBANESWAR,False,False,34468.0,33163.0
2026-02-01,BENGALURU – VARANASI,84476.0,BENGALURU,VARANASI,False,False,45704.0,38772.0
2026-02-01,BENGALURU – LUCKNOW,51984.0,BENGALURU,LUCKNOW,False,False,26499.0,25485.0
2026-02-01,CHENNAI – PUNE,68352.0,CHENNAI,PUNE,False,False,34279.0,34073.0
2026-02-01,MUMBAI – NAGPUR,69525.0,MUMBAI,NAGPUR,False,False,35362.0,34163.0
2026-02-01,INDORE – MUMBAI,69300.0,INDORE,MUMBAI,False,False,33715.0,35585.0
2026-02-01,DELHI – NAGPUR,73843.0,DELHI,NAGPUR,False,False,35683.0,38160.0
2026-02-01,BENGALURU – GUWAHATI,50012.0,BENGALURU,GUWAHATI,False,False,26379.0,23633.0
2026-02-01,HYDERABAD – KOCHI,49747.0,HYDERABAD,KOCHI,False,False,23508.0,26239.0
2026-02-01,BENGALURU – JAIPUR,58449.0,BENGALURU,JAIPUR,False,False,29657.0,28792.0
2026-02-01,HYDERABAD – PUNE,56549.0,HYDERABAD,PUNE,False,False,28441.0,28108.0
2026-02-01,BENGALURU – THIRUVANANTHAPURAM,54293.0,BENGALURU,THIRUVANANTHAPURAM,False,False,26738.0,27555.0
2026-02-01,DELHI – UDAIPUR,82421.0,DELHI,UDAIPUR,False,False,40662.0,41759.0
2026-02-01,DELHI – JAMMU,53583.0,DELHI,JAMMU,False,False,28119.0,25464.0
2026-02-01,CHENNAI – KOCHI,57242.0,CHENNAI,KOCHI,False,False,27810.0,29432.0
2026-02-01,HYDERABAD – TIRUPATI,50450.0,HYDERABAD,TIRUPATI,False,False,25534.0,24916.0
2026-03-01,DELHI – MUMBAI,596078.0,DELHI,MUMBAI,False,False,297803.0,298275.0
2026-03-01,BENGALURU – DELHI,419883.0,BENGALURU,DELHI,False,False,212538.0,207345.0
2026-03-01,BENGALURU – MUMBAI,335559.0,BENGALURU,MUMBAI,False,False,166183.0,169376.0
2026-03-01,DELHI – HYDERABAD,273395.0,DELHI,HYDERABAD,False,False,135984.0,137411.0
2026-03-01,DELHI – KOLKATA,275206.0,DELHI,KOLKATA,False,False,141291.0,133915.0
2026-03-01,DELHI – PUNE,255692.0,DELHI,PUNE,False,False,128404.0,127288.0
2026-03-01,AHMEDABAD – DELHI,211658.0,AHMEDABAD,DELHI,False,False,106227.0,105431.0
2026-03-01,CHENNAI – MUMBAI,182306.0,CHENNAI,MUMBAI,False,False,89780.0,92526.0
2026-03-01,KOLKATA – MUMBAI,181313.0,KOLKATA,MUMBAI,False,False,84856.0,96457.0
2026-03-01,HYDERABAD – MUMBAI,177585.0,HYDERABAD,MUMBAI,False,False,85611.0,91974.0
2026-03-01,CHENNAI – DELHI,198855.0,CHENNAI,DELHI,False,False,98968.0,99887.0
2026-03-01,BENGALURU – HYDERABAD,173779.0,BENGALURU,HYDERABAD,False,False,88956.0,84823.0
2026-03-01,BENGALURU – KOLKATA,181059.0,BENGALURU,KOLKATA,False,False,93499.0,87560.0
2026-03-01,AHMEDABAD – MUMBAI,164726.0,AHMEDABAD,MUMBAI,False,False,84573.0,80153.0
2026-03-01,DELHI – SRINAGAR,153338.0,DELHI,SRINAGAR,False,False,83533.0,69805.0
2026-03-01,BENGALURU – PUNE,139371.0,BENGALURU,PUNE,False,False,70682.0,68689.0
2026-03-01,DELHI – GUWAHATI,143009.0,DELHI,GUWAHATI,False,False,74735.0,68274.0
2026-03-01,DELHI – PATNA,132737.0,DELHI,PATNA,False,False,68841.0,63896.0
2026-03-01,BENGALURU – CHENNAI,124725.0,BENGALURU,CHENNAI,False,False,60370.0,64355.0
2026-03-01,DELHI – LUCKNOW,124774.0,DELHI,LUCKNOW,False,False,63802.0,60972.0
2026-03-01,CHENNAI – HYDERABAD,114319.0,CHENNAI,HYDERABAD,False,False,57126.0,57193.0
2026-03-01,BENGALURU – KOCHI,108206.0,BENGALURU,KOCHI,False,False,53955.0,54251.0
2026-03-01,KOCHI – MUMBAI,113022.0,KOCHI,MUMBAI,False,False,56859.0,56163.0
2026-03-01,BAGDOGRA – DELHI,101765.0,BAGDOGRA,DELHI,False,False,48571.0,53194.0
2026-03-01,BHUBANESWAR – DELHI,100859.0,BHUBANESWAR,DELHI,False,False,50360.0,50499.0
2026-03-01,AHMEDABAD – BENGALURU,101871.0,AHMEDABAD,BENGALURU,False,False,52272.0,49599.0
2026-03-01,JAIPUR – MUMBAI,118619.0,JAIPUR,MUMBAI,False,False,58933.0,59686.0
2026-03-01,CHENNAI – KOLKATA,99615.0,CHENNAI,KOLKATA,False,False,54005.0,45610.0
2026-03-01,DELHI – INDORE,96332.0,DELHI,INDORE,False,False,47430.0,48902.0
2026-03-01,AMRITSAR – DELHI,107599.0,AMRITSAR,DELHI,False,False,53654.0,53945.0
2026-03-01,HYDERABAD – VISAKHAPATNAM,83827.0,HYDERABAD,VISAKHAPATNAM,False,False,42071.0,41756.0
2026-03-01,HYDERABAD – KOLKATA,81113.0,HYDERABAD,KOLKATA,False,False,43631.0,37482.0
2026-03-01,DELHI – VARANASI,97898.0,DELHI,VARANASI,False,False,47536.0,50362.0
2026-03-01,GUWAHATI – KOLKATA,87329.0,GUWAHATI,KOLKATA,False,False,42470.0,44859.0
2026-03-01,LUCKNOW – MUMBAI,71971.0,LUCKNOW,MUMBAI,False,False,34483.0,37488.0
2026-03-01,DELHI – KOCHI,80874.0,DELHI,KOCHI,False,False,40282.0,40592.0
2026-03-01,MUMBAI – VARANASI,77032.0,MUMBAI,VARANASI,False,False,39537.0,37495.0
2026-03-01,DELHI – RANCHI,73112.0,DELHI,RANCHI,False,False,37056.0,36056.0
2026-03-01,CHANDIGARH – DELHI,84636.0,CHANDIGARH,DELHI,False,False,41490.0,43146.0
2026-03-01,CHENNAI – COIMBATORE,62294.0,CHENNAI,COIMBATORE,False,False,30347.0,31947.0
2026-03-01,DELHI – RAIPUR,75171.0,DELHI,RAIPUR,False,False,36843.0,38328.0
2026-03-01,AGARTALA – KOLKATA,68838.0,AGARTALA,KOLKATA,False,False,33041.0,35797.0
2026-03-01,BENGALURU – MANGALURU,69761.0,BENGALURU,MANGALURU,False,False,35743.0,34018.0
2026-03-01,DELHI – LEH,43525.0,DELHI,LEH,False,False,26002.0,17523.0
2026-03-01,BENGALURU – BHUBANESWAR,72829.0,BENGALURU,BHUBANESWAR,False,False,36980.0,35849.0
2026-03-01,BENGALURU – VARANASI,90679.0,BENGALURU,VARANASI,False,False,45980.0,44699.0
2026-03-01,BENGALURU – LUCKNOW,64166.0,BENGALURU,LUCKNOW,False,False,31930.0,32236.0
2026-03-01,CHENNAI – PUNE,68547.0,CHENNAI,PUNE,False,False,34696.0,33851.0
2026-03-01,MUMBAI – NAGPUR,65640.0,MUMBAI,NAGPUR,False,False,32885.0,32755.0
2026-03-01,INDORE – MUMBAI,68997.0,INDORE,MUMBAI,False,False,34426.0,34571.0
2026-03-01,DELHI – NAGPUR,69243.0,DELHI,NAGPUR,False,False,34846.0,34397.0
2026-03-01,BENGALURU – GUWAHATI,54034.0,BENGALURU,GUWAHATI,False,False,29443.0,24591.0
2026-03-01,HYDERABAD – KOCHI,55990.0,HYDERABAD,KOCHI,False,False,27020.0,28970.0
2026-03-01,BENGALURU – JAIPUR,61050.0,BENGALURU,JAIPUR,False,False,31463.0,29587.0
2026-03-01,HYDERABAD – PUNE,57144.0,HYDERABAD,PUNE,False,False,28431.0,28713.0
2026-03-01,BENGALURU – THIRUVANANTHAPURAM,57233.0,BENGALURU,THIRUVANANTHAPURAM,False,False,28378.0,28855.0
2026-03-01,DELHI – UDAIPUR,78274.0,DELHI,UDAIPUR,False,False,38311.0,39963.0
2026-03-01,DELHI – JAMMU,58907.0,DELHI,JAMMU,False,False,30149.0,28758.0
2026-03-01,CHENNAI – KOCHI,55515.0,CHENNAI,KOCHI,False,False,26771.0,28744.0
2026-03-01,HYDERABAD – TIRUPATI,52040.0,HYDERABAD,TIRUPATI,False,False,26645.0,25395.0
2026-04-01,DELHI – MUMBAI,572139.0,DELHI,MUMBAI,False,False,268032.0,304107.0
2026-04-01,BENGALURU – DELHI,424379.0,BENGALURU,DELHI,False,False,224585.0,199794.0
2026-04-01,BENGALURU – MUMBAI,357157.0,BENGALURU,MUMBAI,False,False,182293.0,174864.0
2026-04-01,DELHI – HYDERABAD,268312.0,DELHI,HYDERABAD,False,False,129206.0,139106.0
2026-04-01,DELHI – KOLKATA,245477.0,DELHI,KOLKATA,False,False,133200.0,112277.0
2026-04-01,DELHI – PUNE,240632.0,DELHI,PUNE,False,False,115625.0,125007.0
2026-04-01,AHMEDABAD – DELHI,198314.0,AHMEDABAD,DELHI,False,False,103303.0,95011.0
2026-04-01,CHENNAI – MUMBAI,181314.0,CHENNAI,MUMBAI,False,False,89696.0,91618.0
2026-04-01,KOLKATA – MUMBAI,181509.0,KOLKATA,MUMBAI,False,False,77744.0,103765.0
2026-04-01,HYDERABAD – MUMBAI,183305.0,HYDERABAD,MUMBAI,False,False,90259.0,93046.0
2026-04-01,CHENNAI – DELHI,171299.0,CHENNAI,DELHI,False,False,89989.0,81310.0
2026-04-01,BENGALURU – HYDERABAD,169098.0,BENGALURU,HYDERABAD,False,False,86017.0,83081.0
2026-04-01,BENGALURU – KOLKATA,184646.0,BENGALURU,KOLKATA,False,False,98071.0,86575.0
2026-04-01,AHMEDABAD – MUMBAI,162177.0,AHMEDABAD,MUMBAI,False,False,79388.0,82789.0
2026-04-01,DELHI – SRINAGAR,164222.0,DELHI,SRINAGAR,False,False,83384.0,80838.0
2026-04-01,BENGALURU – PUNE,153181.0,BENGALURU,PUNE,False,False,78382.0,74799.0
2026-04-01,DELHI – GUWAHATI,134077.0,DELHI,GUWAHATI,False,False,69975.0,64102.0
2026-04-01,DELHI – PATNA,130819.0,DELHI,PATNA,False,False,72943.0,57876.0
2026-04-01,BENGALURU – CHENNAI,119497.0,BENGALURU,CHENNAI,False,False,63733.0,55764.0
2026-04-01,DELHI – LUCKNOW,122758.0,DELHI,LUCKNOW,False,False,68705.0,54053.0
2026-04-01,CHENNAI – HYDERABAD,102850.0,CHENNAI,HYDERABAD,False,False,51011.0,51839.0
2026-04-01,BENGALURU – KOCHI,111267.0,BENGALURU,KOCHI,False,False,56379.0,54888.0
2026-04-01,KOCHI – MUMBAI,122591.0,KOCHI,MUMBAI,False,False,56287.0,66304.0
2026-04-01,BAGDOGRA – DELHI,116469.0,BAGDOGRA,DELHI,False,False,52210.0,64259.0
2026-04-01,BHUBANESWAR – DELHI,96677.0,BHUBANESWAR,DELHI,False,False,47250.0,49427.0
2026-04-01,AHMEDABAD – BENGALURU,121711.0,AHMEDABAD,BENGALURU,False,False,56688.0,65023.0
2026-04-01,JAIPUR – MUMBAI,94605.0,JAIPUR,MUMBAI,False,False,43984.0,50621.0
2026-04-01,CHENNAI – KOLKATA,108855.0,CHENNAI,KOLKATA,False,False,63974.0,44881.0
2026-04-01,DELHI – INDORE,100211.0,DELHI,INDORE,False,False,46939.0,53272.0
2026-04-01,AMRITSAR – DELHI,89560.0,AMRITSAR,DELHI,False,False,48471.0,41089.0
2026-04-01,HYDERABAD – VISAKHAPATNAM,84417.0,HYDERABAD,VISAKHAPATNAM,False,False,44000.0,40417.0
2026-04-01,HYDERABAD – KOLKATA,84498.0,HYDERABAD,KOLKATA,False,False,47925.0,36573.0
2026-04-01,DELHI – VARANASI,71647.0,DELHI,VARANASI,False,False,38478.0,33169.0
2026-04-01,GUWAHATI – KOLKATA,75635.0,GUWAHATI,KOLKATA,False,False,38346.0,37289.0
2026-04-01,LUCKNOW – MUMBAI,95345.0,LUCKNOW,MUMBAI,False,False,40050.0,55295.0
2026-04-01,DELHI – KOCHI,79743.0,DELHI,KOCHI,False,False,40339.0,39404.0
2026-04-01,MUMBAI – VARANASI,88234.0,MUMBAI,VARANASI,False,False,53094.0,35140.0
2026-04-01,DELHI – RANCHI,69050.0,DELHI,RANCHI,False,False,36107.0,32943.0
2026-04-01,CHANDIGARH – DELHI,75567.0,CHANDIGARH,DELHI,False,False,37598.0,37969.0
2026-04-01,CHENNAI – COIMBATORE,67496.0,CHENNAI,COIMBATORE,False,False,33069.0,34427.0
2026-04-01,DELHI – RAIPUR,71221.0,DELHI,RAIPUR,False,False,34717.0,36504.0
2026-04-01,AGARTALA – KOLKATA,70184.0,AGARTALA,KOLKATA,False,False,34338.0,35846.0
2026-04-01,BENGALURU – MANGALURU,70884.0,BENGALURU,MANGALURU,False,False,35809.0,35075.0
2026-04-01,DELHI – LEH,87602.0,DELHI,LEH,False,False,49374.0,38228.0
2026-04-01,BENGALURU – BHUBANESWAR,76338.0,BENGALURU,BHUBANESWAR,False,False,40618.0,35720.0
2026-04-01,BENGALURU – VARANASI,73046.0,BENGALURU,VARANASI,False,False,41073.0,31973.0
2026-04-01,BENGALURU – LUCKNOW,82885.0,BENGALURU,LUCKNOW,False,False,45121.0,37764.0
2026-04-01,CHENNAI – PUNE,61031.0,CHENNAI,PUNE,False,False,30313.0,30718.0
2026-04-01,MUMBAI – NAGPUR,68247.0,MUMBAI,NAGPUR,False,False,35334.0,32913.0
2026-04-01,INDORE – MUMBAI,65467.0,INDORE,MUMBAI,False,False,31354.0,34113.0
2026-04-01,DELHI – NAGPUR,62390.0,DELHI,NAGPUR,False,False,29794.0,32596.0
2026-04-01,BENGALURU – GUWAHATI,61082.0,BENGALURU,GUWAHATI,False,False,32511.0,28571.0
2026-04-01,HYDERABAD – KOCHI,60885.0,HYDERABAD,KOCHI,False,False,31453.0,29432.0
2026-04-01,BENGALURU – JAIPUR,62731.0,BENGALURU,JAIPUR,False,False,33591.0,29140.0
2026-04-01,HYDERABAD – PUNE,62220.0,HYDERABAD,PUNE,False,False,28714.0,33506.0
2026-04-01,BENGALURU – THIRUVANANTHAPURAM,64514.0,BENGALURU,THIRUVANANTHAPURAM,False,False,33469.0,31045.0
2026-04-01,DELHI – UDAIPUR,42010.0,DELHI,UDAIPUR,False,False,20899.0,21111.0
2026-04-01,DELHI – JAMMU,68505.0,DELHI,JAMMU,False,False,35987.0,32518.0
2026-04-01,CHENNAI – KOCHI,45758.0,CHENNAI,KOCHI,False,False,24191.0,21567.0
2026-04-01,HYDERABAD – TIRUPATI,40309.0,HYDERABAD,TIRUPATI,False,False,20639.0,19670.0
2026-05-01,DELHI – MUMBAI,629220.0,DELHI,MUMBAI,False,False,320035.0,309185.0
2026-05-01,BENGALURU – DELHI,440321.0,BENGALURU,DELHI,False,False,201571.0,238750.0
2026-05-01,BENGALURU – MUMBAI,395304.0,BENGALURU,MUMBAI,False,False,178770.0,216534.0
2026-05-01,DELHI – HYDERABAD,287233.0,DELHI,HYDERABAD,False,False,145626.0,141607.0
2026-05-01,DELHI – KOLKATA,265368.0,DELHI,KOLKATA,False,False,125779.0,139589.0
2026-05-01,DELHI – PUNE,261742.0,DELHI,PUNE,False,False,131920.0,129822.0
2026-05-01,AHMEDABAD – DELHI,223788.0,AHMEDABAD,DELHI,False,False,113540.0,110248.0
2026-05-01,CHENNAI – MUMBAI,196594.0,CHENNAI,MUMBAI,False,False,89884.0,106710.0
2026-05-01,KOLKATA – MUMBAI,212158.0,KOLKATA,MUMBAI,False,False,108550.0,103608.0
2026-05-01,HYDERABAD – MUMBAI,202409.0,HYDERABAD,MUMBAI,False,False,96332.0,106077.0
2026-05-01,CHENNAI – DELHI,193448.0,CHENNAI,DELHI,False,False,92666.0,100782.0
2026-05-01,BENGALURU – HYDERABAD,182762.0,BENGALURU,HYDERABAD,False,False,87406.0,95356.0
2026-05-01,BENGALURU – KOLKATA,198331.0,BENGALURU,KOLKATA,False,False,94052.0,104279.0
2026-05-01,AHMEDABAD – MUMBAI,210521.0,AHMEDABAD,MUMBAI,False,False,113214.0,97307.0
2026-05-01,DELHI – SRINAGAR,190647.0,DELHI,SRINAGAR,False,False,104048.0,86599.0
2026-05-01,BENGALURU – PUNE,169942.0,BENGALURU,PUNE,False,False,80415.0,89527.0
2026-05-01,DELHI – GUWAHATI,136377.0,DELHI,GUWAHATI,False,False,69065.0,67312.0
2026-05-01,DELHI – PATNA,148087.0,DELHI,PATNA,False,False,75737.0,72350.0
2026-05-01,BENGALURU – CHENNAI,123628.0,BENGALURU,CHENNAI,False,False,58848.0,64780.0
2026-05-01,DELHI – LUCKNOW,134193.0,DELHI,LUCKNOW,False,False,71473.0,62720.0
2026-05-01,CHENNAI – HYDERABAD,97018.0,CHENNAI,HYDERABAD,False,False,46635.0,50383.0
2026-05-01,BENGALURU – KOCHI,118643.0,BENGALURU,KOCHI,False,False,58320.0,60323.0
2026-05-01,KOCHI – MUMBAI,125099.0,KOCHI,MUMBAI,False,False,58025.0,67074.0
2026-05-01,BAGDOGRA – DELHI,131757.0,BAGDOGRA,DELHI,False,False,65201.0,66556.0
2026-05-01,BHUBANESWAR – DELHI,100759.0,BHUBANESWAR,DELHI,False,False,50871.0,49888.0
2026-05-01,AHMEDABAD – BENGALURU,115955.0,AHMEDABAD,BENGALURU,False,False,60783.0,55172.0
2026-05-01,JAIPUR – MUMBAI,89325.0,JAIPUR,MUMBAI,False,False,47380.0,41945.0
2026-05-01,CHENNAI – KOLKATA,111832.0,CHENNAI,KOLKATA,False,False,53691.0,58141.0
2026-05-01,DELHI – INDORE,106296.0,DELHI,INDORE,False,False,51512.0,54784.0
2026-05-01,AMRITSAR – DELHI,87311.0,AMRITSAR,DELHI,False,False,45678.0,41633.0
2026-05-01,HYDERABAD – VISAKHAPATNAM,96030.0,HYDERABAD,VISAKHAPATNAM,False,False,46792.0,49238.0
2026-05-01,HYDERABAD – KOLKATA,89354.0,HYDERABAD,KOLKATA,False,False,42343.0,47011.0
2026-05-01,DELHI – VARANASI,73247.0,DELHI,VARANASI,False,False,36373.0,36874.0
2026-05-01,GUWAHATI – KOLKATA,75964.0,GUWAHATI,KOLKATA,False,False,37014.0,38950.0
2026-05-01,LUCKNOW – MUMBAI,123734.0,LUCKNOW,MUMBAI,False,False,61071.0,62663.0
2026-05-01,DELHI – KOCHI,92740.0,DELHI,KOCHI,False,False,50467.0,42273.0
2026-05-01,MUMBAI – VARANASI,104038.0,MUMBAI,VARANASI,False,False,50798.0,53240.0
2026-05-01,DELHI – RANCHI,82407.0,DELHI,RANCHI,False,False,41078.0,41329.0
2026-05-01,CHANDIGARH – DELHI,79415.0,CHANDIGARH,DELHI,False,False,39620.0,39795.0
2026-05-01,CHENNAI – COIMBATORE,82224.0,CHENNAI,COIMBATORE,False,False,42511.0,39713.0
2026-05-01,DELHI – RAIPUR,77874.0,DELHI,RAIPUR,False,False,38565.0,39309.0
2026-05-01,AGARTALA – KOLKATA,77768.0,AGARTALA,KOLKATA,False,False,35840.0,41928.0
2026-05-01,BENGALURU – MANGALURU,79304.0,BENGALURU,MANGALURU,False,False,36123.0,43181.0
2026-05-01,DELHI – LEH,105614.0,DELHI,LEH,False,False,54382.0,51232.0
2026-05-01,BENGALURU – BHUBANESWAR,79507.0,BENGALURU,BHUBANESWAR,False,False,36729.0,42778.0
2026-05-01,BENGALURU – VARANASI,74835.0,BENGALURU,VARANASI,False,False,31197.0,43638.0
2026-05-01,BENGALURU – LUCKNOW,90113.0,BENGALURU,LUCKNOW,False,False,40135.0,49978.0
2026-05-01,CHENNAI – PUNE,69454.0,CHENNAI,PUNE,False,False,33413.0,36041.0
2026-05-01,MUMBAI – NAGPUR,72896.0,MUMBAI,NAGPUR,False,False,35235.0,37661.0
2026-05-01,INDORE – MUMBAI,66150.0,INDORE,MUMBAI,False,False,35072.0,31078.0
2026-05-01,DELHI – NAGPUR,74235.0,DELHI,NAGPUR,False,False,36798.0,37437.0
2026-05-01,BENGALURU – GUWAHATI,76224.0,BENGALURU,GUWAHATI,False,False,37761.0,38463.0
2026-05-01,HYDERABAD – KOCHI,73023.0,HYDERABAD,KOCHI,False,False,39241.0,33782.0
2026-05-01,BENGALURU – JAIPUR,66817.0,BENGALURU,JAIPUR,False,False,28196.0,38621.0
2026-05-01,HYDERABAD – PUNE,71691.0,HYDERABAD,PUNE,False,False,36258.0,35433.0
2026-05-01,BENGALURU – THIRUVANANTHAPURAM,72768.0,BENGALURU,THIRUVANANTHAPURAM,False,False,36865.0,35903.0
2026-05-01,DELHI – UDAIPUR,37087.0,DELHI,UDAIPUR,False,False,17932.0,19155.0
2026-05-01,DELHI – JAMMU,69755.0,DELHI,JAMMU,False,False,37975.0,31780.0
2026-05-01,CHENNAI – KOCHI,45232.0,CHENNAI,KOCHI,False,False,24727.0,20505.0
2026-05-01,HYDERABAD – TIRUPATI,45341.0,HYDERABAD,TIRUPATI,False,False,23533.0,21808.0
2026-06-01,DELHI – MUMBAI,533275.0,DELHI,MUMBAI,False,False,292794.0,240481.0
2026-06-01,BENGALURU – DELHI,375345.0,BENGALURU,DELHI,False,False,179451.0,195894.0
2026-06-01,BENGALURU – MUMBAI,349010.0,BENGALURU,MUMBAI,False,False,172839.0,176171.0
2026-06-01,DELHI – HYDERABAD,257981.0,DELHI,HYDERABAD,False,False,134804.0,123177.0
2026-06-01,DELHI – KOLKATA,241712.0,DELHI,KOLKATA,False,False,119800.0,121912.0
2026-06-01,DELHI – PUNE,233719.0,DELHI,PUNE,False,False,125937.0,107782.0
2026-06-01,AHMEDABAD – DELHI,183485.0,AHMEDABAD,DELHI,False,False,86753.0,96732.0
2026-06-01,CHENNAI – MUMBAI,175086.0,CHENNAI,MUMBAI,False,False,84736.0,90350.0
2026-06-01,KOLKATA – MUMBAI,168754.0,KOLKATA,MUMBAI,False,False,90713.0,78041.0
2026-06-01,HYDERABAD – MUMBAI,181207.0,HYDERABAD,MUMBAI,False,False,85751.0,95456.0
2026-06-01,CHENNAI – DELHI,166035.0,CHENNAI,DELHI,False,False,79068.0,86967.0
2026-06-01,BENGALURU – HYDERABAD,174493.0,BENGALURU,HYDERABAD,False,False,89363.0,85130.0
2026-06-01,BENGALURU – KOLKATA,164880.0,BENGALURU,KOLKATA,False,False,79692.0,85188.0
2026-06-01,AHMEDABAD – MUMBAI,174542.0,AHMEDABAD,MUMBAI,False,False,88427.0,86115.0
2026-06-01,DELHI – SRINAGAR,192693.0,DELHI,SRINAGAR,False,False,99110.0,93583.0
2026-06-01,BENGALURU – PUNE,155767.0,BENGALURU,PUNE,False,False,79624.0,76143.0
2026-06-01,DELHI – GUWAHATI,130358.0,DELHI,GUWAHATI,False,False,63600.0,66758.0
2026-06-01,DELHI – PATNA,135999.0,DELHI,PATNA,False,False,68026.0,67973.0
2026-06-01,BENGALURU – CHENNAI,123012.0,BENGALURU,CHENNAI,False,False,61428.0,61584.0
2026-06-01,DELHI – LUCKNOW,119092.0,DELHI,LUCKNOW,False,False,59992.0,59100.0
2026-06-01,CHENNAI – HYDERABAD,92560.0,CHENNAI,HYDERABAD,False,False,47314.0,45246.0
2026-06-01,BENGALURU – KOCHI,109665.0,BENGALURU,KOCHI,False,False,53160.0,56505.0
2026-06-01,KOCHI – MUMBAI,94818.0,KOCHI,MUMBAI,False,False,46653.0,48165.0
2026-06-01,BAGDOGRA – DELHI,121766.0,BAGDOGRA,DELHI,False,False,60007.0,61759.0
2026-06-01,BHUBANESWAR – DELHI,95026.0,BHUBANESWAR,DELHI,False,False,45404.0,49622.0
2026-06-01,AHMEDABAD – BENGALURU,93686.0,AHMEDABAD,BENGALURU,False,False,46504.0,47182.0
2026-06-01,JAIPUR – MUMBAI,64290.0,JAIPUR,MUMBAI,False,False,32458.0,31832.0
2026-06-01,CHENNAI – KOLKATA,87206.0,CHENNAI,KOLKATA,False,False,41542.0,45664.0
2026-06-01,DELHI – INDORE,91178.0,DELHI,INDORE,False,False,47859.0,43319.0
2026-06-01,AMRITSAR – DELHI,79574.0,AMRITSAR,DELHI,False,False,43165.0,36409.0
2026-06-01,HYDERABAD – VISAKHAPATNAM,91042.0,HYDERABAD,VISAKHAPATNAM,False,False,44202.0,46840.0
2026-06-01,HYDERABAD – KOLKATA,75281.0,HYDERABAD,KOLKATA,False,False,33095.0,42186.0
2026-06-01,DELHI – VARANASI,74735.0,DELHI,VARANASI,False,False,37463.0,37272.0
2026-06-01,GUWAHATI – KOLKATA,72181.0,GUWAHATI,KOLKATA,False,False,37282.0,34899.0
2026-06-01,LUCKNOW – MUMBAI,105072.0,LUCKNOW,MUMBAI,False,False,55445.0,49627.0
2026-06-01,DELHI – KOCHI,81488.0,DELHI,KOCHI,False,False,44072.0,37416.0
2026-06-01,MUMBAI – VARANASI,89623.0,MUMBAI,VARANASI,False,False,40807.0,48816.0
2026-06-01,DELHI – RANCHI,82930.0,DELHI,RANCHI,False,False,43199.0,39731.0
2026-06-01,CHANDIGARH – DELHI,69554.0,CHANDIGARH,DELHI,False,False,35913.0,33641.0
2026-06-01,CHENNAI – COIMBATORE,69969.0,CHENNAI,COIMBATORE,False,False,34324.0,35645.0
2026-06-01,DELHI – RAIPUR,72690.0,DELHI,RAIPUR,False,False,38411.0,34279.0
2026-06-01,AGARTALA – KOLKATA,70974.0,AGARTALA,KOLKATA,False,False,34812.0,36162.0
2026-06-01,BENGALURU – MANGALURU,56439.0,BENGALURU,MANGALURU,False,False,27752.0,28687.0
2026-06-01,DELHI – LEH,98211.0,DELHI,LEH,False,False,47126.0,51085.0
2026-06-01,BENGALURU – BHUBANESWAR,68246.0,BENGALURU,BHUBANESWAR,False,False,33810.0,34436.0
2026-06-01,BENGALURU – VARANASI,59558.0,BENGALURU,VARANASI,False,False,27582.0,31976.0
2026-06-01,BENGALURU – LUCKNOW,75397.0,BENGALURU,LUCKNOW,False,False,36115.0,39282.0
2026-06-01,CHENNAI – PUNE,65034.0,CHENNAI,PUNE,False,False,33416.0,31618.0
2026-06-01,MUMBAI – NAGPUR,59856.0,MUMBAI,NAGPUR,False,False,29102.0,30754.0
2026-06-01,INDORE – MUMBAI,68725.0,INDORE,MUMBAI,False,False,34331.0,34394.0
2026-06-01,DELHI – NAGPUR,66176.0,DELHI,NAGPUR,False,False,36025.0,30151.0
2026-06-01,BENGALURU – GUWAHATI,63933.0,BENGALURU,GUWAHATI,False,False,31167.0,32766.0
2026-06-01,HYDERABAD – KOCHI,47776.0,HYDERABAD,KOCHI,False,False,23652.0,24124.0
2026-06-01,BENGALURU – JAIPUR,57515.0,BENGALURU,JAIPUR,False,False,27891.0,29624.0
2026-06-01,HYDERABAD – PUNE,60299.0,HYDERABAD,PUNE,False,False,29404.0,30895.0
2026-06-01,BENGALURU – THIRUVANANTHAPURAM,53478.0,BENGALURU,THIRUVANANTHAPURAM,False,False,26358.0,27120.0
2026-06-01,DELHI – UDAIPUR,32676.0,DELHI,UDAIPUR,False,False,16944.0,15732.0
2026-06-01,DELHI – JAMMU,68744.0,DELHI,JAMMU,False,False,34998.0,33746.0
2026-06-01,CHENNAI – KOCHI,35828.0,CHENNAI,KOCHI,False,False,18008.0,17820.0
2026-06-01,HYDERABAD – TIRUPATI,40190.0,HYDERABAD,TIRUPATI,False,False,20577.0,19613.0
2026-07-01,DELHI – MUMBAI,504551.0,DELHI,MUMBAI,False,False,258552.0,245999.0
2026-07-01,BENGALURU – DELHI,382427.0,BENGALURU,DELHI,False,False,189511.0,192916.0
2026-07-01,BENGALURU – MUMBAI,331608.0,BENGALURU,MUMBAI,False,False,159694.0,171914.0
2026-07-01,DELHI – HYDERABAD,243398.0,DELHI,HYDERABAD,False,False,122643.0,120755.0
2026-07-01,DELHI – KOLKATA,221148.0,DELHI,KOLKATA,False,False,108324.0,112824.0
2026-07-01,DELHI – PUNE,219479.0,DELHI,PUNE,False,False,113641.0,105838.0
2026-07-01,AHMEDABAD – DELHI,170130.0,AHMEDABAD,DELHI,False,False,82821.0,87309.0
2026-07-01,CHENNAI – MUMBAI,175441.0,CHENNAI,MUMBAI,False,False,82837.0,92604.0
2026-07-01,KOLKATA – MUMBAI,144138.0,KOLKATA,MUMBAI,False,False,73928.0,70210.0
2026-07-01,HYDERABAD – MUMBAI,173109.0,HYDERABAD,MUMBAI,False,False,85164.0,87945.0
2026-07-01,CHENNAI – DELHI,164240.0,CHENNAI,DELHI,False,False,79837.0,84403.0
2026-07-01,BENGALURU – HYDERABAD,165558.0,BENGALURU,HYDERABAD,False,False,81618.0,83940.0
2026-07-01,BENGALURU – KOLKATA,138704.0,BENGALURU,KOLKATA,False,False,68141.0,70563.0
2026-07-01,AHMEDABAD – MUMBAI,137418.0,AHMEDABAD,MUMBAI,False,False,69786.0,67632.0
2026-07-01,DELHI – SRINAGAR,142396.0,DELHI,SRINAGAR,False,False,70584.0,71812.0
2026-07-01,BENGALURU – PUNE,174676.0,BENGALURU,PUNE,False,False,84184.0,90492.0
2026-07-01,DELHI – GUWAHATI,117079.0,DELHI,GUWAHATI,False,False,57504.0,59575.0
2026-07-01,DELHI – PATNA,108899.0,DELHI,PATNA,False,False,53172.0,55727.0
2026-07-01,BENGALURU – CHENNAI,126736.0,BENGALURU,CHENNAI,False,False,64477.0,62259.0
2026-07-01,DELHI – LUCKNOW,102553.0,DELHI,LUCKNOW,False,False,50662.0,51891.0
2026-07-01,CHENNAI – HYDERABAD,91524.0,CHENNAI,HYDERABAD,False,False,45277.0,46247.0
2026-07-01,BENGALURU – KOCHI,106098.0,BENGALURU,KOCHI,False,False,53883.0,52215.0
2026-07-01,KOCHI – MUMBAI,105331.0,KOCHI,MUMBAI,False,False,45717.0,59614.0
2026-07-01,BAGDOGRA – DELHI,99748.0,BAGDOGRA,DELHI,False,False,51228.0,48520.0
2026-07-01,BHUBANESWAR – DELHI,83468.0,BHUBANESWAR,DELHI,False,False,41616.0,41852.0
2026-07-01,AHMEDABAD – BENGALURU,68281.0,AHMEDABAD,BENGALURU,False,False,34344.0,33937.0
2026-07-01,JAIPUR – MUMBAI,58174.0,JAIPUR,MUMBAI,False,False,28878.0,29296.0
2026-07-01,CHENNAI – KOLKATA,88712.0,CHENNAI,KOLKATA,False,False,43696.0,45016.0
2026-07-01,DELHI – INDORE,84043.0,DELHI,INDORE,False,False,41984.0,42059.0
2026-07-01,AMRITSAR – DELHI,70934.0,AMRITSAR,DELHI,False,False,34800.0,36134.0
2026-07-01,HYDERABAD – VISAKHAPATNAM,90612.0,HYDERABAD,VISAKHAPATNAM,False,False,43377.0,47235.0
2026-07-01,HYDERABAD – KOLKATA,72156.0,HYDERABAD,KOLKATA,False,False,35164.0,36992.0
2026-07-01,DELHI – VARANASI,65079.0,DELHI,VARANASI,False,False,31266.0,33813.0
2026-07-01,GUWAHATI – KOLKATA,69215.0,GUWAHATI,KOLKATA,False,False,34844.0,34371.0
2026-07-01,LUCKNOW – MUMBAI,70159.0,LUCKNOW,MUMBAI,False,False,36935.0,33224.0
2026-07-01,DELHI – KOCHI,72373.0,DELHI,KOCHI,False,False,39014.0,33359.0
2026-07-01,MUMBAI – VARANASI,63741.0,MUMBAI,VARANASI,False,False,30013.0,33728.0
2026-07-01,DELHI – RANCHI,65111.0,DELHI,RANCHI,False,False,31931.0,33180.0
2026-07-01,CHANDIGARH – DELHI,63858.0,CHANDIGARH,DELHI,False,False,32108.0,31750.0
2026-07-01,CHENNAI – COIMBATORE,66989.0,CHENNAI,COIMBATORE,False,False,33202.0,33787.0
2026-07-01,DELHI – RAIPUR,64154.0,DELHI,RAIPUR,False,False,32201.0,31953.0
2026-07-01,AGARTALA – KOLKATA,66640.0,AGARTALA,KOLKATA,False,False,33634.0,33006.0
2026-07-01,BENGALURU – MANGALURU,61168.0,BENGALURU,MANGALURU,False,False,32045.0,29123.0
2026-07-01,DELHI – LEH,94124.0,DELHI,LEH,False,False,46851.0,47273.0
2026-07-01,BENGALURU – BHUBANESWAR,50688.0,BENGALURU,BHUBANESWAR,False,False,25201.0,25487.0
2026-07-01,BENGALURU – VARANASI,34311.0,BENGALURU,VARANASI,False,False,16686.0,17625.0
2026-07-01,BENGALURU – LUCKNOW,59494.0,BENGALURU,LUCKNOW,False,False,28745.0,30749.0
2026-07-01,CHENNAI – PUNE,67241.0,CHENNAI,PUNE,False,False,33218.0,34023.0
2026-07-01,MUMBAI – NAGPUR,53080.0,MUMBAI,NAGPUR,False,False,26416.0,26664.0
2026-07-01,INDORE – MUMBAI,65000.0,INDORE,MUMBAI,False,False,32524.0,32476.0
2026-07-01,DELHI – NAGPUR,55597.0,DELHI,NAGPUR,False,False,29375.0,26222.0
2026-07-01,BENGALURU – GUWAHATI,61800.0,BENGALURU,GUWAHATI,False,False,31714.0,30086.0
2026-07-01,HYDERABAD – KOCHI,43137.0,HYDERABAD,KOCHI,False,False,23253.0,19884.0
2026-07-01,BENGALURU – JAIPUR,55067.0,BENGALURU,JAIPUR,False,False,27516.0,27551.0
2026-07-01,HYDERABAD – PUNE,61633.0,HYDERABAD,PUNE,False,False,30449.0,31184.0
2026-07-01,BENGALURU – THIRUVANANTHAPURAM,46350.0,BENGALURU,THIRUVANANTHAPURAM,False,False,23547.0,22803.0
2026-07-01,DELHI – UDAIPUR,33664.0,DELHI,UDAIPUR,False,False,16920.0,16744.0
2026-07-01,DELHI – JAMMU,59905.0,DELHI,JAMMU,False,False,30583.0,29322.0
2026-07-01,CHENNAI – KOCHI,39877.0,CHENNAI,KOCHI,False,False,20786.0,19091.0
2026-07-01,HYDERABAD – TIRUPATI,41011.0,HYDERABAD,TIRUPATI,False,False,20948.0,20063.0
