market,a,b,origin,target_date,horizon,forecast,lower,upper,model,xgb,ets,snaive,ensemble
AGARTALA – KOLKATA,AGARTALA,KOLKATA,2026-07-01,2026-08-01,1,66693.3939537704,59469.3879415342,75960.21302900086,xgb,66693.3939537704,68453.23848032266,64645.0,67573.31621704652
AGARTALA – KOLKATA,AGARTALA,KOLKATA,2026-07-01,2026-09-01,2,67191.22774170835,58684.07970047736,78646.26634812096,xgb,67191.22774170835,68330.99160898622,60748.0,67761.10967534728
AGARTALA – KOLKATA,AGARTALA,KOLKATA,2026-07-01,2026-10-01,3,69760.42359336217,59677.950792013005,83914.46301081641,xgb,69760.42359336217,70646.88338541373,70639.0,70203.65348938794
AGARTALA – KOLKATA,AGARTALA,KOLKATA,2026-07-01,2026-11-01,4,72518.12553217013,61591.06598090884,87163.59051726657,xgb,72518.12553217013,65476.07915519711,74506.0,68997.10234368363
AGARTALA – KOLKATA,AGARTALA,KOLKATA,2026-07-01,2026-12-01,5,72056.2331902186,60758.782660522105,86540.80454607042,xgb,72056.2331902186,68574.05125283528,70507.0,70315.14222152694
AGARTALA – KOLKATA,AGARTALA,KOLKATA,2026-07-01,2027-01-01,6,74452.21630523601,62327.75683508675,89348.61705167891,xgb,74452.21630523601,66472.71001435572,76410.0,70462.46315979587
AGARTALA – KOLKATA,AGARTALA,KOLKATA,2026-07-01,2027-02-01,7,69610.48244565725,57877.15126981796,83208.90222573206,xgb,69610.48244565725,60775.18516709909,62547.0,65192.83380637817
AGARTALA – KOLKATA,AGARTALA,KOLKATA,2026-07-01,2027-03-01,8,72454.31620301802,59830.881557348286,86266.93240210357,xgb,72454.31620301802,70245.55152020298,68838.0,71349.93386161051
AGARTALA – KOLKATA,AGARTALA,KOLKATA,2026-07-01,2027-04-01,9,72975.92306915918,59850.71918815624,86545.52849830968,xgb,72975.92306915918,69803.8090724525,70184.0,71389.86607080585
AGARTALA – KOLKATA,AGARTALA,KOLKATA,2026-07-01,2027-05-01,10,77099.66520597537,62801.62844615679,91075.69074490861,xgb,77099.66520597537,75535.33891936972,77768.0,76317.50206267255
AGARTALA – KOLKATA,AGARTALA,KOLKATA,2026-07-01,2027-06-01,11,72993.30526755253,59051.383802020224,85885.12568956276,xgb,72993.30526755253,68973.80560725997,70974.0,70983.55543740625
AGARTALA – KOLKATA,AGARTALA,KOLKATA,2026-07-01,2027-07-01,12,72086.51319533587,57920.153673805835,84483.88747519226,xgb,72086.51319533587,70317.97446907661,66640.0,71202.24383220624
AHMEDABAD – BENGALURU,AHMEDABAD,BENGALURU,2026-07-01,2026-08-01,1,80203.5361136198,71516.1565586221,91347.54325282478,xgb,80203.5361136198,68376.70672870158,85573.0,74290.1214211607
AHMEDABAD – BENGALURU,AHMEDABAD,BENGALURU,2026-07-01,2026-09-01,2,86644.23730027676,75674.12440895571,101415.70549123158,xgb,86644.23730027676,71383.12713270233,93446.0,79013.68221648954
AHMEDABAD – BENGALURU,AHMEDABAD,BENGALURU,2026-07-01,2026-10-01,3,91301.9967842102,78106.1207865011,109826.71316077412,xgb,91301.9967842102,78201.36333578046,98508.0,84751.68005999533
AHMEDABAD – BENGALURU,AHMEDABAD,BENGALURU,2026-07-01,2026-11-01,4,94995.76629134019,80681.76702887041,114180.72396561217,xgb,94995.76629134019,79868.38528533999,100946.0,87432.0757883401
AHMEDABAD – BENGALURU,AHMEDABAD,BENGALURU,2026-07-01,2026-12-01,5,93417.3997014761,78770.80488220132,112195.94157004885,xgb,93417.3997014761,77876.53589731798,93388.0,85646.96779939704
AHMEDABAD – BENGALURU,AHMEDABAD,BENGALURU,2026-07-01,2027-01-01,6,92947.96335995197,77811.49233845195,111544.99350206423,xgb,92947.96335995197,80816.51670607035,99224.0,86882.24003301116
AHMEDABAD – BENGALURU,AHMEDABAD,BENGALURU,2026-07-01,2027-02-01,7,93722.09241640568,77924.58160798994,112030.71937270054,xgb,93722.09241640568,73081.84188140243,87755.0,83401.96714890405
AHMEDABAD – BENGALURU,AHMEDABAD,BENGALURU,2026-07-01,2027-03-01,8,95978.9775106112,79256.93231776818,114276.31090645815,xgb,95978.9775106112,78655.76639803738,101871.0,87317.37195432429
AHMEDABAD – BENGALURU,AHMEDABAD,BENGALURU,2026-07-01,2027-04-01,9,109095.83001804352,89474.221255424,129381.79976052369,xgb,109095.83001804352,86810.99393297413,121711.0,97953.41197550882
AHMEDABAD – BENGALURU,AHMEDABAD,BENGALURU,2026-07-01,2027-05-01,10,107979.14211082458,87954.54486945305,127552.7582060606,xgb,107979.14211082458,87851.77244803571,115955.0,97915.45727943015
AHMEDABAD – BENGALURU,AHMEDABAD,BENGALURU,2026-07-01,2027-06-01,11,92655.34515865643,74957.92015743494,109019.80579715502,xgb,92655.34515865643,76327.28075468581,93686.0,84491.31295667111
AHMEDABAD – BENGALURU,AHMEDABAD,BENGALURU,2026-07-01,2027-07-01,12,85678.75457930565,68841.26325220517,100413.71041595913,xgb,85678.75457930565,65932.33096555634,68281.0,75805.54277243098
AHMEDABAD – DELHI,AHMEDABAD,DELHI,2026-07-01,2026-08-01,1,177348.6244240602,158138.81287976704,201990.60945960888,xgb,177348.6244240602,188846.368795171,192228.0,183097.4966096156
AHMEDABAD – DELHI,AHMEDABAD,DELHI,2026-07-01,2026-09-01,2,182310.2092401584,159227.73267944076,213391.20828391958,xgb,182310.2092401584,189619.95402825068,190092.0,185965.08163420454
AHMEDABAD – DELHI,AHMEDABAD,DELHI,2026-07-01,2026-10-01,3,184251.6717862934,157621.78088687544,221635.41017063407,xgb,184251.6717862934,186730.4106178772,190858.0,185491.0412020853
AHMEDABAD – DELHI,AHMEDABAD,DELHI,2026-07-01,2026-11-01,4,190820.44803828996,162067.548207919,229357.7677728636,xgb,190820.44803828996,195352.5270808199,202730.0,193086.48755955492
AHMEDABAD – DELHI,AHMEDABAD,DELHI,2026-07-01,2026-12-01,5,189157.43865532678,159500.09034666241,227181.41377015656,xgb,189157.43865532678,201447.66672529184,194592.0,195302.5526903093
AHMEDABAD – DELHI,AHMEDABAD,DELHI,2026-07-01,2027-01-01,6,196662.9072527985,164636.57457127445,236011.22519121546,xgb,196662.9072527985,206331.26379220808,214121.0,201497.0855225033
AHMEDABAD – DELHI,AHMEDABAD,DELHI,2026-07-01,2027-02-01,7,185266.95721584064,154038.92246330858,221458.88933705428,xgb,185266.95721584064,192148.16245309587,201317.0,188707.55983446824
AHMEDABAD – DELHI,AHMEDABAD,DELHI,2026-07-01,2027-03-01,8,197212.2808086723,162852.74960923154,234808.6268555212,xgb,197212.2808086723,199648.94117084082,211658.0,198430.61098975656
AHMEDABAD – DELHI,AHMEDABAD,DELHI,2026-07-01,2027-04-01,9,190187.0233815561,155980.62553937588,225551.60332097736,xgb,190187.0233815561,191836.68284952288,198314.0,191011.85311553947
AHMEDABAD – DELHI,AHMEDABAD,DELHI,2026-07-01,2027-05-01,10,203654.8743140201,165887.33185480308,240571.84038562365,xgb,203654.8743140201,204581.45849950225,223788.0,204118.16640676116
AHMEDABAD – DELHI,AHMEDABAD,DELHI,2026-07-01,2027-06-01,11,184487.80468970537,149250.12809862068,217071.39080616852,xgb,184487.80468970537,177171.48734363413,183485.0,180829.64601666975
AHMEDABAD – DELHI,AHMEDABAD,DELHI,2026-07-01,2027-07-01,12,178998.41904067498,143821.8534736258,209782.40758422686,xgb,178998.41904067498,174099.25904056162,170130.0,176548.8390406183
AHMEDABAD – MUMBAI,AHMEDABAD,MUMBAI,2026-07-01,2026-08-01,1,150558.51837762198,134250.52177593115,171478.10976934643,xgb,150558.51837762198,161513.50254758573,166646.0,156036.01046260385
AHMEDABAD – MUMBAI,AHMEDABAD,MUMBAI,2026-07-01,2026-09-01,2,158977.40032625198,138849.11386325659,186080.52553308464,xgb,158977.40032625198,164359.15234298466,159772.0,161668.27633461833
AHMEDABAD – MUMBAI,AHMEDABAD,MUMBAI,2026-07-01,2026-10-01,3,158019.94162487984,135181.3222267139,190081.39376771325,xgb,158019.94162487984,162437.60603385585,168007.0,160228.77382936783
AHMEDABAD – MUMBAI,AHMEDABAD,MUMBAI,2026-07-01,2026-11-01,4,173939.95112514496,147730.61117957812,209068.15452282675,xgb,173939.95112514496,174367.08458223953,186472.0,174153.51785369223
AHMEDABAD – MUMBAI,AHMEDABAD,MUMBAI,2026-07-01,2026-12-01,5,164175.40306584042,138434.9027342037,197177.54924110993,xgb,164175.40306584042,173735.62289489948,155745.0,168955.51298036997
AHMEDABAD – MUMBAI,AHMEDABAD,MUMBAI,2026-07-01,2027-01-01,6,173719.41694990796,145429.40579225498,208477.200945416,xgb,173719.41694990796,187286.55887524685,191958.0,180502.9879125774
AHMEDABAD – MUMBAI,AHMEDABAD,MUMBAI,2026-07-01,2027-02-01,7,164348.66099158925,136646.55062013096,196454.20032902365,xgb,164348.66099158925,171480.57069638334,173744.0,167914.61584398628
AHMEDABAD – MUMBAI,AHMEDABAD,MUMBAI,2026-07-01,2027-03-01,8,167382.9014351368,138220.42737150032,199292.60532820324,xgb,167382.9014351368,168981.98896863346,164726.0,168182.44520188513
AHMEDABAD – MUMBAI,AHMEDABAD,MUMBAI,2026-07-01,2027-04-01,9,164647.57448021573,135034.6159498051,195263.1875015933,xgb,164647.57448021573,156929.22302682692,162177.0,160788.39875352132
AHMEDABAD – MUMBAI,AHMEDABAD,MUMBAI,2026-07-01,2027-05-01,10,192898.43035189313,157125.6570108629,227865.55221702482,xgb,192898.43035189313,163069.52724184567,210521.0,177983.9787968694
AHMEDABAD – MUMBAI,AHMEDABAD,MUMBAI,2026-07-01,2027-06-01,11,166544.5658379396,134734.09707080052,195959.08032217142,xgb,166544.5658379396,151211.32667278463,174542.0,158877.94625536213
AHMEDABAD – MUMBAI,AHMEDABAD,MUMBAI,2026-07-01,2027-07-01,12,156249.7166537444,125543.70018633454,183121.40363947744,xgb,156249.7166537444,144621.56079578644,137418.0,150435.63872476542
AMRITSAR – DELHI,AMRITSAR,DELHI,2026-07-01,2026-08-01,1,76648.57478365302,68346.25678420831,87298.63219993524,xgb,76648.57478365302,80607.43667949819,74502.0,78628.0057315756
AMRITSAR – DELHI,AMRITSAR,DELHI,2026-07-01,2026-09-01,2,77996.31436442336,68121.12358030464,91293.44885996946,xgb,77996.31436442336,84388.918548245,74952.0,81192.61645633419
AMRITSAR – DELHI,AMRITSAR,DELHI,2026-07-01,2026-10-01,3,81626.30432908735,69828.85599262136,98187.87132457433,xgb,81626.30432908735,91475.33329084085,89236.0,86550.8188099641
AMRITSAR – DELHI,AMRITSAR,DELHI,2026-07-01,2026-11-01,4,100230.03376881282,85127.33303324442,120472.08276337752,xgb,100230.03376881282,102388.65565183865,113377.0,101309.34471032573
AMRITSAR – DELHI,AMRITSAR,DELHI,2026-07-01,2026-12-01,5,86661.93143114448,73074.50339328517,104082.50525349005,xgb,86661.93143114448,101841.9250099293,91933.0,94251.92822053688
AMRITSAR – DELHI,AMRITSAR,DELHI,2026-07-01,2027-01-01,6,90624.40820813179,75866.32552297629,108756.54139464407,xgb,90624.40820813179,98003.16067679631,100194.0,94313.78444246405
AMRITSAR – DELHI,AMRITSAR,DELHI,2026-07-01,2027-02-01,7,90010.91637785237,74838.95011362477,107594.56445342475,xgb,90010.91637785237,108593.34215153511,101718.0,99302.12926469374
AMRITSAR – DELHI,AMRITSAR,DELHI,2026-07-01,2027-03-01,8,93652.55135367315,77335.83037185152,111506.37726362706,xgb,93652.55135367315,113114.75596365127,107599.0,103383.65365866221
AMRITSAR – DELHI,AMRITSAR,DELHI,2026-07-01,2027-04-01,9,86729.51437279582,71130.63585550027,102856.54969628662,xgb,86729.51437279582,94138.48275492933,89560.0,90433.99856386258
AMRITSAR – DELHI,AMRITSAR,DELHI,2026-07-01,2027-05-01,10,84776.66371896863,69054.93715906331,100144.31562869488,xgb,84776.66371896863,74297.9118431558,87311.0,79537.28778106222
AMRITSAR – DELHI,AMRITSAR,DELHI,2026-07-01,2027-06-01,11,83312.54382153353,67399.61949517242,98026.91180242167,xgb,83312.54382153353,79321.08916347053,79574.0,81316.81649250202
AMRITSAR – DELHI,AMRITSAR,DELHI,2026-07-01,2027-07-01,12,75747.5064768394,60861.6927227104,88774.49511776015,xgb,75747.5064768394,76916.7374783012,70934.0,76332.12197757029
BAGDOGRA – DELHI,BAGDOGRA,DELHI,2026-07-01,2026-08-01,1,99630.00815853477,88838.41793844059,113473.25717220535,xgb,99630.00815853477,105585.59850022047,73066.0,102607.80332937761
BAGDOGRA – DELHI,BAGDOGRA,DELHI,2026-07-01,2026-09-01,2,100302.96947956085,87603.51094878564,117403.03486522399,xgb,100302.96947956085,103949.8997514242,77745.0,102126.43461549253
BAGDOGRA – DELHI,BAGDOGRA,DELHI,2026-07-01,2026-10-01,3,106980.96625526747,91519.0090742417,128686.86675439343,xgb,106980.96625526747,118117.22643685575,99963.0,112549.09634606162
BAGDOGRA – DELHI,BAGDOGRA,DELHI,2026-07-01,2026-11-01,4,112043.72309317192,95160.93102429807,134671.61662074176,xgb,112043.72309317192,115411.02031039054,107562.0,113727.37170178123
BAGDOGRA – DELHI,BAGDOGRA,DELHI,2026-07-01,2026-12-01,5,111117.77110159397,93695.99554643205,133454.39922057162,xgb,111117.77110159397,123277.59765973435,116213.0,117197.68438066417
BAGDOGRA – DELHI,BAGDOGRA,DELHI,2026-07-01,2027-01-01,6,109492.17280626297,91661.49593231271,131399.3686650673,xgb,109492.17280626297,112705.93263656695,110041.0,111099.05272141496
BAGDOGRA – DELHI,BAGDOGRA,DELHI,2026-07-01,2027-02-01,7,107272.06490983567,89190.61195501917,128227.68133525211,xgb,107272.06490983567,110581.80726142328,104735.0,108926.93608562948
BAGDOGRA – DELHI,BAGDOGRA,DELHI,2026-07-01,2027-03-01,8,109787.96841859818,90660.036269881,130717.83361523163,xgb,109787.96841859818,117844.6744276394,101765.0,113816.32142311879
BAGDOGRA – DELHI,BAGDOGRA,DELHI,2026-07-01,2027-04-01,9,114496.38676255941,93903.45204253445,135786.5702379905,xgb,114496.38676255941,111863.6099989332,116469.0,113179.99838074631
BAGDOGRA – DELHI,BAGDOGRA,DELHI,2026-07-01,2027-05-01,10,125164.93138233821,101953.25095332718,147853.85322013125,xgb,125164.93138233821,127103.33246481433,131757.0,126134.13192357626
BAGDOGRA – DELHI,BAGDOGRA,DELHI,2026-07-01,2027-06-01,11,112263.69101931652,90821.01818945831,132091.30862380975,xgb,112263.69101931652,121832.04157668591,121766.0,117047.86629800122
BAGDOGRA – DELHI,BAGDOGRA,DELHI,2026-07-01,2027-07-01,12,105447.16530253491,84724.8084012641,123581.87479338034,xgb,105447.16530253491,108280.12113594142,99748.0,106863.64321923816
BENGALURU – BHUBANESWAR,BENGALURU,BHUBANESWAR,2026-07-01,2026-08-01,1,56138.76807960867,50058.003942642754,63939.057974296906,xgb,56138.76807960867,50956.39271086533,59889.0,53547.580395237004
BENGALURU – BHUBANESWAR,BENGALURU,BHUBANESWAR,2026-07-01,2026-09-01,2,62674.60191284616,54739.308351201165,73359.62745387433,xgb,62674.60191284616,49588.686720880156,60111.0,56131.64431686316
BENGALURU – BHUBANESWAR,BENGALURU,BHUBANESWAR,2026-07-01,2026-10-01,3,64607.255582600825,55269.570063681924,77715.74310412277,xgb,64607.255582600825,54087.318871767806,60215.0,59347.287227184315
BENGALURU – BHUBANESWAR,BENGALURU,BHUBANESWAR,2026-07-01,2026-11-01,4,66977.78560702005,56885.54664512285,80504.34612811013,xgb,66977.78560702005,54792.75118052524,67772.0,60885.26839377265
BENGALURU – BHUBANESWAR,BENGALURU,BHUBANESWAR,2026-07-01,2026-12-01,5,73755.6657370925,62191.76698665456,88581.85295183428,xgb,73755.6657370925,57442.86869491091,75747.0,65599.2672160017
BENGALURU – BHUBANESWAR,BENGALURU,BHUBANESWAR,2026-07-01,2027-01-01,6,81438.74441794553,68176.53672291707,97733.00983192945,xgb,81438.74441794553,62263.2339175092,88761.0,71850.98916772737
BENGALURU – BHUBANESWAR,BENGALURU,BHUBANESWAR,2026-07-01,2027-02-01,7,71290.20761531591,59273.74707436435,85216.76199767577,xgb,71290.20761531591,53584.12337631713,67631.0,62437.16549581652
BENGALURU – BHUBANESWAR,BENGALURU,BHUBANESWAR,2026-07-01,2027-03-01,8,70525.02687750259,58237.72483220122,83969.84534711033,xgb,70525.02687750259,56743.77581484026,72829.0,63634.40134617142
BENGALURU – BHUBANESWAR,BENGALURU,BHUBANESWAR,2026-07-01,2027-04-01,9,76117.88662362099,62427.5797537883,90271.72866004829,xgb,76117.88662362099,58440.39552155443,76338.0,67279.1410725877
BENGALURU – BHUBANESWAR,BENGALURU,BHUBANESWAR,2026-07-01,2027-05-01,10,79457.88870334625,64722.522336930844,93861.39459174298,xgb,79457.88870334625,62163.2128838663,79507.0,70810.55079360628
BENGALURU – BHUBANESWAR,BENGALURU,BHUBANESWAR,2026-07-01,2027-06-01,11,70078.79204815626,56693.55059959452,82455.8614131441,xgb,70078.79204815626,58786.45314936055,68246.0,64432.622598758404
BENGALURU – BHUBANESWAR,BENGALURU,BHUBANESWAR,2026-07-01,2027-07-01,12,60869.430399735764,48907.439221485816,71337.70077955515,xgb,60869.430399735764,51819.06490901812,50688.0,56344.247654376944
BENGALURU – CHENNAI,BENGALURU,CHENNAI,2026-07-01,2026-08-01,1,124479.71227522194,110996.48497836314,141775.74271851915,xgb,124479.71227522194,125057.78423426107,121960.0,124768.74825474151
BENGALURU – CHENNAI,BENGALURU,CHENNAI,2026-07-01,2026-09-01,2,129985.8891441226,113528.24669009628,152146.42153026495,xgb,129985.8891441226,133710.44723364737,136217.0,131848.16818888497
BENGALURU – CHENNAI,BENGALURU,CHENNAI,2026-07-01,2026-10-01,3,128536.8972133398,109959.46170810837,154616.38779040086,xgb,128536.8972133398,130229.31560147203,129885.0,129383.10640740592
BENGALURU – CHENNAI,BENGALURU,CHENNAI,2026-07-01,2026-11-01,4,133387.02072873712,113288.21221469667,160325.31963281514,xgb,133387.02072873712,129597.41535492867,141123.0,131492.2180418329
BENGALURU – CHENNAI,BENGALURU,CHENNAI,2026-07-01,2026-12-01,5,128414.63898992538,108280.94663540396,154228.24205012558,xgb,128414.63898992538,126405.0305930886,114669.0,127409.83479150699
BENGALURU – CHENNAI,BENGALURU,CHENNAI,2026-07-01,2027-01-01,6,129983.35841697454,108815.71507296225,155990.43105279078,xgb,129983.35841697454,139887.78243592617,130412.0,134935.57042645034
BENGALURU – CHENNAI,BENGALURU,CHENNAI,2026-07-01,2027-02-01,7,126545.39571404457,105215.2887456055,151266.06064405202,xgb,126545.39571404457,129335.04462473703,124513.0,127940.2201693908
BENGALURU – CHENNAI,BENGALURU,CHENNAI,2026-07-01,2027-03-01,8,125769.30605530739,103857.00740118971,149745.83699515671,xgb,125769.30605530739,143023.54470446697,124725.0,134396.42537988717
BENGALURU – CHENNAI,BENGALURU,CHENNAI,2026-07-01,2027-04-01,9,127359.43121615052,104452.99261863728,151041.45066311755,xgb,127359.43121615052,138640.52021491912,119497.0,132999.97571553482
BENGALURU – CHENNAI,BENGALURU,CHENNAI,2026-07-01,2027-05-01,10,126095.73219777644,102711.43591836384,148953.38234241062,xgb,126095.73219777644,141788.91517946008,123628.0,133942.32368861826
BENGALURU – CHENNAI,BENGALURU,CHENNAI,2026-07-01,2027-06-01,11,125476.72838844359,101510.32918880004,147637.986103735,xgb,125476.72838844359,132933.28565725707,123012.0,129205.00702285033
BENGALURU – CHENNAI,BENGALURU,CHENNAI,2026-07-01,2027-07-01,12,121597.37975595891,97701.20109309099,142509.58873185364,xgb,121597.37975595891,132188.98885143225,126736.0,126893.18430369558
BENGALURU – DELHI,BENGALURU,DELHI,2026-07-01,2026-08-01,1,384329.9718017876,342700.63098726573,437731.30741749064,xgb,384329.9718017876,396977.98598995776,387743.0,390653.9788958727
BENGALURU – DELHI,BENGALURU,DELHI,2026-07-01,2026-09-01,2,392755.4636136194,343028.30449982133,459714.0406449595,xgb,392755.4636136194,378016.8686823407,363529.0,385386.16614798
BENGALURU – DELHI,BENGALURU,DELHI,2026-07-01,2026-10-01,3,396819.63694540656,339467.30176084774,477332.3473567521,xgb,396819.63694540656,395755.6809075893,374275.0,396287.6589264979
BENGALURU – DELHI,BENGALURU,DELHI,2026-07-01,2026-11-01,4,420160.33262328303,356850.40918054763,505014.2004584493,xgb,420160.33262328303,414757.70570298063,444099.0,417459.01916313183
BENGALURU – DELHI,BENGALURU,DELHI,2026-07-01,2026-12-01,5,410254.7352947195,345932.2975074083,492723.1592514012,xgb,410254.7352947195,429654.7256725678,421576.0,419954.73048364365
BENGALURU – DELHI,BENGALURU,DELHI,2026-07-01,2027-01-01,6,415688.91103718674,347994.4406214497,498859.95566097053,xgb,415688.91103718674,413934.9887945946,415981.0,414811.9499158907
BENGALURU – DELHI,BENGALURU,DELHI,2026-07-01,2027-02-01,7,411920.35667198896,342488.3143545777,492389.0695609815,xgb,411920.35667198896,398236.6611287214,427600.0,405078.5089003552
BENGALURU – DELHI,BENGALURU,DELHI,2026-07-01,2027-03-01,8,409784.865141809,338389.6366034884,487905.82967534865,xgb,409784.865141809,408354.28418255685,419883.0,409069.57466218295
BENGALURU – DELHI,BENGALURU,DELHI,2026-07-01,2027-04-01,9,411741.81764193374,337687.32027348573,488303.69954902964,xgb,411741.81764193374,407850.5156802313,424379.0,409796.16666108253
BENGALURU – DELHI,BENGALURU,DELHI,2026-07-01,2027-05-01,10,418011.8564363718,340492.0789717086,493785.78315218916,xgb,418011.8564363718,406911.1964915871,440321.0,412461.52646397945
BENGALURU – DELHI,BENGALURU,DELHI,2026-07-01,2027-06-01,11,390952.99461344874,316279.90058603894,460001.73520040466,xgb,390952.99461344874,383540.2226822859,375345.0,387246.60864786734
BENGALURU – DELHI,BENGALURU,DELHI,2026-07-01,2027-07-01,12,388029.46039023,311774.35250426613,454762.4210902857,xgb,388029.46039023,393930.5960722217,382427.0,390980.02823122585
BENGALURU – GUWAHATI,BENGALURU,GUWAHATI,2026-07-01,2026-08-01,1,61312.75511279205,54671.56195551181,69831.95281666052,xgb,61312.75511279205,58902.92961224888,56549.0,60107.84236252047
BENGALURU – GUWAHATI,BENGALURU,GUWAHATI,2026-07-01,2026-09-01,2,62656.50715016325,54723.504584383154,73338.44782115596,xgb,62656.50715016325,59022.24732372454,57160.0,60839.377236943896
BENGALURU – GUWAHATI,BENGALURU,GUWAHATI,2026-07-01,2026-10-01,3,67527.81898871064,57768.02449180784,81228.87415019149,xgb,67527.81898871064,71809.70820030813,71108.0,69668.7635945094
BENGALURU – GUWAHATI,BENGALURU,GUWAHATI,2026-07-01,2026-11-01,4,69082.40985787907,58673.04528975032,83034.01171238127,xgb,69082.40985787907,72934.3812598924,69053.0,71008.39555888574
BENGALURU – GUWAHATI,BENGALURU,GUWAHATI,2026-07-01,2026-12-01,5,72948.90841959913,61511.49839165369,87612.92321129404,xgb,72948.90841959913,75832.98029789906,68133.0,74390.9443587491
BENGALURU – GUWAHATI,BENGALURU,GUWAHATI,2026-07-01,2027-01-01,6,70911.70851654807,59363.816747375036,85099.72440242518,xgb,70911.70851654807,72246.37547014802,70109.0,71579.04199334804
BENGALURU – GUWAHATI,BENGALURU,GUWAHATI,2026-07-01,2027-02-01,7,62998.323162565626,52379.51744223486,75305.05648357312,xgb,62998.323162565626,60864.02772647537,50012.0,61931.1754445205
BENGALURU – GUWAHATI,BENGALURU,GUWAHATI,2026-07-01,2027-03-01,8,64389.11807927489,53170.85163827325,76664.19321675274,xgb,64389.11807927489,67137.50982189015,54034.0,65763.31395058252
BENGALURU – GUWAHATI,BENGALURU,GUWAHATI,2026-07-01,2027-04-01,9,66805.18002652128,54789.825218001424,79227.35840341076,xgb,66805.18002652128,70377.7265684024,61082.0,68591.45329746185
BENGALURU – GUWAHATI,BENGALURU,GUWAHATI,2026-07-01,2027-05-01,10,74256.5006036659,60485.725173574676,87717.13945463998,xgb,74256.5006036659,73898.77254904473,76224.0,74077.63657635532
BENGALURU – GUWAHATI,BENGALURU,GUWAHATI,2026-07-01,2027-06-01,11,65674.37856543064,53130.39216968247,77273.55593778365,xgb,65674.37856543064,68187.35371524519,63933.0,66930.86614033792
BENGALURU – GUWAHATI,BENGALURU,GUWAHATI,2026-07-01,2027-07-01,12,64198.94794660807,51582.64376983057,75239.82578613456,xgb,64198.94794660807,62371.982046414654,61800.0,63285.464996511364
BENGALURU – HYDERABAD,BENGALURU,HYDERABAD,2026-07-01,2026-08-01,1,166928.10750468075,148847.01160092594,190122.19734045595,xgb,166928.10750468075,169240.71327584973,203759.0,168084.41039026523
BENGALURU – HYDERABAD,BENGALURU,HYDERABAD,2026-07-01,2026-09-01,2,165866.3268127789,144865.82652908465,194143.90471994402,xgb,165866.3268127789,159722.6834319723,180293.0,162794.50512237562
BENGALURU – HYDERABAD,BENGALURU,HYDERABAD,2026-07-01,2026-10-01,3,174051.27064120272,148895.64354080812,209365.39888780913,xgb,174051.27064120272,162939.97801552483,186854.0,168495.62432836377
BENGALURU – HYDERABAD,BENGALURU,HYDERABAD,2026-07-01,2026-11-01,4,183654.0520280798,155980.98755468795,220744.07564093685,xgb,183654.0520280798,164706.93987289455,202380.0,174180.49595048718
BENGALURU – HYDERABAD,BENGALURU,HYDERABAD,2026-07-01,2026-12-01,5,181730.5928145349,153237.67428193908,218261.64117248193,xgb,181730.5928145349,168788.43712970003,178387.0,175259.51497211747
BENGALURU – HYDERABAD,BENGALURU,HYDERABAD,2026-07-01,2027-01-01,6,181907.01030142108,152283.6587991167,218302.96811855212,xgb,181907.01030142108,168989.51263114094,179081.0,175448.26146628102
BENGALURU – HYDERABAD,BENGALURU,HYDERABAD,2026-07-01,2027-02-01,7,178232.54395472008,148190.2085037965,213050.30222925884,xgb,178232.54395472008,166762.29724815724,172963.0,172497.42060143867
BENGALURU – HYDERABAD,BENGALURU,HYDERABAD,2026-07-01,2027-03-01,8,180692.2597436607,149210.94777514788,215139.2459934695,xgb,180692.2597436607,179764.11300048907,173779.0,180228.18637207488
BENGALURU – HYDERABAD,BENGALURU,HYDERABAD,2026-07-01,2027-04-01,9,180144.02074428397,147743.9235509729,213641.14115212046,xgb,180144.02074428397,184673.0425252159,169098.0,182408.53163474993
BENGALURU – HYDERABAD,BENGALURU,HYDERABAD,2026-07-01,2027-05-01,10,185461.30759035546,151067.73939045868,219080.2858886669,xgb,185461.30759035546,199549.50175277912,182762.0,192505.4046715673
BENGALURU – HYDERABAD,BENGALURU,HYDERABAD,2026-07-01,2027-06-01,11,179235.4577561468,145000.99383215522,210891.3928611461,xgb,179235.4577561468,170447.0264343353,174493.0,174841.24209524103
BENGALURU – HYDERABAD,BENGALURU,HYDERABAD,2026-07-01,2027-07-01,12,168889.7122046401,135699.698198893,197935.2143576507,xgb,168889.7122046401,167916.6946763294,165558.0,168403.20344048477
BENGALURU – JAIPUR,BENGALURU,JAIPUR,2026-07-01,2026-08-01,1,55686.31552114089,49654.55953638999,63423.73867969702,xgb,55686.31552114089,59900.149292207665,55062.0,57793.23240667427
BENGALURU – JAIPUR,BENGALURU,JAIPUR,2026-07-01,2026-09-01,2,55743.1960316499,48685.49464902968,65246.52680932236,xgb,55743.1960316499,55185.31413194686,48114.0,55464.25508179839
BENGALURU – JAIPUR,BENGALURU,JAIPUR,2026-07-01,2026-10-01,3,62810.2787771225,53732.310284457635,75554.16873419657,xgb,62810.2787771225,65160.192630321035,64202.0,63985.235703721766
BENGALURU – JAIPUR,BENGALURU,JAIPUR,2026-07-01,2026-11-01,4,71240.15748556454,60505.6626599824,85627.52925408533,xgb,71240.15748556454,73587.75788773799,76747.0,72413.95768665127
BENGALURU – JAIPUR,BENGALURU,JAIPUR,2026-07-01,2026-12-01,5,65044.47366257508,54846.372944581395,78119.55791770495,xgb,65044.47366257508,74438.69496275624,65476.0,69741.58431266565
BENGALURU – JAIPUR,BENGALURU,JAIPUR,2026-07-01,2027-01-01,6,68235.24591485658,57123.21306228771,81887.75511636306,xgb,68235.24591485658,75488.17985572979,73006.0,71861.71288529318
BENGALURU – JAIPUR,BENGALURU,JAIPUR,2026-07-01,2027-02-01,7,62327.4062350591,51821.68823119483,74503.07581828954,xgb,62327.4062350591,63360.36826312997,58449.0,62843.887249094536
BENGALURU – JAIPUR,BENGALURU,JAIPUR,2026-07-01,2027-03-01,8,63330.546733776726,52296.71107478995,75403.81692048055,xgb,63330.546733776726,63988.99353748956,61050.0,63659.77013563314
BENGALURU – JAIPUR,BENGALURU,JAIPUR,2026-07-01,2027-04-01,9,65446.26365979512,53675.31897478421,77615.75651888426,xgb,65446.26365979512,59419.04161743158,62731.0,62432.65263861335
BENGALURU – JAIPUR,BENGALURU,JAIPUR,2026-07-01,2027-05-01,10,67112.53324528535,54666.59765241241,79278.16945282002,xgb,67112.53324528535,66562.12919664152,66817.0,66837.33122096343
BENGALURU – JAIPUR,BENGALURU,JAIPUR,2026-07-01,2027-06-01,11,64712.04779736201,52351.86921718131,76141.26169973591,xgb,64712.04779736201,61812.659058073885,57515.0,63262.35342771794
BENGALURU – JAIPUR,BENGALURU,JAIPUR,2026-07-01,2027-07-01,12,60879.886516948536,48915.84051444548,71349.95513048535,xgb,60879.886516948536,59637.416699054076,55067.0,60258.65160800131
BENGALURU – KOCHI,BENGALURU,KOCHI,2026-07-01,2026-08-01,1,109524.97271329165,97661.59293209077,124743.09322245563,xgb,109524.97271329165,109078.35834529014,116533.0,109301.66552929088
BENGALURU – KOCHI,BENGALURU,KOCHI,2026-07-01,2026-09-01,2,109414.58634366095,95561.49695714592,128068.03788482542,xgb,109414.58634366095,118495.57612412787,117436.0,113955.08123389441
BENGALURU – KOCHI,BENGALURU,KOCHI,2026-07-01,2026-10-01,3,111246.68997122347,95168.20781616803,133818.08437806353,xgb,111246.68997122347,116443.21374559736,108283.0,113844.95185841041
BENGALURU – KOCHI,BENGALURU,KOCHI,2026-07-01,2026-11-01,4,114533.6145849824,97275.64469115053,137664.35644726027,xgb,114533.6145849824,112422.7850764794,116829.0,113478.1998307309
BENGALURU – KOCHI,BENGALURU,KOCHI,2026-07-01,2026-12-01,5,115772.36862391233,97620.81463160645,139044.65278484282,xgb,115772.36862391233,111471.95409691134,113106.0,113622.16136041185
BENGALURU – KOCHI,BENGALURU,KOCHI,2026-07-01,2027-01-01,6,118841.61481055617,99488.39184899413,142619.4471898449,xgb,118841.61481055617,118151.759137469,129151.0,118496.68697401258
BENGALURU – KOCHI,BENGALURU,KOCHI,2026-07-01,2027-02-01,7,113193.33731558919,94113.81269572853,135305.67532914388,xgb,113193.33731558919,99956.16651433262,107950.0,106574.75191496091
BENGALURU – KOCHI,BENGALURU,KOCHI,2026-07-01,2027-03-01,8,111743.03930644691,92274.48273569728,133045.61720304145,xgb,111743.03930644691,111890.86977524523,108206.0,111816.95454084607
BENGALURU – KOCHI,BENGALURU,KOCHI,2026-07-01,2027-04-01,9,115592.5599732399,94802.47122933998,137086.57283959,xgb,115592.5599732399,118986.9710114577,111267.0,117289.7654923488
BENGALURU – KOCHI,BENGALURU,KOCHI,2026-07-01,2027-05-01,10,116814.02107295394,95151.00654622065,137989.15506944453,xgb,116814.02107295394,119413.65454570221,118643.0,118113.83780932808
BENGALURU – KOCHI,BENGALURU,KOCHI,2026-07-01,2027-06-01,11,113404.2922154367,91743.76142940686,133433.35878486736,xgb,113404.2922154367,107965.62244910459,109665.0,110684.95733227064
BENGALURU – KOCHI,BENGALURU,KOCHI,2026-07-01,2027-07-01,12,108478.3097806871,87160.27581673402,127134.31279685738,xgb,108478.3097806871,106573.52868826796,106098.0,107525.91923447754
BENGALURU – KOLKATA,BENGALURU,KOLKATA,2026-07-01,2026-08-01,1,148459.4359937062,132378.80499545275,169087.36706463134,xgb,148459.4359937062,151080.93890804937,165452.0,149770.1874508778
BENGALURU – KOLKATA,BENGALURU,KOLKATA,2026-07-01,2026-09-01,2,158762.64161954325,138661.5459695828,185829.15387318106,xgb,158762.64161954325,152650.05728598766,173148.0,155706.34945276545
BENGALURU – KOLKATA,BENGALURU,KOLKATA,2026-07-01,2026-10-01,3,168984.8384196808,144561.4626796153,203271.01302616476,xgb,168984.8384196808,181435.02468062573,202231.0,175209.93155015327
BENGALURU – KOLKATA,BENGALURU,KOLKATA,2026-07-01,2026-11-01,4,174539.15218164524,148239.52438625452,209788.36778182964,xgb,174539.15218164524,175398.03466541192,199464.0,174968.5934235286
BENGALURU – KOLKATA,BENGALURU,KOLKATA,2026-07-01,2026-12-01,5,165304.5323053251,139386.9996593425,198533.65333502696,xgb,165304.5323053251,169912.34803878577,157297.0,167608.44017205545
BENGALURU – KOLKATA,BENGALURU,KOLKATA,2026-07-01,2027-01-01,6,168820.76422979435,141328.49314370425,202598.42570299498,xgb,168820.76422979435,168699.68246748272,171997.0,168760.22334863854
BENGALURU – KOLKATA,BENGALURU,KOLKATA,2026-07-01,2027-02-01,7,167995.5181358258,139678.70461735647,200813.4716468584,xgb,167995.5181358258,149504.64028406108,164496.0,158750.07920994345
BENGALURU – KOLKATA,BENGALURU,KOLKATA,2026-07-01,2027-03-01,8,173570.60606829822,143330.07221282608,206659.92759810667,xgb,173570.60606829822,170192.60790225532,181059.0,171881.60698527677
BENGALURU – KOLKATA,BENGALURU,KOLKATA,2026-07-01,2027-04-01,9,177076.60749673843,145228.20492499685,210003.35365363333,xgb,177076.60749673843,168935.0341895766,184646.0,173005.82084315753
BENGALURU – KOLKATA,BENGALURU,KOLKATA,2026-07-01,2027-05-01,10,187327.8568177422,152588.13939143973,221285.18859141492,xgb,187327.8568177422,172696.03857085435,198331.0,180011.9476942983
BENGALURU – KOLKATA,BENGALURU,KOLKATA,2026-07-01,2027-06-01,11,168348.80430584154,136193.72104381997,198081.9770319685,xgb,168348.80430584154,164711.03323404785,164880.0,166529.9187699447
BENGALURU – KOLKATA,BENGALURU,KOLKATA,2026-07-01,2027-07-01,12,153910.39042793214,123664.09568770861,180379.762174676,xgb,153910.39042793214,151970.0686873457,138704.0,152940.22955763893
BENGALURU – LUCKNOW,BENGALURU,LUCKNOW,2026-07-01,2026-08-01,1,64327.12182998657,57359.42252273903,73265.15548354445,xgb,64327.12182998657,61528.82161030416,65938.0,62927.97172014537
BENGALURU – LUCKNOW,BENGALURU,LUCKNOW,2026-07-01,2026-09-01,2,69534.03072357178,60730.25807124177,81388.48007907248,xgb,69534.03072357178,58858.36401631862,64263.0,64196.1973699452
BENGALURU – LUCKNOW,BENGALURU,LUCKNOW,2026-07-01,2026-10-01,3,73153.78413200378,62580.86899137845,87996.3193519138,xgb,73153.78413200378,64137.8005751787,76301.0,68645.79235359124
BENGALURU – LUCKNOW,BENGALURU,LUCKNOW,2026-07-01,2026-11-01,4,72033.03067684174,61179.065408330935,86580.52788262744,xgb,72033.03067684174,71765.49889858895,78044.0,71899.26478771534
BENGALURU – LUCKNOW,BENGALURU,LUCKNOW,2026-07-01,2026-12-01,5,66447.66335487366,56029.56132081513,79804.81344003713,xgb,66447.66335487366,65291.40074315929,56527.0,65869.53204901647
BENGALURU – LUCKNOW,BENGALURU,LUCKNOW,2026-07-01,2027-01-01,6,66641.06731414795,55788.64464904789,79974.61323321564,xgb,66641.06731414795,69939.73127157637,58088.0,68290.39929286216
BENGALURU – LUCKNOW,BENGALURU,LUCKNOW,2026-07-01,2027-02-01,7,64278.603196144104,53443.99736778337,76835.43944304698,xgb,64278.603196144104,65664.7512584529,51984.0,64971.6772272985
BENGALURU – LUCKNOW,BENGALURU,LUCKNOW,2026-07-01,2027-03-01,8,72609.31723117828,59958.87735722773,86451.48266659149,xgb,72609.31723117828,70183.75489195093,64166.0,71396.5360615646
BENGALURU – LUCKNOW,BENGALURU,LUCKNOW,2026-07-01,2027-04-01,9,81335.73658466339,66706.96478449661,96459.81869729709,xgb,81335.73658466339,80728.80406838839,82885.0,81032.27032652589
BENGALURU – LUCKNOW,BENGALURU,LUCKNOW,2026-07-01,2027-05-01,10,83491.00086688995,68007.69887952518,98625.59784950198,xgb,83491.00086688995,75727.31330209847,90113.0,79609.15708449422
BENGALURU – LUCKNOW,BENGALURU,LUCKNOW,2026-07-01,2027-06-01,11,72999.75607395172,59056.60248670802,85892.7158146621,xgb,72999.75607395172,69337.0388341279,75397.0,71168.3974540398
BENGALURU – LUCKNOW,BENGALURU,LUCKNOW,2026-07-01,2027-07-01,12,64711.93846464157,51994.82197516549,75841.03995616864,xgb,64711.93846464157,61495.94232219317,59494.0,63103.940393417375
BENGALURU – MANGALURU,BENGALURU,MANGALURU,2026-07-01,2026-08-01,1,63641.70140205324,56748.244549699084,72484.49823049875,xgb,63641.70140205324,68578.33106455782,68456.0,66110.01623330553
BENGALURU – MANGALURU,BENGALURU,MANGALURU,2026-07-01,2026-09-01,2,64927.832710802555,56707.25536117615,75996.99836427173,xgb,64927.832710802555,64522.292170395376,63904.0,64725.062440598966
BENGALURU – MANGALURU,BENGALURU,MANGALURU,2026-07-01,2026-10-01,3,69097.90861013532,59111.1890877199,83117.52706647402,xgb,69097.90861013532,72559.88635094254,72866.0,70828.89748053893
BENGALURU – MANGALURU,BENGALURU,MANGALURU,2026-07-01,2026-11-01,4,72453.51791465282,61536.19346449758,87085.93500871268,xgb,72453.51791465282,74932.75076488551,74410.0,73693.13433976917
BENGALURU – MANGALURU,BENGALURU,MANGALURU,2026-07-01,2026-12-01,5,70018.66991388798,59040.68196634872,84093.65518174428,xgb,70018.66991388798,79089.39141656722,71399.0,74554.03066522759
BENGALURU – MANGALURU,BENGALURU,MANGALURU,2026-07-01,2027-01-01,6,72484.761641711,60680.69994493988,86987.51402450853,xgb,72484.761641711,77271.57056248943,77421.0,74878.16610210022
BENGALURU – MANGALURU,BENGALURU,MANGALURU,2026-07-01,2027-02-01,7,69348.8324714601,57659.60421936942,82896.13888384124,xgb,69348.8324714601,63133.809820032904,64925.0,66241.32114574651
BENGALURU – MANGALURU,BENGALURU,MANGALURU,2026-07-01,2027-03-01,8,70081.03354874253,57871.086739987884,83441.20958755384,xgb,70081.03354874253,71234.68305282845,69761.0,70657.85830078549
BENGALURU – MANGALURU,BENGALURU,MANGALURU,2026-07-01,2027-04-01,9,72685.01040649414,59612.12909776515,86200.52169225208,xgb,72685.01040649414,76108.11964262239,70884.0,74396.56502455827
BENGALURU – MANGALURU,BENGALURU,MANGALURU,2026-07-01,2027-05-01,10,77125.73870286345,62822.866645563794,91106.49064180667,xgb,77125.73870286345,78129.69381818674,79304.0,77627.7162605251
BENGALURU – MANGALURU,BENGALURU,MANGALURU,2026-07-01,2027-06-01,11,67372.6564167589,54504.29429445493,79271.7776402055,xgb,67372.6564167589,62334.68081475245,56439.0,64853.66861575567
BENGALURU – MANGALURU,BENGALURU,MANGALURU,2026-07-01,2027-07-01,12,67777.27300043404,54457.76045706465,79433.54799292116,xgb,67777.27300043404,64978.8428078245,61168.0,66378.05790412927
BENGALURU – MUMBAI,BENGALURU,MUMBAI,2026-07-01,2026-08-01,1,336953.8330664982,300456.1176015199,383772.4161767992,xgb,336953.8330664982,352337.6980074607,339811.0,344645.7655369794
BENGALURU – MUMBAI,BENGALURU,MUMBAI,2026-07-01,2026-09-01,2,337301.3508537163,294595.29200254637,394805.881220052,xgb,337301.3508537163,351069.5354638245,329010.0,344185.44315877045
BENGALURU – MUMBAI,BENGALURU,MUMBAI,2026-07-01,2026-10-01,3,334283.02842949826,285969.10817953944,402107.3752046417,xgb,334283.02842949826,345784.10496766586,318397.0,340033.566698582
BENGALURU – MUMBAI,BENGALURU,MUMBAI,2026-07-01,2026-11-01,4,348101.78281967837,295649.669877467,418402.9997102562,xgb,348101.78281967837,355267.6491179362,340573.0,351684.7159688073
BENGALURU – MUMBAI,BENGALURU,MUMBAI,2026-07-01,2026-12-01,5,344341.8881201744,290353.7003658909,413560.6694588923,xgb,344341.8881201744,366125.38337082963,324953.0,355233.635745502
BENGALURU – MUMBAI,BENGALURU,MUMBAI,2026-07-01,2027-01-01,6,354974.20138324297,297167.05297042866,425997.4458327361,xgb,354974.20138324297,374667.5251074911,366651.0,364820.8632453671
BENGALURU – MUMBAI,BENGALURU,MUMBAI,2026-07-01,2027-02-01,7,342335.2313222736,284632.24606574234,409210.4779442673,xgb,342335.2313222736,338210.44141009677,341132.0,340272.8363661852
BENGALURU – MUMBAI,BENGALURU,MUMBAI,2026-07-01,2027-03-01,8,347484.7664651771,286943.84261533944,413728.9043680677,xgb,347484.7664651771,337263.84211332974,335559.0,342374.3042892534
BENGALURU – MUMBAI,BENGALURU,MUMBAI,2026-07-01,2027-04-01,9,349863.7373796602,286938.4232411073,414919.6170526136,xgb,349863.7373796602,350819.053620373,357157.0,350341.39550001663
BENGALURU – MUMBAI,BENGALURU,MUMBAI,2026-07-01,2027-05-01,10,380906.4446477592,310267.81952434726,449954.19192550954,xgb,380906.4446477592,370054.9474159864,395304.0,375480.69603187277
BENGALURU – MUMBAI,BENGALURU,MUMBAI,2026-07-01,2027-06-01,11,341657.97773092985,276400.36710297747,402000.40610171744,xgb,341657.97773092985,335217.6179074953,349010.0,338437.79781921254
BENGALURU – MUMBAI,BENGALURU,MUMBAI,2026-07-01,2027-07-01,12,332410.32103364664,267085.4231062138,389577.9517272613,xgb,332410.32103364664,335813.30684232526,331608.0,334111.8139379859
BENGALURU – PUNE,BENGALURU,PUNE,2026-07-01,2026-08-01,1,167918.66259425879,149730.27306667785,191250.38667317253,xgb,167918.66259425879,179051.45647427646,155590.0,173485.05953426764
BENGALURU – PUNE,BENGALURU,PUNE,2026-07-01,2026-09-01,2,160047.82821029425,139784.0138103483,187333.44439324393,xgb,160047.82821029425,174738.78412155816,148931.0,167393.30616592622
BENGALURU – PUNE,BENGALURU,PUNE,2026-07-01,2026-10-01,3,164069.39280211926,140356.4463311543,197358.2481917523,xgb,164069.39280211926,174892.757094872,144986.0,169481.07494849563
BENGALURU – PUNE,BENGALURU,PUNE,2026-07-01,2026-11-01,4,164569.02258440852,139771.6978207539,197804.71145811366,xgb,164569.02258440852,170044.48736959335,144380.0,167306.75497700094
BENGALURU – PUNE,BENGALURU,PUNE,2026-07-01,2026-12-01,5,159547.33659490943,134532.4549875469,191619.15993661003,xgb,159547.33659490943,182955.08815304248,134155.0,171251.21237397596
BENGALURU – PUNE,BENGALURU,PUNE,2026-07-01,2027-01-01,6,164711.15322574973,137888.1276575142,197666.56365705712,xgb,164711.15322574973,187638.33415641828,152411.0,176174.743691084
BENGALURU – PUNE,BENGALURU,PUNE,2026-07-01,2027-02-01,7,156480.7728472352,130104.84976839098,187049.31887546327,xgb,156480.7728472352,168319.91687877334,134005.0,162400.34486300428
BENGALURU – PUNE,BENGALURU,PUNE,2026-07-01,2027-03-01,8,160863.64300951362,132836.99406971782,191530.5221924072,xgb,160863.64300951362,178302.81803838603,139371.0,169583.23052394984
BENGALURU – PUNE,BENGALURU,PUNE,2026-07-01,2027-04-01,9,163106.99455723166,133771.1195460659,193436.14238834157,xgb,163106.99455723166,175792.9612581923,153181.0,169449.977907712
BENGALURU – PUNE,BENGALURU,PUNE,2026-07-01,2027-05-01,10,168393.01193907857,137164.73788147717,198917.98282126154,xgb,168393.01193907857,180929.8048689199,169942.0,174661.40840399923
BENGALURU – PUNE,BENGALURU,PUNE,2026-07-01,2027-06-01,11,159225.11874631047,128812.6844447784,187346.89827152362,xgb,159225.11874631047,175510.40133863757,155767.0,167367.76004247402
BENGALURU – PUNE,BENGALURU,PUNE,2026-07-01,2027-07-01,12,162070.42480155826,130220.52939429192,189943.15198584716,xgb,162070.42480155826,181499.6834141876,174676.0,171785.05410787294
BENGALURU – THIRUVANANTHAPURAM,BENGALURU,THIRUVANANTHAPURAM,2026-07-01,2026-08-01,1,50136.616956432656,44705.985812102095,57102.92847300419,xgb,50136.616956432656,50332.02450232639,60122.0,50234.32072937953
BENGALURU – THIRUVANANTHAPURAM,BENGALURU,THIRUVANANTHAPURAM,2026-07-01,2026-09-01,2,55200.173349777855,48211.22460793672,64610.92737310205,xgb,55200.173349777855,51102.69145272316,56810.0,53151.43240125051
BENGALURU – THIRUVANANTHAPURAM,BENGALURU,THIRUVANANTHAPURAM,2026-07-01,2026-10-01,3,56841.440137028694,48626.14778857971,68374.28272603102,xgb,56841.440137028694,53006.67748533762,59689.0,54924.05881118316
BENGALURU – THIRUVANANTHAPURAM,BENGALURU,THIRUVANANTHAPURAM,2026-07-01,2026-11-01,4,61375.4470685323,52127.37067133384,73770.58213842701,xgb,61375.4470685323,57912.10518554091,64651.0,59643.7761270366
BENGALURU – THIRUVANANTHAPURAM,BENGALURU,THIRUVANANTHAPURAM,2026-07-01,2026-12-01,5,61375.41824245453,51752.576183765195,73712.95776774795,xgb,61375.41824245453,63173.0393538162,62917.0,62274.228798135366
BENGALURU – THIRUVANANTHAPURAM,BENGALURU,THIRUVANANTHAPURAM,2026-07-01,2027-01-01,6,66718.20924798647,55853.224105949,80067.18972653193,xgb,66718.20924798647,54691.43064474378,72607.0,60704.819946365125
BENGALURU – THIRUVANANTHAPURAM,BENGALURU,THIRUVANANTHAPURAM,2026-07-01,2027-02-01,7,60108.364390412964,49976.681329872124,71850.54376566206,xgb,60108.364390412964,44304.49436251058,54293.0,52206.429376461776
BENGALURU – THIRUVANANTHAPURAM,BENGALURU,THIRUVANANTHAPURAM,2026-07-01,2027-03-01,8,61042.54910929997,50407.342407090604,72679.63778595043,xgb,61042.54910929997,47526.8816592941,57233.0,54284.71538429704
BENGALURU – THIRUVANANTHAPURAM,BENGALURU,THIRUVANANTHAPURAM,2026-07-01,2027-04-01,9,64776.3405183951,53125.885954586825,76821.26362469002,xgb,64776.3405183951,57301.445659757606,64514.0,61038.89308907636
BENGALURU – THIRUVANANTHAPURAM,BENGALURU,THIRUVANANTHAPURAM,2026-07-01,2027-05-01,10,72074.96648820241,58708.75383918636,85140.15386178915,xgb,72074.96648820241,63878.30191428436,72768.0,67976.63420124339
BENGALURU – THIRUVANANTHAPURAM,BENGALURU,THIRUVANANTHAPURAM,2026-07-01,2027-06-01,11,62297.9464161396,50398.86781962819,73300.7902374058,xgb,62297.9464161396,47889.35220285839,53478.0,55093.649309499
BENGALURU – THIRUVANANTHAPURAM,BENGALURU,THIRUVANANTHAPURAM,2026-07-01,2027-07-01,12,58094.20706427097,46677.59961704157,68085.19700875125,xgb,58094.20706427097,47758.09533180562,46350.0,52926.15119803829
BENGALURU – VARANASI,BENGALURU,VARANASI,2026-07-01,2026-08-01,1,49045.11496051152,43732.7116722467,55859.76600643036,xgb,49045.11496051152,34350.07464559374,53039.0,41697.594803052634
BENGALURU – VARANASI,BENGALURU,VARANASI,2026-07-01,2026-09-01,2,55666.15118710696,48618.20452873228,65156.34704079712,xgb,55666.15118710696,36586.099474841845,58207.0,46126.125330974406
BENGALURU – VARANASI,BENGALURU,VARANASI,2026-07-01,2026-10-01,3,63852.28777777155,54623.71774247493,76807.59612522839,xgb,63852.28777777155,44297.29759208836,77403.0,54074.792684929955
BENGALURU – VARANASI,BENGALURU,VARANASI,2026-07-01,2026-11-01,4,70958.75903166333,60266.6654353028,85289.30071566073,xgb,70958.75903166333,50969.68827031876,82352.0,60964.22365099104
BENGALURU – VARANASI,BENGALURU,VARANASI,2026-07-01,2026-12-01,5,65740.28430517514,55433.0898146544,78955.23874858276,xgb,65740.28430517514,45958.354921076505,69315.0,55849.31961312582
BENGALURU – VARANASI,BENGALURU,VARANASI,2026-07-01,2027-01-01,6,68073.4102238814,56987.732131095734,81693.53933749416,xgb,68073.4102238814,44489.801091649504,68356.0,56281.60565776545
BENGALURU – VARANASI,BENGALURU,VARANASI,2026-07-01,2027-02-01,7,78752.5379503866,65478.24970750451,94136.85985379612,xgb,78752.5379503866,57133.832401524785,84476.0,67943.18517595569
BENGALURU – VARANASI,BENGALURU,VARANASI,2026-07-01,2027-03-01,8,78258.95486136277,64624.20052370909,93178.16139438278,xgb,78258.95486136277,58579.40424800626,90679.0,68419.17955468452
BENGALURU – VARANASI,BENGALURU,VARANASI,2026-07-01,2027-04-01,9,74470.52032729983,61076.5032143698,88318.04063872238,xgb,74470.52032729983,49141.45567388535,73046.0,61805.988000592595
BENGALURU – VARANASI,BENGALURU,VARANASI,2026-07-01,2027-05-01,10,73328.33184147874,59729.68415079614,86620.71950368161,xgb,73328.33184147874,49121.804303305566,74835.0,61225.068072392154
BENGALURU – VARANASI,BENGALURU,VARANASI,2026-07-01,2027-06-01,11,65306.079139560454,52832.43894408999,76840.20876482975,xgb,65306.079139560454,45966.16835633002,59558.0,55636.12374794524
BENGALURU – VARANASI,BENGALURU,VARANASI,2026-07-01,2027-07-01,12,53518.58948042492,43001.177192630574,62722.66879163985,xgb,53518.58948042492,35942.24840340842,34311.0,44730.418941916665
BHUBANESWAR – DELHI,BHUBANESWAR,DELHI,2026-07-01,2026-08-01,1,87858.66061293086,78342.1035018206,100066.32112960007,xgb,87858.66061293086,89752.07752891051,91565.0,88805.36907092069
BHUBANESWAR – DELHI,BHUBANESWAR,DELHI,2026-07-01,2026-09-01,2,89157.663141345,77869.32290935356,104357.6305726243,xgb,89157.663141345,88723.93040851687,88064.0,88940.79677493093
BHUBANESWAR – DELHI,BHUBANESWAR,DELHI,2026-07-01,2026-10-01,3,93064.42689523599,79613.8269044176,111946.7314855323,xgb,93064.42689523599,99292.21731723926,102334.0,96178.32210623763
BHUBANESWAR – DELHI,BHUBANESWAR,DELHI,2026-07-01,2026-11-01,4,100839.11470776796,85644.6374178187,121204.17120561679,xgb,100839.11470776796,104173.08462441798,117071.0,102506.09966609298
BHUBANESWAR – DELHI,BHUBANESWAR,DELHI,2026-07-01,2026-12-01,5,101100.58002755046,85249.36562435405,121423.57639708383,xgb,101100.58002755046,109577.3924405851,114724.0,105338.98623406778
BHUBANESWAR – DELHI,BHUBANESWAR,DELHI,2026-07-01,2027-01-01,6,98454.2297239999,82421.06943419062,118152.95373697345,xgb,98454.2297239999,102424.57623249166,108685.0,100439.40297824578
BHUBANESWAR – DELHI,BHUBANESWAR,DELHI,2026-07-01,2027-02-01,7,91189.1898406893,75818.61738570644,109003.01384092774,xgb,91189.1898406893,99726.06311637539,102099.0,95457.62647853234
BHUBANESWAR – DELHI,BHUBANESWAR,DELHI,2026-07-01,2027-03-01,8,96399.37175895771,79604.08290586747,114776.84868122265,xgb,96399.37175895771,103627.13406619984,100859.0,100013.25291257878
BHUBANESWAR – DELHI,BHUBANESWAR,DELHI,2026-07-01,2027-04-01,9,95301.98478179674,78161.29059229145,113023.03955870328,xgb,95301.98478179674,98865.36502475142,96677.0,97083.67490327408
BHUBANESWAR – DELHI,BHUBANESWAR,DELHI,2026-07-01,2027-05-01,10,98935.3908341825,80587.94598840999,116869.62628525568,xgb,98935.3908341825,99025.30849923406,100759.0,98980.34966670828
BHUBANESWAR – DELHI,BHUBANESWAR,DELHI,2026-07-01,2027-06-01,11,93974.87732718389,76025.41806340337,110572.3890885953,xgb,93974.87732718389,96001.65155633149,95026.0,94988.2644417577
BHUBANESWAR – DELHI,BHUBANESWAR,DELHI,2026-07-01,2027-07-01,12,89580.13209566972,71975.94649974999,104986.04335981516,xgb,89580.13209566972,83976.96248065885,83468.0,86778.54728816429
CHANDIGARH – DELHI,CHANDIGARH,DELHI,2026-07-01,2026-08-01,1,64826.72784468532,57804.912880099444,73834.18004590806,xgb,64826.72784468532,66544.67882534789,63646.0,65685.7033350166
CHANDIGARH – DELHI,CHANDIGARH,DELHI,2026-07-01,2026-09-01,2,66591.27213225763,58160.085066280495,77944.02782318593,xgb,66591.27213225763,65019.36384824089,60948.0,65805.31799024926
CHANDIGARH – DELHI,CHANDIGARH,DELHI,2026-07-01,2026-10-01,3,68389.03744629025,58504.77106078223,82264.82950539482,xgb,68389.03744629025,67990.41853782696,61798.0,68189.72799205862
CHANDIGARH – DELHI,CHANDIGARH,DELHI,2026-07-01,2026-11-01,4,70807.1150613924,60137.87123785184,85107.03134738748,xgb,70807.1150613924,66038.31888649895,65642.0,68422.71697394567
CHANDIGARH – DELHI,CHANDIGARH,DELHI,2026-07-01,2026-12-01,5,74846.10336028537,63111.23862178058,89891.48773345407,xgb,74846.10336028537,69915.63714586472,75472.0,72380.87025307505
CHANDIGARH – DELHI,CHANDIGARH,DELHI,2026-07-01,2027-01-01,6,84720.55429957311,70923.90756601556,101671.44429233296,xgb,84720.55429957311,70530.65302031423,92093.0,77625.60365994368
CHANDIGARH – DELHI,CHANDIGARH,DELHI,2026-07-01,2027-02-01,7,73399.56003299356,61027.5534648687,87738.17677481326,xgb,73399.56003299356,69813.74141504907,73728.0,71606.65072402131
CHANDIGARH – DELHI,CHANDIGARH,DELHI,2026-07-01,2027-03-01,8,79776.97294183573,65877.7401985602,94985.57287786702,xgb,79776.97294183573,77286.58526219126,84636.0,78531.7791020135
CHANDIGARH – DELHI,CHANDIGARH,DELHI,2026-07-01,2027-04-01,9,77266.91783715288,63369.95008097622,91634.41801639846,xgb,77266.91783715288,77021.5128498306,75567.0,77144.21534349174
CHANDIGARH – DELHI,CHANDIGARH,DELHI,2026-07-01,2027-05-01,10,77963.69874446592,63505.42804248884,92096.34953939967,xgb,77963.69874446592,70905.9503562349,79415.0,74434.8245503504
CHANDIGARH – DELHI,CHANDIGARH,DELHI,2026-07-01,2027-06-01,11,73213.96982195973,59229.90082143781,86144.76324017138,xgb,73213.96982195973,74587.21918730382,69554.0,73900.59450463178
CHANDIGARH – DELHI,CHANDIGARH,DELHI,2026-07-01,2027-07-01,12,66144.70752087235,53146.02488729816,77520.21535748865,xgb,66144.70752087235,65865.28758734127,63858.0,66004.99755410681
CHENNAI – COIMBATORE,CHENNAI,COIMBATORE,2026-07-01,2026-08-01,1,67279.04990762472,59991.60759561529,76627.24387537394,xgb,67279.04990762472,69066.77408935911,72593.0,68172.91199849191
CHENNAI – COIMBATORE,CHENNAI,COIMBATORE,2026-07-01,2026-09-01,2,67624.0996107459,59062.14523248916,79152.93600502625,xgb,67624.0996107459,68437.23836010303,68135.0,68030.66898542448
CHENNAI – COIMBATORE,CHENNAI,COIMBATORE,2026-07-01,2026-10-01,3,71086.58893704414,60812.445481776565,85509.70063906407,xgb,71086.58893704414,65695.57504434427,74002.0,68391.0819906942
CHENNAI – COIMBATORE,CHENNAI,COIMBATORE,2026-07-01,2026-11-01,4,74505.57006597519,63279.041594132344,89552.41124655465,xgb,74505.57006597519,62146.98822744768,77324.0,68326.27914671143
CHENNAI – COIMBATORE,CHENNAI,COIMBATORE,2026-07-01,2026-12-01,5,71511.75203025341,60299.668840712206,85886.87308785535,xgb,71511.75203025341,65113.904446478744,65902.0,68312.82823836608
CHENNAI – COIMBATORE,CHENNAI,COIMBATORE,2026-07-01,2027-01-01,6,73741.93355441093,61733.142829291624,88496.22091558941,xgb,73741.93355441093,66600.15157783194,75549.0,70171.04256612144
CHENNAI – COIMBATORE,CHENNAI,COIMBATORE,2026-07-01,2027-02-01,7,71054.56201136112,59077.82117661172,84935.0829842498,xgb,71054.56201136112,59553.96595662588,60823.0,65304.2639839935
CHENNAI – COIMBATORE,CHENNAI,COIMBATORE,2026-07-01,2027-03-01,8,72830.66154420376,60141.65770862753,86715.023831425,xgb,72830.66154420376,63165.08908513226,62294.0,67997.87531466801
CHENNAI – COIMBATORE,CHENNAI,COIMBATORE,2026-07-01,2027-04-01,9,75384.68111157417,61826.24611711563,89402.186270323,xgb,75384.68111157417,68546.09318080795,67496.0,71965.38714619106
CHENNAI – COIMBATORE,CHENNAI,COIMBATORE,2026-07-01,2027-05-01,10,82651.66845917702,67324.01962007335,97634.11781398143,xgb,82651.66845917702,75446.35968004887,82224.0,79049.01406961295
CHENNAI – COIMBATORE,CHENNAI,COIMBATORE,2026-07-01,2027-06-01,11,76067.45026409626,61538.35867442212,89502.21534522828,xgb,76067.45026409626,70083.68079206192,69969.0,73075.56552807908
CHENNAI – COIMBATORE,CHENNAI,COIMBATORE,2026-07-01,2027-07-01,12,72374.8538017273,58151.82991242949,84821.81664203784,xgb,72374.8538017273,67931.08207388864,66989.0,70152.96793780796
CHENNAI – DELHI,CHENNAI,DELHI,2026-07-01,2026-08-01,1,166248.8139043252,148241.29681793335,189348.51821673324,xgb,166248.8139043252,169653.13949401924,180915.0,167950.97669917223
CHENNAI – DELHI,CHENNAI,DELHI,2026-07-01,2026-09-01,2,169163.4881697595,147745.53101375618,198003.17979184253,xgb,169163.4881697595,165273.2819544458,176180.0,167218.38506210264
CHENNAI – DELHI,CHENNAI,DELHI,2026-07-01,2026-10-01,3,175443.5315621396,150086.6810152024,211040.14255382208,xgb,175443.5315621396,161050.57752789362,176431.0,168247.0545450166
CHENNAI – DELHI,CHENNAI,DELHI,2026-07-01,2026-11-01,4,184001.78648605943,156276.3252483761,221162.03713237986,xgb,184001.78648605943,174712.88265918664,192136.0,179357.33457262302
CHENNAI – DELHI,CHENNAI,DELHI,2026-07-01,2026-12-01,5,181096.67077076933,152703.1427088108,217500.28963829696,xgb,181096.67077076933,183317.87576652662,181389.0,182207.27326864796
CHENNAI – DELHI,CHENNAI,DELHI,2026-07-01,2027-01-01,6,184020.5563972394,154053.01629654618,220839.39255435579,xgb,184020.5563972394,183327.4955901467,190317.0,183674.02599369304
CHENNAI – DELHI,CHENNAI,DELHI,2026-07-01,2027-02-01,7,181880.94926762086,151223.64971508548,217411.42415077402,xgb,181880.94926762086,181412.93059624083,193080.0,181646.93993193086
CHENNAI – DELHI,CHENNAI,DELHI,2026-07-01,2027-03-01,8,189325.73617150387,156340.2470723087,225418.59947337827,xgb,189325.73617150387,184110.87542597225,198855.0,186718.30579873806
CHENNAI – DELHI,CHENNAI,DELHI,2026-07-01,2027-04-01,9,178049.83680124086,146026.39248275146,211157.5513803052,xgb,178049.83680124086,174488.37187088266,171299.0,176269.10433606175
CHENNAI – DELHI,CHENNAI,DELHI,2026-07-01,2027-05-01,10,184865.63638672233,150582.53466866512,218376.6360585048,xgb,184865.63638672233,180055.01611506555,193448.0,182460.32625089394
CHENNAI – DELHI,CHENNAI,DELHI,2026-07-01,2027-06-01,11,171393.23427168033,138656.65653786497,201664.1034928916,xgb,171393.23427168033,168327.14076386436,166035.0,169860.18751777234
CHENNAI – DELHI,CHENNAI,DELHI,2026-07-01,2027-07-01,12,167745.30745868883,134780.19057101096,196593.99590363787,xgb,167745.30745868883,166364.23646500488,164240.0,167054.77196184685
CHENNAI – HYDERABAD,CHENNAI,HYDERABAD,2026-07-01,2026-08-01,1,96933.04260000587,86433.57869489743,110401.55746983697,xgb,96933.04260000587,91745.43833625766,132911.0,94339.24046813176
CHENNAI – HYDERABAD,CHENNAI,HYDERABAD,2026-07-01,2026-09-01,2,100559.99285168946,87827.99233663679,117703.87664563948,xgb,100559.99285168946,88698.91235834388,127808.0,94629.45260501668
CHENNAI – HYDERABAD,CHENNAI,HYDERABAD,2026-07-01,2026-10-01,3,107266.12827144563,91762.9566292111,129029.8867107824,xgb,107266.12827144563,91329.68658264141,134341.0,99297.90742704352
CHENNAI – HYDERABAD,CHENNAI,HYDERABAD,2026-07-01,2026-11-01,4,117304.17303442955,99628.73430856163,140994.44558593546,xgb,117304.17303442955,89687.5084998451,141382.0,103495.84076713733
CHENNAI – HYDERABAD,CHENNAI,HYDERABAD,2026-07-01,2026-12-01,5,108050.56753456593,91109.68834365792,129770.63374123462,xgb,108050.56753456593,85614.42074629631,108437.0,96832.49414043111
CHENNAI – HYDERABAD,CHENNAI,HYDERABAD,2026-07-01,2027-01-01,6,112921.6283775866,94532.46853103118,135514.98976735532,xgb,112921.6283775866,89305.15327397759,121454.0,101113.39082578209
CHENNAI – HYDERABAD,CHENNAI,HYDERABAD,2026-07-01,2027-02-01,7,111742.54522919655,92907.56171031477,133571.47075786034,xgb,111742.54522919655,80644.76751757601,112171.0,96193.65637338627
CHENNAI – HYDERABAD,CHENNAI,HYDERABAD,2026-07-01,2027-03-01,8,112931.12707547843,93255.57457830719,134460.20080040258,xgb,112931.12707547843,86799.07206427529,114319.0,99865.09956987685
CHENNAI – HYDERABAD,CHENNAI,HYDERABAD,2026-07-01,2027-04-01,9,112018.07585321367,91870.88179117053,132847.4264983603,xgb,112018.07585321367,86226.78288279414,102850.0,99122.42936800391
CHENNAI – HYDERABAD,CHENNAI,HYDERABAD,2026-07-01,2027-05-01,10,113581.9417476654,92518.31230101212,134171.18963072848,xgb,113581.9417476654,86370.86113511004,97018.0,99976.40144138772
CHENNAI – HYDERABAD,CHENNAI,HYDERABAD,2026-07-01,2027-06-01,11,107253.40179428458,86767.70794542956,126196.11976702818,xgb,107253.40179428458,82003.58675266973,92560.0,94628.49427347715
CHENNAI – HYDERABAD,CHENNAI,HYDERABAD,2026-07-01,2027-07-01,12,109450.33641345799,87941.28088203055,128273.50770344664,xgb,109450.33641345799,81052.10084373015,91524.0,95251.21862859407
CHENNAI – KOCHI,CHENNAI,KOCHI,2026-07-01,2026-08-01,1,45289.9723559618,40384.31359131315,51582.85917524415,xgb,45289.9723559618,42567.83965152448,59435.0,43928.90600374314
CHENNAI – KOCHI,CHENNAI,KOCHI,2026-07-01,2026-09-01,2,50730.657850563526,44307.598902707956,59379.43037248886,xgb,50730.657850563526,42819.15221229137,60978.0,46774.90503142745
CHENNAI – KOCHI,CHENNAI,KOCHI,2026-07-01,2026-10-01,3,53515.56168240309,45780.95848880818,64373.60024471496,xgb,53515.56168240309,43821.60182728167,60946.0,48668.58175484238
CHENNAI – KOCHI,CHENNAI,KOCHI,2026-07-01,2026-11-01,4,58750.735221505165,49898.151433180654,70615.7941873981,xgb,58750.735221505165,49341.09068462188,67660.0,54045.912953063525
CHENNAI – KOCHI,CHENNAI,KOCHI,2026-07-01,2026-12-01,5,58899.659220814705,49664.982957533924,70739.52759926689,xgb,58899.659220814705,49236.86890480191,61277.0,54068.2640628083
CHENNAI – KOCHI,CHENNAI,KOCHI,2026-07-01,2027-01-01,6,62990.607281684875,52732.65791647349,75593.76909332046,xgb,62990.607281684875,51833.66318882051,73696.0,57412.13523525269
CHENNAI – KOCHI,CHENNAI,KOCHI,2026-07-01,2027-02-01,7,57694.011490345,47969.28441052102,68964.54660917057,xgb,57694.011490345,43845.423842872064,57242.0,50769.71766660853
CHENNAI – KOCHI,CHENNAI,KOCHI,2026-07-01,2027-03-01,8,55192.492313325405,45576.51832915755,65714.33218907304,xgb,55192.492313325405,43868.24625248304,55515.0,49530.36928290423
CHENNAI – KOCHI,CHENNAI,KOCHI,2026-07-01,2027-04-01,9,54903.35066109896,45028.61881982861,65112.42748912826,xgb,54903.35066109896,45198.792079936,45758.0,50051.07137051748
CHENNAI – KOCHI,CHENNAI,KOCHI,2026-07-01,2027-05-01,10,58051.736216425896,47286.11413264258,68574.90185887936,xgb,58051.736216425896,49495.62044032544,45232.0,53773.67832837567
CHENNAI – KOCHI,CHENNAI,KOCHI,2026-07-01,2027-06-01,11,48591.740535378456,39310.58484672218,57173.84256074711,xgb,48591.740535378456,40792.837900338156,35828.0,44692.289217858306
CHENNAI – KOCHI,CHENNAI,KOCHI,2026-07-01,2027-07-01,12,51382.450795054436,41284.83005027461,60219.158879359595,xgb,51382.450795054436,40146.95856272554,39877.0,45764.70467888999
CHENNAI – KOLKATA,CHENNAI,KOLKATA,2026-07-01,2026-08-01,1,91584.55636644363,81664.422653084,104309.9173597883,xgb,91584.55636644363,89332.30461818696,81585.0,90458.4304923153
CHENNAI – KOLKATA,CHENNAI,KOLKATA,2026-07-01,2026-09-01,2,90654.53730157018,79176.67634629205,106109.69803516917,xgb,90654.53730157018,84530.27070779716,74664.0,87592.40400468366
CHENNAI – KOLKATA,CHENNAI,KOLKATA,2026-07-01,2026-10-01,3,96204.37743335962,82299.960446206,115723.76221033199,xgb,96204.37743335962,92429.63425851973,88134.0,94317.00584593968
CHENNAI – KOLKATA,CHENNAI,KOLKATA,2026-07-01,2026-11-01,4,101281.67490833998,86020.5124740743,121736.10906003341,xgb,101281.67490833998,88169.35994278803,104974.0,94725.517425564
CHENNAI – KOLKATA,CHENNAI,KOLKATA,2026-07-01,2026-12-01,5,100668.5574029684,84885.07835052285,120904.70961959439,xgb,100668.5574029684,92933.51968164963,102008.0,96801.03854230902
CHENNAI – KOLKATA,CHENNAI,KOLKATA,2026-07-01,2027-01-01,6,98659.39913415909,82592.82723726223,118399.17344632202,xgb,98659.39913415909,91286.71449032037,100006.0,94973.05681223972
CHENNAI – KOLKATA,CHENNAI,KOLKATA,2026-07-01,2027-02-01,7,95698.43045914173,79567.79412198203,114393.13539375598,xgb,95698.43045914173,83941.31804969914,94011.0,89819.87425442043
CHENNAI – KOLKATA,CHENNAI,KOLKATA,2026-07-01,2027-03-01,8,96762.7755934596,79904.17229900515,115209.53144835825,xgb,96762.7755934596,96079.72629758005,99615.0,96421.25094551983
CHENNAI – KOLKATA,CHENNAI,KOLKATA,2026-07-01,2027-04-01,9,103783.84030205011,85117.62812920898,123082.0650259243,xgb,103783.84030205011,95541.0353971785,108855.0,99662.4378496143
CHENNAI – KOLKATA,CHENNAI,KOLKATA,2026-07-01,2027-05-01,10,106634.62179392576,86859.36416854327,125964.5137402126,xgb,106634.62179392576,95997.68404665464,111832.0,101316.1529202902
CHENNAI – KOLKATA,CHENNAI,KOLKATA,2026-07-01,2027-06-01,11,92551.59179255366,74873.98396876628,108897.72787705276,xgb,92551.59179255366,89987.73795225268,87206.0,91269.66487240317
CHENNAI – KOLKATA,CHENNAI,KOLKATA,2026-07-01,2027-07-01,12,91526.42344129086,73539.75488547268,107267.05615609001,xgb,91526.42344129086,89232.79990138572,88712.0,90379.6116713383
CHENNAI – MUMBAI,CHENNAI,MUMBAI,2026-07-01,2026-08-01,1,173111.51704403758,154360.65484049908,197164.77049516264,xgb,173111.51704403758,187806.61593079427,171819.0,180459.06648741593
CHENNAI – MUMBAI,CHENNAI,MUMBAI,2026-07-01,2026-09-01,2,176087.59495563805,153792.96976631353,206107.73696109647,xgb,176087.59495563805,187579.23159713062,165341.0,181833.41327638435
CHENNAI – MUMBAI,CHENNAI,MUMBAI,2026-07-01,2026-10-01,3,181369.2688307315,155155.97158004748,218168.1821387822,xgb,181369.2688307315,181568.91373381924,171888.0,181469.0912822754
CHENNAI – MUMBAI,CHENNAI,MUMBAI,2026-07-01,2026-11-01,4,193707.60263183713,164519.66521678132,232828.00033755327,xgb,193707.60263183713,198002.97943855415,202574.0,195855.29103519564
CHENNAI – MUMBAI,CHENNAI,MUMBAI,2026-07-01,2026-12-01,5,189452.07586187124,159748.5323925973,227535.2782420372,xgb,189452.07586187124,203724.84380720573,194997.0,196588.4598345385
CHENNAI – MUMBAI,CHENNAI,MUMBAI,2026-07-01,2027-01-01,6,200085.54700765014,167501.8413015476,240118.66676835204,xgb,200085.54700765014,211464.35287414343,213276.0,205774.94994089677
CHENNAI – MUMBAI,CHENNAI,MUMBAI,2026-07-01,2027-02-01,7,182146.50102818012,151444.4408786556,217728.85149366732,xgb,182146.50102818012,194052.10667256103,188431.0,188099.30385037058
CHENNAI – MUMBAI,CHENNAI,MUMBAI,2026-07-01,2027-03-01,8,182150.55720698833,150415.17172447423,216875.55178287954,xgb,182150.55720698833,183311.39404909223,182306.0,182730.97562804027
CHENNAI – MUMBAI,CHENNAI,MUMBAI,2026-07-01,2027-04-01,9,183028.56560781598,150109.66388493593,217062.0565608214,xgb,183028.56560781598,176117.6901817106,181314.0,179573.1278947633
CHENNAI – MUMBAI,CHENNAI,MUMBAI,2026-07-01,2027-05-01,10,189369.34304085374,154251.03454045605,223696.73950307423,xgb,189369.34304085374,187462.49429152222,196594.0,188415.91866618796
CHENNAI – MUMBAI,CHENNAI,MUMBAI,2026-07-01,2027-06-01,11,177030.7006174475,143217.3513527476,208297.23928393683,xgb,177030.7006174475,174829.00328930642,175086.0,175929.85195337696
CHENNAI – MUMBAI,CHENNAI,MUMBAI,2026-07-01,2027-07-01,12,173098.35650736094,139081.26451368252,202867.65755587688,xgb,173098.35650736094,176233.8387269114,175441.0,174666.09761713617
CHENNAI – PUNE,CHENNAI,PUNE,2026-07-01,2026-08-01,1,66286.5171094785,59106.582640091685,75496.80203824512,xgb,66286.5171094785,64995.74424227823,63111.0,65641.13067587838
CHENNAI – PUNE,CHENNAI,PUNE,2026-07-01,2026-09-01,2,66526.9981419295,58103.9488696689,77868.79613695997,xgb,66526.9981419295,63127.775879190056,61987.0,64827.38701055978
CHENNAI – PUNE,CHENNAI,PUNE,2026-07-01,2026-10-01,3,68326.16927589972,58450.989225958234,82189.20569912976,xgb,68326.16927589972,63941.57688738169,68791.0,66133.8730816407
CHENNAI – PUNE,CHENNAI,PUNE,2026-07-01,2026-11-01,4,71631.59130834539,60838.11508107207,86098.01545588797,xgb,71631.59130834539,75789.80748524603,75105.0,73710.69939679571
CHENNAI – PUNE,CHENNAI,PUNE,2026-07-01,2026-12-01,5,70207.57970625162,59199.973238019375,84320.53916795854,xgb,70207.57970625162,73541.15777557262,62276.0,71874.36874091212
CHENNAI – PUNE,CHENNAI,PUNE,2026-07-01,2027-01-01,6,71572.19114914536,59916.74052803927,85892.35641175693,xgb,71572.19114914536,80196.75305032212,74488.0,75884.47209973374
CHENNAI – PUNE,CHENNAI,PUNE,2026-07-01,2027-02-01,7,69330.13118000825,57644.05516071802,82873.78429187117,xgb,69330.13118000825,71248.34957076672,68352.0,70289.24037538748
CHENNAI – PUNE,CHENNAI,PUNE,2026-07-01,2027-03-01,8,69011.2873836557,56987.71830241409,82167.5281155988,xgb,69011.2873836557,71694.52059931979,68547.0,70352.90399148775
CHENNAI – PUNE,CHENNAI,PUNE,2026-07-01,2027-04-01,9,69528.56643705566,57023.39251585201,82457.14853544436,xgb,69528.56643705566,68326.71419408535,61031.0,68927.6403155705
CHENNAI – PUNE,CHENNAI,PUNE,2026-07-01,2027-05-01,10,70740.78094672163,57621.99134248208,83564.11757878316,xgb,70740.78094672163,73575.7934159709,69454.0,72158.28718134627
CHENNAI – PUNE,CHENNAI,PUNE,2026-07-01,2027-06-01,11,68957.77603334188,55786.651717616616,81136.8554991162,xgb,68957.77603334188,70218.36370139189,65034.0,69588.0698673669
CHENNAI – PUNE,CHENNAI,PUNE,2026-07-01,2027-07-01,12,68900.20012472072,55360.01122104497,80749.59512304113,xgb,68900.20012472072,70151.49509310888,67241.0,69525.8476089148
DELHI – GUWAHATI,DELHI,GUWAHATI,2026-07-01,2026-08-01,1,118450.60465161502,105620.43018561898,134908.91120322086,xgb,118450.60465161502,114342.69681166387,115317.0,116396.65073163944
DELHI – GUWAHATI,DELHI,GUWAHATI,2026-07-01,2026-09-01,2,121734.01340670884,106321.14913095719,142487.73186305127,xgb,121734.01340670884,114666.99891933973,110917.0,118200.50616302429
DELHI – GUWAHATI,DELHI,GUWAHATI,2026-07-01,2026-10-01,3,127631.285593763,109184.73812006348,153527.03212369623,xgb,127631.285593763,130829.51036531608,134133.0,129230.39797953953
DELHI – GUWAHATI,DELHI,GUWAHATI,2026-07-01,2026-11-01,4,136213.61291733384,115688.89238550104,163722.75885615597,xgb,136213.61291733384,130111.14844720716,144126.0,133162.3806822705
DELHI – GUWAHATI,DELHI,GUWAHATI,2026-07-01,2026-12-01,5,131639.39501988888,111000.10418892921,158101.23081101623,xgb,131639.39501988888,130946.34234588036,135387.0,131292.8686828846
DELHI – GUWAHATI,DELHI,GUWAHATI,2026-07-01,2027-01-01,6,137425.77650606632,115046.1437685999,164921.9282839079,xgb,137425.77650606632,130555.64968754545,143978.0,133990.71309680588
DELHI – GUWAHATI,DELHI,GUWAHATI,2026-07-01,2027-02-01,7,128781.22404295206,107074.25265246457,153938.65842354335,xgb,128781.22404295206,121630.27559545895,133221.0,125205.7498192055
DELHI – GUWAHATI,DELHI,GUWAHATI,2026-07-01,2027-03-01,8,137021.32485589385,113148.63058416997,163142.9290681471,xgb,137021.32485589385,132257.7191786253,143009.0,134639.52201725956
DELHI – GUWAHATI,DELHI,GUWAHATI,2026-07-01,2027-04-01,9,132513.90159747005,108680.39730749142,157154.3759200878,xgb,132513.90159747005,129051.19400483063,134077.0,130782.54780115033
DELHI – GUWAHATI,DELHI,GUWAHATI,2026-07-01,2027-05-01,10,131019.45580686629,106722.06112462825,154769.64013726445,xgb,131019.45580686629,127405.3224397984,136377.0,129212.38912333234
DELHI – GUWAHATI,DELHI,GUWAHATI,2026-07-01,2027-06-01,11,130911.52783463895,105907.06703767441,154032.66068139856,xgb,130911.52783463895,122519.55880660012,130358.0,126715.54332061953
DELHI – GUWAHATI,DELHI,GUWAHATI,2026-07-01,2027-07-01,12,124272.96212853491,99850.98106325821,145645.31537579323,xgb,124272.96212853491,121297.88029176107,117079.0,122785.421210148
DELHI – HYDERABAD,DELHI,HYDERABAD,2026-07-01,2026-08-01,1,245297.8362672925,218727.99270509856,279381.1319803606,xgb,245297.8362672925,244540.41357006136,237768.0,244919.1249186769
DELHI – HYDERABAD,DELHI,HYDERABAD,2026-07-01,2026-09-01,2,250950.10218212008,219177.06064116102,293733.11427158315,xgb,250950.10218212008,228032.13017734926,235098.0,239491.11617973467
DELHI – HYDERABAD,DELHI,HYDERABAD,2026-07-01,2026-10-01,3,254656.98044316968,217851.41151545645,306325.6021839566,xgb,254656.98044316968,239537.70458478428,252190.0,247097.34251397697
DELHI – HYDERABAD,DELHI,HYDERABAD,2026-07-01,2026-11-01,4,262322.3652591507,222795.52854378533,315299.92069122364,xgb,262322.3652591507,247764.6183278415,264228.0,255043.4917934961
DELHI – HYDERABAD,DELHI,HYDERABAD,2026-07-01,2026-12-01,5,259837.85785428685,219098.76818938882,312069.84149276826,xgb,259837.85785428685,252865.1204009437,253895.0,256351.4891276153
DELHI – HYDERABAD,DELHI,HYDERABAD,2026-07-01,2027-01-01,6,264344.52321996295,221296.31569855745,317234.5800702251,xgb,264344.52321996295,244265.1498684369,266185.0,254304.83654419993
DELHI – HYDERABAD,DELHI,HYDERABAD,2026-07-01,2027-02-01,7,256844.60255579156,213551.65763378819,307019.24006856495,xgb,256844.60255579156,246323.56986553606,265783.0,251584.0862106638
DELHI – HYDERABAD,DELHI,HYDERABAD,2026-07-01,2027-03-01,8,262759.7261765003,216980.11766278467,312851.9696818173,xgb,262759.7261765003,256820.103434772,273395.0,259789.91480563616
DELHI – HYDERABAD,DELHI,HYDERABAD,2026-07-01,2027-04-01,9,262214.5443939368,215053.51907229616,310972.37787605857,xgb,262214.5443939368,248442.22025101937,268312.0,255328.3823224781
DELHI – HYDERABAD,DELHI,HYDERABAD,2026-07-01,2027-05-01,10,270142.6943657001,220045.0685962712,319112.0535130425,xgb,270142.6943657001,265054.19786386006,287233.0,267598.4461147801
DELHI – HYDERABAD,DELHI,HYDERABAD,2026-07-01,2027-06-01,11,253774.53067521256,205302.89942550514,298595.2942391156,xgb,253774.53067521256,247924.6664803123,257981.0,250849.59857776243
DELHI – HYDERABAD,DELHI,HYDERABAD,2026-07-01,2027-07-01,12,246715.70378237963,198231.41449628564,289145.6505911572,xgb,246715.70378237963,247902.17959495,243398.0,247308.9416886648
DELHI – INDORE,DELHI,INDORE,2026-07-01,2026-08-01,1,85268.04587113361,76032.09550921807,97115.74932635081,xgb,85268.04587113361,96766.05101398172,93626.0,91017.04844255766
DELHI – INDORE,DELHI,INDORE,2026-07-01,2026-09-01,2,87483.2231827577,76406.8854560429,102397.72515947692,xgb,87483.2231827577,91288.66757417053,82103.0,89385.94537846412
DELHI – INDORE,DELHI,INDORE,2026-07-01,2026-10-01,3,90794.0645629416,77671.60000028514,109215.72404404945,xgb,90794.0645629416,95750.25907644721,90481.0,93272.1618196944
DELHI – INDORE,DELHI,INDORE,2026-07-01,2026-11-01,4,96241.70250937343,81739.96508969655,115678.28438271236,xgb,96241.70250937343,101612.34566470029,102083.0,98927.02408703686
DELHI – INDORE,DELHI,INDORE,2026-07-01,2026-12-01,5,92064.79778868458,77630.27280042353,110571.4428614566,xgb,92064.79778868458,101606.46512766849,88645.0,96835.63145817653
DELHI – INDORE,DELHI,INDORE,2026-07-01,2027-01-01,6,95107.49951685469,79619.35046737839,114136.60969118211,xgb,95107.49951685469,100369.87423147743,98444.0,97738.68687416606
DELHI – INDORE,DELHI,INDORE,2026-07-01,2027-02-01,7,91680.87360975644,76227.42443429181,109590.74811928484,xgb,91680.87360975644,96378.77896270527,92343.0,94029.82628623085
DELHI – INDORE,DELHI,INDORE,2026-07-01,2027-03-01,8,94420.68802580237,77970.13756924808,112420.95071960274,xgb,94420.68802580237,103995.38177078676,96332.0,99208.03489829457
DELHI – INDORE,DELHI,INDORE,2026-07-01,2027-04-01,9,96630.03305395445,79250.48057252508,114598.03353961163,xgb,96630.03305395445,104825.18253249332,100211.0,100727.60779322388
DELHI – INDORE,DELHI,INDORE,2026-07-01,2027-05-01,10,99610.84994877379,81138.14205257973,117667.52735612282,xgb,99610.84994877379,105294.9449760258,106296.0,102452.8974623998
DELHI – INDORE,DELHI,INDORE,2026-07-01,2027-06-01,11,92119.29580854873,74524.25770313169,108389.0812993253,xgb,92119.29580854873,98486.28167250141,91178.0,95302.78874052508
DELHI – INDORE,DELHI,INDORE,2026-07-01,2027-07-01,12,87414.52749488255,70235.92405013581,102448.00001025142,xgb,87414.52749488255,96398.8961211848,84043.0,91906.71180803368
DELHI – JAMMU,DELHI,JAMMU,2026-07-01,2026-08-01,1,61075.43694719672,54459.94930216349,69561.6601033107,xgb,61075.43694719672,62628.783828451546,43563.0,61852.110387824134
DELHI – JAMMU,DELHI,JAMMU,2026-07-01,2026-09-01,2,65342.31161761284,57069.25668216589,76482.13935062173,xgb,65342.31161761284,69156.98998656606,51937.0,67249.65080208945
DELHI – JAMMU,DELHI,JAMMU,2026-07-01,2026-10-01,3,70726.53262743354,60504.42810429407,85076.59071343133,xgb,70726.53262743354,70543.5390504616,61318.0,70635.03583894757
DELHI – JAMMU,DELHI,JAMMU,2026-07-01,2026-11-01,4,67276.31515192986,57139.09364130981,80863.16548284209,xgb,67276.31515192986,68959.13574765137,60462.0,68117.72544979061
DELHI – JAMMU,DELHI,JAMMU,2026-07-01,2026-12-01,5,61737.95417043567,52058.27134266544,74148.36979936944,xgb,61737.95417043567,60273.74620636838,44939.0,61005.85018840202
DELHI – JAMMU,DELHI,JAMMU,2026-07-01,2027-01-01,6,64573.378820210695,54057.67689474392,77493.22158908308,xgb,64573.378820210695,54273.08745993989,50515.0,59423.23314007529
DELHI – JAMMU,DELHI,JAMMU,2026-07-01,2027-02-01,7,62228.54392504692,51739.489851433194,74384.90073892509,xgb,62228.54392504692,62206.48953285018,53583.0,62217.516728948554
DELHI – JAMMU,DELHI,JAMMU,2026-07-01,2027-03-01,8,66082.68953490257,54569.35870425181,78680.62538997749,xgb,66082.68953490257,73010.16773518013,58907.0,69546.42863504135
DELHI – JAMMU,DELHI,JAMMU,2026-07-01,2027-04-01,9,69435.84929606318,56947.35116774586,82347.19098190383,xgb,69435.84929606318,73855.26845147256,68505.0,71645.55887376788
DELHI – JAMMU,DELHI,JAMMU,2026-07-01,2027-05-01,10,71068.01544004679,57888.54060712118,83950.67058696457,xgb,71068.01544004679,61566.58065413499,69755.0,66317.29804709088
DELHI – JAMMU,DELHI,JAMMU,2026-07-01,2027-06-01,11,68932.76635167003,55766.41895372467,81107.4286955762,xgb,68932.76635167003,64600.729844700734,68744.0,66766.74809818537
DELHI – JAMMU,DELHI,JAMMU,2026-07-01,2027-07-01,12,61319.580140799284,49269.12604781313,71865.26687181355,xgb,61319.580140799284,60989.634024746396,59905.0,61154.60708277284
DELHI – KOCHI,DELHI,KOCHI,2026-07-01,2026-08-01,1,76002.18773617347,67769.88422602676,86562.43188210814,xgb,76002.18773617347,80036.96216721954,79102.0,78019.5749516965
DELHI – KOCHI,DELHI,KOCHI,2026-07-01,2026-09-01,2,76623.4633948803,66922.09063476534,89686.54857497975,xgb,76623.4633948803,77484.77913145654,72391.0,77054.12126316842
DELHI – KOCHI,DELHI,KOCHI,2026-07-01,2026-10-01,3,78112.68422929445,66823.05934437366,93961.35536164392,xgb,78112.68422929445,75806.22507397113,69625.0,76959.45465163278
DELHI – KOCHI,DELHI,KOCHI,2026-07-01,2026-11-01,4,81773.97642433643,69452.24163631066,98288.71532066158,xgb,81773.97642433643,80540.36948431571,83576.0,81157.17295432607
DELHI – KOCHI,DELHI,KOCHI,2026-07-01,2026-12-01,5,80225.41523683071,67647.14657449537,96352.13599509065,xgb,80225.41523683071,82788.21309282194,80191.0,81506.81416482633
DELHI – KOCHI,DELHI,KOCHI,2026-07-01,2027-01-01,6,82567.5753677686,69121.53882547427,99087.69729802616,xgb,82567.5753677686,82321.266050458,85600.0,82444.4207091133
DELHI – KOCHI,DELHI,KOCHI,2026-07-01,2027-02-01,7,79056.0525688529,65730.60482513049,94499.66610545167,xgb,79056.0525688529,78816.50843639775,77429.0,78936.28050262533
DELHI – KOCHI,DELHI,KOCHI,2026-07-01,2027-03-01,8,81094.75994916756,66965.93428395547,96554.58144270294,xgb,81094.75994916756,80218.33123879945,80874.0,80656.54559398351
DELHI – KOCHI,DELHI,KOCHI,2026-07-01,2027-04-01,9,81453.64858289559,66803.66952762705,96599.65599943888,xgb,81453.64858289559,80004.21571364668,79743.0,80728.93214827114
DELHI – KOCHI,DELHI,KOCHI,2026-07-01,2027-05-01,10,89368.42199075222,72795.15958582387,105568.43200091392,xgb,89368.42199075222,84325.24876684777,92740.0,86846.8353788
DELHI – KOCHI,DELHI,KOCHI,2026-07-01,2027-06-01,11,80727.37921182314,65308.22841485552,94985.16452684127,xgb,80727.37921182314,78590.67873949322,81488.0,79659.02897565818
DELHI – KOCHI,DELHI,KOCHI,2026-07-01,2027-07-01,12,75892.15094774961,60977.911826837204,88944.0154158383,xgb,75892.15094774961,75409.91091081031,72373.0,75651.03092927996
DELHI – KOLKATA,DELHI,KOLKATA,2026-07-01,2026-08-01,1,224750.76293373108,200406.5098310419,255979.11305444277,xgb,224750.76293373108,222481.24915421937,196877.0,223616.00604397524
DELHI – KOLKATA,DELHI,KOLKATA,2026-07-01,2026-09-01,2,227620.30282783508,198801.07034126722,266425.95416255033,xgb,227620.30282783508,225572.31654529882,200519.0,226596.30968656694
DELHI – KOLKATA,DELHI,KOLKATA,2026-07-01,2026-10-01,3,237064.23675358295,202801.3467635051,285163.3791991313,xgb,237064.23675358295,262246.75128337316,231627.0,249655.49401847806
DELHI – KOLKATA,DELHI,KOLKATA,2026-07-01,2026-11-01,4,244385.385948658,207561.30029941813,293740.46216601814,xgb,244385.385948658,256756.2159203768,252068.0,250570.8009345174
DELHI – KOLKATA,DELHI,KOLKATA,2026-07-01,2026-12-01,5,243165.09072828293,205040.06723725685,292045.5546654974,xgb,243165.09072828293,267316.15969717066,252732.0,255240.6252127268
DELHI – KOLKATA,DELHI,KOLKATA,2026-07-01,2027-01-01,6,253420.40870332718,212151.18091250767,304124.7685291692,xgb,253420.40870332718,261829.58330365876,268402.0,257624.99600349297
DELHI – KOLKATA,DELHI,KOLKATA,2026-07-01,2027-02-01,7,248416.36493873596,206544.05811196173,296944.5447759371,xgb,248416.36493873596,251242.54990642754,261672.0,249829.45742258173
DELHI – KOLKATA,DELHI,KOLKATA,2026-07-01,2027-03-01,8,256728.33123493195,211999.54928141425,305670.7558220832,xgb,256728.33123493195,270485.3213270255,275206.0,263606.82628097874
DELHI – KOLKATA,DELHI,KOLKATA,2026-07-01,2027-04-01,9,244112.69169282913,200207.40466586902,289504.5520106533,xgb,244112.69169282913,251420.624966684,245477.0,247766.65832975658
DELHI – KOLKATA,DELHI,KOLKATA,2026-07-01,2027-05-01,10,250956.90083360672,204417.256547694,296448.4090762417,xgb,250956.90083360672,258244.85483015538,265368.0,254600.87783188105
DELHI – KOLKATA,DELHI,KOLKATA,2026-07-01,2027-06-01,11,241969.85421180725,195752.94853693928,284705.7174064458,xgb,241969.85421180725,242751.37989573227,241712.0,242360.61705376976
DELHI – KOLKATA,DELHI,KOLKATA,2026-07-01,2027-07-01,12,227602.31901204586,182874.1703454347,266745.1629461061,xgb,227602.31901204586,228748.45164626293,221148.0,228175.38532915438
DELHI – LEH,DELHI,LEH,2026-07-01,2026-08-01,1,90873.48450521629,81030.37172445754,103500.04449449076,xgb,90873.48450521629,95837.87444601681,77746.0,93355.67947561655
DELHI – LEH,DELHI,LEH,2026-07-01,2026-09-01,2,90483.53287229936,79027.32295755744,105909.5400630178,xgb,90483.53287229936,88818.07708382624,79127.0,89650.8049780628
DELHI – LEH,DELHI,LEH,2026-07-01,2026-10-01,3,72201.39527087411,61766.12887568388,86850.69557638983,xgb,72201.39527087411,71449.8307429764,64571.0,71825.61300692525
DELHI – LEH,DELHI,LEH,2026-07-01,2026-11-01,4,60621.25360069176,51486.81937054862,72864.07483257438,xgb,60621.25360069176,45054.32299572113,49802.0,52837.78829820645
DELHI – LEH,DELHI,LEH,2026-07-01,2026-12-01,5,49781.85106225312,41976.72477751043,59788.87949009322,xgb,49781.85106225312,45304.6641820941,45316.0,47543.25762217361
DELHI – LEH,DELHI,LEH,2026-07-01,2027-01-01,6,53439.66908857227,44737.07923810712,64131.87901872428,xgb,53439.66908857227,42275.413316330334,42223.0,47857.541202451306
DELHI – LEH,DELHI,LEH,2026-07-01,2027-02-01,7,59110.160113846265,49146.73132976788,70657.3401110977,xgb,59110.160113846265,40923.59483505048,41854.0,50016.87747444837
DELHI – LEH,DELHI,LEH,2026-07-01,2027-03-01,8,64113.1299392134,52942.947841997215,76335.59098199071,xgb,64113.1299392134,49534.08109315521,43525.0,56823.60551618431
DELHI – LEH,DELHI,LEH,2026-07-01,2027-04-01,9,92213.3817245563,75628.19328446581,109360.12208307169,xgb,92213.3817245563,89269.6370099122,87602.0,90741.50936723425
DELHI – LEH,DELHI,LEH,2026-07-01,2027-05-01,10,94200.01673559348,76730.74111081872,111275.86053008196,xgb,94200.01673559348,86201.86208308213,105614.0,90200.9394093378
DELHI – LEH,DELHI,LEH,2026-07-01,2027-06-01,11,93186.64528116584,75387.74049963432,109644.94227553949,xgb,93186.64528116584,97651.81907022971,98211.0,95419.23217569778
DELHI – LEH,DELHI,LEH,2026-07-01,2027-07-01,12,92903.36779817939,74646.10370463603,108880.80617603824,xgb,92903.36779817939,99729.99058939844,94124.0,96316.6791937889
DELHI – LUCKNOW,DELHI,LUCKNOW,2026-07-01,2026-08-01,1,99560.94448126853,88776.83500837015,113394.59733310126,xgb,99560.94448126853,109201.1656260149,88460.0,104381.05505364171
DELHI – LUCKNOW,DELHI,LUCKNOW,2026-07-01,2026-09-01,2,105199.26153920591,91879.87861049254,123134.06706069618,xgb,105199.26153920591,107754.71645543043,91341.0,106476.98899731817
DELHI – LUCKNOW,DELHI,LUCKNOW,2026-07-01,2026-10-01,3,112864.09186847508,96551.84664550956,135763.64899320528,xgb,112864.09186847508,112824.98205782784,101775.0,112844.53696315146
DELHI – LUCKNOW,DELHI,LUCKNOW,2026-07-01,2026-11-01,4,121535.94088971615,103222.85772637147,146080.8440248844,xgb,121535.94088971615,124031.73692760806,129875.0,122783.8389086621
DELHI – LUCKNOW,DELHI,LUCKNOW,2026-07-01,2026-12-01,5,117001.78800851107,98657.47755277628,140521.20710855888,xgb,117001.78800851107,128309.05990423982,118629.0,122655.42395637545
DELHI – LUCKNOW,DELHI,LUCKNOW,2026-07-01,2027-01-01,6,122757.10605666041,102766.24976092755,147318.34999326305,xgb,122757.10605666041,122540.16900889705,124667.0,122648.63753277872
DELHI – LUCKNOW,DELHI,LUCKNOW,2026-07-01,2027-02-01,7,120075.0516153872,99835.56616635007,143531.73370712367,xgb,120075.0516153872,122233.94091069367,126518.0,121154.49626304043
DELHI – LUCKNOW,DELHI,LUCKNOW,2026-07-01,2027-03-01,8,121774.04189378023,100557.8226270369,144988.91978976523,xgb,121774.04189378023,116180.4725933519,124774.0,118977.25724356607
DELHI – LUCKNOW,DELHI,LUCKNOW,2026-07-01,2027-04-01,9,122127.24568247795,100161.85036313749,144836.35940604957,xgb,122127.24568247795,112390.86114384895,122758.0,117259.05341316345
DELHI – LUCKNOW,DELHI,LUCKNOW,2026-07-01,2027-05-01,10,129541.19650781155,105517.94316901464,153023.4135304197,xgb,129541.19650781155,115505.22834900502,134193.0,122523.21242840828
DELHI – LUCKNOW,DELHI,LUCKNOW,2026-07-01,2027-06-01,11,116395.4488773644,94163.59896667181,136952.80299862364,xgb,116395.4488773644,113086.61249307416,119092.0,114741.03068521927
DELHI – LUCKNOW,DELHI,LUCKNOW,2026-07-01,2027-07-01,12,108917.52302199602,87513.17537179017,127649.06153988243,xgb,108917.52302199602,104010.78260423924,102553.0,106464.15281311763
DELHI – MUMBAI,DELHI,MUMBAI,2026-07-01,2026-08-01,1,511574.16014135873,456162.1532021477,582655.6406981739,xgb,511574.16014135873,543896.8984085657,507830.0,527735.5292749621
DELHI – MUMBAI,DELHI,MUMBAI,2026-07-01,2026-09-01,2,524632.9738466144,458208.6722550248,614074.5746566494,xgb,524632.9738466144,544809.0772442967,503271.0,534721.0255454555
DELHI – MUMBAI,DELHI,MUMBAI,2026-07-01,2026-10-01,3,548837.0597841988,469513.64913660113,660193.3414379186,xgb,548837.0597841988,559546.9551106703,548294.0,554192.0074474346
DELHI – MUMBAI,DELHI,MUMBAI,2026-07-01,2026-11-01,4,576006.5878939033,489213.68968194706,692334.5300777197,xgb,576006.5878939033,586848.2409522302,602310.0,581427.4144230667
DELHI – MUMBAI,DELHI,MUMBAI,2026-07-01,2026-12-01,5,565503.1356861789,476839.8318060352,679179.2211287958,xgb,565503.1356861789,602487.9794915831,587188.0,583995.557588881
DELHI – MUMBAI,DELHI,MUMBAI,2026-07-01,2027-01-01,6,575364.3975172937,481666.95418443927,690483.3162814423,xgb,575364.3975172937,586357.2751478371,588249.0,580860.8363325654
DELHI – MUMBAI,DELHI,MUMBAI,2026-07-01,2027-02-01,7,564444.2993039836,469303.2851726935,674708.5907545969,xgb,564444.2993039836,593886.1431005038,605932.0,579165.2212022437
DELHI – MUMBAI,DELHI,MUMBAI,2026-07-01,2027-03-01,8,568245.9626349509,469242.6713487763,676575.7875492262,xgb,568245.9626349509,599641.7282033223,596078.0,583943.8454191366
DELHI – MUMBAI,DELHI,MUMBAI,2026-07-01,2027-04-01,9,566793.7787551184,464852.15757692786,672187.0045470727,xgb,566793.7787551184,586143.7243365721,572139.0,576468.7515458453
DELHI – MUMBAI,DELHI,MUMBAI,2026-07-01,2027-05-01,10,587345.6888982852,478423.16338337807,693815.1310974788,xgb,587345.6888982852,609406.2656,629220.0,598375.9772491426
DELHI – MUMBAI,DELHI,MUMBAI,2026-07-01,2027-06-01,11,544978.8672699282,440886.4092013164,641231.1148545791,xgb,544978.8672699282,542048.0900457635,533275.0,543513.4786578459
DELHI – MUMBAI,DELHI,MUMBAI,2026-07-01,2027-07-01,12,528163.4721732188,424369.3877975363,618996.5553012231,xgb,528163.4721732188,513793.7023383954,504551.0,520978.5872558071
DELHI – NAGPUR,DELHI,NAGPUR,2026-07-01,2026-08-01,1,57471.11687001586,51246.03715542363,65456.53207403179,xgb,57471.11687001586,61856.86019346895,51247.0,59663.988531742405
DELHI – NAGPUR,DELHI,NAGPUR,2026-07-01,2026-09-01,2,56793.77479221921,49603.05858987441,66476.2125852845,xgb,56793.77479221921,59417.784156937894,45830.0,58105.77947457855
DELHI – NAGPUR,DELHI,NAGPUR,2026-07-01,2026-10-01,3,61126.10652839641,52291.55142137194,73528.28639877142,xgb,61126.10652839641,62463.9538838399,56700.0,61795.03020611816
DELHI – NAGPUR,DELHI,NAGPUR,2026-07-01,2026-11-01,4,69404.73234336576,58946.800096911385,83421.42913296816,xgb,69404.73234336576,75404.42892466583,75395.0,72404.58063401579
DELHI – NAGPUR,DELHI,NAGPUR,2026-07-01,2026-12-01,5,63367.41385880113,53432.2536156233,76105.37957025596,xgb,63367.41385880113,74257.09211925755,60386.0,68812.25298902934
DELHI – NAGPUR,DELHI,NAGPUR,2026-07-01,2027-01-01,6,69382.16044335565,58083.35385312526,83264.14432387498,xgb,69382.16044335565,72932.27484845904,69387.0,71157.21764590734
DELHI – NAGPUR,DELHI,NAGPUR,2026-07-01,2027-02-01,7,66553.76086427769,55335.661380082835,79555.04955498154,xgb,66553.76086427769,75606.5792641812,73843.0,71080.17006422945
DELHI – NAGPUR,DELHI,NAGPUR,2026-07-01,2027-03-01,8,67247.22734654944,55531.00360726167,80067.16949033916,xgb,67247.22734654944,74266.14818466605,69243.0,70756.68776560774
DELHI – NAGPUR,DELHI,NAGPUR,2026-07-01,2027-04-01,9,66813.97226579985,54797.036114718656,79237.78552735857,xgb,66813.97226579985,68804.63200092083,62390.0,67809.30213336034
DELHI – NAGPUR,DELHI,NAGPUR,2026-07-01,2027-05-01,10,72261.62630224228,58860.79782349996,85360.64991002205,xgb,72261.62630224228,72532.03839372876,74235.0,72396.83234798552
DELHI – NAGPUR,DELHI,NAGPUR,2026-07-01,2027-06-01,11,64491.01554407676,52173.05473037968,75881.19150856882,xgb,64491.01554407676,66116.08643086447,66176.0,65303.55098747062
DELHI – NAGPUR,DELHI,NAGPUR,2026-07-01,2027-07-01,12,61816.290717979275,49668.22362774062,72447.4012912784,xgb,61816.290717979275,57952.73261581125,55597.0,59884.51166689526
DELHI – PATNA,DELHI,PATNA,2026-07-01,2026-08-01,1,113889.6289485991,101553.48416001142,129714.20351955827,xgb,113889.6289485991,121962.71464008738,110693.0,117926.17179434324
DELHI – PATNA,DELHI,PATNA,2026-07-01,2026-09-01,2,113590.82347109914,99208.97655636963,132956.2572029781,xgb,113590.82347109914,117487.91854055678,104048.0,115539.37100582797
DELHI – PATNA,DELHI,PATNA,2026-07-01,2026-10-01,3,122211.94795462489,104548.65725508776,147008.13810846765,xgb,122211.94795462489,126825.99480160778,131222.0,124518.97137811634
DELHI – PATNA,DELHI,PATNA,2026-07-01,2026-11-01,4,128069.39454227686,108771.84802424624,153933.76734103812,xgb,128069.39454227686,141198.4688479217,151429.0,134633.93169509928
DELHI – PATNA,DELHI,PATNA,2026-07-01,2026-12-01,5,120507.35650840402,101613.4199488254,144731.4565892836,xgb,120507.35650840402,128251.24695179268,119700.0,124379.30173009835
DELHI – PATNA,DELHI,PATNA,2026-07-01,2027-01-01,6,121412.3879583478,101640.51748856972,145704.58067421397,xgb,121412.3879583478,115497.16980637985,119295.0,118454.77888236383
DELHI – PATNA,DELHI,PATNA,2026-07-01,2027-02-01,7,123412.4964761138,102610.46147338583,147521.14899837333,xgb,123412.4964761138,127768.78936662176,132518.0,125590.64292136778
DELHI – PATNA,DELHI,PATNA,2026-07-01,2027-03-01,8,128926.66833615303,106464.27469123759,153505.11556853337,xgb,128926.66833615303,137489.01493217747,132737.0,133207.84163416526
DELHI – PATNA,DELHI,PATNA,2026-07-01,2027-04-01,9,129275.89098697901,106024.76438602625,153314.26910427536,xgb,129275.89098697901,129012.564306933,130819.0,129144.227646956
DELHI – PATNA,DELHI,PATNA,2026-07-01,2027-05-01,10,139486.9521726966,113619.27084940983,164772.0581547454,xgb,139486.9521726966,134810.71564305294,148087.0,137148.83390787477
DELHI – PATNA,DELHI,PATNA,2026-07-01,2027-06-01,11,128972.20593935251,104338.16094232147,151750.82258516926,xgb,128972.20593935251,129657.22809999349,135999.0,129314.717019673
DELHI – PATNA,DELHI,PATNA,2026-07-01,2027-07-01,12,116017.9246828258,93218.21418018155,135970.58394889007,xgb,116017.9246828258,116998.10107440008,108899.0,116508.01287861294
DELHI – PUNE,DELHI,PUNE,2026-07-01,2026-08-01,1,223237.33030723035,199057.00717938298,254255.39413868746,xgb,223237.33030723035,236463.96450967324,228927.0,229850.6474084518
DELHI – PUNE,DELHI,PUNE,2026-07-01,2026-09-01,2,229194.1769959529,200175.6747386656,268268.14891303243,xgb,229194.1769959529,229155.1943169752,215848.0,229174.68565646405
DELHI – PUNE,DELHI,PUNE,2026-07-01,2026-10-01,3,234236.13985940316,200381.99466395786,281761.4756556408,xgb,234236.13985940316,235147.09194715752,229899.0,234691.61590328033
DELHI – PUNE,DELHI,PUNE,2026-07-01,2026-11-01,4,244853.85452712575,207959.17984904314,294303.5407487051,xgb,244853.85452712575,242459.24164040101,251518.0,243656.5480837634
DELHI – PUNE,DELHI,PUNE,2026-07-01,2026-12-01,5,239034.97599574924,201557.49907782246,287085.2141648013,xgb,239034.97599574924,250776.85435245075,233983.0,244905.9151741
DELHI – PUNE,DELHI,PUNE,2026-07-01,2027-01-01,6,244704.66053950787,204854.78250895633,293665.1733196012,xgb,244704.66053950787,246262.2660592761,247487.0,245483.46329939197
DELHI – PUNE,DELHI,PUNE,2026-07-01,2027-02-01,7,236830.71521645287,196911.25026496575,283095.63637746964,xgb,236830.71521645287,239178.446880005,245533.0,238004.58104822895
DELHI – PUNE,DELHI,PUNE,2026-07-01,2027-03-01,8,248861.17714781562,205503.05895417466,296303.8155844783,xgb,248861.17714781562,253041.93333020605,255692.0,250951.55523901084
DELHI – PUNE,DELHI,PUNE,2026-07-01,2027-04-01,9,240337.7129683097,197111.3809078912,285027.62982806185,xgb,240337.7129683097,244579.7295540624,240632.0,242458.72126118606
DELHI – PUNE,DELHI,PUNE,2026-07-01,2027-05-01,10,247036.27544651428,201223.7062491427,291817.0833198,xgb,247036.27544651428,244417.1754027917,261742.0,245726.72542465298
DELHI – PUNE,DELHI,PUNE,2026-07-01,2027-06-01,11,231895.30525909364,187602.666060234,272851.8371101923,xgb,231895.30525909364,234579.72005730713,233719.0,233237.5126582004
DELHI – PUNE,DELHI,PUNE,2026-07-01,2027-07-01,12,226267.63576830426,181801.77753356582,265180.9420678714,xgb,226267.63576830426,226615.29590871983,219479.0,226441.46583851206
DELHI – RAIPUR,DELHI,RAIPUR,2026-07-01,2026-08-01,1,64469.340198397644,57486.236271778595,73427.13460802312,xgb,64469.340198397644,66617.73064909542,56535.0,65543.53542374654
DELHI – RAIPUR,DELHI,RAIPUR,2026-07-01,2026-09-01,2,64919.30463488897,56699.80703341931,75987.01638667913,xgb,64919.30463488897,67217.55138559543,56091.0,66068.4280102422
DELHI – RAIPUR,DELHI,RAIPUR,2026-07-01,2026-10-01,3,69349.80046606064,59326.67501811569,83420.52651426956,xgb,69349.80046606064,70376.94238119175,64643.0,69863.3714236262
DELHI – RAIPUR,DELHI,RAIPUR,2026-07-01,2026-11-01,4,73619.19643004736,62526.2270847453,88487.02920474994,xgb,73619.19643004736,74984.98182520168,79106.0,74302.08912762452
DELHI – RAIPUR,DELHI,RAIPUR,2026-07-01,2026-12-01,5,71428.56422821681,60229.5237698395,85786.9630731636,xgb,71428.56422821681,76945.78610185705,73392.0,74187.17516503693
DELHI – RAIPUR,DELHI,RAIPUR,2026-07-01,2027-01-01,6,70516.55203358333,59033.01105206759,84625.50500340614,xgb,70516.55203358333,70045.49560448018,70518.0,70281.02381903175
DELHI – RAIPUR,DELHI,RAIPUR,2026-07-01,2027-02-01,7,72074.80155936877,59926.092249830996,86154.62650434057,xgb,72074.80155936877,73282.51070976697,75733.0,72678.65613456786
DELHI – RAIPUR,DELHI,RAIPUR,2026-07-01,2027-03-01,8,74767.17019971213,61740.775967888316,89020.70650204373,xgb,74767.17019971213,75818.9384819003,75171.0,75293.05434080621
DELHI – RAIPUR,DELHI,RAIPUR,2026-07-01,2027-04-01,9,73000.34408044815,59870.74791855766,86574.49050714189,xgb,73000.34408044815,72767.16239944723,71221.0,72883.75323994769
DELHI – RAIPUR,DELHI,RAIPUR,2026-07-01,2027-05-01,10,75133.58674152693,61200.15678100212,88753.21692183873,xgb,75133.58674152693,77674.49437456683,77874.0,76404.04055804688
DELHI – RAIPUR,DELHI,RAIPUR,2026-07-01,2027-06-01,11,72835.65996575356,58923.849185153726,85699.63762994215,xgb,72835.65996575356,72286.25733258057,72690.0,72560.95864916706
DELHI – RAIPUR,DELHI,RAIPUR,2026-07-01,2027-07-01,12,68748.68224132061,55238.26945962722,80572.01932912019,xgb,68748.68224132061,68265.41929459128,64154.0,68507.05076795595
DELHI – RANCHI,DELHI,RANCHI,2026-07-01,2026-08-01,1,66585.45502512157,59373.140597662925,75837.27635524319,xgb,66585.45502512157,69689.82656455047,69095.0,68137.64079483601
DELHI – RANCHI,DELHI,RANCHI,2026-07-01,2026-09-01,2,69950.30565831563,61093.828023285605,81875.72328763183,xgb,69950.30565831563,66285.9004207058,69144.0,68118.10303951072
DELHI – RANCHI,DELHI,RANCHI,2026-07-01,2026-10-01,3,76035.11540857951,65045.76150896539,91462.25826649816,xgb,76035.11540857951,79375.9578221053,84495.0,77705.5366153424
DELHI – RANCHI,DELHI,RANCHI,2026-07-01,2026-11-01,4,80197.42349565029,68113.24432025306,96393.76818990824,xgb,80197.42349565029,78151.28162857391,86209.0,79174.3525621121
DELHI – RANCHI,DELHI,RANCHI,2026-07-01,2026-12-01,5,77196.44246827564,65093.076093966,92714.2863777382,xgb,77196.44246827564,80432.55203507184,75668.0,78814.49725167375
DELHI – RANCHI,DELHI,RANCHI,2026-07-01,2027-01-01,6,74722.62389462194,62554.128853463095,89673.12779630012,xgb,74722.62389462194,73727.26310465776,68167.0,74224.94349963985
DELHI – RANCHI,DELHI,RANCHI,2026-07-01,2027-02-01,7,74211.16250515482,61702.354693101915,88708.3259302217,xgb,74211.16250515482,75073.02185084962,70345.0,74642.09217800222
DELHI – RANCHI,DELHI,RANCHI,2026-07-01,2027-03-01,8,77929.40498663983,64352.066846171656,92785.78647104232,xgb,77929.40498663983,76864.77582309773,73112.0,77397.09040486878
DELHI – RANCHI,DELHI,RANCHI,2026-07-01,2027-04-01,9,77204.60221660137,63318.84233817823,91560.51503459965,xgb,77204.60221660137,77465.46650624226,69050.0,77335.03436142181
DELHI – RANCHI,DELHI,RANCHI,2026-07-01,2027-05-01,10,82989.53454216322,67599.22885932973,98033.22962341715,xgb,82989.53454216322,77455.40920627474,82407.0,80222.47187421899
DELHI – RANCHI,DELHI,RANCHI,2026-07-01,2027-06-01,11,80870.85633429885,65424.30101350093,95153.98207322085,xgb,80870.85633429885,75731.36302719379,82930.0,78301.10968074632
DELHI – RANCHI,DELHI,RANCHI,2026-07-01,2027-07-01,12,74475.68695265055,59839.809723781684,87283.94920552874,xgb,74475.68695265055,67928.44399203906,65111.0,71202.06547234481
DELHI – SRINAGAR,DELHI,SRINAGAR,2026-07-01,2026-08-01,1,149484.4536729306,133292.79617807243,170254.80744600328,xgb,149484.4536729306,131892.29414690472,130641.0,140688.37390991766
DELHI – SRINAGAR,DELHI,SRINAGAR,2026-07-01,2026-09-01,2,155232.9540076355,135578.75560993585,181697.71050800136,xgb,155232.9540076355,134012.50913009694,141620.0,144622.73156886623
DELHI – SRINAGAR,DELHI,SRINAGAR,2026-07-01,2026-10-01,3,169107.67087060213,144666.54215855416,203418.767564174,xgb,169107.67087060213,145220.66192543125,161475.0,157164.16639801668
DELHI – SRINAGAR,DELHI,SRINAGAR,2026-07-01,2026-11-01,4,166510.53355986872,141420.66116219026,200138.32207487896,xgb,166510.53355986872,130335.96614705474,151868.0,148423.24985346175
DELHI – SRINAGAR,DELHI,SRINAGAR,2026-07-01,2026-12-01,5,165715.56212906042,139733.58552182297,199027.30738914025,xgb,165715.56212906042,136346.3970414691,145562.0,151030.97958526475
DELHI – SRINAGAR,DELHI,SRINAGAR,2026-07-01,2027-01-01,6,167289.4534161985,140046.554569338,200760.73019491043,xgb,167289.4534161985,130109.90732552606,154543.0,148699.68037086228
DELHI – SRINAGAR,DELHI,SRINAGAR,2026-07-01,2027-02-01,7,164078.82232493162,136422.19513831424,196131.64863218454,xgb,164078.82232493162,130335.12052104191,143306.0,147206.97142298677
DELHI – SRINAGAR,DELHI,SRINAGAR,2026-07-01,2027-03-01,8,171697.33108638722,141783.1706693347,204429.53340347708,xgb,171697.33108638722,145989.238286759,153338.0,158843.2846865731
DELHI – SRINAGAR,DELHI,SRINAGAR,2026-07-01,2027-04-01,9,171674.63940520087,140797.81663098934,203596.90939433893,xgb,171674.63940520087,166982.89779593918,164222.0,169328.76860057004
DELHI – SRINAGAR,DELHI,SRINAGAR,2026-07-01,2027-05-01,10,180760.23975430924,147238.47872180573,213527.04516754634,xgb,180760.23975430924,147930.46137898142,190647.0,164345.35056664533
DELHI – SRINAGAR,DELHI,SRINAGAR,2026-07-01,2027-06-01,11,177648.61507202187,143717.24245207704,209024.28761257455,xgb,177648.61507202187,165598.27848498442,192693.0,171623.44677850313
DELHI – SRINAGAR,DELHI,SRINAGAR,2026-07-01,2027-07-01,12,149656.63145386675,120246.28058543593,175394.44552414364,xgb,149656.63145386675,151042.53741849106,142396.0,150349.5844361789
DELHI – UDAIPUR,DELHI,UDAIPUR,2026-07-01,2026-08-01,1,35819.18778753281,31939.372822501686,40796.14147021469,xgb,35819.18778753281,34743.94089047861,40699.0,35281.56433900571
DELHI – UDAIPUR,DELHI,UDAIPUR,2026-07-01,2026-09-01,2,40207.75408341487,35117.01042699715,47062.53841736387,xgb,40207.75408341487,33369.85946319076,39221.0,36788.806773302815
DELHI – UDAIPUR,DELHI,UDAIPUR,2026-07-01,2026-10-01,3,51702.53917253514,44229.972090568954,62192.72457760436,xgb,51702.53917253514,36551.214167602535,44183.0,44126.876670068836
DELHI – UDAIPUR,DELHI,UDAIPUR,2026-07-01,2026-11-01,4,85121.81926687558,72295.6302084142,102312.67485494095,xgb,85121.81926687558,57922.73041299691,87204.0,71522.27483993625
DELHI – UDAIPUR,DELHI,UDAIPUR,2026-07-01,2026-12-01,5,83802.05550522605,70663.0176393709,100647.74392094073,xgb,83802.05550522605,66456.09517573762,94542.0,75129.07534048182
DELHI – UDAIPUR,DELHI,UDAIPUR,2026-07-01,2027-01-01,6,82500.84905599554,69065.67881833033,99007.62038462119,xgb,82500.84905599554,58583.24156573853,82716.0,70542.04531086703
DELHI – UDAIPUR,DELHI,UDAIPUR,2026-07-01,2027-02-01,7,77902.63136778274,64771.60079316925,93120.92387334807,xgb,77902.63136778274,58559.4891978154,82421.0,68231.06028279907
DELHI – UDAIPUR,DELHI,UDAIPUR,2026-07-01,2027-03-01,8,77367.77497986951,63888.28745834372,92117.08789836804,xgb,77367.77497986951,56798.09243951831,78274.0,67082.93370969391
DELHI – UDAIPUR,DELHI,UDAIPUR,2026-07-01,2027-04-01,9,50080.22013615072,41072.96031609264,59392.45352042099,xgb,50080.22013615072,33234.812618335476,42010.0,41657.5163772431
DELHI – UDAIPUR,DELHI,UDAIPUR,2026-07-01,2027-05-01,10,42939.812824606895,34976.678087435874,50723.60694447045,xgb,42939.812824606895,30928.18616424698,37087.0,36933.99949442694
DELHI – UDAIPUR,DELHI,UDAIPUR,2026-07-01,2027-06-01,11,38420.9450725019,31082.439207218555,45206.717034780675,xgb,38420.9450725019,31743.389782441143,32676.0,35082.16742747152
DELHI – UDAIPUR,DELHI,UDAIPUR,2026-07-01,2027-07-01,12,40500.0265781184,32541.00745366075,47465.185046423285,xgb,40500.0265781184,33887.08161838,33664.0,37193.554098249195
DELHI – VARANASI,DELHI,VARANASI,2026-07-01,2026-08-01,1,60829.22986745834,54240.41055220779,69281.2433915875,xgb,60829.22986745834,66018.00085793328,63883.0,63423.61536269581
DELHI – VARANASI,DELHI,VARANASI,2026-07-01,2026-09-01,2,69019.29458204904,60280.693183546085,80785.98958967676,xgb,69019.29458204904,64191.11493378882,56726.0,66605.20475791892
DELHI – VARANASI,DELHI,VARANASI,2026-07-01,2026-10-01,3,73403.75408756733,62794.71079363812,88297.00695542125,xgb,73403.75408756733,74730.94921789906,86990.0,74067.3516527332
DELHI – VARANASI,DELHI,VARANASI,2026-07-01,2026-11-01,4,99054.74765515327,84129.13949140032,119059.44065769864,xgb,99054.74765515327,102391.91048867279,128939.0,100723.32907191303
DELHI – VARANASI,DELHI,VARANASI,2026-07-01,2026-12-01,5,84934.59849492708,71617.99308449705,102007.9479889636,xgb,84934.59849492708,75634.26599307523,84526.0,80284.43224400116
DELHI – VARANASI,DELHI,VARANASI,2026-07-01,2027-01-01,6,85260.20464905103,71375.67646461133,102319.06789321583,xgb,85260.20464905103,68372.87565432263,82398.0,76816.54015168683
DELHI – VARANASI,DELHI,VARANASI,2026-07-01,2027-02-01,7,82080.10187375546,68244.92957792715,98114.46396486698,xgb,82080.10187375546,86871.72634438664,100228.0,84475.91410907105
DELHI – VARANASI,DELHI,VARANASI,2026-07-01,2027-03-01,8,86376.20328172047,71327.21221799053,102842.873691273,xgb,86376.20328172047,92748.32869372044,97898.0,89562.26598772046
DELHI – VARANASI,DELHI,VARANASI,2026-07-01,2027-04-01,9,74571.77014537652,61159.54258098139,88438.11748937763,xgb,74571.77014537652,73802.45789098257,71647.0,74187.11401817953
DELHI – VARANASI,DELHI,VARANASI,2026-07-01,2027-05-01,10,74680.01812295118,60830.70189708619,88217.42892423015,xgb,74680.01812295118,73774.8399930495,73247.0,74227.42905800034
DELHI – VARANASI,DELHI,VARANASI,2026-07-01,2027-06-01,11,74784.07746815681,60500.11360172255,87992.17776737356,xgb,74784.07746815681,70939.87614099363,74735.0,72861.97680457521
DELHI – VARANASI,DELHI,VARANASI,2026-07-01,2027-07-01,12,69901.90555850664,56164.862643162596,81923.57296438765,xgb,69901.90555850664,66600.75190423903,65079.0,68251.32873137284
GUWAHATI – KOLKATA,GUWAHATI,KOLKATA,2026-07-01,2026-08-01,1,69852.45112291475,62286.26657349516,79558.21039145824,xgb,69852.45112291475,63952.65471074585,77483.0,66902.55291683029
GUWAHATI – KOLKATA,GUWAHATI,KOLKATA,2026-07-01,2026-09-01,2,69666.10990430911,60845.61457579857,81543.07666521078,xgb,69666.10990430911,66127.22435616721,77303.0,67896.66713023816
GUWAHATI – KOLKATA,GUWAHATI,KOLKATA,2026-07-01,2026-10-01,3,77010.43807620803,65880.12080850679,92635.46900262263,xgb,77010.43807620803,78513.15908356466,93875.0,77761.79857988635
GUWAHATI – KOLKATA,GUWAHATI,KOLKATA,2026-07-01,2026-11-01,4,80523.77424816787,68390.42041359145,96786.02740991284,xgb,80523.77424816787,72533.4780782471,96407.0,76528.62616320749
GUWAHATI – KOLKATA,GUWAHATI,KOLKATA,2026-07-01,2026-12-01,5,79743.96523666878,67241.18147436967,95773.90606940567,xgb,79743.96523666878,73986.29017452149,87216.0,76865.12770559514
GUWAHATI – KOLKATA,GUWAHATI,KOLKATA,2026-07-01,2027-01-01,6,80927.67717945078,67748.69620791227,97119.68825137745,xgb,80927.67717945078,70561.64643994394,89008.0,75744.66180969737
GUWAHATI – KOLKATA,GUWAHATI,KOLKATA,2026-07-01,2027-02-01,7,76284.20991889635,63425.975540698964,91186.34351462773,xgb,76284.20991889635,65508.90752312483,81725.0,70896.55872101059
GUWAHATI – KOLKATA,GUWAHATI,KOLKATA,2026-07-01,2027-03-01,8,83381.8024089237,68854.51420158082,99277.62332089411,xgb,83381.8024089237,75796.90857194975,87329.0,79589.35549043672
GUWAHATI – KOLKATA,GUWAHATI,KOLKATA,2026-07-01,2027-04-01,9,80266.40054438014,65829.95592495654,95191.64353956873,xgb,80266.40054438014,73540.56586074654,75635.0,76903.48320256334
GUWAHATI – KOLKATA,GUWAHATI,KOLKATA,2026-07-01,2027-05-01,10,85098.06017611423,69316.7310440516,100523.97232706448,xgb,85098.06017611423,73256.11182926325,75964.0,79177.08600268874
GUWAHATI – KOLKATA,GUWAHATI,KOLKATA,2026-07-01,2027-06-01,11,81822.5702462246,66194.23495849564,96273.78434339675,xgb,81822.5702462246,68796.44281359896,72181.0,75309.50652991177
GUWAHATI – KOLKATA,GUWAHATI,KOLKATA,2026-07-01,2027-07-01,12,80322.67265204588,64537.752448793864,94136.49429337653,xgb,80322.67265204588,70559.75243202024,69215.0,75441.21254203306
HYDERABAD – KOCHI,HYDERABAD,KOCHI,2026-07-01,2026-08-01,1,53101.0553629895,47349.32613679022,60479.26546118471,xgb,53101.0553629895,48600.94443000237,57060.0,50850.99989649594
HYDERABAD – KOCHI,HYDERABAD,KOCHI,2026-07-01,2026-09-01,2,63041.83995874722,55060.05002357468,73789.47376181983,xgb,63041.83995874722,57374.121107192375,75585.0,60207.9805329698
HYDERABAD – KOCHI,HYDERABAD,KOCHI,2026-07-01,2026-10-01,3,61762.12113554279,52835.64284847581,74293.34517388472,xgb,61762.12113554279,54967.16380086448,69637.0,58364.64246820363
HYDERABAD – KOCHI,HYDERABAD,KOCHI,2026-07-01,2026-11-01,4,66390.51705384254,56386.767947496104,79798.47521215377,xgb,66390.51705384254,61411.69609111537,77970.0,63901.10657247896
HYDERABAD – KOCHI,HYDERABAD,KOCHI,2026-07-01,2026-12-01,5,71736.03999096155,60488.79145862734,86156.2468770519,xgb,71736.03999096155,69413.26310336802,78002.0,70574.65154716479
HYDERABAD – KOCHI,HYDERABAD,KOCHI,2026-07-01,2027-01-01,6,62526.727581719555,52344.32050255907,75037.07633483592,xgb,62526.727581719555,62729.73741884863,66830.0,62628.232500284095
HYDERABAD – KOCHI,HYDERABAD,KOCHI,2026-07-01,2027-02-01,7,56138.66151263316,46676.09949389856,67105.35874442257,xgb,56138.66151263316,51835.39110671001,49747.0,53987.026309671586
HYDERABAD – KOCHI,HYDERABAD,KOCHI,2026-07-01,2027-03-01,8,61997.20623065034,51195.673318879875,73816.28975743489,xgb,61997.20623065034,49883.798572570086,55990.0,55940.50240161021
HYDERABAD – KOCHI,HYDERABAD,KOCHI,2026-07-01,2027-04-01,9,61354.58250298102,50319.55381794106,72763.24224746552,xgb,61354.58250298102,59580.27904060895,60885.0,60467.430771794985
HYDERABAD – KOCHI,HYDERABAD,KOCHI,2026-07-01,2027-05-01,10,72183.4801090757,58797.143744398345,85268.33798489609,xgb,72183.4801090757,62550.27211177231,73023.0,67366.876110424
HYDERABAD – KOCHI,HYDERABAD,KOCHI,2026-07-01,2027-06-01,11,57226.2406642735,46295.87177380465,67333.33768319016,xgb,57226.2406642735,49774.46268782365,47776.0,53500.35167604858
HYDERABAD – KOCHI,HYDERABAD,KOCHI,2026-07-01,2027-07-01,12,54912.318573733166,44121.01223091747,64356.090172014985,xgb,54912.318573733166,46314.49133453263,43137.0,50613.4049541329
HYDERABAD – KOLKATA,HYDERABAD,KOLKATA,2026-07-01,2026-08-01,1,75763.55755540729,67557.10167061536,86290.64485356507,xgb,75763.55755540729,75337.71158620776,89577.0,75550.63457080752
HYDERABAD – KOLKATA,HYDERABAD,KOLKATA,2026-07-01,2026-09-01,2,75548.9824796915,65983.65081482378,88428.8857061488,xgb,75548.9824796915,72453.49970077215,80315.0,74001.24109023184
HYDERABAD – KOLKATA,HYDERABAD,KOLKATA,2026-07-01,2026-10-01,3,79933.46439960599,68380.6821885283,96151.5626795217,xgb,79933.46439960599,86560.31455108861,92920.0,83246.8894753473
HYDERABAD – KOLKATA,HYDERABAD,KOLKATA,2026-07-01,2026-11-01,4,81619.77678915858,69321.27686254168,98103.37415581595,xgb,81619.77678915858,79468.60093958197,84268.0,80544.18886437028
HYDERABAD – KOLKATA,HYDERABAD,KOLKATA,2026-07-01,2026-12-01,5,77032.95289477706,64955.21949192522,92517.9325218808,xgb,77032.95289477706,79414.50445398549,71802.0,78223.72867438127
HYDERABAD – KOLKATA,HYDERABAD,KOLKATA,2026-07-01,2027-01-01,6,84924.9476981759,71095.01573013769,101916.73272571931,xgb,84924.9476981759,78362.57632652555,88837.0,81643.76201235072
HYDERABAD – KOLKATA,HYDERABAD,KOLKATA,2026-07-01,2027-02-01,7,79521.70174601674,66117.76559343026,95056.27992987627,xgb,79521.70174601674,73056.28718964312,78181.0,76288.99446782994
HYDERABAD – KOLKATA,HYDERABAD,KOLKATA,2026-07-01,2027-03-01,8,82951.10833978653,68498.85829054035,98764.82217811422,xgb,82951.10833978653,80778.39642154572,81113.0,81864.75238066612
HYDERABAD – KOLKATA,HYDERABAD,KOLKATA,2026-07-01,2027-04-01,9,83938.63181972504,68841.712044113,99546.71276139349,xgb,83938.63181972504,79343.67741781715,84498.0,81641.15461877109
HYDERABAD – KOLKATA,HYDERABAD,KOLKATA,2026-07-01,2027-05-01,10,88876.85792911053,72394.75546637365,104987.76104287816,xgb,88876.85792911053,80155.46292369586,89354.0,84516.16042640319
HYDERABAD – KOLKATA,HYDERABAD,KOLKATA,2026-07-01,2027-06-01,11,83347.49616467953,67427.89584493256,98068.03730527752,xgb,83347.49616467953,75521.76666329698,75281.0,79434.63141398825
HYDERABAD – KOLKATA,HYDERABAD,KOLKATA,2026-07-01,2027-07-01,12,82022.65424481034,65903.65559393211,96128.83720506426,xgb,82022.65424481034,75032.01472248464,72156.0,78527.33448364749
HYDERABAD – MUMBAI,HYDERABAD,MUMBAI,2026-07-01,2026-08-01,1,182751.899625957,162956.82333158492,208144.65127782704,xgb,182751.899625957,191058.93398420306,198743.0,186905.41680508002
HYDERABAD – MUMBAI,HYDERABAD,MUMBAI,2026-07-01,2026-09-01,2,178685.83922946453,156062.24775350373,209148.94067272314,xgb,178685.83922946453,185649.56146939987,187828.0,182167.70034943218
HYDERABAD – MUMBAI,HYDERABAD,MUMBAI,2026-07-01,2026-10-01,3,178006.76877227426,152279.4535962053,214123.44771423197,xgb,178006.76877227426,176499.4787818815,179741.0,177253.12377707788
HYDERABAD – MUMBAI,HYDERABAD,MUMBAI,2026-07-01,2026-11-01,4,182730.01379683614,155196.18376595565,219633.42241570016,xgb,182730.01379683614,177540.16609126612,178562.0,180135.0899440511
HYDERABAD – MUMBAI,HYDERABAD,MUMBAI,2026-07-01,2026-12-01,5,180149.23900459707,151904.25553114538,216362.40740844732,xgb,180149.23900459707,188037.9929284966,161384.0,184093.61596654681
HYDERABAD – MUMBAI,HYDERABAD,MUMBAI,2026-07-01,2027-01-01,6,191210.282599926,160071.90369453473,229467.63930199613,xgb,191210.282599926,193415.66230805323,199542.0,192312.9724539896
HYDERABAD – MUMBAI,HYDERABAD,MUMBAI,2026-07-01,2027-02-01,7,181475.81423807144,150886.80301375367,216927.14592316205,xgb,181475.81423807144,175227.16383846258,168724.0,178351.489038267
HYDERABAD – MUMBAI,HYDERABAD,MUMBAI,2026-07-01,2027-03-01,8,183432.9082311988,151474.10370072114,218402.36888527768,xgb,183432.9082311988,172429.8989463893,177585.0,177931.40358879406
HYDERABAD – MUMBAI,HYDERABAD,MUMBAI,2026-07-01,2027-04-01,9,183745.9300299883,150698.00555683667,217912.81226806954,xgb,183745.9300299883,178057.52361070408,183305.0,180901.7268203462
HYDERABAD – MUMBAI,HYDERABAD,MUMBAI,2026-07-01,2027-05-01,10,191760.95619294047,156199.12601611984,226521.88562062217,xgb,191760.95619294047,188176.3485684685,202409.0,189968.65238070447
HYDERABAD – MUMBAI,HYDERABAD,MUMBAI,2026-07-01,2027-06-01,11,178167.155967772,144136.74061481602,209634.4113745201,xgb,178167.155967772,183113.01526727172,181207.0,180640.08561752187
HYDERABAD – MUMBAI,HYDERABAD,MUMBAI,2026-07-01,2027-07-01,12,173339.71915273368,139275.1948467148,203150.52953384494,xgb,173339.71915273368,180187.90933772578,173109.0,176763.81424522973
HYDERABAD – PUNE,HYDERABAD,PUNE,2026-07-01,2026-08-01,1,64102.19662293792,57158.86046399783,73008.97768796171,xgb,64102.19662293792,68986.93122462678,70120.0,66544.56392378235
HYDERABAD – PUNE,HYDERABAD,PUNE,2026-07-01,2026-09-01,2,64575.13460419575,56399.212711949884,75584.17082465143,xgb,64575.13460419575,64053.906494545125,64919.0,64314.52054937044
HYDERABAD – PUNE,HYDERABAD,PUNE,2026-07-01,2026-10-01,3,60662.77309372027,51895.18355990259,72970.94493834047,xgb,60662.77309372027,62441.098359344185,58649.0,61551.93572653223
HYDERABAD – PUNE,HYDERABAD,PUNE,2026-07-01,2026-11-01,4,63013.93630361557,53518.97170688811,75739.97397951082,xgb,63013.93630361557,58158.621762113726,59137.0,60586.27903286465
HYDERABAD – PUNE,HYDERABAD,PUNE,2026-07-01,2026-12-01,5,63106.46971078713,53212.222008727294,75791.98105480615,xgb,63106.46971078713,57066.26144063654,53842.0,60086.36557571184
HYDERABAD – PUNE,HYDERABAD,PUNE,2026-07-01,2027-01-01,6,65255.593861808375,54628.793986109114,78311.93422818984,xgb,65255.593861808375,57316.26959059438,58628.0,61285.93172620138
HYDERABAD – PUNE,HYDERABAD,PUNE,2026-07-01,2027-02-01,7,65557.68521467844,54507.481212059385,78364.39035503071,xgb,65557.68521467844,54176.578119774524,56549.0,59867.13166722648
HYDERABAD – PUNE,HYDERABAD,PUNE,2026-07-01,2027-03-01,8,65709.57402842243,54261.249666097734,78236.37952772259,xgb,65709.57402842243,56598.443309629205,57144.0,61154.00866902582
HYDERABAD – PUNE,HYDERABAD,PUNE,2026-07-01,2027-04-01,9,66946.4382109344,54905.67718085123,79394.88302948723,xgb,66946.4382109344,64864.61200758701,62220.0,65905.5251092607
HYDERABAD – PUNE,HYDERABAD,PUNE,2026-07-01,2027-05-01,10,73423.99570964773,59807.60727391764,86733.72457120745,xgb,73423.99570964773,72273.46338178332,71691.0,72848.72954571553
HYDERABAD – PUNE,HYDERABAD,PUNE,2026-07-01,2027-06-01,11,65120.61889347434,52682.40211356826,76621.99318345363,xgb,65120.61889347434,66286.35000730555,60299.0,65703.48445038995
HYDERABAD – PUNE,HYDERABAD,PUNE,2026-07-01,2027-07-01,12,63095.75347208977,50696.247817746604,73946.90490930004,xgb,63095.75347208977,65083.981028311966,61633.0,64089.86725020087
HYDERABAD – TIRUPATI,HYDERABAD,TIRUPATI,2026-07-01,2026-08-01,1,44362.946861192584,39557.70040653,50527.02665733698,xgb,44362.946861192584,39059.28482787203,66356.0,41711.11584453231
HYDERABAD – TIRUPATI,HYDERABAD,TIRUPATI,2026-07-01,2026-09-01,2,49207.94398351014,42977.677349872356,57597.1179429465,xgb,49207.94398351014,35093.869806095885,57918.0,42150.90689480301
HYDERABAD – TIRUPATI,HYDERABAD,TIRUPATI,2026-07-01,2026-10-01,3,52315.41993318498,44754.27320560566,62929.9557650091,xgb,52315.41993318498,36087.230884768236,65255.0,44201.32540897661
HYDERABAD – TIRUPATI,HYDERABAD,TIRUPATI,2026-07-01,2026-11-01,4,57822.31993871927,49109.63012874645,69499.87993913445,xgb,57822.31993871927,38328.12349659581,66235.0,48075.221717657536
HYDERABAD – TIRUPATI,HYDERABAD,TIRUPATI,2026-07-01,2026-12-01,5,55350.72620692849,46672.475021430284,66477.19657384334,xgb,55350.72620692849,38761.06199597026,57721.0,47055.894101449376
HYDERABAD – TIRUPATI,HYDERABAD,TIRUPATI,2026-07-01,2027-01-01,6,56490.05159264803,47290.710391121786,67792.58210780933,xgb,56490.05159264803,40293.672760675916,64001.0,48391.862176661976
HYDERABAD – TIRUPATI,HYDERABAD,TIRUPATI,2026-07-01,2027-02-01,7,51096.766698628664,42484.05113301474,61078.52890685551,xgb,51096.766698628664,37279.053894070435,50450.0,44187.91029634955
HYDERABAD – TIRUPATI,HYDERABAD,TIRUPATI,2026-07-01,2027-03-01,8,50607.485661029816,41790.33961228872,60255.24459202105,xgb,50607.485661029816,41474.21032698299,52040.0,46040.8479940064
HYDERABAD – TIRUPATI,HYDERABAD,TIRUPATI,2026-07-01,2027-04-01,9,49123.607341334224,40288.40067852424,58257.962082509635,xgb,49123.607341334224,36267.05516589687,40309.0,42695.33125361554
HYDERABAD – TIRUPATI,HYDERABAD,TIRUPATI,2026-07-01,2027-05-01,10,54311.44174936414,44239.452609896776,64156.59600415292,xgb,54311.44174936414,38084.913206510784,45341.0,46198.17747793746
HYDERABAD – TIRUPATI,HYDERABAD,TIRUPATI,2026-07-01,2027-06-01,11,54031.4890768826,43711.32650013014,63574.34032549731,xgb,54031.4890768826,36188.990705683434,40190.0,45110.23989128302
HYDERABAD – TIRUPATI,HYDERABAD,TIRUPATI,2026-07-01,2027-07-01,12,54670.40420106053,43926.6385954063,64072.571581177814,xgb,54670.40420106053,36585.29842210894,41011.0,45627.85131158474
HYDERABAD – VISAKHAPATNAM,HYDERABAD,VISAKHAPATNAM,2026-07-01,2026-08-01,1,89902.19522209962,80164.28925726209,102393.79788617647,xgb,89902.19522209962,98173.40299217631,85247.0,94037.79910713797
HYDERABAD – VISAKHAPATNAM,HYDERABAD,VISAKHAPATNAM,2026-07-01,2026-09-01,2,87695.82837454477,76592.5724934569,102646.57616432171,xgb,87695.82837454477,86647.54190243813,78089.0,87171.68513849145
HYDERABAD – VISAKHAPATNAM,HYDERABAD,VISAKHAPATNAM,2026-07-01,2026-10-01,3,89694.98101222515,76731.36697592305,107893.64196352768,xgb,89694.98101222515,93728.43945699248,82181.0,91711.71023460882
HYDERABAD – VISAKHAPATNAM,HYDERABAD,VISAKHAPATNAM,2026-07-01,2026-11-01,4,90544.2732781569,76901.026725994,108830.2255716699,xgb,90544.2732781569,91907.45437487216,90724.0,91225.86382651454
HYDERABAD – VISAKHAPATNAM,HYDERABAD,VISAKHAPATNAM,2026-07-01,2026-12-01,5,86575.17595720291,73001.35001359196,103978.31040203481,xgb,86575.17595720291,92089.34855615339,74060.0,89332.26225667815
HYDERABAD – VISAKHAPATNAM,HYDERABAD,VISAKHAPATNAM,2026-07-01,2027-01-01,6,89877.55101056893,75241.09317785189,107860.2529958709,xgb,89877.55101056893,97321.33540366657,90452.0,93599.44320711776
HYDERABAD – VISAKHAPATNAM,HYDERABAD,VISAKHAPATNAM,2026-07-01,2027-02-01,7,84218.56055251756,70022.93616668468,100670.67091622371,xgb,84218.56055251756,89423.21237508101,74211.0,86820.88646379928
HYDERABAD – VISAKHAPATNAM,HYDERABAD,VISAKHAPATNAM,2026-07-01,2027-03-01,8,86441.46843258539,71381.1064746181,102920.58092326316,xgb,86441.46843258539,99561.4005684066,83827.0,93001.43450049599
HYDERABAD – VISAKHAPATNAM,HYDERABAD,VISAKHAPATNAM,2026-07-01,2027-04-01,9,86591.18962387243,71017.18973030717,102692.50396727781,xgb,86591.18962387243,97190.00104659163,84417.0,91890.59533523204
HYDERABAD – VISAKHAPATNAM,HYDERABAD,VISAKHAPATNAM,2026-07-01,2027-05-01,10,91937.0870373249,74887.46890294638,108602.72459847476,xgb,91937.0870373249,105635.20557709773,96030.0,98786.14630721131
HYDERABAD – VISAKHAPATNAM,HYDERABAD,VISAKHAPATNAM,2026-07-01,2027-06-01,11,90301.7965483268,73053.9057854886,106250.58172278624,xgb,90301.7965483268,99985.69754690201,91042.0,95143.74704761441
HYDERABAD – VISAKHAPATNAM,HYDERABAD,VISAKHAPATNAM,2026-07-01,2027-07-01,12,86284.09029491742,69327.63908200111,101123.15122833246,xgb,86284.09029491742,94487.93391596053,90612.0,90386.01210543897
INDORE – MUMBAI,INDORE,MUMBAI,2026-07-01,2026-08-01,1,65200.46747922897,58138.17028384186,74259.84952491215,xgb,65200.46747922897,67205.66521874828,56271.0,66203.06634898862
INDORE – MUMBAI,INDORE,MUMBAI,2026-07-01,2026-09-01,2,65096.596130132675,56854.65147646317,76194.53326983229,xgb,65096.596130132675,64642.238163699556,53276.0,64869.417146916116
INDORE – MUMBAI,INDORE,MUMBAI,2026-07-01,2026-10-01,3,63900.579432845116,54665.029805485676,76865.68591446223,xgb,63900.579432845116,60007.25676203614,51499.0,61953.918097440626
INDORE – MUMBAI,INDORE,MUMBAI,2026-07-01,2026-11-01,4,66650.78233679137,56607.81635569758,80111.30261057774,xgb,66650.78233679137,65973.15632371778,62201.0,66311.96933025456
INDORE – MUMBAI,INDORE,MUMBAI,2026-07-01,2026-12-01,5,67951.87186320624,57297.93011817677,81611.39433877077,xgb,67951.87186320624,69735.5677026354,61295.0,68843.71978292082
INDORE – MUMBAI,INDORE,MUMBAI,2026-07-01,2027-01-01,6,72041.05247517428,60309.248315830286,86455.02752013538,xgb,72041.05247517428,72756.95911703068,72479.0,72399.00579610249
INDORE – MUMBAI,INDORE,MUMBAI,2026-07-01,2027-02-01,7,68765.5609903733,57174.64720490561,82198.9252180877,xgb,68765.5609903733,67864.32007398612,69300.0,68314.94053217971
INDORE – MUMBAI,INDORE,MUMBAI,2026-07-01,2027-03-01,8,69041.9467363755,57013.035994959326,82204.03233573609,xgb,69041.9467363755,68688.21494112616,68997.0,68865.08083875083
INDORE – MUMBAI,INDORE,MUMBAI,2026-07-01,2027-04-01,9,67564.32276666164,55412.43110022931,80127.66095373053,xgb,67564.32276666164,66277.23986493742,65467.0,66920.78131579954
INDORE – MUMBAI,INDORE,MUMBAI,2026-07-01,2027-05-01,10,66850.84009667239,54453.43517184664,78969.03861276433,xgb,66850.84009667239,68840.26671142233,66150.0,67845.55340404736
INDORE – MUMBAI,INDORE,MUMBAI,2026-07-01,2027-06-01,11,68700.2805753549,55578.338598199276,80833.88210049228,xgb,68700.2805753549,69664.50755461387,68725.0,69182.39406498439
INDORE – MUMBAI,INDORE,MUMBAI,2026-07-01,2027-07-01,12,65095.175512234375,52302.74571438038,76290.18576958065,xgb,65095.175512234375,66302.7894958237,65000.0,65698.98250402903
JAIPUR – MUMBAI,JAIPUR,MUMBAI,2026-07-01,2026-08-01,1,76805.2448810935,68485.95689918497,87477.07107178366,xgb,76805.2448810935,56330.09054098063,88560.0,66567.66771103707
JAIPUR – MUMBAI,JAIPUR,MUMBAI,2026-07-01,2026-09-01,2,80318.68018839757,70149.45236202698,94011.74122176647,xgb,80318.68018839757,50782.53589675885,84060.0,65550.60804257821
JAIPUR – MUMBAI,JAIPUR,MUMBAI,2026-07-01,2026-10-01,3,85578.4880617261,73209.83067953328,102941.9332777764,xgb,85578.4880617261,46865.98205986587,88237.0,66222.23506079598
JAIPUR – MUMBAI,JAIPUR,MUMBAI,2026-07-01,2026-11-01,4,96074.44968797764,81597.91398892022,115477.25386337645,xgb,96074.44968797764,54162.67022742338,108037.0,75118.55995770052
JAIPUR – MUMBAI,JAIPUR,MUMBAI,2026-07-01,2026-12-01,5,106969.35488502185,90197.99533009122,128472.07831536434,xgb,106969.35488502185,55816.80056844693,115536.0,81393.0777267344
JAIPUR – MUMBAI,JAIPUR,MUMBAI,2026-07-01,2027-01-01,6,112730.72431385517,94372.6529788077,135285.88961519842,xgb,112730.72431385517,54497.708305295855,127770.0,83614.21630957551
JAIPUR – MUMBAI,JAIPUR,MUMBAI,2026-07-01,2027-02-01,7,108740.65675715606,90411.66242780305,129983.16285383787,xgb,108740.65675715606,49700.55596788745,119223.0,79220.60636252175
JAIPUR – MUMBAI,JAIPUR,MUMBAI,2026-07-01,2027-03-01,8,105242.73046517372,86906.69750564083,125306.09618083417,xgb,105242.73046517372,47762.041512446005,118619.0,76502.38598880987
JAIPUR – MUMBAI,JAIPUR,MUMBAI,2026-07-01,2027-04-01,9,92311.93959460656,75709.02486776172,109477.00642783134,xgb,92311.93959460656,37925.206655577735,94605.0,65118.57312509215
JAIPUR – MUMBAI,JAIPUR,MUMBAI,2026-07-01,2027-05-01,10,88335.65782930455,71953.92025013456,104348.4564130933,xgb,88335.65782930455,38034.908910946855,89325.0,63185.283370125704
JAIPUR – MUMBAI,JAIPUR,MUMBAI,2026-07-01,2027-06-01,11,70263.27224663894,56842.79457429251,82672.92385436175,xgb,70263.27224663894,34444.73182140977,64290.0,52354.00203402435
JAIPUR – MUMBAI,JAIPUR,MUMBAI,2026-07-01,2027-07-01,12,70644.39768205087,56761.44105972075,82793.75822146548,xgb,70644.39768205087,35602.12961064757,58174.0,53123.26364634922
KOCHI – MUMBAI,KOCHI,MUMBAI,2026-07-01,2026-08-01,1,106914.92432149252,95334.25627764383,121770.38752997747,xgb,106914.92432149252,111681.51299391415,104457.0,109298.21865770334
KOCHI – MUMBAI,KOCHI,MUMBAI,2026-07-01,2026-09-01,2,106558.51115290324,93067.03228135103,124725.04717440029,xgb,106558.51115290324,109880.47300299948,100484.0,108219.49207795136
KOCHI – MUMBAI,KOCHI,MUMBAI,2026-07-01,2026-10-01,3,106545.6891746521,91146.6425824716,128163.27414128564,xgb,106545.6891746521,96484.42507452185,95079.0,101515.05712458698
KOCHI – MUMBAI,KOCHI,MUMBAI,2026-07-01,2026-11-01,4,106558.92203013103,90502.5819331312,128079.12749586106,xgb,106558.92203013103,107681.97709062684,97957.0,107120.44956037894
KOCHI – MUMBAI,KOCHI,MUMBAI,2026-07-01,2026-12-01,5,108010.25127029419,91075.69312866931,129722.21319811301,xgb,108010.25127029419,120450.3591639662,109234.0,114230.3052171302
KOCHI – MUMBAI,KOCHI,MUMBAI,2026-07-01,2027-01-01,6,118929.24838002524,99561.7543904941,142724.614485433,xgb,118929.24838002524,128786.5893595053,133412.0,123857.91886976527
KOCHI – MUMBAI,KOCHI,MUMBAI,2026-07-01,2027-02-01,7,108321.27228800456,90062.96812906374,129481.8515561341,xgb,108321.27228800456,110942.68241025017,111540.0,109631.97734912737
KOCHI – MUMBAI,KOCHI,MUMBAI,2026-07-01,2027-03-01,8,109631.50107065837,90530.82962143308,130531.53749327199,xgb,109631.50107065837,107404.06093429826,113022.0,108517.78100247832
KOCHI – MUMBAI,KOCHI,MUMBAI,2026-07-01,2027-04-01,9,116130.91358439128,95243.99837212672,137725.03133160406,xgb,116130.91358439128,118375.19382896797,122591.0,117253.05370667962
KOCHI – MUMBAI,KOCHI,MUMBAI,2026-07-01,2027-05-01,10,115388.17799377441,93989.5842878758,136304.84628570083,xgb,115388.17799377441,121817.6616061224,125099.0,118602.9197999484
KOCHI – MUMBAI,KOCHI,MUMBAI,2026-07-01,2027-06-01,11,103832.5103149414,84000.21611927777,122171.04248635398,xgb,103832.5103149414,105503.23209876035,94818.0,104667.87120685088
KOCHI – MUMBAI,KOCHI,MUMBAI,2026-07-01,2027-07-01,12,99725.41415532431,80127.48927678807,116876.10198436523,xgb,99725.41415532431,107572.5599437175,105331.0,103648.9870495209
KOLKATA – MUMBAI,KOLKATA,MUMBAI,2026-07-01,2026-08-01,1,151621.7747423748,135198.6097571879,172689.10197086868,xgb,151621.7747423748,164814.52822212505,181020.0,158218.15148224993
KOLKATA – MUMBAI,KOLKATA,MUMBAI,2026-07-01,2026-09-01,2,170806.8004665474,149180.7819094265,199926.65077057117,xgb,170806.8004665474,167662.08806947066,198904.0,169234.44426800904
KOLKATA – MUMBAI,KOLKATA,MUMBAI,2026-07-01,2026-10-01,3,167654.87261197466,143423.7168068265,201671.20383883885,xgb,167654.87261197466,165029.030138493,176650.0,166341.95137523382
KOLKATA – MUMBAI,KOLKATA,MUMBAI,2026-07-01,2026-11-01,4,176566.2043579618,149961.13954690666,212224.79515163542,xgb,176566.2043579618,167803.42977540434,188236.0,172184.81706668308
KOLKATA – MUMBAI,KOLKATA,MUMBAI,2026-07-01,2026-12-01,5,179758.28261746466,151574.5958597494,215892.86190506877,xgb,179758.28261746466,170290.84114704456,189122.0,175024.5618822546
KOLKATA – MUMBAI,KOLKATA,MUMBAI,2026-07-01,2027-01-01,6,185381.6616035799,155192.4670548683,222472.82771429492,xgb,185381.6616035799,169676.25645161865,209239.0,177528.95902759928
KOLKATA – MUMBAI,KOLKATA,MUMBAI,2026-07-01,2027-02-01,7,177154.43860738474,147293.82531436463,211761.58881593784,xgb,177154.43860738474,152710.0705002145,184786.0,164932.25455379963
KOLKATA – MUMBAI,KOLKATA,MUMBAI,2026-07-01,2027-03-01,8,177476.39026446143,146555.36676911463,211310.30646971875,xgb,177476.39026446143,154010.94872187686,181313.0,165743.66949316915
KOLKATA – MUMBAI,KOLKATA,MUMBAI,2026-07-01,2027-04-01,9,180858.7096832891,148330.07094310303,214488.72387991243,xgb,180858.7096832891,154754.9713629378,181509.0,167806.84052311344
KOLKATA – MUMBAI,KOLKATA,MUMBAI,2026-07-01,2027-05-01,10,203859.21253912646,166053.77581089802,240813.21944929965,xgb,203859.21253912646,166663.3204279782,212158.0,185261.26648355235
KOLKATA – MUMBAI,KOLKATA,MUMBAI,2026-07-01,2027-06-01,11,176129.94291316468,142488.64084000586,207237.39292727978,xgb,176129.94291316468,145097.6447410621,168754.0,160613.7938271134
KOLKATA – MUMBAI,KOLKATA,MUMBAI,2026-07-01,2027-07-01,12,161439.82546022534,129713.85471774555,189204.1027319217,xgb,161439.82546022534,137299.94207755305,144138.0,149369.88376888918
LUCKNOW – MUMBAI,LUCKNOW,MUMBAI,2026-07-01,2026-08-01,1,78541.49481269717,70034.14202854835,89454.56699540725,xgb,78541.49481269717,77350.5437529405,75592.0,77946.01928281883
LUCKNOW – MUMBAI,LUCKNOW,MUMBAI,2026-07-01,2026-09-01,2,84211.94233252604,73549.78472147074,98568.74281023603,xgb,84211.94233252604,78597.66716227359,80226.0,81404.80474739982
LUCKNOW – MUMBAI,LUCKNOW,MUMBAI,2026-07-01,2026-10-01,3,87011.2801365753,74435.54134087412,104665.43166517103,xgb,87011.2801365753,79233.83857869759,82367.0,83122.55935763643
LUCKNOW – MUMBAI,LUCKNOW,MUMBAI,2026-07-01,2026-11-01,4,75900.16211913028,64463.49597063471,91228.64942518655,xgb,75900.16211913028,78928.21955036372,62257.0,77414.190834747
LUCKNOW – MUMBAI,LUCKNOW,MUMBAI,2026-07-01,2026-12-01,5,75956.74870762725,64047.7496810518,91225.39234751546,xgb,75956.74870762725,84384.31318769013,62270.0,80170.5309476587
LUCKNOW – MUMBAI,LUCKNOW,MUMBAI,2026-07-01,2027-01-01,6,82911.51498454809,69409.46826350066,99500.45235937375,xgb,82911.51498454809,89620.9184344707,79078.0,86266.2167095094
LUCKNOW – MUMBAI,LUCKNOW,MUMBAI,2026-07-01,2027-02-01,7,83308.87966361642,69266.58832129666,99583.28370840938,xgb,83308.87966361642,83768.86280806971,70236.0,83538.87123584306
LUCKNOW – MUMBAI,LUCKNOW,MUMBAI,2026-07-01,2027-03-01,8,88258.86741900444,72881.86708071093,105084.44698018323,xgb,88258.86741900444,79920.32500914732,71971.0,84089.59621407588
LUCKNOW – MUMBAI,LUCKNOW,MUMBAI,2026-07-01,2027-04-01,9,94337.36036685109,77370.16027762264,111879.04676926331,xgb,94337.36036685109,76238.36335372642,95345.0,85287.86186028876
LUCKNOW – MUMBAI,LUCKNOW,MUMBAI,2026-07-01,2027-05-01,10,100716.03192507227,82038.36940966955,118973.04809504305,xgb,100716.03192507227,85872.14062561347,123734.0,93294.08627534287
LUCKNOW – MUMBAI,LUCKNOW,MUMBAI,2026-07-01,2027-06-01,11,92183.90173812707,74576.52372300066,108465.09770058002,xgb,92183.90173812707,80210.81200312599,105072.0,86197.35687062654
LUCKNOW – MUMBAI,LUCKNOW,MUMBAI,2026-07-01,2027-07-01,12,79684.8208806316,64025.25058147072,93388.9453429093,xgb,79684.8208806316,70358.69594669146,70159.0,75021.75841366153
MUMBAI – NAGPUR,MUMBAI,NAGPUR,2026-07-01,2026-08-01,1,56679.78606212139,50540.42066157142,64555.24855582096,xgb,56679.78606212139,57657.329892950824,62383.0,57168.55797753611
MUMBAI – NAGPUR,MUMBAI,NAGPUR,2026-07-01,2026-09-01,2,61343.38708883524,53576.63995747837,71801.46161683692,xgb,61343.38708883524,58221.42077940065,65757.0,59782.403934117945
MUMBAI – NAGPUR,MUMBAI,NAGPUR,2026-07-01,2026-10-01,3,62810.613801538944,53732.59688780104,75554.5717333837,xgb,62810.613801538944,57054.79051083581,66817.0,59932.70215618738
MUMBAI – NAGPUR,MUMBAI,NAGPUR,2026-07-01,2026-11-01,4,64374.82477545738,54674.80097090686,77375.70193895273,xgb,64374.82477545738,59873.52900644486,67976.0,62124.17689095112
MUMBAI – NAGPUR,MUMBAI,NAGPUR,2026-07-01,2026-12-01,5,62966.22958076,53093.96964937751,75623.5501898433,xgb,62966.22958076,57612.31878602158,57055.0,60289.27418339079
MUMBAI – NAGPUR,MUMBAI,NAGPUR,2026-07-01,2027-01-01,6,67880.16362476349,56825.95552273194,81461.6279554295,xgb,67880.16362476349,63140.14559948073,73636.0,65510.15461212211
MUMBAI – NAGPUR,MUMBAI,NAGPUR,2026-07-01,2027-02-01,7,67061.82659721375,55758.089098538985,80162.36601668147,xgb,67061.82659721375,59852.09220573132,69525.0,63456.95940147253
MUMBAI – NAGPUR,MUMBAI,NAGPUR,2026-07-01,2027-03-01,8,65537.5004541874,54119.155803665046,78031.50202456421,xgb,65537.5004541874,59949.897721248664,65640.0,62743.69908771803
MUMBAI – NAGPUR,MUMBAI,NAGPUR,2026-07-01,2027-04-01,9,67987.23088943958,55759.276391583626,80629.20729192975,xgb,67987.23088943958,60589.573172466145,68247.0,64288.402030952864
MUMBAI – NAGPUR,MUMBAI,NAGPUR,2026-07-01,2027-05-01,10,70878.31145691872,57734.01699108034,83726.57854643116,xgb,70878.31145691872,62628.53533448069,72896.0,66753.4233956997
MUMBAI – NAGPUR,MUMBAI,NAGPUR,2026-07-01,2027-06-01,11,65023.78056591749,52604.060172121106,76508.05161164369,xgb,65023.78056591749,57926.06946311824,59856.0,61474.92501451787
MUMBAI – NAGPUR,MUMBAI,NAGPUR,2026-07-01,2027-07-01,12,62216.24932831526,49989.582827221515,72916.1444268882,xgb,62216.24932831526,54992.50364614948,53080.0,58604.376487232366
MUMBAI – VARANASI,MUMBAI,VARANASI,2026-07-01,2026-08-01,1,70143.12848850092,62545.45873624294,79889.27638321058,xgb,70143.12848850092,73931.32142510726,77867.0,72037.2249568041
MUMBAI – VARANASI,MUMBAI,VARANASI,2026-07-01,2026-09-01,2,73854.16586653392,64503.41661540469,86445.12974202207,xgb,73854.16586653392,74485.0419809086,74262.0,74169.60392372127
MUMBAI – VARANASI,MUMBAI,VARANASI,2026-07-01,2026-10-01,3,75664.51845937967,64728.72693034906,91016.46905846774,xgb,75664.51845937967,77165.04033510888,73526.0,76414.77939724427
MUMBAI – VARANASI,MUMBAI,VARANASI,2026-07-01,2026-11-01,4,68629.19028878212,58288.11702279303,82489.26176682932,xgb,68629.19028878212,80832.7330055922,67861.0,74730.96164718716
MUMBAI – VARANASI,MUMBAI,VARANASI,2026-07-01,2026-12-01,5,70604.74736533563,59534.87033726643,84797.54451829477,xgb,70604.74736533563,78450.57966994833,61396.0,74527.66351764198
MUMBAI – VARANASI,MUMBAI,VARANASI,2026-07-01,2027-01-01,6,73833.09982689223,61809.4627771019,88605.62773747051,xgb,73833.09982689223,77284.06464043938,66416.0,75558.5822336658
MUMBAI – VARANASI,MUMBAI,VARANASI,2026-07-01,2027-02-01,7,73774.15385999283,61339.0068958502,88185.94757067693,xgb,73774.15385999283,77909.52542207736,67688.0,75841.8396410351
MUMBAI – VARANASI,MUMBAI,VARANASI,2026-07-01,2027-03-01,8,79352.4474968513,65527.17817619877,94480.11633939347,xgb,79352.4474968513,85665.27323948132,77032.0,82508.86036816631
MUMBAI – VARANASI,MUMBAI,VARANASI,2026-07-01,2027-04-01,9,85661.81693720818,70254.97088673091,101590.31783579133,xgb,85661.81693720818,80360.84252742436,88234.0,83011.32973231627
MUMBAI – VARANASI,MUMBAI,VARANASI,2026-07-01,2027-05-01,10,94829.36613694827,77243.37845056727,112019.29347878743,xgb,94829.36613694827,96744.86273454221,104038.0,95787.11443574524
MUMBAI – VARANASI,MUMBAI,VARANASI,2026-07-01,2027-06-01,11,83522.21917148432,67569.24627831894,98273.6192739976,xgb,83522.21917148432,85842.52360028325,89623.0,84682.37138588379
MUMBAI – VARANASI,MUMBAI,VARANASI,2026-07-01,2027-07-01,12,69810.68174854915,56091.566032503535,81816.66056491256,xgb,69810.68174854915,71049.72532341236,63741.0,70430.20353598075
